swda_filename,ptb_basename,conversation_no,transcript_index,act_tag,caller,utterance_index,subutterance_index,text,pos,trees,ptb_treenumbers
sw07utt/sw_0705_2713.utt,2/sw2713,2713,0,sd,A,1,1,I'm actually at work. /,I/PRP 'm/VBP actually/RB at/IN work/NN ./.,,
sw07utt/sw_0705_2713.utt,2/sw2713,2713,1,b,B,2,1,"{F Oh, } o-, <laughter>. -/","Oh/UH ,/, o-/XX ,/, ./.",,
sw07utt/sw_0705_2713.utt,2/sw2713,2713,2,%,A,3,1,"I-, - /","I-/XX ,/,",,
sw07utt/sw_0705_2713.utt,2/sw2713,2713,3,sd,A,3,2,"I'm in facilities and happen to have, {F uh, } weekend duty here. /","I/PRP 'm/VBP in/IN facilities/NNS and/CC happen/VBP to/TO have/VB ,/, uh/UH ,/, weekend/NN duty/NN here/RB ./.",,
sw07utt/sw_0705_2713.utt,2/sw2713,2713,4,bk,B,4,1,"{F Oh, } okay.  /","Oh/UH ,/, okay/UH ./.",,
sw07utt/sw_0705_2713.utt,2/sw2713,2713,5,qw,B,4,2,What building do you work in? /,What/WDT building/NN do/VBP you/PRP work/VB in/RB ?/.,,
sw07utt/sw_0705_2713.utt,2/sw2713,2713,6,sd,A,5,1,I'm in the South Building. /,I/PRP 'm/VBP in/IN the/DT South/NNP Building/NNP ./.,,
sw07utt/sw_0705_2713.utt,2/sw2713,2713,7,bk,B,6,1,"{F Oh, } okay.  /","Oh/UH ,/, okay/UH ./.",,
sw07utt/sw_0705_2713.utt,2/sw2713,2713,8,bk^r,B,6,2,Okay. /,Okay/UH ./.,,
sw07utt/sw_0705_2713.utt,2/sw2713,2713,9,sd,A,7,1,"[ We, + we ] pull mostly evenings.  /","We/PRP ,/, we/PRP pull/VBP mostly/JJ evenings/NNS ./.",,
sw07utt/sw_0705_2713.utt,2/sw2713,2713,10,sd,A,7,2,"We are having, - /","We/PRP are/VBP having/VBG ,/,",,
sw07utt/sw_0705_2713.utt,2/sw2713,2713,11,sd,A,7,3,"there's three of us, {F uh, } facilities' managers are covering the off shifts.  Just to have somebody here, {F uh, } from management to, {F uh, } see if they need anything. /","there/EX 's/BES three/CD of/IN us/PRP ,/, uh/UH ,/, facilities/NNS '/POS managers/NNS are/VBP covering/VBG the/DT off/JJ shifts/NNS ./. Just/RB to/TO have/VB somebody/NN here/RB ,/, uh/UH ,/, from/IN management/NN to/TO ,/, uh/UH ,/, see/VB if/IN they/PRP need/VBP anything/NN ./.",,
sw07utt/sw_0705_2713.utt,2/sw2713,2713,12,bk,B,8,1,"{F Oh, } okay.  /","Oh/UH ,/, okay/UH ./.",,
sw07utt/sw_0705_2713.utt,2/sw2713,2713,13,bk^r,B,8,2,Okay. /,Okay/UH ./.,,
sw07utt/sw_0705_2713.utt,2/sw2713,2713,14,%,A,9,1,"{F Oh, } the, - /","Oh/UH ,/, the/DT ,/,",,
sw07utt/sw_0705_2713.utt,2/sw2713,2713,15,qw^t,A,9,2,how many calls have you made? /,how/WRB many/JJ calls/NNS have/VBP you/PRP made/VBN ?/.,,
sw07utt/sw_0705_2713.utt,2/sw2713,2713,16,sd^t,B,10,1,I've only made a few. /,I/PRP 've/VBP only/RB made/VBN a/DT few/JJ ./.,,
sw07utt/sw_0705_2713.utt,2/sw2713,2713,17,bk,A,11,1,Okay. /,Okay/UH ./.,,
sw07utt/sw_0705_2713.utt,2/sw2713,2713,18,%,B,12,1,"{F Um, } /","Um/UH ,/,",,
sw07utt/sw_0705_2713.utt,2/sw2713,2713,19,sd^t,A,13,1,"I'm, {F uh, } getting close to twenty.  /","I/PRP 'm/VBP ,/, uh/UH ,/, getting/VBG close/RB to/IN twenty/CD ./.",,
sw07utt/sw_0705_2713.utt,2/sw2713,2713,20,%,A,13,2,"This is the, - /","This/DT is/VBZ the/DT ,/,",,
sw07utt/sw_0705_2713.utt,2/sw2713,2713,21,sd^t,A,13,3,"{D yeah, }  hopefully you have a lot to talk about in this one,  /","yeah/UH ,/, hopefully/RB you/PRP have/VBP a/DT lot/NN to/TO talk/VB about/IN in/IN this/DT one/NN ,/,",,
sw07utt/sw_0705_2713.utt,2/sw2713,2713,22,sd^t,A,13,4,{C but } I don't really have a lot  in this one./,but/CC I/PRP do/VBP n't/RB really/RB have/VB a/DT lot/NN in/IN this/DT one/NN ./.,,
sw07utt/sw_0705_2713.utt,2/sw2713,2713,23,sd^t,A,13,5,Usually I can talk for hours on most of the subjects (( they pick )) . /,Usually/RB I/PRP can/MD talk/VB for/IN hours/NNS on/IN most/RBS of/IN the/DT subjects/NNS they/PRP pick/VBP ./.,,
sw07utt/sw_0705_2713.utt,2/sw2713,2713,24,x,B,14,1,<Laughter>.,,,
sw07utt/sw_0705_2713.utt,2/sw2713,2713,25,ad,A,15,1,"Go ahead, you first <laughter>. /","Go/VB ahead/RB ,/, you/PRP first/RB ./.",,
sw07utt/sw_0705_2713.utt,2/sw2713,2713,26,aa,B,16,1,"Okay,  /","Okay/UH ,/,",,
sw07utt/sw_0705_2713.utt,2/sw2713,2713,27,sd^t,B,16,2,our topic for today is invasion of privacy.  /,our/PRP$ topic/NN for/IN today/NN is/VBZ invasion/NN of/IN privacy/NN ./.,,
sw07utt/sw_0705_2713.utt,2/sw2713,2713,28,sd^t,B,16,3,"{C So, } I got a good one. /","So/RB ,/, I/PRP got/VBD a/DT good/JJ one/NN ./.",,
sw07utt/sw_0705_2713.utt,2/sw2713,2713,29,b,A,17,1,"Okay,  /","Okay/UH ,/,",,
sw07utt/sw_0705_2713.utt,2/sw2713,2713,30,ba,A,17,2,good. /,good/UH ./.,,
sw07utt/sw_0705_2713.utt,2/sw2713,2713,31,sd,B,18,1,"When the phone rings and you've got a recording, and this  always happens {D like } around five or six o'clock,","When/WRB the/DT phone/NN rings/VBZ and/CC you/PRP 've/VBP got/VBN a/DT recording/NN ,/, and/CC this/DT always/RB happens/VBZ like/UH around/RB five/CD or/CC six/CD o'clock/RB ,/,",,
sw07utt/sw_0705_2713.utt,2/sw2713,2713,32,b,A,19,1,"# Okay, yeah. # /","Okay/UH ,/, yeah/UH ./.",,
sw07utt/sw_0705_2713.utt,2/sw2713,2713,33,+,B,20,1,# at night.  # It rings and you get this  recording  /,at/IN night/NN ./. It/PRP rings/VBZ and/CC you/PRP get/VBP this/DT recording/NN,,
sw07utt/sw_0705_2713.utt,2/sw2713,2713,34,sd,B,20,2,{C and then } it won't go away  /,and/CC then/RB it/PRP wo/MD n't/RB go/VB away/RB,,
sw07utt/sw_0705_2713.utt,2/sw2713,2713,35,sd,B,20,3,"{C and } [ any, + any ] of the type of solicitation [ that, + ] where they call all the time, {D you know. }  /","and/CC any/DT ,/, any/DT of/IN the/DT type/NN of/IN solicitation/NN that/WDT ,/, where/WRB they/PRP call/VBP all/PDT the/DT time/NN ,/, you/PRP know/VBP ./.",,
sw07utt/sw_0705_2713.utt,2/sw2713,2713,36,sd,B,20,4,"There are evenings especially  Friday nights, Thursday and  Friday nights.  /","There/EX are/VBP evenings/NNS especially/RB Friday/NNP nights/NNS ,/, Thursday/NNP and/CC Friday/NNP nights/NNS ./.",,
sw07utt/sw_0705_2713.utt,2/sw2713,2713,37,sd,B,20,5,"{D Well, } we must get in the neighborhood  of anywhere from three to six calls about that time of night.  /","Well/UH ,/, we/PRP must/MD get/VB in/IN the/DT neighborhood/NN of/IN anywhere/RB from/IN three/CD to/IN six/CD calls/NNS about/RB that/DT time/NN of/IN night/NN ./.",,
sw07utt/sw_0705_2713.utt,2/sw2713,2713,38,sd,B,20,6,"More people call, that's where you want to jerk the phone out of the wall, {D you know, }  your sitting down to eat and the phone rings  /","More/JJR people/NNS call/VBP ,/, that/DT 's/BES where/WRB you/PRP want/VBP to/TO jerk/VB the/DT phone/NN out/IN of/IN the/DT wall/NN ,/, you/PRP know/VBP ,/, your/PRP$ sitting/VBG down/RB to/TO eat/VB and/CC the/DT phone/NN rings/VBZ",,
sw07utt/sw_0705_2713.utt,2/sw2713,2713,39,sd(^q),B,20,7,"{C and, }","and/CC ,/,",,
sw07utt/sw_0705_2713.utt,2/sw2713,2713,40,aa,A,21,1,# Right. # /,Right/UH ./.,,
sw07utt/sw_0705_2713.utt,2/sw2713,2713,41,+,B,22,1,"# it's # like, I don't want anything, thank you very  much <laughter>. /","it/PRP 's/BES like/IN ,/, I/PRP do/VBP n't/RB want/VB anything/NN ,/, thank/VB you/PRP very/RB much/RB ./.",,
sw07utt/sw_0705_2713.utt,2/sw2713,2713,42,aa,A,23,1,"Yeah,  /","Yeah/UH ,/,",,
sw07utt/sw_0705_2713.utt,2/sw2713,2713,43,%,A,23,2,"I, - /","I/PRP ,/,",,
sw07utt/sw_0705_2713.utt,2/sw2713,2713,44,sd,A,23,3,"the worst one, I guess, is like you,  when it's a recording.  [ I thin-, + ] I don't mind so much someone calls  /","the/DT worst/JJS one/NN ,/, I/PRP guess/VBP ,/, is/VBZ like/IN you/PRP ,/, when/WRB it/PRP 's/BES a/DT recording/NN ./. I/PRP thin/VBP ,/, I/PRP do/VBP n't/RB mind/VB so/RB much/JJ someone/NN calls/VBZ",,
sw07utt/sw_0705_2713.utt,2/sw2713,2713,45,sd,A,23,4,"[ {C and } it's a, + {C and } it's ] a salesperson,  at least you can chat or whatever and say, okay, now,  we want to go <noise>,  /","and/CC it/PRP 's/BES a/DT ,/, and/CC it/PRP 's/BES a/DT salesperson/NN ,/, at/IN least/JJS you/PRP can/MD chat/VB or/CC whatever/WDT and/CC say/VBP ,/, okay/UH ,/, now/RB ,/, we/PRP want/VBP to/TO go/VB ,/,",,
sw07utt/sw_0705_2713.utt,2/sw2713,2713,46,sd,A,23,5,"{C and then } [ [ when, +  when ] they actually start off  with [ a, + a ] computer,","and/CC then/RB when/WRB ,/, when/WRB they/PRP actually/RB start/VBP off/RP with/IN a/DT ,/, a/DT computer/NN ,/,",,
sw07utt/sw_0705_2713.utt,2/sw2713,2713,47,b,B,24,1,# Uh-huh. # /,Uh-huh/UH ./.,,
sw07utt/sw_0705_2713.utt,2/sw2713,2713,48,+,A,25,1,"# and # expect you to talk to a computer, {F uh, } that's where I draw the lin-, I just hang up immediately, {D you know. }/","and/CC expect/VBP you/PRP to/TO talk/VB to/IN a/DT computer/NN ,/, uh/UH ,/, that/DT 's/BES where/WRB I/PRP draw/VBP the/DT lin-/NN ,/, I/PRP just/RB hang/VBP up/RP immediately/RB ,/, you/PRP know/VBP ./.",,
sw07utt/sw_0705_2713.utt,2/sw2713,2713,49,aa,B,26,1,Uh-huh.  /,Uh-huh/UH ./.,,
sw07utt/sw_0705_2713.utt,2/sw2713,2713,50,aa,B,26,2,"{F Oh, } yeah. /","Oh/UH ,/, yeah/UH ./.",,
sw07utt/sw_0705_2713.utt,2/sw2713,2713,51,^h,A,27,1,"{F Uh, } shut my other radio off here </noise>. /","Uh/UH ,/, shut/VBD my/PRP$ other/JJ radio/NN off/IN here/RB ./.",,
sw07utt/sw_0705_2713.utt,2/sw2713,2713,52,b,B,28,1,"Yeah,  /","Yeah/UH ,/,",,
sw07utt/sw_0705_2713.utt,2/sw2713,2713,53,sd,B,28,2,"[ that's, + that's ] real irritating to me. /","that/DT 's/BES ,/, that/DT 's/BES real/JJ irritating/JJ to/IN me/PRP ./.",,
sw07utt/sw_0705_2713.utt,2/sw2713,2713,54,sd,A,29,1,"{F Uh, } I guess they get their name-, - /","Uh/UH ,/, I/PRP guess/VBP they/PRP get/VBP their/PRP$ name-/XX ,/,",,
sw07utt/sw_0705_2713.utt,2/sw2713,2713,55,sd,A,29,2,"[ I'm, + I'm ] amazed the  ((   ))  question about that the, - /","I/PRP 'm/VBP ,/, I/PRP 'm/VBP amazed/JJ the/DT MUMBLEx/XX question/NN about/IN that/DT the/DT ,/,",,
sw07utt/sw_0705_2713.utt,2/sw2713,2713,56,sd,A,29,3,my concern would be everyone seems to have an answering  machine  /,my/PRP$ concern/NN would/MD be/VB everyone/NN seems/VBZ to/TO have/VB an/DT answering/NN machine/NN,,
sw07utt/sw_0705_2713.utt,2/sw2713,2713,57,sd,A,29,4,"{C and } I have one too, /","and/CC I/PRP have/VBP one/CD too/RB ,/,",,
sw07utt/sw_0705_2713.utt,2/sw2713,2713,58,b,B,30,1,# Uh-huh. # /,Uh-huh/UH ./.,,
sw07utt/sw_0705_2713.utt,2/sw2713,2713,59,sd,A,31,1,"# {C and } # they say that they can tie up your answering machine and just have a big long, if they catch your answering machine, /","and/CC they/PRP say/VBP that/IN they/PRP can/MD tie/VB up/RP your/PRP$ answering/NN machine/NN and/CC just/RB have/VBP a/DT big/JJ long/JJ ,/, if/IN they/PRP catch/VBP your/PRP$ answering/NN machine/NN ,/,",,
sw07utt/sw_0705_2713.utt,2/sw2713,2713,60,bf,B,32,1,They can leave their whole spiel on it. /,They/PRP can/MD leave/VB their/PRP$ whole/JJ spiel/NN on/IN it/PRP ./.,,
sw07utt/sw_0705_2713.utt,2/sw2713,2713,61,aa,A,33,1,"Yeah,  /","Yeah/UH ,/,",,
sw07utt/sw_0705_2713.utt,2/sw2713,2713,62,sd,A,33,2,"[ they, + they ] can erase all your others,  {D you know, } because if you have, - /","they/PRP ,/, they/PRP can/MD erase/VB all/DT your/PRP$ others/NNS ,/, you/PRP know/VBP ,/, because/IN if/IN you/PRP have/VBP ,/,",,
sw07utt/sw_0705_2713.utt,2/sw2713,2713,63,sd,A,33,3,"I think that's the way it is, {D no, } mine, I guess,  if it's full, it will not take it, I'm not sure.  /","I/PRP think/VBP that/DT 's/BES the/DT way/NN it/PRP is/VBZ ,/, no/DT ,/, mine/PRP ,/, I/PRP guess/VBP ,/, if/IN it/PRP 's/BES full/JJ ,/, it/PRP will/MD not/RB take/VB it/PRP ,/, I/PRP 'm/VBP not/RB sure/JJ ./.",,
sw07utt/sw_0705_2713.utt,2/sw2713,2713,64,sd,A,33,4,"{C But } they can  certainly, {F uh, } block your answering machine so someone else calls you, {F uh, } and your answering machine is full, {D you know, }","But/CC they/PRP can/MD certainly/RB ,/, uh/UH ,/, block/VB your/PRP$ answering/NN machine/NN so/RB someone/NN else/RB calls/VBZ you/PRP ,/, uh/UH ,/, and/CC your/PRP$ answering/NN machine/NN is/VBZ full/JJ ,/, you/PRP know/VBP ,/,",,
sw07utt/sw_0705_2713.utt,2/sw2713,2713,65,b,B,34,1,# Huh.  # /,Huh/UH ./.,,
sw07utt/sw_0705_2713.utt,2/sw2713,2713,66,+,A,35,1,# it # won't erase. /,it/PRP wo/MD n't/RB erase/VB ./.,,
sw07utt/sw_0705_2713.utt,2/sw2713,2713,67,b,B,36,1,Yeah  /,Yeah/UH,,
sw07utt/sw_0705_2713.utt,2/sw2713,2713,68,%,B,36,2,"I, -/","I/PRP ,/,",,
sw07utt/sw_0705_2713.utt,2/sw2713,2713,69,aa,A,37,1,{C But } your right.  / *[[your -> you're]],But/CC your/PRP$ right/JJ ./.,,
sw07utt/sw_0705_2713.utt,2/sw2713,2713,70,sv,A,37,2,That was a good one. /,That/DT was/VBD a/DT good/JJ one/NN ./.,,
sw07utt/sw_0705_2713.utt,2/sw2713,2713,71,aa,B,38,1,"<Laughter>  yeah,  /","yeah/UH ,/,",,
sw07utt/sw_0705_2713.utt,2/sw2713,2713,72,sd,B,38,2,"[ that's, + that's ] a high irritant for me.  /","that/DT 's/BES ,/, that/DT 's/BES a/DT high/JJ irritant/NN for/IN me/PRP ./.",,
sw07utt/sw_0705_2713.utt,2/sw2713,2713,73,sd,B,38,3,Drives me crazy.  /,Drives/VBZ me/PRP crazy/JJ ./.,,
sw07utt/sw_0705_2713.utt,2/sw2713,2713,74,sd,B,38,4,{C And } it doesn't matter if you have an unlisted number or not  because a lot of times  (( these ))  computer things will just make up numbers  at random and just call them. /,And/CC it/PRP does/VBZ n't/RB matter/VB if/IN you/PRP have/VBP an/DT unlisted/JJ number/NN or/CC not/RB because/IN a/DT lot/NN of/IN times/NNS these/DT computer/NN things/NNS will/MD just/RB make/VB up/RP numbers/NNS at/IN random/JJ and/CC just/RB call/VB them/PRP ./.,,
sw07utt/sw_0705_2713.utt,2/sw2713,2713,75,b,A,39,1,Uh-huh. /,Uh-huh/UH ./.,,
sw07utt/sw_0705_2713.utt,2/sw2713,2713,76,sd,B,40,1,"{C And so } it [ really, + really ] doesn't make much  difference as to whether or not, {D you know, } you have a unlisted number or not.  /","And/CC so/RB it/PRP really/RB ,/, really/RB does/VBZ n't/RB make/VB much/JJ difference/NN as/IN to/IN whether/IN or/CC not/RB ,/, you/PRP know/VBP ,/, you/PRP have/VBP a/DT unlisted/JJ number/NN or/CC not/RB ./.",,
sw07utt/sw_0705_2713.utt,2/sw2713,2713,77,sd,B,40,2,"{C And }  they pass around, {F uh, } cards that have everybody's name on it.  /","And/CC they/PRP pass/VBP around/RP ,/, uh/UH ,/, cards/NNS that/WDT have/VBP everybody/NN 's/BES name/NN on/IN it/PRP ./.",,
sw07utt/sw_0705_2713.utt,2/sw2713,2713,78,sd,B,40,3,"Like if you order something  through a mail order catalog,","Like/IN if/IN you/PRP order/VBP something/NN through/IN a/DT mail/NN order/NN catalog/NN ,/,",,
sw07utt/sw_0705_2713.utt,2/sw2713,2713,79,b,A,41,1,# Uh-huh. # /,Uh-huh/UH ./.,,
sw07utt/sw_0705_2713.utt,2/sw2713,2713,80,+,B,42,1,"# {D you # know, } then you'll start getting a bunch of  stuff in.  [ And a bunch of stuff + and a bunch of stuff ] because they sell their  customer list,  /","you/PRP know/VBP ,/, then/RB you/PRP 'll/MD start/VB getting/VBG a/DT bunch/NN of/IN stuff/NN in/RB ./. And/CC a/DT bunch/NN of/IN stuff/NN and/CC a/DT bunch/NN of/IN stuff/NN because/IN they/PRP sell/VBP their/PRP$ customer/NN list/NN ,/,",,
sw07utt/sw_0705_2713.utt,2/sw2713,2713,81,sd,B,42,2,"{C or } they sell their catalog list of people,","or/CC they/PRP sell/VBP their/PRP$ catalog/NN list/NN of/IN people/NNS ,/,",,
sw07utt/sw_0705_2713.utt,2/sw2713,2713,82,b,A,43,1,# Yeah. # /,Yeah/UH ./.,,
sw07utt/sw_0705_2713.utt,2/sw2713,2713,83,+,B,44,1,# to # different companies and everything. /,to/IN different/JJ companies/NNS and/CC everything/NN ./.,,
sw07utt/sw_0705_2713.utt,2/sw2713,2713,84,"sd,o@",A,45,1,"I've got one, it's not really an invasion of privacy  /  *[[ 2 slash units? ]]","I/PRP 've/VBP got/VBN one/CD ,/, it/PRP 's/BES not/RB really/RB an/DT invasion/NN of/IN privacy/NN",,
sw07utt/sw_0705_2713.utt,2/sw2713,2713,85,sd,A,45,2,"{C but } it's, {F uh, } annoyance for me in the office with, {F uh, } speaker phones.  /","but/CC it/PRP 's/BES ,/, uh/UH ,/, annoyance/NN for/IN me/PRP in/IN the/DT office/NN with/IN ,/, uh/UH ,/, speaker/NN phones/NNS ./.",,
sw07utt/sw_0705_2713.utt,2/sw2713,2713,86,%,A,45,3,"{D You know, } I, - /","You/PRP know/VBP ,/, I/PRP ,/,",,
sw07utt/sw_0705_2713.utt,2/sw2713,2713,87,%,A,45,4,"the-, - /","the-/PRP ,/,",,
sw07utt/sw_0705_2713.utt,2/sw2713,2713,88,sv,A,45,5,they're great for an office  /,they/PRP 're/VBP great/JJ for/IN an/DT office/NN,,
sw07utt/sw_0705_2713.utt,2/sw2713,2713,89,sd,A,45,6,"{C but } this one guy next to me,  who's not here just so I could talk about him,","but/CC this/DT one/CD guy/NN next/RB to/IN me/PRP ,/, who/WP 's/BES not/RB here/RB just/RB so/IN I/PRP could/MD talk/VB about/IN him/PRP ,/,",,
sw07utt/sw_0705_2713.utt,2/sw2713,2713,90,x,B,46,1,# <Laughter>.  #,,,
sw07utt/sw_0705_2713.utt,2/sw2713,2713,91,+,A,47,1,"# he # uses his speaker phone all the time,  /","he/PRP uses/VBZ his/PRP$ speaker/NN phone/NN all/PDT the/DT time/NN ,/,",,
sw07utt/sw_0705_2713.utt,2/sw2713,2713,92,sd,A,47,2,{C and } it carries over  /,and/CC it/PRP carries/VBZ over/IN,,
sw07utt/sw_0705_2713.utt,2/sw2713,2713,93,sd,A,47,3,"{C and so } not only would you hear, - /","and/CC so/RB not/RB only/RB would/MD you/PRP hear/VB ,/,",,
sw07utt/sw_0705_2713.utt,2/sw2713,2713,94,sv,A,47,4,"it seems to me that you [ talk  longer from wh-, + ] you kind of yell into it. /","it/PRP seems/VBZ to/IN me/PRP that/IN you/PRP talk/VBP longer/RBR from/IN wh-/XX ,/, you/PRP kind/RB of/RB yell/VBP into/IN it/PRP ./.",,
sw07utt/sw_0705_2713.utt,2/sw2713,2713,95,aa,B,48,1,Right.  /,Right/UH ./.,,
sw07utt/sw_0705_2713.utt,2/sw2713,2713,96,aa^r,B,48,2,Right. /,Right/UH ./.,,
sw07utt/sw_0705_2713.utt,2/sw2713,2713,97,sd,A,49,1,"{F Uh, } {C and so } he yells into it,  /","Uh/UH ,/, and/CC so/RB he/PRP yells/VBZ into/IN it/PRP ,/,",,
sw07utt/sw_0705_2713.utt,2/sw2713,2713,98,sd,A,49,2,"{C and }  you hear the other person too,  /","and/CC you/PRP hear/VBP the/DT other/JJ person/NN too/RB ,/,",,
sw07utt/sw_0705_2713.utt,2/sw2713,2713,99,sd,A,49,3,{C so } it's kind of a double annoyance.  /,so/RB it/PRP 's/BES kind/RB of/RB a/DT double/JJ annoyance/NN ./.,,
sw07utt/sw_0705_2713.utt,2/sw2713,2713,100,sd,A,49,4,"He actually, {F uh, } ruins  my privacy you might say because the, the T I offices are so open anyway.","He/PRP actually/RB ,/, uh/UH ,/, ruins/VBZ my/PRP$ privacy/NN you/PRP might/MD say/VB because/IN the/DT ,/, the/DT T/NNP I/NNP offices/NNS are/VBP so/RB open/JJ anyway/RB ./.",,
sw07utt/sw_0705_2713.utt,2/sw2713,2713,101,b,B,50,1,"Uh-huh,  /","Uh-huh/UH ,/,",,
sw07utt/sw_0705_2713.utt,2/sw2713,2713,102,b^r,B,50,2,uh-huh. /,uh-huh/UH ./.,,
sw07utt/sw_0705_2713.utt,2/sw2713,2713,103,+,A,51,1,"{F Uh, } that I'm amazed that, the fact that I'm about  ready to say something, {F uh, } if he's  (( even thought of )) that that's a  real uncourteous thing, [ an, + an ] invasion of everyone else's time [ and, + and ] concentration to just be loud.  /","Uh/UH ,/, that/IN I/PRP 'm/VBP amazed/JJ that/IN ,/, the/DT fact/NN that/IN I/PRP 'm/VBP about/RB ready/JJ to/TO say/VB something/NN ,/, uh/UH ,/, if/IN he/PRP 's/BES even/RB thought/VBD of/IN that/DT that/DT 's/BES a/DT real/RB uncourteous/JJ thing/NN ,/, an/DT ,/, an/DT invasion/NN of/IN everyone/NN else/RB 's/POS time/NN and/CC ,/, and/CC concentration/NN to/TO just/RB be/VB loud/JJ ./.",,
sw07utt/sw_0705_2713.utt,2/sw2713,2713,104,sd,A,51,2,"I don't know whether that's an invasion of privacy just being  loud [ and, + and ] annoying, {D you know. }  /","I/PRP do/VBP n't/RB know/VB whether/IN that/DT 's/BES an/DT invasion/NN of/IN privacy/NN just/RB being/VBG loud/JJ and/CC ,/, and/CC annoying/JJ ,/, you/PRP know/VBP ./.",,
sw07utt/sw_0705_2713.utt,2/sw2713,2713,105,sd,A,51,3,"{F Uh, } that's,","Uh/UH ,/, that/DT 's/BES ,/,",,
sw07utt/sw_0705_2713.utt,2/sw2713,2713,106,b,B,52,1,# Uh-huh. # /,Uh-huh/UH ./.,,
sw07utt/sw_0705_2713.utt,2/sw2713,2713,107,+,A,53,1,# perhaps # not quite an invasion of privacy  /,perhaps/RB not/RB quite/RB an/DT invasion/NN of/IN privacy/NN,,
sw07utt/sw_0705_2713.utt,2/sw2713,2713,108,sv,A,53,2,"{C but }  I think it is,  /","but/CC I/PRP think/VBP it/PRP is/VBZ ,/,",,
sw07utt/sw_0705_2713.utt,2/sw2713,2713,109,%,A,53,3,"{C and } yo-, - /","and/CC yo-/XX ,/,",,
sw07utt/sw_0705_2713.utt,2/sw2713,2713,110,sd,A,53,4,we both picked phone items there. /,we/PRP both/DT picked/VBD phone/NN items/NNS there/RB ./.,,
sw07utt/sw_0705_2713.utt,2/sw2713,2713,111,aa,B,54,1,"{F Oh, } yeah.  /","Oh/UH ,/, yeah/UH ./.",,
sw07utt/sw_0705_2713.utt,2/sw2713,2713,112,aa^r,B,54,2,"{F Oh, } yeah. /","Oh/UH ,/, yeah/UH ./.",,
sw07utt/sw_0705_2713.utt,2/sw2713,2713,113,"ad,qy@",A,55,1,"Go ahead, do you have any more? /  *[[ Seems to be 2 slash units ]]","Go/VB ahead/RB ,/, do/VBP you/PRP have/VB any/DT more/JJR ?/.",,
sw07utt/sw_0705_2713.utt,2/sw2713,2713,114,^h,B,56,1,"Let's see, I'm trying to think.   /","Let/VB 's/PRP see/VB ,/, I/PRP 'm/VBP trying/VBG to/TO think/VB ./.",,
sw07utt/sw_0705_2713.utt,2/sw2713,2713,115,qy,B,56,2,"{F Oh, } have you heard  [ that, + that, ] I'm trying to think of what company it was, there was a company that was going to, {F uh, } be giving out information about your financial status. /","Oh/UH ,/, have/VBP you/PRP heard/VBN that/IN ,/, that/IN ,/, I/PRP 'm/VBP trying/VBG to/TO think/VB of/IN what/WP company/NN it/PRP was/VBD ,/, there/EX was/VBD a/DT company/NN that/WDT was/VBD going/VBG to/TO ,/, uh/UH ,/, be/VB giving/VBG out/RP information/NN about/IN your/PRP$ financial/JJ status/NN ./.",,
sw07utt/sw_0705_2713.utt,2/sw2713,2713,116,ny,A,57,1,"{F Oh, } yeah,  /","Oh/UH ,/, yeah/UH ,/,",,
sw07utt/sw_0705_2713.utt,2/sw2713,2713,117,"sv,o@",A,57,2,"[ that's, + that's ]  a good one too.  Yeah, / *[[ Shouldn't that ""yeah"" be an indep. slash unit? ]]","that/DT 's/BES ,/, that/DT 's/BES a/DT good/JJ one/NN too/RB ./. Yeah/UH ,/,",,
sw07utt/sw_0705_2713.utt,2/sw2713,2713,118,x,B,58,1,# <Laughter>.  #,,,
sw07utt/sw_0705_2713.utt,2/sw2713,2713,119,sd,A,59,1,"# I # heard something about, not that exactly,  /","I/PRP heard/VBD something/NN about/IN ,/, not/RB that/DT exactly/RB ,/,",,
sw07utt/sw_0705_2713.utt,2/sw2713,2713,120,ad,A,59,2,{C but } go ahead. /,but/CC go/VB ahead/RB ./.,,
sw07utt/sw_0705_2713.utt,2/sw2713,2713,121,sd,B,60,1,"{D Well, } {F um, } I work in the computer science center  /","Well/UH ,/, um/UH ,/, I/PRP work/VBP in/IN the/DT computer/NN science/NN center/NN",,
sw07utt/sw_0705_2713.utt,2/sw2713,2713,122,sd,B,60,2,"{C and so } we hear a lot about things [ that are, + that computers are ] capable of doing. /","and/CC so/RB we/PRP hear/VBP a/DT lot/NN about/IN things/NNS that/WDT are/VBP ,/, that/IN computers/NNS are/VBP capable/JJ of/IN doing/VBG ./.",,
sw07utt/sw_0705_2713.utt,2/sw2713,2713,123,b,A,61,1,Yeah. /,Yeah/UH ./.,,
sw07utt/sw_0705_2713.utt,2/sw2713,2713,124,sd,B,62,1,"{C And, } {F uh, } this was a software program that a company was developing that was going to have X amount of million peoples financial history and  information on it.  /","And/CC ,/, uh/UH ,/, this/DT was/VBD a/DT software/NN program/NN that/WDT a/DT company/NN was/VBD developing/VBG that/WDT was/VBD going/VBG to/TO have/VB X/SYM amount/NN of/IN million/CD peoples/NNS financial/JJ history/NN and/CC information/NN on/IN it/PRP ./.",,
sw07utt/sw_0705_2713.utt,2/sw2713,2713,125,sd,B,62,2,"{C And } they were going to sell it to companies who would up in turn solicit you for business et cetera, et cetera. /","And/CC they/PRP were/VBD going/VBG to/TO sell/VB it/PRP to/IN companies/NNS who/WP would/MD up/IN in/IN turn/NN solicit/VB you/PRP for/IN business/NN et/FW cetera/FW ,/, et/FW cetera/FW ./.",,
sw07utt/sw_0705_2713.utt,2/sw2713,2713,126,b,A,63,1,Uh-huh. /,Uh-huh/UH ./.,,
sw07utt/sw_0705_2713.utt,2/sw2713,2713,127,sd,B,64,1,"{C And, } {F uh, } they finally, {F uh, } stopped production of it because of all the hullabaloo it caused,","And/CC ,/, uh/UH ,/, they/PRP finally/RB ,/, uh/UH ,/, stopped/VBD production/NN of/IN it/PRP because/IN of/IN all/PDT the/DT hullabaloo/NN it/PRP caused/VBD ,/,",,
sw07utt/sw_0705_2713.utt,2/sw2713,2713,128,b,A,65,1,# Uh-huh. # /,Uh-huh/UH ./.,,
sw07utt/sw_0705_2713.utt,2/sw2713,2713,129,+,B,66,1,# because # it was such a big deal.  /,because/IN it/PRP was/VBD such/PDT a/DT big/JJ deal/NN ./.,,
sw07utt/sw_0705_2713.utt,2/sw2713,2713,130,sd,B,66,2,{C And } I wouldn't have been too thrilled about it either.  /,And/CC I/PRP would/MD n't/RB have/VB been/VBN too/RB thrilled/JJ about/IN it/PRP either/RB ./.,,
sw07utt/sw_0705_2713.utt,2/sw2713,2713,131,sd,B,66,3,"{E I mean, } there was a lot of stuff going on about it. /","I/PRP mean/VBP ,/, there/EX was/VBD a/DT lot/NN of/IN stuff/NN going/VBG on/RP about/IN it/PRP ./.",,
sw07utt/sw_0705_2713.utt,2/sw2713,2713,132,sd,A,67,1,"{D Well, } I, {F uh, } heard something similar to that.  /","Well/UH ,/, I/PRP ,/, uh/UH ,/, heard/VBD something/NN similar/JJ to/IN that/DT ./.",,
sw07utt/sw_0705_2713.utt,2/sw2713,2713,133,sd,A,67,2,"I listen to, - /","I/PRP listen/VBP to/TO ,/,",,
sw07utt/sw_0705_2713.utt,2/sw2713,2713,134,sd,A,67,3,"I'm a, {F uh, } {F uh, } talk show person.  /","I/PRP 'm/VBP a/DT ,/, uh/UH ,/, uh/UH ,/, talk/NN show/NN person/NN ./.",,
sw07utt/sw_0705_2713.utt,2/sw2713,2713,135,%,A,67,4,"{C And } there was, -/","And/CC there/EX was/VBD ,/,",,
sw07utt/sw_0705_2713.utt,2/sw2713,2713,136,b,B,68,1,# Okay.  # /,Okay/UH ./.,,
sw07utt/sw_0705_2713.utt,2/sw2713,2713,137,sd,A,69,1,"# [ when # I, + when I ] do my chores up at  the rad-, - /","when/WRB I/PRP ,/, when/WRB I/PRP do/VBP my/PRP$ chores/NNS up/IN at/IN the/DT rad-/NN ,/,",,
sw07utt/sw_0705_2713.utt,2/sw2713,2713,138,sd,A,69,2,I'm a radio person I guess is what I mean. /,I/PRP 'm/VBP a/DT radio/NN person/NN I/PRP guess/VBP is/VBZ what/WP I/PRP mean/VBP ./.,,
sw07utt/sw_0705_2713.utt,2/sw2713,2713,139,b,B,70,1,Uh-huh. /,Uh-huh/UH ./.,,
sw07utt/sw_0705_2713.utt,2/sw2713,2713,140,sd,A,71,1,"{C And so } I listened to, was it five seventy, which has continuous talk on the weekends,","And/CC so/RB I/PRP listened/VBD to/IN ,/, was/VBD it/PRP five/CD seventy/CD ,/, which/WDT has/VBZ continuous/JJ talk/NN on/IN the/DT weekends/NNS ,/,",,
sw07utt/sw_0705_2713.utt,2/sw2713,2713,141,b,B,72,1,# Uh-huh. # /,Uh-huh/UH ./.,,
sw07utt/sw_0705_2713.utt,2/sw2713,2713,142,+,A,73,1,"# and # Neil Sperry and everybody, {E I mean, } the lawyers and  veterinarians and all that.  /","and/CC Neil/NNP Sperry/NNP and/CC everybody/NN ,/, I/PRP mean/VBP ,/, the/DT lawyers/NNS and/CC veterinarians/NNS and/CC all/DT that/DT ./.",,
sw07utt/sw_0705_2713.utt,2/sw2713,2713,143,sd,A,73,2,"{C And, } {F uh, } I don't know if it was a lawyer or whatever it was talking about when you make out [ a fin-, + a financial ]  application, all that information on there is really not necessarily, - /","And/CC ,/, uh/UH ,/, I/PRP do/VBP n't/RB know/VB if/IN it/PRP was/VBD a/DT lawyer/NN or/CC whatever/WDT it/PRP was/VBD talking/VBG about/IN when/WRB you/PRP make/VBP out/RP a/DT fin/JJ ,/, a/DT financial/JJ application/NN ,/, all/PDT that/DT information/NN on/IN there/RP is/VBZ really/RB not/RB necessarily/RB ,/,",,
sw07utt/sw_0705_2713.utt,2/sw2713,2713,144,sd,A,73,3,"even [ a, + ] your Social Security number, {D you know, } [ they, + ]","even/RB a/DT ,/, your/PRP$ Social/NNP Security/NNP number/NN ,/, you/PRP know/VBP ,/, they/PRP ,/,",,
sw07utt/sw_0705_2713.utt,2/sw2713,2713,145,b,B,74,1,# Huh.  # /,Huh/UH ./.,,
sw07utt/sw_0705_2713.utt,2/sw2713,2713,146,+,A,75,1,"# you # should just put down the basics and put N A, where you don't want to answer. /","you/PRP should/MD just/RB put/VB down/RP the/DT basics/NNS and/CC put/VB N/NN A/NN ,/, where/WRB you/PRP do/VBP n't/RB want/VB to/TO answer/VB ./.",,
sw07utt/sw_0705_2713.utt,2/sw2713,2713,147,b,B,76,1,Uh-huh. /,Uh-huh/UH ./.,,
sw07utt/sw_0705_2713.utt,2/sw2713,2713,148,sd,A,77,1,Whether it's your personal salary or whatever.  /,Whether/IN it/PRP 's/BES your/PRP$ personal/JJ salary/NN or/CC whatever/WDT ./.,,
sw07utt/sw_0705_2713.utt,2/sw2713,2713,149,sd,A,77,2,"{F Uh, } if your just making out a credit card application you don't need to put  down  /","Uh/UH ,/, if/IN your/PRP$ just/RB making/VBG out/RP a/DT credit/NN card/NN application/NN you/PRP do/VBP n't/RB need/VB to/TO put/VB down/RB",,
sw07utt/sw_0705_2713.utt,2/sw2713,2713,150,sd,A,77,3,"{C and } I was curious as to [ w-, + ]  {D you know, } what specific things [ you, + you ]  did have to put down. /","and/CC I/PRP was/VBD curious/JJ as/IN to/IN w/WP ,/, you/PRP know/VBP ,/, what/WDT specific/JJ things/NNS you/PRP ,/, you/PRP did/VBD have/VBP to/TO put/VB down/RP ./.",,
sw07utt/sw_0705_2713.utt,2/sw2713,2713,151,b,B,78,1,Huh. /,Huh/UH ./.,,
sw07utt/sw_0705_2713.utt,2/sw2713,2713,152,sd,A,79,1,"{C But } he says Social Security, you don't need to put that down there.  Which I thought was surprising.  /","But/CC he/PRP says/VBZ Social/NNP Security/NNP ,/, you/PRP do/VBP n't/RB need/VB to/TO put/VB that/IN down/RB there/RB ./. Which/WDT I/PRP thought/VBD was/VBD surprising/JJ ./.",,
sw07utt/sw_0705_2713.utt,2/sw2713,2713,153,sd,A,79,2,"{C So } maybe there's  something along that same line where, {D you know, } in all these financial, {F uh, } applications that you make out, you don't have to put all that stuff down there.  /","So/RB maybe/RB there/EX 's/BES something/NN along/IN that/DT same/JJ line/NN where/WRB ,/, you/PRP know/VBP ,/, in/IN all/PDT these/DT financial/JJ ,/, uh/UH ,/, applications/NNS that/WDT you/PRP make/VBP out/RP ,/, you/PRP do/VBP n't/RB have/VB to/TO put/VB all/PDT that/DT stuff/NN down/RB there/RB ./.",,
sw07utt/sw_0705_2713.utt,2/sw2713,2713,154,sd,A,79,3,"It would be nice to know [ what's, + what was, ] - /","It/PRP would/MD be/VB nice/JJ to/TO know/VB what/WP 's/BES ,/, what/WP was/VBD ,/,",,
sw07utt/sw_0705_2713.utt,2/sw2713,2713,155,sd(^q),A,79,4,"[ of course, of + course, ]  they could say, {D well, } I can't give you a card,  /","of/IN course/NN ,/, of/IN course/NN ,/, they/PRP could/MD say/VB ,/, well/UH ,/, I/PRP ca/MD n't/RB give/VB you/PRP a/DT card/NN ,/,",,
sw07utt/sw_0705_2713.utt,2/sw2713,2713,156,sd(^q),A,79,5,"{C and } you could say, fine,  /","and/CC you/PRP could/MD say/VB ,/, fine/UH ,/,",,
sw07utt/sw_0705_2713.utt,2/sw2713,2713,157,sd,A,79,6,"{C but, } {D you know, }  some things will be private, {D you know, }  /","but/CC ,/, you/PRP know/VBP ,/, some/DT things/NNS will/MD be/VB private/JJ ,/, you/PRP know/VBP ,/,",,
sw07utt/sw_0705_2713.utt,2/sw2713,2713,158,sd(^q),A,79,7,{C but } he said just put  N A  /,but/CC he/PRP said/VBD just/RB put/VB N/NN A/NN,,
sw07utt/sw_0705_2713.utt,2/sw2713,2713,159,sd(^q),A,79,8,"{C and } he said usually you'll get approved anyway because they just want your money <laughter>, they want your card. /","and/CC he/PRP said/VBD usually/RB you/PRP 'll/MD get/VB approved/JJ anyway/RB because/IN they/PRP just/RB want/VBP your/PRP$ money/NN ,/, they/PRP want/VBP your/PRP$ card/NN ./.",,
sw07utt/sw_0705_2713.utt,2/sw2713,2713,160,x,B,80,1,<Laughter>.,,,
sw07utt/sw_0705_2713.utt,2/sw2713,2713,161,sd(^q),A,81,1,"{C But } if you don't feel like putting it down, just put N A, {D you know. } /","But/CC if/IN you/PRP do/VBP n't/RB feel/VB like/IN putting/VBG it/PRP down/RB ,/, just/RB put/VB N/NN A/NN ,/, you/PRP know/VBP ./.",,
sw07utt/sw_0705_2713.utt,2/sw2713,2713,162,b,B,82,1,Uh-huh.  /,Uh-huh/UH ./.,,
sw07utt/sw_0705_2713.utt,2/sw2713,2713,163,ba,B,82,2,"{D Well, } that's real interesting.  /","Well/UH ,/, that/DT 's/BES real/RB interesting/JJ ./.",,
sw07utt/sw_0705_2713.utt,2/sw2713,2713,164,sd,B,82,3,"I know that a lot of times they ask for information that they don't really need,","I/PRP know/VBP that/IN a/DT lot/NN of/IN times/NNS they/PRP ask/VBP for/IN information/NN that/WDT they/PRP do/VBP n't/RB really/RB need/VB ,/,",,
sw07utt/sw_0705_2713.utt,2/sw2713,2713,165,b,A,83,1,"# Yeah,  /","Yeah/UH ,/,",,
sw07utt/sw_0705_2713.utt,2/sw2713,2713,166,b^r,A,83,2,yeah. # /,yeah/UH ./.,,
sw07utt/sw_0705_2713.utt,2/sw2713,2713,167,+,B,84,1,"# on several # things  and, {D you know, } your credit ap {C and } [ th-, + ] [ all, + all ] they ever need you to do is give them permission [ to, + to ]  pull a credit thing [ on, + on ] yourself  /","on/IN several/JJ things/NNS and/CC ,/, you/PRP know/VBP ,/, your/PRP$ credit/NN ap/NN and/CC th-/XX ,/, all/DT ,/, all/DT they/PRP ever/RB need/VBP you/PRP to/TO do/VB is/VBZ give/VB them/PRP permission/NN to/TO ,/, to/TO pull/VB a/DT credit/NN thing/NN on/IN ,/, on/IN yourself/PRP",,
sw07utt/sw_0705_2713.utt,2/sw2713,2713,168,sd,B,84,2,{C and } there it is.  /,and/CC there/EX it/PRP is/VBZ ./.,,
sw07utt/sw_0705_2713.utt,2/sw2713,2713,169,sd,B,84,3,That's all they  really care about. /,That/DT 's/BES all/DT they/PRP really/RB care/VBP about/RB ./.,,
sw07utt/sw_0705_2713.utt,2/sw2713,2713,170,b,A,85,1,Yeah. /,Yeah/UH ./.,,
sw07utt/sw_0705_2713.utt,2/sw2713,2713,171,sd,B,86,1,They just want that credit history to see if you're a  ((   ))  person.  /,They/PRP just/RB want/VBP that/DT credit/NN history/NN to/TO see/VB if/IN you/PRP 're/VBP a/DT MUMBLEx/XX person/NN ./.,,
sw07utt/sw_0705_2713.utt,2/sw2713,2713,172,sd,B,86,2,If you're going to go ahead and pay your bills on time and things like  that. /,If/IN you/PRP 're/VBP going/VBG to/TO go/VB ahead/RB and/CC pay/VB your/PRP$ bills/NNS on/IN time/NN and/CC things/NNS like/IN that/DT ./.,,
sw07utt/sw_0705_2713.utt,2/sw2713,2713,173,sd,A,87,1,"I haven't, - /","I/PRP have/VBP n't/RB ,/,",,
sw07utt/sw_0705_2713.utt,2/sw2713,2713,174,sd,A,87,2,"I don't have any friends down at  [ the, + the ] Austin plant,  /","I/PRP do/VBP n't/RB have/VB any/DT friends/NNS down/IN at/IN the/DT ,/, the/DT Austin/NNP plant/NN ,/,",,
sw07utt/sw_0705_2713.utt,2/sw2713,2713,175,sd,A,87,3,"{C but } I heard that they were really upset about the drug thing,  /","but/CC I/PRP heard/VBD that/IN they/PRP were/VBD really/RB upset/JJ about/IN the/DT drug/NN thing/NN ,/,",,
sw07utt/sw_0705_2713.utt,2/sw2713,2713,176,sd,A,87,4,{C and }  we seem to up here have just breezed through that  /,and/CC we/PRP seem/VBP to/IN up/IN here/RB have/VBP just/RB breezed/VBN through/IN that/DT,,
sw07utt/sw_0705_2713.utt,2/sw2713,2713,177,sd,A,87,5,{C and } apparently some other  companies are having trouble  /,and/CC apparently/RB some/DT other/JJ companies/NNS are/VBP having/VBG trouble/NN,,
sw07utt/sw_0705_2713.utt,2/sw2713,2713,178,sd,A,87,6,"[ that, + ] I don't have any trouble with it.  /","that/IN ,/, I/PRP do/VBP n't/RB have/VB any/DT trouble/NN with/IN it/PRP ./.",,
sw07utt/sw_0705_2713.utt,2/sw2713,2713,179,sd,A,87,7,"{F Uh, }  it's kind of unusual here we are in Dallas, {D you know, } the biggest location [ and, + and ]  it just breezed through  /","Uh/UH ,/, it/PRP 's/BES kind/RB of/RB unusual/JJ here/RB we/PRP are/VBP in/IN Dallas/NNP ,/, you/PRP know/VBP ,/, the/DT biggest/JJS location/NN and/CC ,/, and/CC it/PRP just/RB breezed/VBD through/IN",,
sw07utt/sw_0705_2713.utt,2/sw2713,2713,180,sd,A,87,8,"{C and } [ wasn't really, + ] no one was,  I guess, [ was + ] really too concerned about it, {F uh, } yet in Austin, [ there, + there ] were,  whether it was a class action or how far it got, I don't really know because T I only had a few things on T I NEWS I think about it,","and/CC was/VBD n't/RB really/RB ,/, no/DT one/NN was/VBD ,/, I/PRP guess/VBP ,/, was/VBD really/RB too/RB concerned/JJ about/IN it/PRP ,/, uh/UH ,/, yet/RB in/IN Austin/NNP ,/, there/EX ,/, there/EX were/VBD ,/, whether/IN it/PRP was/VBD a/DT class/NN action/NN or/CC how/WRB far/RB it/PRP got/VBD ,/, I/PRP do/VBP n't/RB really/RB know/VB because/IN T/NNP I/NNP only/RB had/VBD a/DT few/JJ things/NNS on/IN T/NNP I/NNP NEWS/NNP I/PRP think/VBP about/IN it/PRP ,/,",,
sw07utt/sw_0705_2713.utt,2/sw2713,2713,181,b,B,88,1,# Uh-huh. # /,Uh-huh/UH ./.,,
sw07utt/sw_0705_2713.utt,2/sw2713,2713,182,+,A,89,1,# that # they were objecting to  /,that/WDT they/PRP were/VBD objecting/VBG to/IN,,
sw07utt/sw_0705_2713.utt,2/sw2713,2713,183,%,A,89,2,"{C but } the, - /","but/CC the/DT ,/,",,
sw07utt/sw_0705_2713.utt,2/sw2713,2713,184,sd,A,89,3,"some people object to that which I don't mind, (( no ))  problem at all, {D you know. } /","some/DT people/NNS object/VBP to/IN that/DT which/WDT I/PRP do/VBP n't/RB mind/VB ,/, no/DT problem/NN at/IN all/DT ,/, you/PRP know/VBP ./.",,
sw07utt/sw_0705_2713.utt,2/sw2713,2713,185,sd,B,90,1,"{F Oh, } I know that there's several people I've talked to that really have a problem with it  /","Oh/UH ,/, I/PRP know/VBP that/IN there/EX 's/BES several/JJ people/NNS I/PRP 've/VBP talked/VBN to/IN that/DT really/RB have/VBP a/DT problem/NN with/IN it/PRP",,
sw07utt/sw_0705_2713.utt,2/sw2713,2713,186,sd,B,90,2,"{C and, }","and/CC ,/,",,
sw07utt/sw_0705_2713.utt,2/sw2713,2713,187,b,A,91,1,# Huh.  # /,Huh/UH ./.,,
sw07utt/sw_0705_2713.utt,2/sw2713,2713,188,+,B,92,1,# I'm # former military  /,I/PRP 'm/VBP former/JJ military/NN,,
sw07utt/sw_0705_2713.utt,2/sw2713,2713,189,sd,B,92,2,"{C so } you get kind of used [ to, +","so/RB you/PRP get/VBP kind/RB of/RB used/VBN to/IN ,/,",,
sw07utt/sw_0705_2713.utt,2/sw2713,2713,190,b,A,93,1,"# Yeah,  /","Yeah/UH ,/,",,
sw07utt/sw_0705_2713.utt,2/sw2713,2713,191,b,A,93,2,right.  # /,right/UH ./.,,
sw07utt/sw_0705_2713.utt,2/sw2713,2713,192,+,B,94,1,# to ] going # through stuff like that.   /,to/TO going/VBG through/IN stuff/NN like/IN that/DT ./.,,
sw07utt/sw_0705_2713.utt,2/sw2713,2713,193,sd,B,94,2,"{D You know, }  you don't pay any attention to it. {E I mean, } /","You/PRP know/VBP ,/, you/PRP do/VBP n't/RB pay/VB any/DT attention/NN to/IN it/PRP ./. I/PRP mean/VBP ,/,",,
sw07utt/sw_0705_2713.utt,2/sw2713,2713,194,b,A,95,1,# Right. # /,Right/UH ./.,,
sw07utt/sw_0705_2713.utt,2/sw2713,2713,195,sd,B,96,1,"# once # you sign over your soul to Uncle Sam,","once/RB you/PRP sign/VBP over/RP your/PRP$ soul/NN to/IN Uncle/NNP Sam/NNP ,/,",,
sw07utt/sw_0705_2713.utt,2/sw2713,2713,196,x,A,97,1,# <Laughter>.  #,,,
sw07utt/sw_0705_2713.utt,2/sw2713,2713,197,+,B,98,1,"# <Laughter>  #  ((   )) , {D you know, } you just [ kind of, +","MUMBLEx/XX ,/, you/PRP know/VBP ,/, you/PRP just/RB kind/RB of/RB ,/,",,
sw07utt/sw_0705_2713.utt,2/sw2713,2713,198,aa,A,99,1,# I know.  # /,I/PRP know/VBP ./.,,
sw07utt/sw_0705_2713.utt,2/sw2713,2713,199,+,B,100,1,# kind of ] # blow it off  /,kind/RB of/RB blow/VBP it/PRP off/RP,,
sw07utt/sw_0705_2713.utt,2/sw2713,2713,200,%,B,100,2,"{C but } <laughter>, -/","but/CC ,/,",,
sw07utt/sw_0705_2713.utt,2/sw2713,2713,201,aa,A,101,1,"I know,  {D yeah. }  /","I/PRP know/VBP ,/, yeah/UH ./.",,
sw07utt/sw_0705_2713.utt,2/sw2713,2713,202,sd,A,101,2,"I served my time too,  {D yeah. } /","I/PRP served/VBD my/PRP$ time/NN too/RB ,/, yeah/UH ./.",,
sw07utt/sw_0705_2713.utt,2/sw2713,2713,203,sd,B,102,1,"{C So, } [ I think, + I think ] the people [ who have, + who have ]  been down that route or  have had [ it, + ] to deal with anything like that have  learned, {D you know, } it's just one of those things.  /","So/RB ,/, I/PRP think/VBP ,/, I/PRP think/VBP the/DT people/NNS who/WP have/VBP ,/, who/WP have/VBP been/VBN down/IN that/DT route/NN or/CC have/VBP had/VBN it/PRP ,/, to/TO deal/VB with/IN anything/NN like/IN that/DT have/VBP learned/VBN ,/, you/PRP know/VBP ,/, it/PRP 's/BES just/RB one/CD of/IN those/DT things/NNS ./.",,
sw07utt/sw_0705_2713.utt,2/sw2713,2713,204,sd,B,102,2,You just do it and be done with it and  don't worry about it. /,You/PRP just/RB do/VBP it/PRP and/CC be/VB done/VBN with/IN it/PRP and/CC do/VBP n't/RB worry/VB about/IN it/PRP ./.,,
sw07utt/sw_0705_2713.utt,2/sw2713,2713,205,b,A,103,1,Yeah. /,Yeah/UH ./.,,
sw07utt/sw_0705_2713.utt,2/sw2713,2713,206,sd,B,104,1,{C But } I do know that there are several   (( sites )) .  /,But/CC I/PRP do/VBP know/VB that/IN there/EX are/VBP several/JJ sites/NNS ./.,,
sw07utt/sw_0705_2713.utt,2/sw2713,2713,207,%,B,104,2,"I didn't, - /","I/PRP did/VBD n't/RB ,/,",,
sw07utt/sw_0705_2713.utt,2/sw2713,2713,208,sd,B,104,3,"I wasn't aware that Austin was one of them,  /","I/PRP was/VBD n't/RB aware/JJ that/IN Austin/NNP was/VBD one/CD of/IN them/PRP ,/,",,
sw07utt/sw_0705_2713.utt,2/sw2713,2713,209,sd,B,104,4,{C but } I think Johnson City was one. /,but/CC I/PRP think/VBP Johnson/NNP City/NNP was/VBD one/CD ./.,,
sw07utt/sw_0705_2713.utt,2/sw2713,2713,210,qy,A,105,1,"{F Oh, } did they object too? /","Oh/UH ,/, did/VBD they/PRP object/VBP too/RB ?/.",,
sw07utt/sw_0705_2713.utt,2/sw2713,2713,211,ny,B,106,1,"Yeah,  /","Yeah/UH ,/,",,
sw07utt/sw_0705_2713.utt,2/sw2713,2713,212,sd^e,B,106,2,"[ there's, + there's ] several of the cities that have been having real trouble with the issue.","there/EX 's/BES ,/, there/EX 's/BES several/JJ of/IN the/DT cities/NNS that/WDT have/VBP been/VBN having/VBG real/JJ trouble/NN with/IN the/DT issue/NN ./.",,
sw07utt/sw_0705_2713.utt,2/sw2713,2713,213,b,A,107,1,Uh-huh. /,Uh-huh/UH ./.,,
sw07utt/sw_0705_2713.utt,2/sw2713,2713,214,+,B,108,1,"[ And the, + ]  but also on things that I'd heard too  from a stockholders meeting was that [ there were people, + {F uh, } there were, ]  the same places where they had a real bad problem with people fighting it were also  places they had a big bad problem with the drug usage too. /","And/CC the/DT ,/, but/CC also/RB on/IN things/NNS that/WDT I/PRP 'd/VBD heard/VBN too/RB from/IN a/DT stockholders/NNS meeting/NN was/VBD that/IN there/EX were/VBD people/NNS ,/, uh/UH ,/, there/EX were/VBD ,/, the/DT same/JJ places/NNS where/WRB they/PRP had/VBD a/DT real/RB bad/JJ problem/NN with/IN people/NNS fighting/VBG it/PRP were/VBD also/RB places/NNS they/PRP had/VBD a/DT big/JJ bad/JJ problem/NN with/IN the/DT drug/NN usage/NN too/RB ./.",,
sw07utt/sw_0705_2713.utt,2/sw2713,2713,215,b,A,109,1,"Yeah,  /","Yeah/UH ,/,",,
sw07utt/sw_0705_2713.utt,2/sw2713,2713,216,sd,A,109,2,"{D well, } [ I'm, + I'm ] all for it.  /","well/UH ,/, I/PRP 'm/VBP ,/, I/PRP 'm/VBP all/RB for/IN it/PRP ./.",,
sw07utt/sw_0705_2713.utt,2/sw2713,2713,217,%,A,109,3,"I, - /","I/PRP ,/,",,
sw07utt/sw_0705_2713.utt,2/sw2713,2713,218,sd,A,109,4,"{F uh, } it doesn't bother me that whether they do it in high schools or, {D you know, } carry it to  wherever you want to carry it really, {F uh, }","uh/UH ,/, it/PRP does/VBZ n't/RB bother/VB me/PRP that/IN whether/IN they/PRP do/VBP it/PRP in/IN high/JJ schools/NNS or/CC ,/, you/PRP know/VBP ,/, carry/VB it/PRP to/IN wherever/WRB you/PRP want/VBP to/TO carry/VB it/PRP really/RB ,/, uh/UH ,/,",,
sw07utt/sw_0705_2713.utt,2/sw2713,2713,219,b,B,110,1,# Uh-huh. # /,Uh-huh/UH ./.,,
sw07utt/sw_0705_2713.utt,2/sw2713,2713,220,+,A,111,1,"# {F uh, } # of course, that would really be a big thing in a public school  /","uh/UH ,/, of/IN course/NN ,/, that/DT would/MD really/RB be/VB a/DT big/JJ thing/NN in/IN a/DT public/JJ school/NN",,
sw07utt/sw_0705_2713.utt,2/sw2713,2713,221,sd,A,111,2,"{C but, } {F uh, } I'm saying certainly at work I have no problem with it.  /","but/CC ,/, uh/UH ,/, I/PRP 'm/VBP saying/VBG certainly/RB at/IN work/NN I/PRP have/VBP no/DT problem/NN with/IN it/PRP ./.",,
sw07utt/sw_0705_2713.utt,2/sw2713,2713,222,sd,A,111,3,"{F Uh, } {F uh, } {C and } I think it is, [ they, + they ]  found that it's been very low really. /","Uh/UH ,/, uh/UH ,/, and/CC I/PRP think/VBP it/PRP is/VBZ ,/, they/PRP ,/, they/PRP found/VBD that/IN it/PRP 's/HVS been/VBN very/RB low/JJ really/RB ./.",,
sw07utt/sw_0705_2713.utt,2/sw2713,2713,223,b,B,112,1,Uh-huh. /,Uh-huh/UH ./.,,
sw07utt/sw_0705_2713.utt,2/sw2713,2713,224,sd,A,113,1,"I guess maybe at the locations though, I don't know if they have it done but, done it by location.  /","I/PRP guess/VBP maybe/RB at/IN the/DT locations/NNS though/RB ,/, I/PRP do/VBP n't/RB know/VB if/IN they/PRP have/VBP it/PRP done/VBN but/CC ,/, done/VBN it/PRP by/IN location/NN ./.",,
sw07utt/sw_0705_2713.utt,2/sw2713,2713,225,sv,A,113,2,"I don't really know if, {F uh, } they need to publish that really. /","I/PRP do/VBP n't/RB really/RB know/VB if/IN ,/, uh/UH ,/, they/PRP need/VBP to/TO publish/VB that/DT really/RB ./.",,
sw07utt/sw_0705_2713.utt,2/sw2713,2713,226,sv,B,114,1,"{F Oh, } I don't think it's a necessary thing to publish it they just need to deal with it and, ((   )) , on an individual basis. /","Oh/UH ,/, I/PRP do/VBP n't/RB think/VB it/PRP 's/BES a/DT necessary/JJ thing/NN to/TO publish/VB it/PRP they/PRP just/RB need/VBP to/TO deal/VB with/IN it/PRP and/CC ,/, MUMBLEx/XX ,/, on/IN an/DT individual/JJ basis/NN ./.",,
sw07utt/sw_0705_2713.utt,2/sw2713,2713,227,aa,A,115,1,Right. /,Right/UH ./.,,
sw07utt/sw_0705_2713.utt,2/sw2713,2713,228,sv,B,116,1,"{E I mean, }","I/PRP mean/VBP ,/,",,
sw07utt/sw_0705_2713.utt,2/sw2713,2713,229,aa,A,117,1,# Right. # /,Right/UH ./.,,
sw07utt/sw_0705_2713.utt,2/sw2713,2713,230,+,B,118,1,"# if # they're going to do it, just deal with it and,","if/IN they/PRP 're/VBP going/VBG to/TO do/VB it/PRP ,/, just/RB deal/VB with/IN it/PRP and/CC ,/,",,
sw07utt/sw_0705_2713.utt,2/sw2713,2713,231,aa,A,119,1,# Right. # /,Right/UH ./.,,
sw07utt/sw_0705_2713.utt,2/sw2713,2713,232,+,B,120,1,# be # done with it. /,be/VB done/VBN with/IN it/PRP ./.,,
sw07utt/sw_0705_2713.utt,2/sw2713,2713,233,sv,A,121,1,"{C But } I think that was [ an actu-, + ] actually a good thing that happened, {F uh, } I never considered it, I guess, it's an invasion of your privacy  /","But/CC I/PRP think/VBP that/DT was/VBD an/DT actu-/RB ,/, actually/RB a/DT good/JJ thing/NN that/WDT happened/VBD ,/, uh/UH ,/, I/PRP never/RB considered/VBD it/PRP ,/, I/PRP guess/VBP ,/, it/PRP 's/BES an/DT invasion/NN of/IN your/PRP$ privacy/NN",,
sw07utt/sw_0705_2713.utt,2/sw2713,2713,234,sv,A,121,2,"{C but } it's something that is for the good of so many people, {D you know, } to,","but/CC it/PRP 's/BES something/NN that/WDT is/VBZ for/IN the/DT good/NN of/IN so/RB many/JJ people/NNS ,/, you/PRP know/VBP ,/, to/IN ,/,",,
sw07utt/sw_0705_2713.utt,2/sw2713,2713,235,b,B,122,1,# Uh-huh. # /,Uh-huh/UH ./.,,
sw07utt/sw_0705_2713.utt,2/sw2713,2713,236,+,A,123,1,"# have # everyone, {F uh, } take the test  right away  /","have/VBP everyone/NN ,/, uh/UH ,/, take/VB the/DT test/NN right/RB away/RB",,
sw07utt/sw_0705_2713.utt,2/sw2713,2713,237,sd(^q),A,123,2,"[ {C and, } + {F uh, } {C and } ] hopefully, maybe some people will convince other people that are on drugs  that, {D well, } {F uh, } I might as well get off, {D you know, } if I want to stay so, {D you know, }","and/CC ,/, uh/UH ,/, and/CC hopefully/RB ,/, maybe/RB some/DT people/NNS will/MD convince/VB other/JJ people/NNS that/WDT are/VBP on/IN drugs/NNS that/IN ,/, well/UH ,/, uh/UH ,/, I/PRP might/MD as/IN well/RB get/VB off/RB ,/, you/PRP know/VBP ,/, if/IN I/PRP want/VBP to/TO stay/VB so/RB ,/, you/PRP know/VBP ,/,",,
sw07utt/sw_0705_2713.utt,2/sw2713,2713,238,sv,B,124,1,"# {F Oh, } [ I, + #","Oh/UH ,/, I/PRP ,/,",,
sw07utt/sw_0705_2713.utt,2/sw2713,2713,239,+,A,125,1,# if that # was an invasion of privacy maybe it was good. /,if/IN that/DT was/VBD an/DT invasion/NN of/IN privacy/NN maybe/RB it/PRP was/VBD good/JJ ./.,,
sw07utt/sw_0705_2713.utt,2/sw2713,2713,240,+,B,126,1,"{F Oh, } I ] think it's a safety factor too because, {D you know, } when people are inebriated, whether it's alcohol or drugs or whatever,  they are very unsafe for [ the, + ] their co-workers, {D you know, }","Oh/UH ,/, I/PRP think/VBP it/PRP 's/BES a/DT safety/NN factor/NN too/RB because/IN ,/, you/PRP know/VBP ,/, when/WRB people/NNS are/VBP inebriated/JJ ,/, whether/IN it/PRP 's/BES alcohol/NN or/CC drugs/NNS or/CC whatever/WDT ,/, they/PRP are/VBP very/RB unsafe/JJ for/IN the/DT ,/, their/PRP$ co-workers/NNS ,/, you/PRP know/VBP ,/,",,
sw07utt/sw_0705_2713.utt,2/sw2713,2713,241,aa,A,127,1,"# {F Oh, } sure.  # /","Oh/UH ,/, sure/UH ./.",,
sw07utt/sw_0705_2713.utt,2/sw2713,2713,242,+,B,128,1,"# it's like, # {D you know, } my father was a fireman  /","it/PRP 's/BES like/IN ,/, you/PRP know/VBP ,/, my/PRP$ father/NN was/VBD a/DT fireman/NN",,
sw07utt/sw_0705_2713.utt,2/sw2713,2713,243,sd,B,128,2,"{C and } I can just imagine if, {D you know, } <laughter>, {D you know, } some guy being  on drugs they go there  /","and/CC I/PRP can/MD just/RB imagine/VB if/IN ,/, you/PRP know/VBP ,/, ,/, you/PRP know/VBP ,/, some/DT guy/NN being/VBG on/IN drugs/NNS they/PRP go/VBP there/RB",,
sw07utt/sw_0705_2713.utt,2/sw2713,2713,244,sd,B,128,3,"[ {C and, } +","and/CC ,/,",,
sw07utt/sw_0705_2713.utt,2/sw2713,2713,245,b,A,129,1,# Right. # /,Right/UH ./.,,
sw07utt/sw_0705_2713.utt,2/sw2713,2713,246,+,B,130,1,"# {C and, } ] # {D you know, } you've got somebody that's supposed to take care of you  /","and/CC ,/, you/PRP know/VBP ,/, you/PRP 've/VBP got/VBN somebody/NN that/WDT 's/BES supposed/VBN to/IN take/VB care/NN of/IN you/PRP",,
sw07utt/sw_0705_2713.utt,2/sw2713,2713,247,sd,B,130,2,"{C and } [ they fall, + they fall ] out because of the drug issue,","and/CC they/PRP fall/VBP ,/, they/PRP fall/VBP out/RP because/IN of/IN the/DT drug/NN issue/NN ,/,",,
sw07utt/sw_0705_2713.utt,2/sw2713,2713,248,b,A,131,1,# Uh-huh. # /,Uh-huh/UH ./.,,
sw07utt/sw_0705_2713.utt,2/sw2713,2713,249,+@,B,132,1,"# {D you # know. }  {E I mean } you can forgive somebody because all of a sudden they maybe get hurt or whatever [ that, + that ]  you can understand  / *[[ Seems that there should be a slash after 'you know' ]]","you/PRP know/VBP ./. I/PRP mean/VBP you/PRP can/MD forgive/VB somebody/NN because/IN all/DT of/IN a/DT sudden/JJ they/PRP maybe/RB get/VBP hurt/VBN or/CC whatever/WDT that/IN ,/, that/IN you/PRP can/MD understand/VB",,
sw07utt/sw_0705_2713.utt,2/sw2713,2713,250,sv,B,132,2,"{C but } the  ((   ))  use of drugs or anything like that,","but/CC the/DT MUMBLEx/XX use/NN of/IN drugs/NNS or/CC anything/NN like/IN that/DT ,/,",,
sw07utt/sw_0705_2713.utt,2/sw2713,2713,251,b,A,133,1,# Right. # /,Right/UH ./.,,
sw07utt/sw_0705_2713.utt,2/sw2713,2713,252,+,B,134,1,"# will, # {F uh, } be a problem. /","will/MD ,/, uh/UH ,/, be/VB a/DT problem/NN ./.",,
sw07utt/sw_0705_2713.utt,2/sw2713,2713,253,"ad,o@",A,135,1,"Go ahead, you got me more, I, - / *[[ 2 slash units? ]]","Go/VB ahead/RB ,/, you/PRP got/VBD me/PRP more/JJR ,/, I/PRP ,/,",,
sw07utt/sw_0705_2713.utt,2/sw2713,2713,254,sd,A,135,2,"[ this is, +  this is ] a tough one, I [ don't, + ] really haven't thought about any of this. /","this/DT is/VBZ ,/, this/DT is/VBZ a/DT tough/JJ one/NN ,/, I/PRP do/VBP n't/RB ,/, really/RB have/VBP n't/RB thought/VBN about/IN any/DT of/IN this/DT ./.",,
sw07utt/sw_0705_2713.utt,2/sw2713,2713,255,x,B,136,1,<Laughter>.,,,
sw07utt/sw_0705_2713.utt,2/sw2713,2713,256,sd,A,137,1,"They had gardening yesterday and all the  repairs,  /","They/PRP had/VBD gardening/NN yesterday/RB and/CC all/PDT the/DT repairs/NNS ,/,",,
sw07utt/sw_0705_2713.utt,2/sw2713,2713,257,%,A,137,2,"{C and, }  {D boy, } I could, -/","and/CC ,/, boy/UH ,/, I/PRP could/MD ,/,",,
