swda_filename,ptb_basename,conversation_no,transcript_index,act_tag,caller,utterance_index,subutterance_index,text,pos,trees,ptb_treenumbers
sw07utt/sw_0778_2248.utt,2/sw2248,2248,0,o,A,1,1,All right.  /,All/RB right/JJ ./.,,
sw07utt/sw_0778_2248.utt,2/sw2248,2248,1,sd,A,1,2,"{D Now, } we used to be big time  campers  /","Now/RB ,/, we/PRP used/VBD to/TO be/VB big/JJ time/NN campers/NNS",,
sw07utt/sw_0778_2248.utt,2/sw2248,2248,2,sd,A,1,3,{C but } now we're not quite so  much since the kids are involved so much in sports. /,but/CC now/RB we/PRP 're/VBP not/RB quite/RB so/RB much/JJ since/IN the/DT kids/NNS are/VBP involved/JJ so/RB much/JJ in/IN sports/NNS ./.,,
sw07utt/sw_0778_2248.utt,2/sw2248,2248,3,b,B,2,1,Uh-huh.  /,Uh-huh/UH ./.,,
sw07utt/sw_0778_2248.utt,2/sw2248,2248,4,qw,B,2,2,What type of camping did you do? /,What/WDT type/NN of/IN camping/NN did/VBD you/PRP do/VB ?/.,,
sw07utt/sw_0778_2248.utt,2/sw2248,2248,5,sd,A,3,1,"{D Well } <breathing> [ when we, + before we ]  had kids, we was in a motorcycle group,","Well/UH when/WRB we/PRP ,/, before/IN we/PRP had/VBD kids/NNS ,/, we/PRP was/VBD in/IN a/DT motorcycle/NN group/NN ,/,",,
sw07utt/sw_0778_2248.utt,2/sw2248,2248,6,b,B,4,1,Uh-huh. /,Uh-huh/UH ./.,,
sw07utt/sw_0778_2248.utt,2/sw2248,2248,7,+,A,5,1,"{D you know, }  /","you/PRP know/VBP ,/,",,
sw07utt/sw_0778_2248.utt,2/sw2248,2248,8,sd,A,5,2,"[ w-, + we ]  went {D like } twenty or thirty at a time.  /","w-/PRP ,/, we/PRP went/VBD like/UH twenty/CD or/CC thirty/CD at/IN a/DT time/NN ./.",,
sw07utt/sw_0778_2248.utt,2/sw2248,2248,9,sd,A,5,3,"We took, {F uh, } just our little tents, /","We/PRP took/VBD ,/, uh/UH ,/, just/RB our/PRP$ little/JJ tents/NNS ,/,",,
sw07utt/sw_0778_2248.utt,2/sw2248,2248,10,b,B,6,1,Uh-huh. /,Uh-huh/UH ./.,,
sw07utt/sw_0778_2248.utt,2/sw2248,2248,11,sd,A,7,1,{C and } we did it that way.  /,and/CC we/PRP did/VBD it/PRP that/DT way/NN ./.,,
sw07utt/sw_0778_2248.utt,2/sw2248,2248,12,sd,A,7,2,Then when we started having children we bought a camper.,Then/RB when/WRB we/PRP started/VBD having/VBG children/NNS we/PRP bought/VBD a/DT camper/NN ./.,,
sw07utt/sw_0778_2248.utt,2/sw2248,2248,13,b,B,8,1,"{F Oh, } uh-huh. /","Oh/UH ,/, uh-huh/UH ./.",,
sw07utt/sw_0778_2248.utt,2/sw2248,2248,14,+,A,9,1,"{D You know, }  /","You/PRP know/VBP ,/,",,
sw07utt/sw_0778_2248.utt,2/sw2248,2248,15,sd,A,9,2,{C and } we did it that way. /,and/CC we/PRP did/VBD it/PRP that/DT way/NN ./.,,
sw07utt/sw_0778_2248.utt,2/sw2248,2248,16,ba,B,10,1,"{F Oh, } how neat. /","Oh/UH ,/, how/WRB neat/JJ ./.",,
sw07utt/sw_0778_2248.utt,2/sw2248,2248,17,sd,A,11,1,"{C So, } we've always enjoyed camping. /","So/RB ,/, we/PRP 've/VBP always/RB enjoyed/VBN camping/NN ./.",,
sw07utt/sw_0778_2248.utt,2/sw2248,2248,18,b,B,12,1,Uh-huh.  /,Uh-huh/UH ./.,,
sw07utt/sw_0778_2248.utt,2/sw2248,2248,19,sd,B,12,2,"{D Well, } I know [ I have, + {F um, } I just have ]  a tent,  /","Well/UH ,/, I/PRP know/VBP I/PRP have/VBP ,/, um/UH ,/, I/PRP just/RB have/VBP a/DT tent/NN ,/,",,
sw07utt/sw_0778_2248.utt,2/sw2248,2248,20,sd,B,12,3,{C and } the kids and I like to go out and camp in the tent. /,and/CC the/DT kids/NNS and/CC I/PRP like/VBP to/TO go/VB out/RB and/CC camp/VB in/IN the/DT tent/NN ./.,,
sw07utt/sw_0778_2248.utt,2/sw2248,2248,21,b,A,13,1,Uh-huh. /,Uh-huh/UH ./.,,
sw07utt/sw_0778_2248.utt,2/sw2248,2248,22,sd,B,14,1,{C And then } I bought a van  /,And/CC then/RB I/PRP bought/VBD a/DT van/NN,,
sw07utt/sw_0778_2248.utt,2/sw2248,2248,23,sd,B,14,2,{C and } that way I can sleep in the van and be more comfortable <laughter>. /,and/CC that/DT way/NN I/PRP can/MD sleep/VB in/IN the/DT van/NN and/CC be/VB more/RBR comfortable/JJ ./.,,
sw07utt/sw_0778_2248.utt,2/sw2248,2248,24,b,A,15,1,"[ Ye-, + yes. ]  /","Ye-/UH ,/, yes/UH ./.",,
sw07utt/sw_0778_2248.utt,2/sw2248,2248,25,sd,A,15,2,"Now we have friends with a van, /","Now/RB we/PRP have/VBP friends/NNS with/IN a/DT van/NNP ,/,",,
sw07utt/sw_0778_2248.utt,2/sw2248,2248,26,b,B,16,1,Uh-huh. /,Uh-huh/UH ./.,,
sw07utt/sw_0778_2248.utt,2/sw2248,2248,27,sd,A,17,1,"{C and } when they go on vacation a lot of  times they'll just sleep in the van, {D you know. } /","and/CC when/WRB they/PRP go/VBP on/IN vacation/NN a/DT lot/NN of/IN times/NNS they/PRP 'll/MD just/RB sleep/VB in/IN the/DT van/NNP ,/, you/PRP know/VBP ./.",,
sw07utt/sw_0778_2248.utt,2/sw2248,2248,28,b,B,18,1,Right.  /,Right/UH ./.,,
sw07utt/sw_0778_2248.utt,2/sw2248,2248,29,b,B,18,2,Yeah. /,Yeah/UH ./.,,
sw07utt/sw_0778_2248.utt,2/sw2248,2248,30,sd,A,19,1,{D Like } one night  /,Like/UH one/CD night/NN,,
sw07utt/sw_0778_2248.utt,2/sw2248,2248,31,sd,A,19,2,"{C and } the next night  they'll stay at the motel, {D you know, } or  something like that. /","and/CC the/DT next/JJ night/NN they/PRP 'll/MD stay/VB at/IN the/DT motel/NN ,/, you/PRP know/VBP ,/, or/CC something/NN like/IN that/DT ./.",,
sw07utt/sw_0778_2248.utt,2/sw2248,2248,32,b,B,20,1,Uh-huh. /,Uh-huh/UH ./.,,
sw07utt/sw_0778_2248.utt,2/sw2248,2248,33,sd,A,21,1,{C And } they enjoy it. /,And/CC they/PRP enjoy/VBP it/PRP ./.,,
sw07utt/sw_0778_2248.utt,2/sw2248,2248,34,b,B,22,1,"Yes,  /","Yes/UH ,/,",,
sw07utt/sw_0778_2248.utt,2/sw2248,2248,35,sd,B,22,2,"[ I don't, + I don't ]  think I'm a real true, trooper, {D you know, } when it comes,","I/PRP do/VBP n't/RB ,/, I/PRP do/VBP n't/RB think/VB I/PRP 'm/VBP a/DT real/RB true/JJ ,/, trooper/NN ,/, you/PRP know/VBP ,/, when/WRB it/PRP comes/VBZ ,/,",,
sw07utt/sw_0778_2248.utt,2/sw2248,2248,36,b,A,23,1,"{F Oh, } /","Oh/UH ,/,",,
sw07utt/sw_0778_2248.utt,2/sw2248,2248,37,+,B,24,1,to camping. /,to/IN camping/NN ./.,,
sw07utt/sw_0778_2248.utt,2/sw2248,2248,38,b,A,25,1,yeah.  /,yeah/UH ./.,,
sw07utt/sw_0778_2248.utt,2/sw2248,2248,39,sd,A,25,2,"{F Oh, }","Oh/UH ,/,",,
sw07utt/sw_0778_2248.utt,2/sw2248,2248,40,sd,B,26,1,All the bugs and stuff <laughter>. /,All/PDT the/DT bugs/NNS and/CC stuff/NN ./.,,
sw07utt/sw_0778_2248.utt,2/sw2248,2248,41,+,A,27,1,me either. /,me/PRP either/RB ./.,,
sw07utt/sw_0778_2248.utt,2/sw2248,2248,42,sd,B,28,1,"{C But } [ I, + I ] try <laughter>. /","But/CC I/PRP ,/, I/PRP try/VBP ./.",,
sw07utt/sw_0778_2248.utt,2/sw2248,2248,43,sd,A,29,1,I hate to be on  (( all that stuff ))  <laughter>. /,I/PRP hate/VBP to/TO be/VB on/IN all/PDT that/DT stuff/NN ./.,,
sw07utt/sw_0778_2248.utt,2/sw2248,2248,44,sd,B,30,1,"[ {C But, } + {C but } ] I try,","But/CC ,/, but/CC I/PRP try/VBP ,/,",,
sw07utt/sw_0778_2248.utt,2/sw2248,2248,45,ba,A,31,1,"{F Oh, } yeah. /","Oh/UH ,/, yeah/UH ./.",,
sw07utt/sw_0778_2248.utt,2/sw2248,2248,46,+,B,32,1,"{D you know, } [ to, + {F uh, } to ]  get out there and enjoy everything.  /","you/PRP know/VBP ,/, to/TO ,/, uh/UH ,/, to/TO get/VB out/IN there/RB and/CC enjoy/VB everything/NN ./.",,
sw07utt/sw_0778_2248.utt,2/sw2248,2248,47,sd,B,32,2,{C But } what was so  fun though is that I had to take my son to the doctor  this morning because he went out camping with some friends  /,But/CC what/WP was/VBD so/RB fun/JJ though/IN is/VBZ that/IN I/PRP had/VBD to/TO take/VB my/PRP$ son/NN to/IN the/DT doctor/NN this/DT morning/NN because/IN he/PRP went/VBD out/RB camping/VBG with/IN some/DT friends/NNS,,
sw07utt/sw_0778_2248.utt,2/sw2248,2248,48,sd,B,32,3,"{C and } he got poison ivy, /","and/CC he/PRP got/VBD poison/NN ivy/NN ,/,",,
sw07utt/sw_0778_2248.utt,2/sw2248,2248,49,b,A,33,1,Oh. /,Oh/UH ./.,,
sw07utt/sw_0778_2248.utt,2/sw2248,2248,50,sd,B,34,1,{C and } it's all over him.  /,and/CC it/PRP 's/BES all/RB over/IN him/PRP ./.,,
sw07utt/sw_0778_2248.utt,2/sw2248,2248,51,o,B,34,2,"The poor thing, {D you know, } - /","The/DT poor/JJ thing/NN ,/, you/PRP know/VBP ,/,",,
sw07utt/sw_0778_2248.utt,2/sw2248,2248,52,sv,B,34,3,"{C so, } there's definitely hazards to going camping if you don't know what  you're looking at <laughter>. /","so/RB ,/, there/EX 's/BES definitely/RB hazards/NNS to/TO going/VBG camping/VBG if/IN you/PRP do/VBP n't/RB know/VB what/WP you/PRP 're/VBP looking/VBG at/RB ./.",,
sw07utt/sw_0778_2248.utt,2/sw2248,2248,53,aa,A,35,1,"Yes,  /","Yes/UH ,/,",,
sw07utt/sw_0778_2248.utt,2/sw2248,2248,54,aa^r,A,35,2,yes. /,yes/UH ./.,,
sw07utt/sw_0778_2248.utt,2/sw2248,2248,55,fe,B,36,1,"{F Oh, } shoot. /","Oh/UH ,/, shoot/UH ./.",,
sw07utt/sw_0778_2248.utt,2/sw2248,2248,56,b,A,37,1,Oh.  /,Oh/UH ./.,,
sw07utt/sw_0778_2248.utt,2/sw2248,2248,57,sd,A,37,2,"{C But } {D now, } I enjoy it every once  in a while,  /","But/CC now/RB ,/, I/PRP enjoy/VBP it/PRP every/DT once/RB in/IN a/DT while/NN ,/,",,
sw07utt/sw_0778_2248.utt,2/sw2248,2248,58,sd,A,37,3,"{E I mean, } it's not something I'd want to do real often. /","I/PRP mean/VBP ,/, it/PRP 's/BES not/RB something/NN I/PRP 'd/MD want/VB to/TO do/VB real/RB often/RB ./.",,
sw07utt/sw_0778_2248.utt,2/sw2248,2248,59,b,B,38,1,Uh-huh. /,Uh-huh/UH ./.,,
sw07utt/sw_0778_2248.utt,2/sw2248,2248,60,sd,A,39,1,I'm a sissy. /,I/PRP 'm/VBP a/DT sissy/NN ./.,,
sw07utt/sw_0778_2248.utt,2/sw2248,2248,61,b,B,40,1,Yeah. /,Yeah/UH ./.,,
sw07utt/sw_0778_2248.utt,2/sw2248,2248,62,sd,A,41,1,I either want to do it in the fall or spring. /,I/PRP either/CC want/VBP to/TO do/VB it/PRP in/IN the/DT fall/NN or/CC spring/NN ./.,,
sw07utt/sw_0778_2248.utt,2/sw2248,2248,63,aa,B,42,1,Right.  /,Right/UH ./.,,
sw07utt/sw_0778_2248.utt,2/sw2248,2248,64,aa^r,B,42,2,Right. /,Right/UH ./.,,
sw07utt/sw_0778_2248.utt,2/sw2248,2248,65,qh,A,43,1,You know? /,You/PRP know/VBP ?/.,,
sw07utt/sw_0778_2248.utt,2/sw2248,2248,66,bf,B,44,1,Definitely when it's cool. /,Definitely/RB when/WRB it/PRP 's/BES cool/JJ ./.,,
sw07utt/sw_0778_2248.utt,2/sw2248,2248,67,aa,A,45,1,Yes. /,Yes/UH ./.,,
sw07utt/sw_0778_2248.utt,2/sw2248,2248,68,qy,B,46,1,"{D Well, } have you done much camping around Texas? /","Well/UH ,/, have/VBP you/PRP done/VBN much/JJ camping/NN around/IN Texas/NNP ?/.",,
sw07utt/sw_0778_2248.utt,2/sw2248,2248,69,ng,A,47,1,"{D Well, } not really because usually it's when we go off,","Well/UH ,/, not/RB really/RB because/IN usually/RB it/PRP 's/BES when/WRB we/PRP go/VBP off/RP ,/,",,
sw07utt/sw_0778_2248.utt,2/sw2248,2248,70,b,B,48,1,Uh-huh. /,Uh-huh/UH ./.,,
sw07utt/sw_0778_2248.utt,2/sw2248,2248,71,+,A,49,1,"{D you know, } {D like } for a couple weeks or so. /","you/PRP know/VBP ,/, like/UH for/IN a/DT couple/NN weeks/NNS or/CC so/RB ./.",,
sw07utt/sw_0778_2248.utt,2/sw2248,2248,72,b,B,50,1,Uh-huh. /,Uh-huh/UH ./.,,
sw07utt/sw_0778_2248.utt,2/sw2248,2248,73,sd,A,51,1,It's usually like that. /,It/PRP 's/BES usually/RB like/IN that/DT ./.,,
sw07utt/sw_0778_2248.utt,2/sw2248,2248,74,b,B,52,1,Yeah.  /,Yeah/UH ./.,,
sw07utt/sw_0778_2248.utt,2/sw2248,2248,75,qy,B,52,2,"{D Well, } have you camped all over the  United States? /","Well/UH ,/, have/VBP you/PRP camped/VBN all/RB over/IN the/DT United/NNP States/NNP ?/.",,
sw07utt/sw_0778_2248.utt,2/sw2248,2248,76,na,A,53,1,Just about. /,Just/RB about/RB ./.,,
sw07utt/sw_0778_2248.utt,2/sw2248,2248,77,ba,B,54,1,Wow. /,Wow/UH ./.,,
sw07utt/sw_0778_2248.utt,2/sw2248,2248,78,na^r,A,55,1,Just about. /,Just/RB about/RB ./.,,
sw07utt/sw_0778_2248.utt,2/sw2248,2248,79,sd,B,56,1,"{D See } now I haven't so that, - /","See/VB now/RB I/PRP have/VBP n't/RB so/IN that/IN ,/,",,
sw07utt/sw_0778_2248.utt,2/sw2248,2248,80,sv,B,56,2,I bet you that's an experience there. /,I/PRP bet/VBP you/PRP that/DT 's/BES an/DT experience/NN there/RB ./.,,
sw07utt/sw_0778_2248.utt,2/sw2248,2248,81,sd,A,57,1,"{F Oh, } it really is. /","Oh/UH ,/, it/PRP really/RB is/VBZ ./.",,
sw07utt/sw_0778_2248.utt,2/sw2248,2248,82,b,B,58,1,Uh-huh. /,Uh-huh/UH ./.,,
sw07utt/sw_0778_2248.utt,2/sw2248,2248,83,sd^r,A,59,1,It really is. /,It/PRP really/RB is/VBZ ./.,,
sw07utt/sw_0778_2248.utt,2/sw2248,2248,84,b,B,60,1,Uh-huh. /,Uh-huh/UH ./.,,
sw07utt/sw_0778_2248.utt,2/sw2248,2248,85,sd,A,61,1,Also I said we mostly did ours before we started a family. /,Also/RB I/PRP said/VBD we/PRP mostly/RB did/VBD ours/PRP$ before/IN we/PRP started/VBD a/DT family/NN ./.,,
sw07utt/sw_0778_2248.utt,2/sw2248,2248,86,b,B,62,1,"Right,  /","Right/UH ,/,",,
sw07utt/sw_0778_2248.utt,2/sw2248,2248,87,b^r,B,62,2,right. /,right/UH ./.,,
sw07utt/sw_0778_2248.utt,2/sw2248,2248,88,sd,A,63,1,It's a lot easier then. /,It/PRP 's/BES a/DT lot/NN easier/JJR then/RB ./.,,
sw07utt/sw_0778_2248.utt,2/sw2248,2248,89,sd,B,64,1,"{D Well, } I know my parents like to camp a lot,  /","Well/UH ,/, I/PRP know/VBP my/PRP$ parents/NNS like/VBP to/TO camp/VB a/DT lot/NN ,/,",,
sw07utt/sw_0778_2248.utt,2/sw2248,2248,90,sd,B,64,2,"{C and } [ they, + {F uh, } they've ] been going to Gulf Shores, Alabama.","and/CC they/PRP ,/, uh/UH ,/, they/PRP 've/VBP been/VBN going/VBG to/IN Gulf/NNP Shores/NNP ,/, Alabama/NNP ./.",,
sw07utt/sw_0778_2248.utt,2/sw2248,2248,91,b,A,65,1,"{F Oh, } uh-huh. /","Oh/UH ,/, uh-huh/UH ./.",,
sw07utt/sw_0778_2248.utt,2/sw2248,2248,92,+,B,66,1,"And, {F uh, } which is really, really neat.  /","And/CC ,/, uh/UH ,/, which/WDT is/VBZ really/RB ,/, really/RB neat/JJ ./.",,
sw07utt/sw_0778_2248.utt,2/sw2248,2248,93,sd,B,66,2,"They said they've got the white beaches and the sand, /","They/PRP said/VBD they/PRP 've/VBP got/VBN the/DT white/JJ beaches/NNS and/CC the/DT sand/NN ,/,",,
sw07utt/sw_0778_2248.utt,2/sw2248,2248,94,b,A,67,1,Yes. /,Yes/UH ./.,,
sw07utt/sw_0778_2248.utt,2/sw2248,2248,95,sd,B,68,1,"{C and } it's not real populated so [ they can, + they feel ]  like they're in the outdoors and still close to the ocean. /","and/CC it/PRP 's/BES not/RB real/RB populated/JJ so/IN they/PRP can/MD ,/, they/PRP feel/VB like/IN they/PRP 're/VBP in/IN the/DT outdoors/NN and/CC still/RB close/RB to/IN the/DT ocean/NN ./.",,
sw07utt/sw_0778_2248.utt,2/sw2248,2248,96,b,A,69,1,Uh-huh. /,Uh-huh/UH ./.,,
sw07utt/sw_0778_2248.utt,2/sw2248,2248,97,sd,B,70,1,"{C And, } {F uh, } from what I understand from  them it's really, really pretty there. /","And/CC ,/, uh/UH ,/, from/IN what/WP I/PRP understand/VBP from/IN them/PRP it/PRP 's/BES really/RB ,/, really/RB pretty/RB there/RB ./.",,
sw07utt/sw_0778_2248.utt,2/sw2248,2248,98,b,A,71,1,Oh.  /,Oh/UH ./.,,
sw07utt/sw_0778_2248.utt,2/sw2248,2248,99,sd,A,71,2,I'd like to go anywhere.  /,I/PRP 'd/MD like/VB to/TO go/VB anywhere/RB ./.,,
sw07utt/sw_0778_2248.utt,2/sw2248,2248,100,sd,A,71,3,"{D You know, } I just like  to go. /","You/PRP know/VBP ,/, I/PRP just/RB like/VBP to/TO go/VB ./.",,
sw07utt/sw_0778_2248.utt,2/sw2248,2248,101,b,B,72,1,"Uh-huh,  /","Uh-huh/UH ,/,",,
sw07utt/sw_0778_2248.utt,2/sw2248,2248,102,b^r,B,72,2,uh-huh. /,uh-huh/UH ./.,,
sw07utt/sw_0778_2248.utt,2/sw2248,2248,103,sd,A,73,1,I really do. /,I/PRP really/RB do/VBP ./.,,
sw07utt/sw_0778_2248.utt,2/sw2248,2248,104,qy,B,74,1,"{D Well, } have you done much camping up in  Kentucky [ and, + and ] those parts,","Well/UH ,/, have/VBP you/PRP done/VBN much/JJ camping/NN up/IN in/IN Kentucky/NNP and/CC ,/, and/CC those/DT parts/NNS ,/,",,
sw07utt/sw_0778_2248.utt,2/sw2248,2248,105,nn,A,75,1,"No, /","No/UH ,/,",,
sw07utt/sw_0778_2248.utt,2/sw2248,2248,106,+,B,76,1,in the mountains? /,in/IN the/DT mountains/NNS ?/.,,
sw07utt/sw_0778_2248.utt,2/sw2248,2248,107,ng,A,77,1,"not really,  /","not/RB really/RB ,/,",,
sw07utt/sw_0778_2248.utt,2/sw2248,2248,108,sd,A,77,2,not that much.  /,not/RB that/RB much/JJ ./.,,
sw07utt/sw_0778_2248.utt,2/sw2248,2248,109,sd,A,77,3,"{F Um, } [ we've  been, + {D well, } we've been ] to Wyoming, {D you know, } and Kentucky and Montana and, {D you know, }  places like that.  /","Um/UH ,/, we/PRP 've/VBP been/VBN ,/, well/UH ,/, we/PRP 've/VBP been/VBN to/IN Wyoming/NNP ,/, you/PRP know/VBP ,/, and/CC Kentucky/NNP and/CC Montana/NNP and/CC ,/, you/PRP know/VBP ,/, places/NNS like/IN that/DT ./.",,
sw07utt/sw_0778_2248.utt,2/sw2248,2248,110,sd,A,77,4,{C But } usually if we're with a group of people  (( we ))   really don't stay any one place very long. /,But/CC usually/RB if/IN we/PRP 're/VBP with/IN a/DT group/NN of/IN people/NNS we/PRP really/RB do/VBP n't/RB stay/VB any/DT one/CD place/NN very/RB long/RB ./.,,
sw07utt/sw_0778_2248.utt,2/sw2248,2248,111,b,B,78,1,Uh-huh. /,Uh-huh/UH ./.,,
sw07utt/sw_0778_2248.utt,2/sw2248,2248,112,sd,A,79,1,"{D You know, } {D like } if we're just going  through and they camp one night and then head on. /","You/PRP know/VBP ,/, like/IN if/IN we/PRP 're/VBP just/RB going/VBG through/RB and/CC they/PRP camp/VBP one/CD night/NN and/CC then/JJ head/VBP on/RB ./.",,
sw07utt/sw_0778_2248.utt,2/sw2248,2248,113,b,B,80,1,"Right,  /","Right/UH ,/,",,
sw07utt/sw_0778_2248.utt,2/sw2248,2248,114,b^r,B,80,2,right. /,right/UH ./.,,
sw07utt/sw_0778_2248.utt,2/sw2248,2248,115,sd,A,81,1,"{C But } now that we have children and we go every blue moon,","But/CC now/RB that/IN we/PRP have/VBP children/NNS and/CC we/PRP go/VBP every/DT blue/JJ moon/NN ,/,",,
sw07utt/sw_0778_2248.utt,2/sw2248,2248,116,b,B,82,1,Yeah  /,Yeah/UH,,
sw07utt/sw_0778_2248.utt,2/sw2248.pos,2248,117,x,B,82,2,<laughter>.,./.
sw07utt/sw_0778_2248.utt,2/sw2248,2248,118,+,A,83,1,I'd rather just go to Galveston.,I/PRP 'd/MD rather/RB just/RB go/VB to/IN Galveston/NNP ./.,,
sw07utt/sw_0778_2248.utt,2/sw2248,2248,119,ba,B,84,1,"{F Oh, } yeah, /","Oh/UH ,/, yeah/UH ,/,",,
sw07utt/sw_0778_2248.utt,2/sw2248,2248,120,+,A,85,1,{D You know } <laughter>. /,You/PRP know/VBP ./.,,
sw07utt/sw_0778_2248.utt,2/sw2248,2248,121,b,B,86,1,"yeah,  /","yeah/UH ,/,",,
sw07utt/sw_0778_2248.utt,2/sw2248,2248,122,b^r,B,86,2,"yeah,  /","yeah/UH ,/,",,
sw07utt/sw_0778_2248.utt,2/sw2248,2248,123,bf@,B,86,3,"rent a beach house or something,  *[[slash error]]","rent/VBP a/DT beach/NN house/NN or/CC something/NN ,/,",,
sw07utt/sw_0778_2248.utt,2/sw2248,2248,124,aa,A,87,1,"Yes,  /","Yes/UH ,/,",,
sw07utt/sw_0778_2248.utt,2/sw2248,2248,125,aa^r,A,87,2,yes. /,yes/UH ./.,,
sw07utt/sw_0778_2248.utt,2/sw2248,2248,126,+@,B,88,1,"{D yeah, }  [ that's, + that's ] my idea of camping. /  *[[looks like the 'yeah' should be an independent slash unit ]]","yeah/UH ,/, that/DT 's/BES ,/, that/DT 's/BES my/PRP$ idea/NN of/IN camping/NN ./.",,
sw07utt/sw_0778_2248.utt,2/sw2248,2248,127,b,A,89,1,Yes. /,Yes/UH ./.,,
sw07utt/sw_0778_2248.utt,2/sw2248,2248,128,sd,B,90,1,"{C But } [ we're, + {F uh, } we're ]  getting more into it  /","But/CC we/PRP 're/VBP ,/, uh/UH ,/, we/PRP 're/VBP getting/VBG more/JJR into/IN it/PRP",,
sw07utt/sw_0778_2248.utt,2/sw2248,2248,129,sd,B,90,2,"{C and } [ we've done, + {F uh, } we've done ] quite a bit  /","and/CC we/PRP 've/VBP done/VBN ,/, uh/UH ,/, we/PRP 've/VBP done/VBN quite/PDT a/DT bit/NN",,
sw07utt/sw_0778_2248.utt,2/sw2248,2248,130,sd,B,90,3,"{C and, } {F uh, } {F uh, } the kids like  to go out, {D you know, } as often as they can./","and/CC ,/, uh/UH ,/, uh/UH ,/, the/DT kids/NNS like/VBP to/TO go/VB out/RB ,/, you/PRP know/VBP ,/, as/RB often/RB as/IN they/PRP can/MD ./.",,
sw07utt/sw_0778_2248.utt,2/sw2248,2248,131,b,A,91,1,Uh-huh. /,Uh-huh/UH ./.,,
sw07utt/sw_0778_2248.utt,2/sw2248,2248,132,sd,B,92,1,"{F Um, } {C so } that's good.  /","Um/UH ,/, so/RB that/DT 's/BES good/JJ ./.",,
sw07utt/sw_0778_2248.utt,2/sw2248,2248,133,sd,B,92,2,"{D You know, } [ they're, + they're ]  becoming enthusiasts then of camping. /","You/PRP know/VBP ,/, they/PRP 're/VBP ,/, they/PRP 're/VBP becoming/VBG enthusiasts/NNS then/RB of/IN camping/NN ./.",,
sw07utt/sw_0778_2248.utt,2/sw2248,2248,134,b,A,93,1,Uh-huh.  /,Uh-huh/UH ./.,,
sw07utt/sw_0778_2248.utt,2/sw2248,2248,135,sd,A,93,2,It is.  /,It/PRP is/VBZ ./.,,
sw07utt/sw_0778_2248.utt,2/sw2248,2248,136,sd,A,93,3,My children really enjoys it.  /,My/PRP$ children/NNS really/RB enjoys/VBZ it/PRP ./.,,
sw07utt/sw_0778_2248.utt,2/sw2248,2248,137,sd,A,93,4,They really do.  /,They/PRP really/RB do/VBP ./.,,
sw07utt/sw_0778_2248.utt,2/sw2248,2248,138,sd,A,93,5,"{C But } by the time we really get a chance to it's July, {D you know, } /","But/CC by/IN the/DT time/NN we/PRP really/RB get/VBP a/DT chance/NN to/IN it/PRP 's/BES July/NNP ,/, you/PRP know/VBP ,/,",,
sw07utt/sw_0778_2248.utt,2/sw2248,2248,139,b,B,94,1,Right. /,Right/UH ./.,,
sw07utt/sw_0778_2248.utt,2/sw2248,2248,140,sd,A,95,1,{C and } it's so hot. /,and/CC it/PRP 's/BES so/RB hot/JJ ./.,,
sw07utt/sw_0778_2248.utt,2/sw2248,2248,141,b,B,96,1,"Uh-huh,  /","Uh-huh/UH ,/,",,
sw07utt/sw_0778_2248.utt,2/sw2248,2248,142,b^r,B,96,2,uh-huh. /,uh-huh/UH ./.,,
sw07utt/sw_0778_2248.utt,2/sw2248,2248,143,sd,A,97,1,"{C And } our camper [ do-, + doesn't ]  have an air conditioner. /","And/CC our/PRP$ camper/NN do/VBZ ,/, does/VBZ n't/RB have/VB an/DT air/NN conditioner/NN ./.",,
sw07utt/sw_0778_2248.utt,2/sw2248,2248,144,b,B,98,1,"{F Oh, } yeah. /","Oh/UH ,/, yeah/UH ./.",,
sw07utt/sw_0778_2248.utt,2/sw2248,2248,145,b,A,99,1,"Yeah,  /","Yeah/UH ,/,",,
sw07utt/sw_0778_2248.utt,2/sw2248,2248,146,sd,A,99,2,it's one of those pop-ups.  /,it/PRP 's/BES one/CD of/IN those/DT pop-ups/NNS ./.,,
sw07utt/sw_0778_2248.utt,2/sw2248,2248,147,sd,A,99,3,"I'm sure you could put one in probably, /","I/PRP 'm/VBP sure/JJ you/PRP could/MD put/VB one/CD in/RB probably/RB ,/,",,
sw07utt/sw_0778_2248.utt,2/sw2248,2248,148,b,B,100,1,Uh-huh. /,Uh-huh/UH ./.,,
sw07utt/sw_0778_2248.utt,2/sw2248,2248,149,sd,A,101,1,{C but } we hadn't did that. /,but/CC we/PRP had/VBD n't/RB did/VBD that/DT ./.,,
sw07utt/sw_0778_2248.utt,2/sw2248,2248,150,b,B,102,1,"Uh-huh,  /","Uh-huh/UH ,/,",,
sw07utt/sw_0778_2248.utt,2/sw2248,2248,151,b^r,B,102,2,uh-huh.  /,uh-huh/UH ./.,,
sw07utt/sw_0778_2248.utt,2/sw2248,2248,152,%,B,102,3,"Yeah,  /","Yeah/UH ,/,",,
sw07utt/sw_0778_2248.utt,2/sw2248,2248,153,ba,B,102,4,"{D well, } that's really neat. /","well/UH ,/, that/DT 's/BES really/RB neat/JJ ./.",,
sw07utt/sw_0778_2248.utt,2/sw2248,2248,154,b,A,103,1,"Yes, /","Yes/UH ,/,",,
sw07utt/sw_0778_2248.utt,2/sw2248,2248,155,%,B,104,1,"{D Well, } -/","Well/UH ,/,",,
sw07utt/sw_0778_2248.utt,2/sw2248,2248,156,sd,A,105,1,we all enjoy camping.  /,we/PRP all/DT enjoy/VBP camping/NN ./.,,
sw07utt/sw_0778_2248.utt,2/sw2248,2248,157,sd,A,105,2,"{C And } [ they're, + {D you know, }  they're ] in {D like }  ((   )) [ and + ] scouts and stuff like that, {D you know, }","And/CC they/PRP 're/VBP ,/, you/PRP know/VBP ,/, they/PRP 're/VBP in/IN like/UH MUMBLEx/XX and/CC scouts/NNS and/CC stuff/NN like/IN that/DT ,/, you/PRP know/VBP ,/,",,
sw07utt/sw_0778_2248.utt,2/sw2248,2248,158,b,B,106,1,Uh-huh. /,Uh-huh/UH ./.,,
sw07utt/sw_0778_2248.utt,2/sw2248,2248,159,+,A,107,1,"so, they get to go camping in those organizations also. /","so/RB ,/, they/PRP get/VBP to/TO go/VB camping/NN in/IN those/DT organizations/NNS also/RB ./.",,
sw07utt/sw_0778_2248.utt,2/sw2248,2248,160,b,B,108,1,Uh-huh. /,Uh-huh/UH ./.,,
sw07utt/sw_0778_2248.utt,2/sw2248,2248,161,sd,A,109,1,"At least their Daddy goes with them,  /","At/IN least/JJS their/PRP$ Daddy/NNP goes/VBZ with/IN them/PRP ,/,",,
sw07utt/sw_0778_2248.utt,2/sw2248,2248,162,sd,A,109,2,"I don't,","I/PRP do/VBP n't/RB ,/,",,
sw07utt/sw_0778_2248.utt,2/sw2248,2248,163,b,B,110,1,Yeah. /,Yeah/UH ./.,,
sw07utt/sw_0778_2248.utt,2/sw2248,2248,164,+,A,111,1,when they do that.  /,when/WRB they/PRP do/VBP that/DT ./.,,
sw07utt/sw_0778_2248.utt,2/sw2248,2248,165,sd,A,111,2,"{C But, }","But/CC ,/,",,
sw07utt/sw_0778_2248.utt,2/sw2248,2248,166,b,B,112,1,Yeah.  /,Yeah/UH ./.,,
sw07utt/sw_0778_2248.utt,2/sw2248,2248,167,ba,B,112,2,"{F Oh, } that's neat. /","Oh/UH ,/, that/DT 's/BES neat/JJ ./.",,
sw07utt/sw_0778_2248.utt,2/sw2248,2248,168,+,A,113,1,That really is. /,That/DT really/RB is/VBZ ./.,,
sw07utt/sw_0778_2248.utt,2/sw2248,2248,169,ba,B,114,1,That's really neat. /,That/DT 's/BES really/RB neat/JJ ./.,,
sw07utt/sw_0778_2248.utt,2/sw2248,2248,170,qw,A,115,1,"{D Well, } how old is [ your boys, +","Well/UH ,/, how/WRB old/JJ is/VBZ your/PRP$ boys/NNS ,/,",,
sw07utt/sw_0778_2248.utt,2/sw2248,2248,171,sd,B,116,1,"{D Well, } [ I, +","Well/UH ,/, I/PRP ,/,",,
sw07utt/sw_0778_2248.utt,2/sw2248,2248,172,+,A,117,1,your children? ] /,your/PRP$ children/NNS ?/.,,
sw07utt/sw_0778_2248.utt,2/sw2248,2248,173,+,B,118,1,"{D well, } I ] have, {F um, } a son  that's, {F uh, } going to be eleven here pretty soon,","well/UH ,/, I/PRP have/VBP ,/, um/UH ,/, a/DT son/NN that/WDT 's/BES ,/, uh/UH ,/, going/VBG to/TO be/VB eleven/CD here/RB pretty/RB soon/RB ,/,",,
sw07utt/sw_0778_2248.utt,2/sw2248,2248,174,b,A,119,1,Uh-huh. /,Uh-huh/UH ./.,,
sw07utt/sw_0778_2248.utt,2/sw2248,2248,175,+,B,120,1,and then a daughter that's thirteen.  /,and/CC then/RB a/DT daughter/NN that/WDT 's/BES thirteen/CD ./.,,
sw07utt/sw_0778_2248.utt,2/sw2248,2248,176,sd,B,120,2,"{C So, }  [ they're, + they're ] getting old enough to where they can help out with a campfire and,","So/RB ,/, they/PRP 're/VBP ,/, they/PRP 're/VBP getting/VBG old/JJ enough/RB to/IN where/WRB they/PRP can/MD help/VB out/RP with/IN a/DT campfire/NN and/CC ,/,",,
sw07utt/sw_0778_2248.utt,2/sw2248,2248,177,ba,A,121,1,"{F Oh, } yes. /","Oh/UH ,/, yes/UH ./.",,
sw07utt/sw_0778_2248.utt,2/sw2248,2248,178,+,B,122,1,"cooking [ and, + and ] all that kind of stuff too. /","cooking/NN and/CC ,/, and/CC all/PDT that/DT kind/NN of/IN stuff/NN too/RB ./.",,
sw07utt/sw_0778_2248.utt,2/sw2248,2248,179,b,A,123,1,Yeah.  /,Yeah/UH ./.,,
sw07utt/sw_0778_2248.utt,2/sw2248,2248,180,b,A,123,2,Yes. /,Yes/UH ./.,,
sw07utt/sw_0778_2248.utt,2/sw2248,2248,181,ba,B,124,1,"{C So, } [ that's, + that's ] really neat. /","So/RB ,/, that/DT 's/BES ,/, that/DT 's/BES really/RB neat/JJ ./.",,
sw07utt/sw_0778_2248.utt,2/sw2248,2248,182,sd,A,125,1,It really is.  /,It/PRP really/RB is/VBZ ./.,,
sw07utt/sw_0778_2248.utt,2/sw2248,2248,183,sd,A,125,2,Mine's eleven and eight. /,Mine/PRP 's/BES eleven/CD and/CC eight/CD ./.,,
sw07utt/sw_0778_2248.utt,2/sw2248,2248,184,b,B,126,1,Uh-huh. /,Uh-huh/UH ./.,,
sw07utt/sw_0778_2248.utt,2/sw2248,2248,185,sd,A,127,1,"{C So, } they really enjoy it too. /","So/RB ,/, they/PRP really/RB enjoy/VBP it/PRP too/RB ./.",,
sw07utt/sw_0778_2248.utt,2/sw2248,2248,186,b,B,128,1,"Yeah,  /","Yeah/UH ,/,",,
sw07utt/sw_0778_2248.utt,2/sw2248,2248,187,b^r,B,128,2,yeah.  /,yeah/UH ./.,,
sw07utt/sw_0778_2248.utt,2/sw2248,2248,188,b^r,B,128,3,"Yeah,  /","Yeah/UH ,/,",,
sw07utt/sw_0778_2248.utt,2/sw2248,2248,189,aa,B,128,4,"[ I, + I ] agree with  you.  /","I/PRP ,/, I/PRP agree/VBP with/IN you/PRP ./.",,
sw07utt/sw_0778_2248.utt,2/sw2248,2248,190,sd,B,128,5,They like to get out there  /,They/PRP like/VBP to/TO get/VB out/IN there/RB,,
sw07utt/sw_0778_2248.utt,2/sw2248,2248,191,sd,B,128,6,"{C and, } {C but } this wasn't so fun this last time for  Nathan [ to, + to ]  get out there  /","and/CC ,/, but/CC this/DT was/VBD n't/RB so/RB fun/JJ this/DT last/JJ time/NN for/IN Nathan/NNP to/TO ,/, to/TO get/VB out/IN there/RB",,
sw07utt/sw_0778_2248.utt,2/sw2248,2248,192,sd,B,128,7,{C and } he didn't realize he was touching poison ivy  /,and/CC he/PRP did/VBD n't/RB realize/VB he/PRP was/VBD touching/VBG poison/NN ivy/NN,,
sw07utt/sw_0778_2248.utt,2/sw2248,2248,193,sd,B,128,8,{C and } it got all  into his eye  /,and/CC it/PRP got/VBD all/RB into/IN his/PRP$ eye/NN,,
sw07utt/sw_0778_2248.utt,2/sw2248,2248,194,sd,B,128,9,{C and } it was really swollen  /,and/CC it/PRP was/VBD really/RB swollen/JJ,,
sw07utt/sw_0778_2248.utt,2/sw2248,2248,195,sd,B,128,10,"{C and, } {F uh, } {C so } they had to  give him shots and everything,  /","and/CC ,/, uh/UH ,/, so/RB they/PRP had/VBD to/TO give/VB him/PRP shots/NNS and/CC everything/NN ,/,",,
sw07utt/sw_0778_2248.utt,2/sw2248,2248,196,%,B,128,11,{C so. } - /,so/RB ./.,,
sw07utt/sw_0778_2248.utt,2/sw2248,2248,197,sd,B,128,12,"<breathing>, {F oh, } {D well, } maybe next time he'll  stay away from those particular <laughter>,",",/, oh/UH ,/, well/UH ,/, maybe/RB next/JJ time/NN he/PRP 'll/MD stay/VB away/RB from/IN those/DT particular/NN ,/,",,
sw07utt/sw_0778_2248.utt,2/sw2248,2248,198,b,A,129,1,"<Laughter> Yeah,  /","Yeah/UH ,/,",,
sw07utt/sw_0778_2248.utt,2/sw2248,2248,199,b,A,129,2,yes. /,yes/UH ./.,,
sw07utt/sw_0778_2248.utt,2/sw2248,2248,200,+,B,130,1,"trees,","trees/NNS ,/,",,
sw07utt/sw_0778_2248.utt,2/sw2248,2248,201,b,A,131,1,Yes. /,Yes/UH ./.,,
sw07utt/sw_0778_2248.utt,2/sw2248,2248,202,+,B,132,1,"or [ what, + ] bushes, whatever they are <laughter>. /","or/CC what/WP ,/, bushes/NNS ,/, whatever/WDT they/PRP are/VBP ./.",,
sw07utt/sw_0778_2248.utt,2/sw2248,2248,203,b,A,133,1,Oh.  /,Oh/UH ./.,,
sw07utt/sw_0778_2248.utt,2/sw2248,2248,204,sd,A,133,2,"{C But } I have, {F uh, } brother-in-law and  a sister, {D you know, } that [ just + really just ] camp.  /","But/CC I/PRP have/VBP ,/, uh/UH ,/, brother-in-law/NN and/CC a/DT sister/NN ,/, you/PRP know/VBP ,/, that/WDT just/RB really/RB just/RB camp/VBP ./.",,
sw07utt/sw_0778_2248.utt,2/sw2248,2248,205,sd,A,133,3,"{D You know, } they love to go camping. /","You/PRP know/VBP ,/, they/PRP love/VBP to/TO go/VB camping/VBG ./.",,
sw07utt/sw_0778_2248.utt,2/sw2248,2248,206,b,B,134,1,Uh-huh. /,Uh-huh/UH ./.,,
sw07utt/sw_0778_2248.utt,2/sw2248,2248,207,sd,A,135,1,"[ They could, + they would ]  all the time they wanted, {D you know, }","They/PRP could/MD ,/, they/PRP would/MD all/PDT the/DT time/NN they/PRP wanted/VBD ,/, you/PRP know/VBP ,/,",,
sw07utt/sw_0778_2248.utt,2/sw2248,2248,208,b,B,136,1,Uh-huh. /,Uh-huh/UH ./.,,
sw07utt/sw_0778_2248.utt,2/sw2248,2248,209,+,A,137,1,wanted to because there's nothing holding them back. /,wanted/VBD to/IN because/IN there/EX 's/BES nothing/NN holding/VBG them/PRP back/RB ./.,,
sw07utt/sw_0778_2248.utt,2/sw2248,2248,210,b,B,138,1,Uh-huh. /,Uh-huh/UH ./.,,
sw07utt/sw_0778_2248.utt,2/sw2248,2248,211,sd,A,139,1,{C But } I'm just not that involved in it. /,But/CC I/PRP 'm/VBP just/RB not/RB that/RB involved/JJ in/IN it/PRP ./.,,
sw07utt/sw_0778_2248.utt,2/sw2248,2248,212,aa,B,140,1,"No,  /","No/UH ,/,",,
sw07utt/sw_0778_2248.utt,2/sw2248,2248,213,sd,B,140,2,now I like to go out {D like } several times a year. /,now/RB I/PRP like/VBP to/TO go/VB out/RP like/UH several/JJ times/NNS a/DT year/NN ./.,,
sw07utt/sw_0778_2248.utt,2/sw2248,2248,214,b,A,141,1,Yeah. /,Yeah/UH ./.,,
sw07utt/sw_0778_2248.utt,2/sw2248,2248,215,sd,B,142,1,"But not [ on a, + on the ] regular basis.  /","But/CC not/RB on/IN a/DT ,/, on/IN the/DT regular/JJ basis/NN ./.",,
sw07utt/sw_0778_2248.utt,2/sw2248,2248,216,sd,B,142,2,"I have some friends who go out every single weekend,","I/PRP have/VBP some/DT friends/NNS who/WP go/VBP out/RP every/DT single/JJ weekend/NN ,/,",,
sw07utt/sw_0778_2248.utt,2/sw2248,2248,217,b,A,143,1,Oh. /,Oh/UH ./.,,
sw07utt/sw_0778_2248.utt,2/sw2248,2248,218,+,B,144,1,"[ when, + ] {D you know, } in the season. /","when/WRB ,/, you/PRP know/VBP ,/, in/IN the/DT season/NN ./.",,
sw07utt/sw_0778_2248.utt,2/sw2248,2248,219,b,A,145,1,Uh-huh. /,Uh-huh/UH ./.,,
sw07utt/sw_0778_2248.utt,2/sw2248,2248,220,sd,B,146,1,"{F Uh, } [ {C and, } + {C and } ] I just couldn't do that,","Uh/UH ,/, and/CC ,/, and/CC I/PRP just/RB could/MD n't/RB do/VB that/DT ,/,",,
sw07utt/sw_0778_2248.utt,2/sw2248,2248,221,sd,A,147,1,"[ Me, +","Me/PRP ,/,",,
sw07utt/sw_0778_2248.utt,2/sw2248,2248,222,+,B,148,1,{D you know. } /,you/PRP know/VBP ./.,,
sw07utt/sw_0778_2248.utt,2/sw2248,2248,223,+,A,149,1,"(( I ] haven't ))  really as far as  entertainment,  /","I/PRP have/VBP n't/RB really/RB as/RB far/RB as/IN entertainment/NN ,/,",,
sw07utt/sw_0778_2248.utt,2/sw2248,2248,224,sd,A,149,2,"I don't know what you would do every <laughter>,","I/PRP do/VBP n't/RB know/VB what/WP you/PRP would/MD do/VB every/DT ,/,",,
sw07utt/sw_0778_2248.utt,2/sw2248,2248,225,b,B,150,1,"Yeah, /","Yeah/UH ,/,",,
sw07utt/sw_0778_2248.utt,2/sw2248,2248,226,+,A,151,1,{D you know. } -/,you/PRP know/VBP ./.,,
sw07utt/sw_0778_2248.utt,2/sw2248,2248,227,b,B,152,1,yeah. /,yeah/UH ./.,,
sw07utt/sw_0778_2248.utt,2/sw2248,2248,228,sd,A,153,1,"{C But } I guess, my entertainment's,","But/CC I/PRP guess/VBP ,/, my/PRP$ entertainment/NN 's/BES ,/,",,
sw07utt/sw_0778_2248.utt,2/sw2248,2248,229,^2,B,154,1,Just getting away. /,Just/RB getting/VBG away/RB ./.,,
sw07utt/sw_0778_2248.utt,2/sw2248,2248,230,+,A,155,1,"television, I guess <laughter>. /","television/NN ,/, I/PRP guess/VBP ./.",,
sw07utt/sw_0778_2248.utt,2/sw2248,2248,231,b,B,156,1,"Yeah,  /","Yeah/UH ,/,",,
sw07utt/sw_0778_2248.utt,2/sw2248,2248,232,b,B,156,2,"right,  /","right/UH ,/,",,
sw07utt/sw_0778_2248.utt,2/sw2248,2248,233,b^r,B,156,3,"right,  /","right/UH ,/,",,
sw07utt/sw_0778_2248.utt,2/sw2248,2248,234,sd,B,156,4,"[ see, + I see, ]  they just want to get away. /","see/VB ,/, I/PRP see/VBP ,/, they/PRP just/RB want/VBP to/TO get/VB away/RB ./.",,
sw07utt/sw_0778_2248.utt,2/sw2248,2248,235,b,A,157,1,Uh-huh. /,Uh-huh/UH ./.,,
sw07utt/sw_0778_2248.utt,2/sw2248,2248,236,sd,B,158,1,"{C But } every Friday night they'll go home, {D you know, }  straight from work  /","But/CC every/DT Friday/NNP night/NN they/PRP 'll/MD go/VB home/NN ,/, you/PRP know/VBP ,/, straight/RB from/IN work/NN",,
sw07utt/sw_0778_2248.utt,2/sw2248,2248,237,sd,B,158,2,{C and } they'll pack up  /,and/CC they/PRP 'll/MD pack/VB up/RP,,
sw07utt/sw_0778_2248.utt,2/sw2248,2248,238,sd,B,158,3,"[ {C and, } + {D you know, } {C and then } ]  they'll leave,  /","and/CC ,/, you/PRP know/VBP ,/, and/CC then/RB they/PRP 'll/MD leave/VB ,/,",,
sw07utt/sw_0778_2248.utt,2/sw2248,2248,239,sd,B,158,4,"{C and } I'm just going, {D you know, } - /","and/CC I/PRP 'm/VBP just/RB going/VBG ,/, you/PRP know/VBP ,/,",,
sw07utt/sw_0778_2248.utt,2/sw2248,2248,240,sd,B,158,5,"by Friday night I just want to crash, {D you know, }  /","by/IN Friday/NNP night/NN I/PRP just/RB want/VBP to/TO crash/VB ,/, you/PRP know/VBP ,/,",,
sw07utt/sw_0778_2248.utt,2/sw2248,2248,241,sd,B,158,6,"{C and } I want to go home and, {D you know, } do all that,","and/CC I/PRP want/VBP to/TO go/VB home/NN and/CC ,/, you/PRP know/VBP ,/, do/VB all/DT that/DT ,/,",,
sw07utt/sw_0778_2248.utt,2/sw2248,2248,242,sd,A,159,1,"{F Oh, } I don't either <laughter>. /","Oh/UH ,/, I/PRP do/VBP n't/RB either/RB ./.",,
sw07utt/sw_0778_2248.utt,2/sw2248,2248,243,+,B,160,1,"and then, {F uh, } get out on the road to boot,  /","and/CC then/RB ,/, uh/UH ,/, get/VB out/IN on/IN the/DT road/NN to/TO boot/VB ,/,",,
sw07utt/sw_0778_2248.utt,2/sw2248,2248,244,%,B,160,2,{C so. } -/,so/RB ./.,,
sw07utt/sw_0778_2248.utt,2/sw2248,2248,245,b,A,161,1,Uh-huh. /,Uh-huh/UH ./.,,
sw07utt/sw_0778_2248.utt,2/sw2248,2248,246,sd,B,162,1,{C But } anyway that's their life <laughter>. /,But/CC anyway/RB that/DT 's/BES their/PRP$ life/NN ./.,,
sw07utt/sw_0778_2248.utt,2/sw2248,2248,247,b,A,163,1,Yes.   /,Yes/UH ./.,,
sw07utt/sw_0778_2248.utt,2/sw2248,2248,248,sv,A,163,2,"{C But } they probably live in a city  also,  /","But/CC they/PRP probably/RB live/VBP in/IN a/DT city/NN also/RB ,/,",,
sw07utt/sw_0778_2248.utt,2/sw2248,2248,249,^g,A,163,3,don't they? /,do/VBP n't/RB they/PRP ?/.,,
sw07utt/sw_0778_2248.utt,2/sw2248,2248,250,ny,B,164,1,"Yeah,  /","Yeah/UH ,/,",,
sw07utt/sw_0778_2248.utt,2/sw2248,2248,251,ny^r,B,164,2,"yeah,  /","yeah/UH ,/,",,
sw07utt/sw_0778_2248.utt,2/sw2248,2248,252,sd^e,B,164,3,that's true. /,that/DT 's/BES true/JJ ./.,,
sw07utt/sw_0778_2248.utt,2/sw2248,2248,253,sd,A,165,1,"{D Well, } {D see, } we're in a real small county area, /","Well/UH ,/, see/VB ,/, we/PRP 're/VBP in/IN a/DT real/RB small/JJ county/NN area/NN ,/,",,
sw07utt/sw_0778_2248.utt,2/sw2248,2248,254,b,B,166,1,Uh-huh. /,Uh-huh/UH ./.,,
sw07utt/sw_0778_2248.utt,2/sw2248,2248,255,sv,A,167,1,"{C and, } {D you know, } that makes a big difference. /","and/CC ,/, you/PRP know/VBP ,/, that/DT makes/VBZ a/DT big/JJ difference/NN ./.",,
sw07utt/sw_0778_2248.utt,2/sw2248,2248,256,aa,B,168,1,Now that's true.  /,Now/RB that/DT 's/BES true/JJ ./.,,
sw07utt/sw_0778_2248.utt,2/sw2248,2248,257,aa^r,B,168,2,That's true. /,That/DT 's/BES true/JJ ./.,,
sw07utt/sw_0778_2248.utt,2/sw2248,2248,258,sd,A,169,1,"{C Because } if we want to go camping we can  just go just a few miles, {D you know } <laughter>. /","Because/IN if/IN we/PRP want/VBP to/TO go/VB camping/VBG we/PRP can/MD just/RB go/VB just/RB a/DT few/JJ miles/NNS ,/, you/PRP know/VBP ./.",,
sw07utt/sw_0778_2248.utt,2/sw2248,2248,259,aa,B,170,1,Yeah  /,Yeah/UH,,
sw07utt/sw_0778_2248.utt,2/sw2248.pos,2248,260,x,B,170,2,<laughter>.  /,./.
sw07utt/sw_0778_2248.utt,2/sw2248,2248,261,aa,B,170,3,That's true. /,That/DT 's/BES true/JJ ./.,,
sw07utt/sw_0778_2248.utt,2/sw2248,2248,262,sv,A,171,1,That makes a difference. /,That/DT makes/VBZ a/DT difference/NN ./.,,
sw07utt/sw_0778_2248.utt,2/sw2248,2248,263,fc,B,172,1,"{D Well, } it was nice talking with you. /","Well/UH ,/, it/PRP was/VBD nice/JJ talking/VBG with/IN you/PRP ./.",,
sw07utt/sw_0778_2248.utt,2/sw2248,2248,264,fc,A,173,1,"It was nice talking to you too, /","It/PRP was/VBD nice/JJ talking/VBG to/IN you/PRP too/RB ,/,",,
sw07utt/sw_0778_2248.utt,2/sw2248,2248,265,fc,B,174,1,Okay. /,Okay/UH ./.,,
sw07utt/sw_0778_2248.utt,2/sw2248,2248,266,fc,A,175,1,{C and } we'll probably be talking to you again. /,and/CC we/PRP 'll/MD probably/RB be/VB talking/VBG to/IN you/PRP again/RB ./.,,
sw07utt/sw_0778_2248.utt,2/sw2248,2248,267,fc,B,176,1,"Okay,  /","Okay/UH ,/,",,
sw07utt/sw_0778_2248.utt,2/sw2248,2248,268,fc,B,176,2,"{D well, } take care. /","well/UH ,/, take/VB care/NN ./.",,
sw07utt/sw_0778_2248.utt,2/sw2248,2248,269,fc,A,177,1,"[ Oka-, + okay, ]  /","Oka-/UH ,/, okay/UH ,/,",,
sw07utt/sw_0778_2248.utt,2/sw2248,2248,270,fc,A,177,2,bye-bye. /,bye-bye/UH ./.,,
sw07utt/sw_0778_2248.utt,2/sw2248,2248,271,fc,B,178,1,Bye-bye. /,Bye-bye/UH ./.,,
