swda_filename,ptb_basename,conversation_no,transcript_index,act_tag,caller,utterance_index,subutterance_index,text,pos,trees,ptb_treenumbers
sw07utt/sw_0731_4917.utt,4/sw4917,4917,0,sv,A,1,1,<TV> an interesting topic. /,an/DT interesting/JJ topic/NN ./.,,
sw07utt/sw_0731_4917.utt,4/sw4917,4917,1,aa,B,2,1,Yes. /,Yes/UH ./.,,
sw07utt/sw_0731_4917.utt,4/sw4917,4917,2,x,A,3,1,<Laughter>.,,,
sw07utt/sw_0731_4917.utt,4/sw4917,4917,3,sd,B,4,1,"The, {F uh, } type of cars that [ I was, + ] {F uh, }  I would be most interested in if I was going to buy another car now would probably be  something like a, {F uh, } Mazda Miata. /","The/DT ,/, uh/UH ,/, type/NN of/IN cars/NNS that/WDT I/PRP was/VBD ,/, uh/UH ,/, I/PRP would/MD be/VB most/RBS interested/JJ in/IN if/IN I/PRP was/VBD going/VBG to/TO buy/VB another/DT car/NN now/RB would/MD probably/RB be/VB something/NN like/IN a/DT ,/, uh/UH ,/, Mazda/NNP Miata/NNP ./.",,
sw07utt/sw_0731_4917.utt,4/sw4917,4917,4,b,A,5,1,Uh-huh. /,Uh-huh/UH ./.,,
sw07utt/sw_0731_4917.utt,4/sw4917,4917,5,%,B,6,1,"{F Uh, } the, {F uh, } - /","Uh/UH ,/, the/DT ,/, uh/UH ,/,",,
sw07utt/sw_0731_4917.utt,4/sw4917,4917,6,sd,B,6,2,"I'm very much [ a, + a ]  fan of sports cars. /","I/PRP 'm/VBP very/RB much/RB a/DT ,/, a/DT fan/NN of/IN sports/NNS cars/NNS ./.",,
sw07utt/sw_0731_4917.utt,4/sw4917,4917,7,ba,A,7,1,Ah.  /,Ah/UH ./.,,
sw07utt/sw_0731_4917.utt,4/sw4917,4917,8,sv,A,7,2,"# Boy, # --","Boy/UH ,/, --/:",,
sw07utt/sw_0731_4917.utt,4/sw4917,4917,9,%,B,8,1,"# The, # -/","The/DT ,/,",,
sw07utt/sw_0731_4917.utt,4/sw4917,4917,10,+,A,9,1,-- you and my husband would have a whole lot in common # <laughter>. # /,--/: you/PRP and/CC my/PRP$ husband/NN would/MD have/VB a/DT whole/JJ lot/NN in/IN common/NN ./.,,
sw07utt/sw_0731_4917.utt,4/sw4917,4917,11,%,B,10,1,"# <Laughter> # The, {F uh, } -/","The/DT ,/, uh/UH ,/,",,
sw07utt/sw_0731_4917.utt,4/sw4917,4917,12,x,A,11,1,<Child>.,,,
sw07utt/sw_0731_4917.utt,4/sw4917,4917,13,%,B,12,1,"{F uh, } {F uh, } though, {D actually, }  in som-, - /","uh/UH ,/, uh/UH ,/, though/RB ,/, actually/RB ,/, in/IN som-/XX ,/,",,
sw07utt/sw_0731_4917.utt,4/sw4917,4917,14,%,B,12,2,"{D actually } if I h-, - /","actually/RB if/IN I/PRP h/VBP ,/,",,
sw07utt/sw_0731_4917.utt,4/sw4917,4917,15,%,B,12,3,"I have av-, - /","I/PRP have/VBP av/VBN ,/,",,
sw07utt/sw_0731_4917.utt,4/sw4917,4917,16,sd,B,12,4,I've avoided buying a new car for quite some time./,I/PRP 've/VBP avoided/VBN buying/VBG a/DT new/JJ car/NN for/IN quite/PDT some/DT time/NN ./.,,
sw07utt/sw_0731_4917.utt,4/sw4917,4917,17,sd,B,12,5,"I'd rather put my money into, {F uh, }","I/PRP 'd/MD rather/RB put/VB my/PRP$ money/NN into/IN ,/, uh/UH ,/,",,
sw07utt/sw_0731_4917.utt,4/sw4917,4917,18,x,A,13,1,<Rustling>.,,,
sw07utt/sw_0731_4917.utt,4/sw4917,4917,19,+,B,14,1,restoring my old cars.  /,restoring/VBG my/PRP$ old/JJ cars/NNS ./.,,
sw07utt/sw_0731_4917.utt,4/sw4917,4917,20,sd,B,14,2,I have a old Triumph T R Six. /,I/PRP have/VBP a/DT old/JJ Triumph/NNP T/NNP R/NNP Six/CD ./.,,
sw07utt/sw_0731_4917.utt,4/sw4917,4917,21,b,A,15,1,<Children_yelling> Uh-huh. /,Uh-huh/UH ./.,,
sw07utt/sw_0731_4917.utt,4/sw4917,4917,22,%,B,16,1,"{C And, } {F uh, } {F uh, } {C so, } {F uh, } - /","And/CC ,/, uh/UH ,/, uh/UH ,/, so/RB ,/, uh/UH ,/,",,
sw07utt/sw_0731_4917.utt,4/sw4917,4917,23,sd,B,16,2,"{C but } if I was to buy one, probably something like a Miata.  /","but/CC if/IN I/PRP was/VBD to/TO buy/VB one/CD ,/, probably/RB something/NN like/IN a/DT Miata/NNP ./.",,
sw07utt/sw_0731_4917.utt,4/sw4917,4917,24,%,B,16,3,"It's certainly, - /","It/PRP 's/BES certainly/RB ,/,",,
sw07utt/sw_0731_4917.utt,4/sw4917,4917,25,%,B,16,4,"i-, - /","i-/XX ,/,",,
sw07utt/sw_0731_4917.utt,4/sw4917,4917,26,sd,B,16,5,I wouldn't have to worry about it breaking down all the time <laughter>. /,I/PRP would/MD n't/RB have/VB to/TO worry/VB about/IN it/PRP breaking/VBG down/RP all/PDT the/DT time/NN ./.,,
sw07utt/sw_0731_4917.utt,4/sw4917,4917,27,bh,A,17,1,"{F Oh, } really. /","Oh/UH ,/, really/UH ./.",,
sw07utt/sw_0731_4917.utt,4/sw4917,4917,28,ny,B,18,1,Yeah  /,Yeah/UH,,
sw07utt/sw_0731_4917.utt,4/sw4917.pos,4917,29,x,B,18,2,<laughter>.,./.,,
sw07utt/sw_0731_4917.utt,4/sw4917,4917,30,%,A,19,1,"What's the, - /","What/WP 's/BES the/DT ,/,",,
sw07utt/sw_0731_4917.utt,4/sw4917,4917,31,qw,A,19,2,how old is your car? /,how/WRB old/JJ is/VBZ your/PRP$ car/NN ?/.,,
sw07utt/sw_0731_4917.utt,4/sw4917,4917,32,sd,B,20,1,"{F Uh, } {D well } [ I have a, + I have a ] nineteen [ eighty, + {F uh, } eighty-five ] C R X. /","Uh/UH ,/, well/UH I/PRP have/VBP a/DT ,/, I/PRP have/VBP a/DT nineteen/CD eighty/CD ,/, uh/UH ,/, eighty-five/CD C/NNP R/NNP X/NNP ./.",,
sw07utt/sw_0731_4917.utt,4/sw4917,4917,33,b,A,21,1,Oh. /,Oh/UH ./.,,
sw07utt/sw_0731_4917.utt,4/sw4917,4917,34,sd,B,22,1,"{F Uh, } which is, {D you know, } # it's, - /","Uh/UH ,/, which/WDT is/VBZ ,/, you/PRP know/VBP ,/, it/PRP 's/BES ,/,",,
sw07utt/sw_0731_4917.utt,4/sw4917,4917,35,sd,B,22,2,it still works fine <laughter>. # /,it/PRP still/RB works/VBZ fine/RB ./.,,
sw07utt/sw_0731_4917.utt,4/sw4917,4917,36,b,A,23,1,# Yeah.  /,Yeah/UH ./.,,
sw07utt/sw_0731_4917.utt,4/sw4917,4917,37,b,A,23,2,Right. # /,Right/UH ./.,,
sw07utt/sw_0731_4917.utt,4/sw4917,4917,38,sd,B,24,1,"{C But } [ [ it's, + it's ] + {D actually, } # it's ]  kind of annoying cause I've got no reason to replace it <laughter>. #/","But/CC it/PRP 's/BES ,/, it/PRP 's/BES actually/RB ,/, it/PRP 's/BES kind/RB of/RB annoying/JJ cause/IN I/PRP 've/VBP got/VBN no/DT reason/NN to/TO replace/VB it/PRP ./.",,
sw07utt/sw_0731_4917.utt,4/sw4917,4917,39,b,A,25,1,# <Laughter> Oh. # /,Oh/UH ./.,,
sw07utt/sw_0731_4917.utt,4/sw4917,4917,40,%,B,26,1,"{C But, } {F uh, }","But/CC ,/, uh/UH ,/,",,
sw07utt/sw_0731_4917.utt,4/sw4917,4917,41,b,A,27,1,Yeah.  /,Yeah/UH ./.,,
sw07utt/sw_0731_4917.utt,4/sw4917,4917,42,qw,A,27,2,{D So } what do the Miatas run? /,So/RB what/WP do/VBP the/DT Miatas/NNPS run/VB ?/.,,
sw07utt/sw_0731_4917.utt,4/sw4917,4917,43,+,B,28,1,"{F Oh, } those are, - /","Oh/UH ,/, those/DT are/VBP ,/,",,
sw07utt/sw_0731_4917.utt,4/sw4917,4917,44,sd,B,28,2,"they're about, {F uh, } {F uh, }  thirteen to fourteen thousand dollars and, {D you know, } a bit more if you add some some options #   and so on  /","they/PRP 're/VBP about/RB ,/, uh/UH ,/, uh/UH ,/, thirteen/CD to/IN fourteen/CD thousand/CD dollars/NNS and/CC ,/, you/PRP know/VBP ,/, a/DT bit/NN more/JJR if/IN you/PRP add/VBP some/DT some/DT options/NNS and/CC so/RB on/RB",,
sw07utt/sw_0731_4917.utt,4/sw4917,4917,45,%,B,28,3,{C but } # --,but/CC --/:,,
sw07utt/sw_0731_4917.utt,4/sw4917,4917,46,sv,A,29,1,"# {D Well, } that's not # too bad. /","Well/UH ,/, that/DT 's/BES not/RB too/RB bad/JJ ./.",,
sw07utt/sw_0731_4917.utt,4/sw4917,4917,47,+,B,30,1,"-- the, - /","--/: the/DT ,/,",,
sw07utt/sw_0731_4917.utt,4/sw4917,4917,48,aa,B,30,2,"{F uh, } yeah,  /","uh/UH ,/, yeah/UH ,/,",,
sw07utt/sw_0731_4917.utt,4/sw4917,4917,49,sv,B,30,3,that's a pretty good price #  /,that/DT 's/BES a/DT pretty/RB good/JJ price/NN,,
sw07utt/sw_0731_4917.utt,4/sw4917,4917,50,sd,B,30,4,{C and } # --,and/CC --/:,,
sw07utt/sw_0731_4917.utt,4/sw4917,4917,51,b,A,31,1,# Yeah. # /,Yeah/UH ./.,,
sw07utt/sw_0731_4917.utt,4/sw4917,4917,52,+,B,32,1,"-- [ [ [ [ they're, + they're, ] + they're, ] + they're ]  so nice to drive. /","--/: they/PRP 're/VBP ,/, they/PRP 're/VBP ,/, they/PRP 're/VBP ,/, they/PRP 're/VBP so/RB nice/JJ to/TO drive/VB ./.",,
sw07utt/sw_0731_4917.utt,4/sw4917,4917,53,bh,A,33,1,Really?  /,Really/UH ?/.,,
sw07utt/sw_0731_4917.utt,4/sw4917,4917,54,sd,A,33,2,I've never driven one. /,I/PRP 've/VBP never/RB driven/VBN one/NN ./.,,
sw07utt/sw_0731_4917.utt,4/sw4917,4917,55,sd,B,34,1,"{F Uh, } {F uh, } [ [ it's, +  it's, ] + it's ] nice.  /","Uh/UH ,/, uh/UH ,/, it/PRP 's/BES ,/, it/PRP 's/BES ,/, it/PRP 's/BES nice/JJ ./.",,
sw07utt/sw_0731_4917.utt,4/sw4917,4917,56,%,B,34,2,"They're, - /","They/PRP 're/VBP ,/,",,
sw07utt/sw_0731_4917.utt,4/sw4917,4917,57,sd,B,34,3,I've been down to a dealer and driven them.  /,I/PRP 've/VBP been/VBN down/IN to/IN a/DT dealer/NN and/CC driven/VBN them/PRP ./.,,
sw07utt/sw_0731_4917.utt,4/sw4917,4917,58,sd,B,34,4,"{C And } I've also driven one at [ a, + ] something  Mazda put on where, {F uh, } they went to, {F uh, } autocross events  across the country.  {F Uh, } which is where [ you race in, + {F uh, } you race ] [ on, + ]   in a parking lot or something like that with a bunch of, {F uh, } cones to see who can get through the fastest. /","And/CC I/PRP 've/VBP also/RB driven/VBN one/CD at/IN a/DT ,/, something/NN Mazda/NNP put/VBD on/RP where/WRB ,/, uh/UH ,/, they/PRP went/VBD to/IN ,/, uh/UH ,/, autocross/NN events/NNS across/IN the/DT country/NN ./. Uh/UH ,/, which/WDT is/VBZ where/WRB you/PRP race/NN in/IN ,/, uh/UH ,/, you/PRP race/NN on/IN ,/, in/IN a/DT parking/NN lot/NN or/CC something/NN like/IN that/DT with/IN a/DT bunch/NN of/IN ,/, uh/UH ,/, cones/NNS to/TO see/VB who/WP can/MD get/VB through/RB the/DT fastest/JJS ./.",,
sw07utt/sw_0731_4917.utt,4/sw4917,4917,59,br,A,35,1,Huh? /,Huh/UH ?/.,,
sw07utt/sw_0731_4917.utt,4/sw4917,4917,60,sd,B,36,1,"{F Uh, } {D you know, } about a minute or so.","Uh/UH ,/, you/PRP know/VBP ,/, about/RB a/DT minute/NN or/CC so/RB ./.",,
sw07utt/sw_0731_4917.utt,4/sw4917,4917,61,b,A,37,1,Uh-huh. /,Uh-huh/UH ./.,,
sw07utt/sw_0731_4917.utt,4/sw4917,4917,62,+,B,38,1,"And, {F uh, } very twisty stuff.  /","And/CC ,/, uh/UH ,/, very/RB twisty/JJ stuff/NN ./.",,
sw07utt/sw_0731_4917.utt,4/sw4917,4917,63,sd,B,38,2,"{C And } {F oh, } it handles so nicely. /","And/CC oh/UH ,/, it/PRP handles/VBZ so/RB nicely/RB ./.",,
sw07utt/sw_0731_4917.utt,4/sw4917,4917,64,qy^d,A,39,1,{C And so } you've done this? /,And/CC so/RB you/PRP 've/VBP done/VBN this/DT ?/.,,
sw07utt/sw_0731_4917.utt,4/sw4917,4917,65,ny,B,40,1,Yeah. /,Yeah/UH ./.,,
sw07utt/sw_0731_4917.utt,4/sw4917,4917,66,b,A,41,1,Oh.  /,Oh/UH ./.,,
sw07utt/sw_0731_4917.utt,4/sw4917,4917,67,bk,A,41,2,Okay. /,Okay/UH ./.,,
sw07utt/sw_0731_4917.utt,4/sw4917,4917,68,b,B,42,1,Yeah. /,Yeah/UH ./.,,
sw07utt/sw_0731_4917.utt,4/sw4917,4917,69,b,A,43,1,# Oh <pounding>. # /,Oh/UH ./.,,
sw07utt/sw_0731_4917.utt,4/sw4917,4917,70,%,B,44,1,"# It # was just, - /","It/PRP was/VBD just/RB ,/,",,
sw07utt/sw_0731_4917.utt,4/sw4917,4917,71,sd,B,44,2,"[ it, + ]  it's just so smooth #  /","it/PRP ,/, it/PRP 's/BES just/RB so/RB smooth/JJ",,
sw07utt/sw_0731_4917.utt,4/sw4917,4917,72,%,B,44,3,{C and. } # -/,and/CC ./.,,
sw07utt/sw_0731_4917.utt,4/sw4917,4917,73,bh,A,45,1,# Really?  /,Really/UH ?/.,,
sw07utt/sw_0731_4917.utt,4/sw4917,4917,74,%,A,45,2,Yeah  /,Yeah/UH,,
sw07utt/sw_0731_4917.utt,4/sw4917.pos,4917,75,x,A,45,3,<<very faint>>. #,./.,,
sw07utt/sw_0731_4917.utt,4/sw4917,4917,76,aa,B,46,1,Yeah.  /,Yeah/UH ./.,,
sw07utt/sw_0731_4917.utt,4/sw4917,4917,77,sv,B,46,2,Nice car.  /,Nice/JJ car/NN ./.,,
sw07utt/sw_0731_4917.utt,4/sw4917,4917,78,qw,B,46,3,What are you interested in? /,What/WP are/VBP you/PRP interested/VBN in/RP ?/.,,
sw07utt/sw_0731_4917.utt,4/sw4917,4917,79,sd,A,47,1,</Children_yelling> <Laughter> Whatever my husband buys # <laughter>. # /,Whatever/WDT my/PRP$ husband/NN buys/VBZ ./.,,
sw07utt/sw_0731_4917.utt,4/sw4917,4917,80,b,B,48,1,# <Laughter> Yeah.  /,Yeah/UH ./.,,
sw07utt/sw_0731_4917.utt,4/sw4917,4917,81,qy^d,B,48,2,"[ You + # you ]  don't get involved in, # {F uh, } car decisions? # /","You/PRP you/PRP do/VBP n't/RB get/VB involved/JJ in/IN ,/, uh/UH ,/, car/NN decisions/NNS ?/.",,
sw07utt/sw_0731_4917.utt,4/sw4917,4917,82,ng,A,49,1,"# {F Oh, } not too much. #  /","Oh/UH ,/, not/RB too/RB much/JJ ./.",,
sw07utt/sw_0731_4917.utt,4/sw4917,4917,83,nn,A,49,2,No.  /,No/UH ./.,,
sw07utt/sw_0731_4917.utt,4/sw4917,4917,84,sd^e,A,49,3,"[ We, + {F uh, } <lipsmack> <sigh> we ] just got rid of a <sigh> full conversion van [ [ that, + that ] + [ I, I, i-, + ] that ] wasn't me.  /","We/PRP ,/, uh/UH ,/, we/PRP just/RB got/VBD rid/VBN of/IN a/DT full/JJ conversion/NN van/NN that/WDT ,/, that/WDT I/PRP ,/, I/PRP ,/, i-/XX ,/, that/WDT was/VBD n't/RB me/PRP ./.",,
sw07utt/sw_0731_4917.utt,4/sw4917,4917,85,sd,A,49,4,That was my husband. /,That/DT was/VBD my/PRP$ husband/NN ./.,,
sw07utt/sw_0731_4917.utt,4/sw4917,4917,86,x,B,50,1,<Laughter>.,,,
sw07utt/sw_0731_4917.utt,4/sw4917,4917,87,sd,A,51,1,He wanted a van  /,He/PRP wanted/VBD a/DT van/NN,,
sw07utt/sw_0731_4917.utt,4/sw4917,4917,88,sd,A,51,2,"{C and } he wanted to drive that van and travel and wanted everything in there.  T V, {D you know, } the whole bit. /","and/CC he/PRP wanted/VBD to/TO drive/VB that/DT van/NN and/CC travel/VB and/CC wanted/VBD everything/NN in/IN there/RB ./. T/NN V/NN ,/, you/PRP know/VBP ,/, the/DT whole/JJ bit/NN ./.",,
sw07utt/sw_0731_4917.utt,4/sw4917,4917,89,x,B,52,1,<Laughter>.,,,
sw07utt/sw_0731_4917.utt,4/sw4917,4917,90,sd,A,53,1,{C But } I never drove it  /,But/CC I/PRP never/RB drove/VBD it/PRP,,
sw07utt/sw_0731_4917.utt,4/sw4917,4917,91,sd^r,A,53,2,"{C so } it just, [ it + ]  wasn't me, {D you know. } /","so/RB it/PRP just/RB ,/, it/PRP was/VBD n't/RB me/PRP ,/, you/PRP know/VBP ./.",,
sw07utt/sw_0731_4917.utt,4/sw4917,4917,92,b,B,54,1,Yeah.  /,Yeah/UH ./.,,
sw07utt/sw_0731_4917.utt,4/sw4917,4917,93,ba,B,54,2,I can understand.  /,I/PRP can/MD understand/VB ./.,,
sw07utt/sw_0731_4917.utt,4/sw4917,4917,94,o@,B,54,3,# {D Well } would # --    *[[slash error should be qw]],Well/UH would/MD --/:,,
sw07utt/sw_0731_4917.utt,4/sw4917,4917,95,sd,A,55,1,"# {C And then, } #","And/CC then/RB ,/,",,
sw07utt/sw_0731_4917.utt,4/sw4917,4917,96,+@,B,56,1,#NAME?,"--/: you/PRP want/VBP ,/, if/IN you/PRP had/VBD to/TO decide/VB ,/, what/WP would/MD you/PRP want/VB ?/.",,
sw07utt/sw_0731_4917.utt,4/sw4917,4917,97,+,A,57,1,"{F Oh, } I'd want a minivan # <laughter>. # /","Oh/UH ,/, I/PRP 'd/MD want/VB a/DT minivan/NN ./.",,
sw07utt/sw_0731_4917.utt,4/sw4917,4917,98,o@,B,58,1,"# Okay,  / *[[slash error should be bk]]","Okay/UH ,/,",,
sw07utt/sw_0731_4917.utt,4/sw4917,4917,99,b,B,58,2,yeah.  /,yeah/UH ./.,,
sw07utt/sw_0731_4917.utt,4/sw4917,4917,100,sv,B,58,3,#  # They're nice. # /,They/PRP 're/VBP nice/JJ ./.,,
sw07utt/sw_0731_4917.utt,4/sw4917,4917,101,sd,A,59,1,# {C Because } I'm # with the kids all the time. /,Because/IN I/PRP 'm/VBP with/IN the/DT kids/NNS all/PDT the/DT time/NN ./.,,
sw07utt/sw_0731_4917.utt,4/sw4917,4917,102,aa,B,60,1,"{F Oh, } yeah.  /","Oh/UH ,/, yeah/UH ./.",,
sw07utt/sw_0731_4917.utt,4/sw4917,4917,103,sv,B,60,2,# That's # --,That/DT 's/BES --/:,,
sw07utt/sw_0731_4917.utt,4/sw4917,4917,104,b,A,61,1,# Yeah. # /,Yeah/UH ./.,,
sw07utt/sw_0731_4917.utt,4/sw4917,4917,105,+,B,62,1,-- perfect for that. /,--/: perfect/JJ for/IN that/DT ./.,,
sw07utt/sw_0731_4917.utt,4/sw4917,4917,106,b,A,63,1,# Yeah.  /,Yeah/UH ./.,,
sw07utt/sw_0731_4917.utt,4/sw4917,4917,107,%,A,63,2,"{C And, } # -/","And/CC ,/,",,
sw07utt/sw_0731_4917.utt,4/sw4917,4917,108,%,B,64,1,"# It's not, - /","It/PRP 's/BES not/RB ,/,",,
sw07utt/sw_0731_4917.utt,4/sw4917,4917,109,sv,B,64,2,"# [ it, + it's ]  small enough that it's easy to drive. /","it/PRP ,/, it/PRP 's/BES small/JJ enough/RB that/IN it/PRP 's/BES easy/JJ to/TO drive/VB ./.",,
sw07utt/sw_0731_4917.utt,4/sw4917,4917,110,aa,A,65,1,Yeah.  /,Yeah/UH ./.,,
sw07utt/sw_0731_4917.utt,4/sw4917,4917,111,sd,A,65,2,# [ You pick up + # --,You/PRP pick/VBP up/RP --/:,,
sw07utt/sw_0731_4917.utt,4/sw4917,4917,112,sv,B,66,1,# Holds a lot. # /,Holds/VBZ a/DT lot/NN ./.,,
sw07utt/sw_0731_4917.utt,4/sw4917,4917,113,+,A,67,1,-- I pick up ] my little one from  preschool  /,--/: I/PRP pick/VBP up/RP my/PRP$ little/JJ one/NN from/IN preschool/NN,,
sw07utt/sw_0731_4917.utt,4/sw4917,4917,114,sd,A,67,2,{C and } the whole parking lot's full of minivans./,and/CC the/DT whole/JJ parking/NN lot/NN 's/BES full/JJ of/IN minivans/NNS ./.,,
sw07utt/sw_0731_4917.utt,4/sw4917,4917,115,b,B,68,1,Yeah. /,Yeah/UH ./.,,
sw07utt/sw_0731_4917.utt,4/sw4917,4917,116,sd,A,69,1,"{C But, } {D you know, } [ I, + I ] drive a little Subaru. /","But/CC ,/, you/PRP know/VBP ,/, I/PRP ,/, I/PRP drive/VBP a/DT little/JJ Subaru/NNP ./.",,
sw07utt/sw_0731_4917.utt,4/sw4917,4917,117,b,B,70,1,Yeah. /,Yeah/UH ./.,,
sw07utt/sw_0731_4917.utt,4/sw4917,4917,118,sd,A,71,1,"<Swallowing> {C And, } {F uh, } [ we, + ]  I love that.  /","And/CC ,/, uh/UH ,/, we/PRP ,/, I/PRP love/VBP that/DT ./.",,
sw07utt/sw_0731_4917.utt,4/sw4917,4917,119,%,A,71,2,"I, - /","I/PRP ,/,",,
sw07utt/sw_0731_4917.utt,4/sw4917,4917,120,sd,A,71,3,we were going to trade that in for the van  /,we/PRP were/VBD going/VBG to/TO trade/VB that/DT in/RP for/IN the/DT van/NN,,
sw07utt/sw_0731_4917.utt,4/sw4917,4917,121,sd,A,71,4,{C but } I just wanted to hold on to it  cause I just really enjoy that. /,but/CC I/PRP just/RB wanted/VBD to/TO hold/VB on/RP to/IN it/PRP cause/IN I/PRP just/RB really/RB enjoy/VBP that/DT ./.,,
sw07utt/sw_0731_4917.utt,4/sw4917,4917,122,b,B,72,1,Right. /,Right/UH ./.,,
sw07utt/sw_0731_4917.utt,4/sw4917,4917,123,sd,A,73,1,"{C And, } {F uh, } that's really all I needed was for something just to go here and there # and back. # /","And/CC ,/, uh/UH ,/, that/DT 's/BES really/RB all/DT I/PRP needed/VBD was/VBD for/IN something/NN just/RB to/TO go/VB here/RB and/CC there/RB and/CC back/RB ./.",,
sw07utt/sw_0731_4917.utt,4/sw4917,4917,124,b,B,74,1,# Yeah.  /,Yeah/UH ./.,,
sw07utt/sw_0731_4917.utt,4/sw4917,4917,125,sv,B,74,2,#  Minivans are nice.  /,Minivans/NNS are/VBP nice/JJ ./.,,
sw07utt/sw_0731_4917.utt,4/sw4917,4917,126,sd,B,74,3,I have a friend who has a minivan. /,I/PRP have/VBP a/DT friend/NN who/WP has/VBZ a/DT minivan/NN ./.,,
sw07utt/sw_0731_4917.utt,4/sw4917,4917,127,b,A,75,1,Uh-huh. /,Uh-huh/UH ./.,,
sw07utt/sw_0731_4917.utt,4/sw4917,4917,128,sd,B,76,1,"{C And, } {F uh, } I've driven it a few times  /","And/CC ,/, uh/UH ,/, I/PRP 've/VBP driven/VBN it/PRP a/DT few/JJ times/NNS",,
sw07utt/sw_0731_4917.utt,4/sw4917,4917,129,sd,B,76,2,"{C and, } {F uh, } [ i-, + ]  it's nice,  /","and/CC ,/, uh/UH ,/, i-/PRP ,/, it/PRP 's/BES nice/JJ ,/,",,
sw07utt/sw_0731_4917.utt,4/sw4917,4917,130,sd^r,B,76,3,it's nice.  /,it/PRP 's/BES nice/JJ ./.,,
sw07utt/sw_0731_4917.utt,4/sw4917,4917,131,sd,B,76,4,"Of course, {D you know, } [ my fam-, + my family ] has always had cars like that.  {F Uh, } in that, {D you know, } my father's [ [ had a, + had a, ] + always  had a ] V W bus every since, {F uh } --","Of/IN course/NN ,/, you/PRP know/VBP ,/, my/PRP$ fam-/NN ,/, my/PRP$ family/NN has/VBZ always/RB had/VBN cars/NNS like/IN that/DT ./. Uh/UH ,/, in/IN that/DT ,/, you/PRP know/VBP ,/, my/PRP$ father/NN 's/HVS had/VBN a/DT ,/, had/VBD a/DT ,/, always/RB had/VBD a/DT V/NNP W/NNP bus/NN every/DT since/IN ,/, uh/UH --/:",,
sw07utt/sw_0731_4917.utt,4/sw4917,4917,132,b,A,77,1,"{F Oh, } really <laughter>. /","Oh/UH ,/, really/UH ./.",,
sw07utt/sw_0731_4917.utt,4/sw4917,4917,133,+,B,78,1,"-- [ nine, + ] about nineteen sixty or so. /","--/: nine/CD ,/, about/RB nineteen/CD sixty/CD or/CC so/RB ./.",,
sw07utt/sw_0731_4917.utt,4/sw4917,4917,134,b,A,79,1,"{F Oh, } really. /","Oh/UH ,/, really/UH ./.",,
sw07utt/sw_0731_4917.utt,4/sw4917,4917,135,%,B,80,1,"{F Uh, } # {F uh, } # -/","Uh/UH ,/, uh/UH ,/,",,
sw07utt/sw_0731_4917.utt,4/sw4917,4917,136,x,A,81,1,# <Laughter> <children_talking>. #,,,
sw07utt/sw_0731_4917.utt,4/sw4917,4917,137,%,B,82,1,"they,  {D well, } - /","they/PRP ,/, well/UH ,/,",,
sw07utt/sw_0731_4917.utt,4/sw4917,4917,138,sd,B,82,2,"[ he, + he ]  used it, <throat_clearing>  /","he/PRP ,/, he/PRP used/VBD it/PRP ,/,",,
sw07utt/sw_0731_4917.utt,4/sw4917,4917,139,sd,B,82,3,"he often has to transport <<mispronounced>> plants or, {F uh, } # things # --","he/PRP often/RB has/VBZ to/TO transport/VB plants/NNS or/CC ,/, uh/UH ,/, things/NNS --/:",,
sw07utt/sw_0731_4917.utt,4/sw4917,4917,140,b,A,83,1,# Yeah. # /,Yeah/UH ./.,,
sw07utt/sw_0731_4917.utt,4/sw4917,4917,141,+,B,84,1,"-- like that cause [ he's, + he ]  goes to orchid shows [ and, + and, ] {D you know, } fills the car with plants.  And so on  /","--/: like/IN that/DT cause/IN he/PRP 's/BES ,/, he/PRP goes/VBZ to/TO orchid/NN shows/NNS and/CC ,/, and/CC ,/, you/PRP know/VBP ,/, fills/VBZ the/DT car/NN with/IN plants/NNS ./. And/CC so/RB on/RB",,
sw07utt/sw_0731_4917.utt,4/sw4917,4917,142,%,B,84,2,{C or }  ((   )) . -/,or/CC MUMBLEx/XX ./.,,
sw07utt/sw_0731_4917.utt,4/sw4917,4917,143,b,A,85,1,Yeah.  /,Yeah/UH ./.,,
sw07utt/sw_0731_4917.utt,4/sw4917,4917,144,sv,A,85,2,It's amazing what a minivan can do.  /,It/PRP 's/BES amazing/JJ what/WP a/DT minivan/NN can/MD do/VB ./.,,
sw07utt/sw_0731_4917.utt,4/sw4917,4917,145,sd,A,85,3,We went camping this past weekend with some friends that had a minivan.,We/PRP went/VBD camping/VBG this/DT past/JJ weekend/NN with/IN some/DT friends/NNS that/WDT had/VBD a/DT minivan/NN ./.,,
sw07utt/sw_0731_4917.utt,4/sw4917,4917,146,b,B,86,1,Uh-huh. /,Uh-huh/UH ./.,,
sw07utt/sw_0731_4917.utt,4/sw4917,4917,147,+,A,87,1,"And pulled [ the, + {F uh, } the ] little trailer behind. /","And/CC pulled/VBD the/DT ,/, uh/UH ,/, the/DT little/JJ trailer/NN behind/RB ./.",,
sw07utt/sw_0731_4917.utt,4/sw4917,4917,148,b,B,88,1,Uh-huh. /,Uh-huh/UH ./.,,
sw07utt/sw_0731_4917.utt,4/sw4917,4917,149,qy,A,89,1,The pop-up trailer? /,The/DT pop-up/JJ trailer/NN ?/.,,
sw07utt/sw_0731_4917.utt,4/sw4917,4917,150,ny,B,90,1,Uh-huh. /,Uh-huh/UH ./.,,
sw07utt/sw_0731_4917.utt,4/sw4917,4917,151,%,A,91,1,"{C And, } {F uh, }  it's, - /","And/CC ,/, uh/UH ,/, it/PRP 's/BES ,/,",,
sw07utt/sw_0731_4917.utt,4/sw4917,4917,152,sv^r,A,91,2,"{C so } it's really amazing  how much a minivan [ c-,  {D you know, } what it + ] can  do. /","so/RB it/PRP 's/BES really/RB amazing/JJ how/WRB much/JJ a/DT minivan/NN c/MD ,/, you/PRP know/VBP ,/, what/WP it/PRP can/MD do/VB ./.",,
sw07utt/sw_0731_4917.utt,4/sw4917,4917,153,aa,B,92,1,Yeah.  /,Yeah/UH ./.,,
sw07utt/sw_0731_4917.utt,4/sw4917,4917,154,sv,B,92,2,{C And } they're not that expensive. /,And/CC they/PRP 're/VBP not/RB that/RB expensive/JJ ./.,,
sw07utt/sw_0731_4917.utt,4/sw4917,4917,155,aa,A,93,1,"No,  /","No/UH ,/,",,
sw07utt/sw_0731_4917.utt,4/sw4917,4917,156,sv,A,93,2,they're not. /,they/PRP 're/VBP not/RB ./.,,
sw07utt/sw_0731_4917.utt,4/sw4917,4917,157,b,B,94,1,Yeah. /,Yeah/UH ./.,,
sw07utt/sw_0731_4917.utt,4/sw4917,4917,158,%,A,95,1,They're probably # <laughter>  ((   )) . # -/,They/PRP 're/VBP probably/RB MUMBLEx/XX ./.,,
sw07utt/sw_0731_4917.utt,4/sw4917,4917,159,sv,B,96,1,"# Mainly because everyone # makes them, {D you know } <laughter>. /","Mainly/RB because/IN everyone/NN makes/VBZ them/PRP ,/, you/PRP know/VBP ./.",,
sw07utt/sw_0731_4917.utt,4/sw4917,4917,160,b,A,97,1,Yeah. /,Yeah/UH ./.,,
sw07utt/sw_0731_4917.utt,4/sw4917,4917,161,sv,B,98,1,You can take your choice of how expensive  you <laughter> want it to be. /,You/PRP can/MD take/VB your/PRP$ choice/NN of/IN how/WRB expensive/JJ you/PRP want/VBP it/PRP to/TO be/VB ./.,,
sw07utt/sw_0731_4917.utt,4/sw4917,4917,162,aa,A,99,1,Yeah.  /,Yeah/UH ./.,,
sw07utt/sw_0731_4917.utt,4/sw4917,4917,163,sd,A,99,2,"{C And } [ we, + we ]  do a lot of, {F uh, } driving.  /","And/CC we/PRP ,/, we/PRP do/VBP a/DT lot/NN of/IN ,/, uh/UH ,/, driving/NN ./.",,
sw07utt/sw_0731_4917.utt,4/sw4917,4917,164,sd,A,99,3,We do a lot of traveling.,We/PRP do/VBP a/DT lot/NN of/IN traveling/NN ./.,,
sw07utt/sw_0731_4917.utt,4/sw4917,4917,165,b,B,100,1,Uh-huh  /,Uh-huh/UH,,
sw07utt/sw_0731_4917.utt,4/sw4917.pos,4917,166,x,B,100,2,<<very faint>>.,./.,,
sw07utt/sw_0731_4917.utt,4/sw4917,4917,167,+,A,101,1,By car.  /,By/IN car/NN ./.,,
sw07utt/sw_0731_4917.utt,4/sw4917,4917,168,sd,A,101,2,"{C And so } that's the only time  [ that the, + that the, ] {F uh, } conversion van came in handy.  /","And/CC so/RB that/DT 's/BES the/DT only/JJ time/NN that/WDT the/DT ,/, that/WDT the/DT ,/, uh/UH ,/, conversion/NN van/NNP came/VBD in/RP handy/JJ ./.",,
sw07utt/sw_0731_4917.utt,4/sw4917,4917,169,sd,A,101,3,"{C But } it really didn't cause  [ our, + our ] kids are still little. /","But/CC it/PRP really/RB did/VBD n't/RB cause/VB our/PRP$ ,/, our/PRP$ kids/NNS are/VBP still/RB little/JJ ./.",,
sw07utt/sw_0731_4917.utt,4/sw4917,4917,170,b,B,102,1,Uh-huh. /,Uh-huh/UH ./.,,
sw07utt/sw_0731_4917.utt,4/sw4917,4917,171,sd,A,103,1,"{C So, } {F uh, } <lipsmack> that was the only time we really needed it.  /","So/RB ,/, uh/UH ,/, that/DT was/VBD the/DT only/JJ time/NN we/PRP really/RB needed/VBD it/PRP ./.",,
sw07utt/sw_0731_4917.utt,4/sw4917,4917,172,sd,A,103,2,"Other than that, it got terrible mileage  /","Other/JJ than/IN that/DT ,/, it/PRP got/VBD terrible/JJ mileage/NN",,
sw07utt/sw_0731_4917.utt,4/sw4917,4917,173,%,A,103,3,{C and. } -/,and/CC ./.,,
sw07utt/sw_0731_4917.utt,4/sw4917,4917,174,b,B,104,1,Yeah  /,Yeah/UH,,
sw07utt/sw_0731_4917.utt,4/sw4917,4917,175,b^r,B,104,2,<noise>  Yeah.  /,Yeah/UH ./.,,
sw07utt/sw_0731_4917.utt,4/sw4917,4917,176,sv,B,104,3,"Minivans [  d-, +  do ]  pretty well.","Minivans/NNS d/VBP ,/, do/VBP pretty/RB well/RB ./.",,
sw07utt/sw_0731_4917.utt,4/sw4917,4917,177,b,A,105,1,Yeah. /,Yeah/UH ./.,,
sw07utt/sw_0731_4917.utt,4/sw4917,4917,178,+,B,106,1,"{D You know, } [ twenty, + twenty, ] twenty-five miles per gallon or more. /","You/PRP know/VBP ,/, twenty/CD ,/, twenty/CD ,/, twenty-five/CD miles/NNS per/IN gallon/NN or/CC more/JJR ./.",,
sw07utt/sw_0731_4917.utt,4/sw4917,4917,179,b,A,107,1,Yeah. /,Yeah/UH ./.,,
sw07utt/sw_0731_4917.utt,4/sw4917,4917,180,sd,B,108,1,Some of them probably even do thirty. /,Some/DT of/IN them/PRP probably/RB even/RB do/VBP thirty/CD ./.,,
sw07utt/sw_0731_4917.utt,4/sw4917,4917,181,b,A,109,1,Yeah. /,Yeah/UH ./.,,
sw07utt/sw_0731_4917.utt,4/sw4917,4917,182,%,B,110,1,"The, {F uh, } - /","The/DT ,/, uh/UH ,/,",,
sw07utt/sw_0731_4917.utt,4/sw4917,4917,183,%,B,110,2,yeah.  /,yeah/UH ./.,,
sw07utt/sw_0731_4917.utt,4/sw4917,4917,184,sd,B,110,3,"[ There, + there's ]  some other cars I'd like  /","There/EX ,/, there/EX 's/BES some/DT other/JJ cars/NNS I/PRP 'd/MD like/VB",,
sw07utt/sw_0731_4917.utt,4/sw4917,4917,185,sd,B,110,4,"{C but } [ I, + [ u-, u-, + ]  I ] would never be willing to send quite that much  money for, {F uh, } {D like, } {F uh, } {F uh, } - /","but/CC I/PRP ,/, u-/XX ,/, u-/XX ,/, I/PRP would/MD never/RB be/VB willing/JJ to/TO send/VB quite/RB that/RB much/JJ money/NN for/IN ,/, uh/UH ,/, like/IN ,/, uh/UH ,/, uh/UH ,/,",,
sw07utt/sw_0731_4917.utt,4/sw4917,4917,186,sd,B,110,5,I'll drool over them. /,I/PRP 'll/MD drool/VB over/IN them/PRP ./.,,
sw07utt/sw_0731_4917.utt,4/sw4917,4917,187,x,A,111,1,</Children_talking> </TV>.,,,
