swda_filename,ptb_basename,conversation_no,transcript_index,act_tag,caller,utterance_index,subutterance_index,text,pos,trees,ptb_treenumbers
sw07utt/sw_0710_2996.utt,2/sw2996,2996,0,sd,B,1,1,<Noise> <<rattling in background>> {D Well } I always think  I'm paying too much taxes.  /,Well/UH I/PRP always/RB think/VBP I/PRP 'm/VBP paying/VBG too/RB much/JJ taxes/NNS ./.,,
sw07utt/sw_0710_2996.utt,2/sw2996,2996,1,qo,B,1,2,How about you? /,How/WRB about/IN you/PRP ?/.,,
sw07utt/sw_0710_2996.utt,2/sw2996,2996,2,ny,A,2,1,"Yeah,  /","Yeah/UH ,/,",,
sw07utt/sw_0710_2996.utt,2/sw2996,2996,3,na,A,2,2,{F oh } definitely <laughter>.  /,oh/UH definitely/UH ./.,,
sw07utt/sw_0710_2996.utt,2/sw2996,2996,4,%,A,2,3,"(( Seems ))  like, -/","Seems/VBZ like/IN ,/,",,
sw07utt/sw_0710_2996.utt,2/sw2996,2996,5,sd,B,3,1,<Laughter> Although at least Texas doesn't have a state income tax yet.  /,Although/IN at/IN least/JJS Texas/NNP does/VBZ n't/RB have/VB a/DT state/NN income/NN tax/NN yet/RB ./.,,
sw07utt/sw_0710_2996.utt,2/sw2996,2996,6,sd,B,3,2,"{E I mean, } {D you know, } they keep threatening us that  maybe there will be a day that they're going to, {F uh, } <sniffing> enact this  I think, {F uh, } <sniffing> the, {F um, } other means of providing  (( income ))  for the state have  been dwindling  /","I/PRP mean/VBP ,/, you/PRP know/VBP ,/, they/PRP keep/VBP threatening/VBG us/PRP that/IN maybe/RB there/EX will/MD be/VB a/DT day/NN that/IN they/PRP 're/VBP going/VBG to/TO ,/, uh/UH ,/, enact/VB this/DT I/PRP think/VBP ,/, uh/UH ,/, the/DT ,/, um/UH ,/, other/JJ means/NNS of/IN providing/VBG income/NN for/IN the/DT state/NN have/VBP been/VBN dwindling/VBG",,
sw07utt/sw_0710_2996.utt,2/sw2996,2996,7,sd,B,3,3,"{C so } they keep trying to say we may need a, {F uh, } state  income tax <sniffing>. /","so/RB they/PRP keep/VBP trying/VBG to/TO say/VB we/PRP may/MD need/VB a/DT ,/, uh/UH ,/, state/NN income/NN tax/NN ./.",,
sw07utt/sw_0710_2996.utt,2/sw2996,2996,8,aa,A,4,1,"Yeah,  /","Yeah/UH ,/,",,
sw07utt/sw_0710_2996.utt,2/sw2996,2996,9,sd,A,4,2,"I think that, {F uh, } we probably will  [ have to have, + have to, {F uh, } have ] a state income tax because, {F uh, } Texans don't approve of such things as lotteries, {F uh, } {D well } [ I, + I, ] come here from  New York  /","I/PRP think/VBP that/IN ,/, uh/UH ,/, we/PRP probably/RB will/MD have/VB to/TO have/VB ,/, have/VB to/TO ,/, uh/UH ,/, have/VBP a/DT state/NN income/NN tax/NN because/IN ,/, uh/UH ,/, Texans/NNPS do/VBP n't/RB approve/VB of/IN such/JJ things/NNS as/IN lotteries/NNS ,/, uh/UH ,/, well/UH I/PRP ,/, I/PRP ,/, come/VBP here/RB from/IN New/NNP York/NNP",,
sw07utt/sw_0710_2996.utt,2/sw2996,2996,10,sd,A,4,3,"{C and } New York had a state lottery, /","and/CC New/NNP York/NNP had/VBD a/DT state/NN lottery/NN ,/,",,
sw07utt/sw_0710_2996.utt,2/sw2996,2996,11,b,B,5,1,Uh-huh. /,Uh-huh/UH ./.,,
sw07utt/sw_0710_2996.utt,2/sw2996,2996,12,sd,A,6,1,"{C and } it really raised a lot of money  [ for the, +  for the ] state. /","and/CC it/PRP really/RB raised/VBD a/DT lot/NN of/IN money/NN for/IN the/DT ,/, for/IN the/DT state/NN ./.",,
sw07utt/sw_0710_2996.utt,2/sw2996,2996,13,x,B,7,1,<Sniffing>.,,,
sw07utt/sw_0710_2996.utt,2/sw2996,2996,14,%,A,8,1,"{F Uh, } although we, - /","Uh/UH ,/, although/IN we/PRP ,/,",,
sw07utt/sw_0710_2996.utt,2/sw2996,2996,15,sd,A,8,2,"in New York we had to pay  a state and a city, {F uh, } tax.  /","in/IN New/NNP York/NNP we/PRP had/VBD to/TO pay/VB a/DT state/NN and/CC a/DT city/NN ,/, uh/UH ,/, tax/NN ./.",,
sw07utt/sw_0710_2996.utt,2/sw2996,2996,16,sd,A,8,3,"{C And } it was really a great relief when I got to Texas  that I didn't have to pay that city income tax, though. /","And/CC it/PRP was/VBD really/RB a/DT great/JJ relief/NN when/WRB I/PRP got/VBD to/IN Texas/NNP that/WDT I/PRP did/VBD n't/RB have/VB to/TO pay/VB that/DT city/NN income/NN tax/NN ,/, though/RB ./.",,
sw07utt/sw_0710_2996.utt,2/sw2996,2996,17,b,B,9,1,"Yeah,  /","Yeah/UH ,/,",,
sw07utt/sw_0710_2996.utt,2/sw2996,2996,18,sv,B,9,2,"makes quite a bit of difference in [ your, + {F uh, } {D well } your ] income level. /","makes/VBZ quite/RB a/DT bit/NN of/IN difference/NN in/IN your/PRP$ ,/, uh/UH ,/, well/UH your/PRP$ income/NN level/NN ./.",,
sw07utt/sw_0710_2996.utt,2/sw2996,2996,19,b,A,10,1,Right. /,Right/UH ./.,,
sw07utt/sw_0710_2996.utt,2/sw2996,2996,20,sd,B,11,1,"{D You know, } {C because } other states quite a bi-,  a chunk out for, {F uh, } city  and  state taxes  /","You/PRP know/VBP ,/, because/IN other/JJ states/NNS quite/RB a/DT bi-/NN ,/, a/DT chunk/NN out/IN for/IN ,/, uh/UH ,/, city/NN and/CC state/NN taxes/NNS",,
sw07utt/sw_0710_2996.utt,2/sw2996,2996,21,sv,B,11,2,"{C so } you're, {F uh, } looking at your yearly salary, it makes quite a difference. /","so/RB you/PRP 're/VBP ,/, uh/UH ,/, looking/VBG at/IN your/PRP$ yearly/JJ salary/NN ,/, it/PRP makes/VBZ quite/RB a/DT difference/NN ./.",,
sw07utt/sw_0710_2996.utt,2/sw2996,2996,22,aa^m,A,12,1,"It sure does [ ma-, + ] make a difference. /","It/PRP sure/JJ does/VBZ ma/VB ,/, make/VB a/DT difference/NN ./.",,
sw07utt/sw_0710_2996.utt,2/sw2996,2996,23,sd,B,13,1,A little more take home here <sniffing>. /,A/DT little/RB more/JJR take/VB home/NN here/RB ./.,,
sw07utt/sw_0710_2996.utt,2/sw2996,2996,24,b,A,14,1,Uh-huh.  /,Uh-huh/UH ./.,,
sw07utt/sw_0710_2996.utt,2/sw2996,2996,25,qy,A,14,2,Do you live in Dallas? /,Do/VBP you/PRP live/VBP in/IN Dallas/NNP ?/.,,
sw07utt/sw_0710_2996.utt,2/sw2996,2996,26,ny,B,15,1,"Yeah,  /","Yeah/UH ,/,",,
sw07utt/sw_0710_2996.utt,2/sw2996,2996,27,sd^e,B,15,2,Richardson area. /,Richardson/NNP area/NN ./.,,
sw07utt/sw_0710_2996.utt,2/sw2996,2996,28,bh,A,16,1,"{F Oh, } you do? /","Oh/UH ,/, you/PRP do/VBP ?/.",,
sw07utt/sw_0710_2996.utt,2/sw2996,2996,29,ny,B,17,1,"Yeah,  /","Yeah/UH ,/,",,
sw07utt/sw_0710_2996.utt,2/sw2996,2996,30,sd^e,B,17,2,"I work at, {D well } mainly the Expressway Site is where I work <rattling> <<sounds like paper>>. /","I/PRP work/VBP at/IN ,/, well/UH mainly/RB the/DT Expressway/NNP Site/NNP is/VBZ where/WRB I/PRP work/VBP ./.",,
sw07utt/sw_0710_2996.utt,2/sw2996,2996,31,sd,A,18,1,"{F Oh, } I do too. /","Oh/UH ,/, I/PRP do/VBP too/RB ./.",,
sw07utt/sw_0710_2996.utt,2/sw2996,2996,32,bk,B,19,1,"{F Oh, } okay <sniffing>. /","Oh/UH ,/, okay/UH ./.",,
sw07utt/sw_0710_2996.utt,2/sw2996,2996,33,b,A,20,1,"Okay,  /","Okay/UH ,/,",,
sw07utt/sw_0710_2996.utt,2/sw2996,2996,34,sd,A,20,2,"{C and then, } you know too, that, {F um, }  taxes [ are, + are ] less, {D like } if you live in Mesquite. /","and/CC then/RB ,/, you/PRP know/VBP too/RB ,/, that/IN ,/, um/UH ,/, taxes/NNS are/VBP ,/, are/VBP less/JJR ,/, like/IN if/IN you/PRP live/VBP in/IN Mesquite/NNP ./.",,
sw07utt/sw_0710_2996.utt,2/sw2996,2996,35,b,B,21,1,<Sniffing> Yeah. /,Yeah/UH ./.,,
sw07utt/sw_0710_2996.utt,2/sw2996,2996,36,sd,A,22,1,"{D You know, } some people will go shopping in Mesquite at the malls out there, {F uh, } /","You/PRP know/VBP ,/, some/DT people/NNS will/MD go/VB shopping/VBG in/IN Mesquite/NNP at/IN the/DT malls/NNS out/IN there/RB ,/, uh/UH ,/,",,
sw07utt/sw_0710_2996.utt,2/sw2996,2996,37,sd,B,23,1,"{C Or } up to Collin County, somewhere that you're getting out of the, {F um, } Dallas County area because,","Or/CC up/IN to/IN Collin/NNP County/NNP ,/, somewhere/RB that/WDT you/PRP 're/VBP getting/VBG out/IN of/IN the/DT ,/, um/UH ,/, Dallas/NNP County/NNP area/NN because/IN ,/,",,
sw07utt/sw_0710_2996.utt,2/sw2996,2996,38,aa,A,24,1,Uh-huh. /,Uh-huh/UH ./.,,
sw07utt/sw_0710_2996.utt,2/sw2996,2996,39,+,B,25,1,"what do we pay, {D like } eight and a half percent,","what/WP do/VBP we/PRP pay/VB ,/, like/IN eight/CD and/CC a/DT half/NN percent/NN ,/,",,
sw07utt/sw_0710_2996.utt,2/sw2996,2996,40,bf,A,26,1,Eight point five. /,Eight/CD point/NN five/CD ./.,,
sw07utt/sw_0710_2996.utt,2/sw2996,2996,41,+,B,27,1,"something like that for the, {F uh, } sales tax. /","something/NN like/IN that/DT for/IN the/DT ,/, uh/UH ,/, sales/NNS tax/NN ./.",,
sw07utt/sw_0710_2996.utt,2/sw2996,2996,42,b,A,28,1,Uh-huh. /,Uh-huh/UH ./.,,
sw07utt/sw_0710_2996.utt,2/sw2996,2996,43,sd,B,29,1,"Which, {D yeah, } that really is pretty high. /","Which/WDT ,/, yeah/UH ,/, that/DT really/RB is/VBZ pretty/RB high/JJ ./.",,
sw07utt/sw_0710_2996.utt,2/sw2996,2996,44,qy,A,30,1,"Is it the s-, - /","Is/VBZ it/PRP the/DT s-/XX ,/,",,
sw07utt/sw_0710_2996.utt,2/sw2996,2996,45,qy,A,30,2,"is it, {F uh, } less in Collin County  than it is in Dallas County? /","is/VBZ it/PRP ,/, uh/UH ,/, less/JJR in/IN Collin/NNP County/NNP than/IN it/PRP is/VBZ in/IN Dallas/NNP County/NNP ?/.",,
sw07utt/sw_0710_2996.utt,2/sw2996,2996,46,"na,sd,o@",B,31,1,"I think so, although I really, [ I + ] don't go up there too much, {E I mean } [ I, + I ] normally just kind of go to Richardson  Square Mall, or Valley  View Mall just kind of for the convenience,  /  *[[ Looks like 2 slash units]]","I/PRP think/VBP so/RB ,/, although/IN I/PRP really/RB ,/, I/PRP do/VBP n't/RB go/VB up/IN there/RB too/RB much/JJ ,/, I/PRP mean/VBP I/PRP ,/, I/PRP normally/RB just/RB kind/RB of/RB go/VBP to/IN Richardson/NNP Square/NNP Mall/NNP ,/, or/CC Valley/NNP View/NNP Mall/NNP just/RB kind/RB of/RB for/IN the/DT convenience/NN ,/,",,
sw07utt/sw_0710_2996.utt,2/sw2996,2996,47,sd,B,31,2,"{C or } <breathing>.   I guess maybe if I was going to buy a car or something,","or/CC ./. I/PRP guess/VBP maybe/RB if/IN I/PRP was/VBD going/VBG to/TO buy/VB a/DT car/NN or/CC something/NN ,/,",,
sw07utt/sw_0710_2996.utt,2/sw2996,2996,48,b,A,32,1,Uh-huh. /,Uh-huh/UH ./.,,
sw07utt/sw_0710_2996.utt,2/sw2996,2996,49,+,B,33,1,"maybe I would consider where I was buying it, to try to, {D you know, }","maybe/RB I/PRP would/MD consider/VB where/WRB I/PRP was/VBD buying/VBG it/PRP ,/, to/TO try/VB to/TO ,/, you/PRP know/VBP ,/,",,
sw07utt/sw_0710_2996.utt,2/sw2996,2996,50,b,A,34,1,Uh-huh. /,Uh-huh/UH ./.,,
sw07utt/sw_0710_2996.utt,2/sw2996,2996,51,+,B,35,1,"save a little bit on that sales tax,  because on a car that really [ mo-, + ]  kind of mounts up <talking>. /","save/VB a/DT little/JJ bit/NN on/IN that/DT sales/NNS tax/NN ,/, because/IN on/IN a/DT car/NN that/WDT really/RB mo-/XX ,/, kind/RB of/RB mounts/VBZ up/RP ./.",,
sw07utt/sw_0710_2996.utt,2/sw2996,2996,52,aa,A,36,1,"Yeah,  /","Yeah/UH ,/,",,
sw07utt/sw_0710_2996.utt,2/sw2996,2996,53,sd,A,36,2,it sure did  /,it/PRP sure/RB did/VBD,,
sw07utt/sw_0710_2996.utt,2/sw2996,2996,54,sd,A,36,3,"{C and then } once you could  deduct at least some of that, {F um, } [ off, + off ] your income tax /","and/CC then/RB once/RB you/PRP could/MD deduct/VB at/IN least/JJS some/DT of/IN that/DT ,/, um/UH ,/, off/IN ,/, off/IN your/PRP$ income/NN tax/NN",,
sw07utt/sw_0710_2996.utt,2/sw2996,2996,55,sd,A,36,4,{C and } you can't do that anymore. /,and/CC you/PRP ca/MD n't/RB do/VB that/DT anymore/RB ./.,,
sw07utt/sw_0710_2996.utt,2/sw2996,2996,56,b,B,37,1,Yeah. /,Yeah/UH ./.,,
sw07utt/sw_0710_2996.utt,2/sw2996,2996,57,sd,A,38,1,"It really hit me yesterday, I had, {F uh, } air conditioning service for my car done.  /","It/PRP really/RB hit/VBD me/PRP yesterday/RB ,/, I/PRP had/VBD ,/, uh/UH ,/, air/NN conditioning/NN service/NN for/IN my/PRP$ car/NN done/VBN ./.",,
sw07utt/sw_0710_2996.utt,2/sw2996,2996,58,sd,A,38,2,"{C And } I had a little, little, {F uh, } coupon special that was twenty-two dollars --","And/CC I/PRP had/VBD a/DT little/JJ ,/, little/JJ ,/, uh/UH ,/, coupon/NN special/NN that/WDT was/VBD twenty-two/CD dollars/NNS --/:",,
sw07utt/sw_0710_2996.utt,2/sw2996,2996,59,b,B,39,1,Uh-huh. /,Uh-huh/UH ./.,,
sw07utt/sw_0710_2996.utt,2/sw2996,2996,60,+,A,40,1,"-- for, {F um, } air conditioning service where they, {F uh, }  checked it and [ ch-, + ] recharged it and put [ one, + one ] pound of freon  in  /","--/: for/IN ,/, um/UH ,/, air/NN conditioning/NN service/NN where/WRB they/PRP ,/, uh/UH ,/, checked/VBD it/PRP and/CC ch-/XX ,/, recharged/VBD it/PRP and/CC put/VBD one/CD ,/, one/CD pound/NN of/IN freon/NN in/IN",,
sw07utt/sw_0710_2996.utt,2/sw2996,2996,61,sd,A,40,2,"{C and } if you needed another pound of freon they ga-, - /","and/CC if/IN you/PRP needed/VBD another/DT pound/NN of/IN freon/NN they/PRP ga-/XX ,/,",,
sw07utt/sw_0710_2996.utt,2/sw2996,2996,62,sd,A,40,3,"[ it, + it ] was {D like }  seven dollars and something.  /","it/PRP ,/, it/PRP was/VBD like/IN seven/CD dollars/NNS and/CC something/NN ./.",,
sw07utt/sw_0710_2996.utt,2/sw2996,2996,63,sd,A,40,4,"{C And then }  [ with the + with the ] twenty-two dollars and the seven  something, it all came out to, [ I, + I ] ended up paying like thirty-four dollars. /","And/CC then/RB with/IN the/DT with/IN the/DT twenty-two/CD dollars/NNS and/CC the/DT seven/CD something/NN ,/, it/PRP all/DT came/VBD out/RP to/IN ,/, I/PRP ,/, I/PRP ended/VBD up/RP paying/VBG like/IN thirty-four/CD dollars/NNS ./.",,
sw07utt/sw_0710_2996.utt,2/sw2996,2996,64,x,B,41,1,<Thumping>.,,,
sw07utt/sw_0710_2996.utt,2/sw2996,2996,65,"sd,o@",A,42,1,"{C And } I couldn't believe it and the tax, {D you know, }  really hits you.   *[[ both kinds of slash error; Should be 2 slash units, I think ]]","And/CC I/PRP could/MD n't/RB believe/VB it/PRP and/CC the/DT tax/NN ,/, you/PRP know/VBP ,/, really/RB hits/VBZ you/PRP ./.",,
sw07utt/sw_0710_2996.utt,2/sw2996,2996,66,aa,B,43,1,"Yeah,  /","Yeah/UH ,/,",,
sw07utt/sw_0710_2996.utt,2/sw2996,2996,67,aa^r,B,43,2,yeah  /,yeah/UH,,
sw07utt/sw_0710_2996.utt,2/sw2996,2996,68,aa,B,43,3,that's true. /,that/DT 's/BES true/JJ ./.,,
sw07utt/sw_0710_2996.utt,2/sw2996,2996,69,+@,A,44,1,Uh-huh.  /,Uh-huh/UH ./.,,
sw07utt/sw_0710_2996.utt,2/sw2996,2996,70,o@,A,44,2,"{C And then, }  *[[ slash error]]","And/CC then/RB ,/,",,
sw07utt/sw_0710_2996.utt,2/sw2996,2996,71,sv,B,45,1,"Although [ I wi-, + ]  I wish, {D you know, } overall they'd try the lottery again.  /","Although/IN I/PRP wi/VBP ,/, I/PRP wish/VBP ,/, you/PRP know/VBP ,/, overall/RB they/PRP 'd/MD try/VB the/DT lottery/NN again/RB ./.",,
sw07utt/sw_0710_2996.utt,2/sw2996,2996,72,qw,B,45,2,When did you first come to Texas?  <Dishes>. /,When/WRB did/VBD you/PRP first/RB come/VB to/IN Texas/NNP ?/. ./.,,
sw07utt/sw_0710_2996.utt,2/sw2996,2996,73,+@,A,46,1,"{F Oh, } [ it's been, + ] I've been here for nine years. / *[[slash error]]","Oh/UH ,/, it/PRP 's/HVS been/VBN ,/, I/PRP 've/VBP been/VBN here/RB for/IN nine/CD years/NNS ./.",,
sw07utt/sw_0710_2996.utt,2/sw2996,2996,74,"bk,sd,o@",B,47,1,"Okay, {D well, } that's about the same time as me, I came down in eighty-two. /  *[[ Looks like 3 slash units here to me. ]]","Okay/UH ,/, well/UH ,/, that/DT 's/BES about/RB the/DT same/JJ time/NN as/IN me/PRP ,/, I/PRP came/VBD down/RB in/IN eighty-two/CD ./.",,
sw07utt/sw_0710_2996.utt,2/sw2996,2996,75,qw,A,48,1,"Really, where did you come from? /","Really/UH ,/, where/WRB did/VBD you/PRP come/VBP from/RB ?/.",,
sw07utt/sw_0710_2996.utt,2/sw2996,2996,76,sd,B,49,1,"{F Um, } {D well, } Ohio, kind of.  /","Um/UH ,/, well/UH ,/, Ohio/NNP ,/, kind/RB of/RB ./.",,
sw07utt/sw_0710_2996.utt,2/sw2996,2996,77,sd,B,49,2,My parents live in Ohio.  /,My/PRP$ parents/NNS live/VBP in/IN Ohio/NNP ./.,,
sw07utt/sw_0710_2996.utt,2/sw2996,2996,78,sd,B,49,3,"I had lived a little while in Michigan, /","I/PRP had/VBD lived/VBN a/DT little/JJ while/IN in/IN Michigan/NNP ,/,",,
sw07utt/sw_0710_2996.utt,2/sw2996,2996,79,bk,A,50,1,"{F Oh, } uh-huh. /","Oh/UH ,/, uh-huh/UH ./.",,
sw07utt/sw_0710_2996.utt,2/sw2996,2996,80,sd,B,51,1,"{C but, } {D you know, } basically I went to high school and college in Ohio and  lived there <sniffing> {F uh, } more years than  I ever did in Michigan. /","but/CC ,/, you/PRP know/VBP ,/, basically/RB I/PRP went/VBD to/IN high/JJ school/NN and/CC college/NN in/IN Ohio/NNP and/CC lived/VBD there/RB uh/UH ,/, more/JJR years/NNS than/IN I/PRP ever/RB did/VBD in/IN Michigan/NNP ./.",,
sw07utt/sw_0710_2996.utt,2/sw2996,2996,81,b,A,52,1,Uh-huh.  /,Uh-huh/UH ./.,,
sw07utt/sw_0710_2996.utt,2/sw2996,2996,82,sd,A,52,2,"{D Well, } {F uh, } I did visit, {F uh, } Michigan, I visited Kalamazoo once.  /","Well/UH ,/, uh/UH ,/, I/PRP did/VBD visit/VB ,/, uh/UH ,/, Michigan/NNP ,/, I/PRP visited/VBD Kalamazoo/NNP once/RB ./.",,
sw07utt/sw_0710_2996.utt,2/sw2996,2996,83,sd,A,52,3,My sister used to live there. /,My/PRP$ sister/NN used/VBN to/TO live/VB there/RB ./.,,
sw07utt/sw_0710_2996.utt,2/sw2996,2996,84,bk,B,53,1,"{F Oh, } okay <sniffing>. /","Oh/UH ,/, okay/UH ./.",,
sw07utt/sw_0710_2996.utt,2/sw2996,2996,85,b,A,54,1,Uh-huh. /,Uh-huh/UH ./.,,
sw07utt/sw_0710_2996.utt,2/sw2996,2996,86,sd,B,55,1,"<Sniffing> {C But } {D you know, } when we first came  down here, I really thought this place was somewhat backward, {E I mean, } I was just  shocked that we couldn't shop on Sunday. /","But/CC you/PRP know/VBP ,/, when/WRB we/PRP first/RB came/VBD down/RB here/RB ,/, I/PRP really/RB thought/VBD this/DT place/NN was/VBD somewhat/RB backward/JJ ,/, I/PRP mean/VBP ,/, I/PRP was/VBD just/RB shocked/JJ that/IN we/PRP could/MD n't/RB shop/VB on/IN Sunday/NNP ./.",,
sw07utt/sw_0710_2996.utt,2/sw2996,2996,87,x,A,56,1,<Laughter>.,,,
sw07utt/sw_0710_2996.utt,2/sw2996,2996,88,qy,B,57,1,Remember that? <Sniffing> <dishes>. /,Remember/VB that/DT ?/. ./.,,
sw07utt/sw_0710_2996.utt,2/sw2996,2996,89,o@,A,58,1,"That's true, I tell you what hit me the first year  I was here, {F uh, } Christmas eve in New York there used to  be stores open, the department stores wouldn't close, {F uh, } *[[ There seem to be several slash units in this turn that were not parsed that way ]]","That/DT 's/BES true/JJ ,/, I/PRP tell/VBP you/PRP what/WP hit/VBD me/PRP the/DT first/JJ year/NN I/PRP was/VBD here/RB ,/, uh/UH ,/, Christmas/NNP eve/NN in/IN New/NNP York/NNP there/EX used/VBN to/TO be/VB stores/NNS open/JJ ,/, the/DT department/NN stores/NNS would/MD n't/RB close/VB ,/, uh/UH ,/,",,
sw07utt/sw_0710_2996.utt,2/sw2996,2996,90,x,B,59,1,<Sniffing>.,,,
sw07utt/sw_0710_2996.utt,2/sw2996,2996,91,+@,A,60,1,"{D well } I'd say they closed maybe eight or nine o'clock,  department stores, on Christmas eve. /","well/UH I/PRP 'd/MD say/VB they/PRP closed/VBD maybe/RB eight/CD or/CC nine/CD o'clock/RB ,/, department/NN stores/NNS ,/, on/IN Christmas/NNP eve/NN ./.",,
sw07utt/sw_0710_2996.utt,2/sw2996,2996,92,b,B,61,1,Uh-huh. /,Uh-huh/UH ./.,,
sw07utt/sw_0710_2996.utt,2/sw2996,2996,93,sd,A,62,1,"{C But, } {F uh, } there were stores that you  could go to, {F uh, } {D you know, } like  discount stores and stores down in the village and just all  over the place where you could go to/","But/CC ,/, uh/UH ,/, there/EX were/VBD stores/NNS that/WDT you/PRP could/MD go/VB to/IN ,/, uh/UH ,/, you/PRP know/VBP ,/, like/IN discount/NN stores/NNS and/CC stores/NNS down/IN in/IN the/DT village/NN and/CC just/RB all/DT over/IN the/DT place/NN where/WRB you/PRP could/MD go/VB to/IN",,
sw07utt/sw_0710_2996.utt,2/sw2996,2996,94,sd,A,62,2,{C and } you could  shop until {D like } twelve or one o'clock that night  /,and/CC you/PRP could/MD shop/VB until/IN like/IN twelve/CD or/CC one/CD o'clock/RB that/DT night/NN,,
sw07utt/sw_0710_2996.utt,2/sw2996,2996,95,sd,A,62,3,"{C and } [ that was like, + ] that was really the only night they were open that late,  /","and/CC that/DT was/VBD like/IN ,/, that/WDT was/VBD really/RB the/DT only/JJ night/NN they/PRP were/VBD open/JJ that/RB late/JJ ,/,",,
sw07utt/sw_0710_2996.utt,2/sw2996,2996,96,sd,A,62,4,{C but } it was Christmas eve. /,but/CC it/PRP was/VBD Christmas/NNP eve/NN ./.,,
sw07utt/sw_0710_2996.utt,2/sw2996,2996,97,b,B,63,1,Uh-huh. /,Uh-huh/UH ./.,,
sw07utt/sw_0710_2996.utt,2/sw2996,2996,98,sd,A,64,1,"{C And } when I came to Dallas, I thought I was going to  do that Christmas eve  /","And/CC when/WRB I/PRP came/VBD to/IN Dallas/NNP ,/, I/PRP thought/VBD I/PRP was/VBD going/VBG to/TO do/VB that/DT Christmas/NNP eve/NN",,
sw07utt/sw_0710_2996.utt,2/sw2996,2996,99,sd,A,64,2,"{C and } I couldn't find hardly anything open,","and/CC I/PRP could/MD n't/RB find/VB hardly/RB anything/NN open/JJ ,/,",,
sw07utt/sw_0710_2996.utt,2/sw2996,2996,100,x,B,65,1,<Laughter>.,,,
sw07utt/sw_0710_2996.utt,2/sw2996,2996,101,+,A,66,1,<Laughter> after five o'clock in the afternoon. /,after/IN five/CD o'clock/RB in/IN the/DT afternoon/NN ./.,,
sw07utt/sw_0710_2996.utt,2/sw2996,2996,102,qy(^q),B,67,1,"Were you shocked like, {F oh } {D no, } I'm stuck I need to buy stuff. /","Were/VBD you/PRP shocked/JJ like/IN ,/, oh/UH no/UH ,/, I/PRP 'm/VBP stuck/JJ I/PRP need/VBP to/TO buy/VB stuff/NN ./.",,
sw07utt/sw_0710_2996.utt,2/sw2996,2996,103,na^m,A,68,1,"An [ I was, + {F oh, } I was, ] [ I really, + I really ] was stuck <laughter>.  /","An/CC I/PRP was/VBD ,/, oh/UH ,/, I/PRP was/VBD ,/, I/PRP really/RB ,/, I/PRP really/RB was/VBD stuck/JJ ./.",,
sw07utt/sw_0710_2996.utt,2/sw2996,2996,104,sd,A,68,2,"{C And } I think Target was the one that stayed open later than  [ any, + anybody ] else.  /","And/CC I/PRP think/VBP Target/NNP was/VBD the/DT one/CD that/WDT stayed/VBD open/JJ later/RB than/IN any/DT ,/, anybody/NN else/RB ./.",,
sw07utt/sw_0710_2996.utt,2/sw2996,2996,105,sd,A,68,3,"{C And, } {F uh, } I was able to pick up a few things in there,  /","And/CC ,/, uh/UH ,/, I/PRP was/VBD able/JJ to/TO pick/VB up/RP a/DT few/JJ things/NNS in/IN there/RB ,/,",,
sw07utt/sw_0710_2996.utt,2/sw2996,2996,106,sd,A,68,4,"{C but, } {D boy }  [ I was, + I was ] really shocked. /","but/CC ,/, boy/UH I/PRP was/VBD ,/, I/PRP was/VBD really/RB shocked/JJ ./.",,
sw07utt/sw_0710_2996.utt,2/sw2996,2996,107,x,B,69,1,<Sniffing>.,,,
sw07utt/sw_0710_2996.utt,2/sw2996,2996,108,sd,A,70,1,"{C And then } another shock I had <laughter>  {D well, } when I went to, {F um, } to buy a slice of pizza <laughter>,","And/CC then/RB another/DT shock/NN I/PRP had/VBD well/UH ,/, when/WRB I/PRP went/VBD to/IN ,/, um/UH ,/, to/TO buy/VB a/DT slice/NN of/IN pizza/NN ,/,",,
sw07utt/sw_0710_2996.utt,2/sw2996,2996,109,b,B,71,1,Uh-huh. /,Uh-huh/UH ./.,,
sw07utt/sw_0710_2996.utt,2/sw2996,2996,110,+,A,72,1,and found out that I had to buy the whole pie. /,and/CC found/VBD out/RP that/IN I/PRP had/VBD to/TO buy/VB the/DT whole/JJ pie/NN ./.,,
sw07utt/sw_0710_2996.utt,2/sw2996,2996,111,sv,B,73,1,"{F Oh, } few places now seem to do it by the slice  /","Oh/UH ,/, few/JJ places/NNS now/RB seem/VBP to/TO do/VB it/PRP by/IN the/DT slice/NN",,
sw07utt/sw_0710_2996.utt,2/sw2996,2996,112,%,B,73,2,"{C but, } -/","but/CC ,/,",,
sw07utt/sw_0710_2996.utt,2/sw2996,2996,113,aa,A,74,1,"Yeah,  /","Yeah/UH ,/,",,
sw07utt/sw_0710_2996.utt,2/sw2996,2996,114,%,A,74,2,"now, - /","now/RB ,/,",,
sw07utt/sw_0710_2996.utt,2/sw2996,2996,115,%,A,74,3,"{C but } they, - /","but/CC they/PRP ,/,",,
sw07utt/sw_0710_2996.utt,2/sw2996,2996,116,sd,A,74,4,back then they didn't. /,back/RB then/RB they/PRP did/VBD n't/RB ./.,,
sw07utt/sw_0710_2996.utt,2/sw2996,2996,117,b,B,75,1,Right. /,Right/UH ./.,,
sw07utt/sw_0710_2996.utt,2/sw2996,2996,118,sd,A,76,1,"When I first came, no.  /","When/WRB I/PRP first/RB came/VBD ,/, no/UH ./.",,
sw07utt/sw_0710_2996.utt,2/sw2996,2996,119,%,A,76,2,"Anyway, -/","Anyway/RB ,/,",,
sw07utt/sw_0710_2996.utt,2/sw2996,2996,120,sv,B,77,1,"{D Well } [ [ the, + the, ] + {F uh, } there ] was other things too, {E I mean, } I think it's taken us Yankee's influence down here,","Well/UH the/DT ,/, the/DT ,/, uh/UH ,/, there/EX was/VBD other/JJ things/NNS too/RB ,/, I/PRP mean/VBP ,/, I/PRP think/VBP it/PRP 's/HVS taken/VBN us/PRP Yankee/NNP 's/POS influence/NN down/IN here/RB ,/,",,
sw07utt/sw_0710_2996.utt,2/sw2996,2996,121,x,A,78,1,<Laughter>.,,,
sw07utt/sw_0710_2996.utt,2/sw2996,2996,122,+,B,79,1,"to get them to, {F uh, } come to the, {D you know, } the correct decade here and  century.  /","to/TO get/VB them/PRP to/TO ,/, uh/UH ,/, come/VB to/IN the/DT ,/, you/PRP know/VBP ,/, the/DT correct/JJ decade/NN here/RB and/CC century/NN ./.",,
sw07utt/sw_0710_2996.utt,2/sw2996,2996,123,sd,B,79,2,"{F Um, } I couldn't believe that you could have open containers of beer, alcohol, whatever,","Um/UH ,/, I/PRP could/MD n't/RB believe/VB that/IN you/PRP could/MD have/VB open/JJ containers/NNS of/IN beer/NN ,/, alcohol/NN ,/, whatever/WDT ,/,",,
sw07utt/sw_0710_2996.utt,2/sw2996,2996,124,b,A,80,1,Right. /,Right/UH ./.,,
sw07utt/sw_0710_2996.utt,2/sw2996,2996,125,+,B,81,1,in the car! /,in/IN the/DT car/NN !/.,,
sw07utt/sw_0710_2996.utt,2/sw2996,2996,126,b,A,82,1,Right. /,Right/UH ./.,,
sw07utt/sw_0710_2996.utt,2/sw2996,2996,127,sd,B,83,1,"<Talking> <<Background voice says, that's not the subject>>  {E I mean, } you could always, {F um, } {F uh, } be careful about that back  then because,","I/PRP mean/VBP ,/, you/PRP could/MD always/RB ,/, um/UH ,/, uh/UH ,/, be/VB careful/JJ about/IN that/DT back/RB then/RB because/IN ,/,",,
sw07utt/sw_0710_2996.utt,2/sw2996,2996,128,b,A,84,1,Uh-huh. /,Uh-huh/UH ./.,,
sw07utt/sw_0710_2996.utt,2/sw2996,2996,129,+,B,85,1,"{F uh, } {D you know, } [ if  yo-, + ] if a cop stopped you then you would, {F um, } {D you know, } get arrested or what not. /","uh/UH ,/, you/PRP know/VBP ,/, if/IN yo-/PRP ,/, if/IN a/DT cop/NN stopped/VBD you/PRP then/RB you/PRP would/MD ,/, um/UH ,/, you/PRP know/VBP ,/, get/VB arrested/VBN or/CC what/WP not/RB ./.",,
sw07utt/sw_0710_2996.utt,2/sw2996,2996,130,b,A,86,1,"Yeah,  /","Yeah/UH ,/,",,
sw07utt/sw_0710_2996.utt,2/sw2996,2996,131,ad,A,86,2,{C and } [ talk a + ] --,and/CC talk/VB a/DT --/:,,
sw07utt/sw_0710_2996.utt,2/sw2996,2996,132,sd,B,87,1,{C And } people would just drink openly. /,And/CC people/NNS would/MD just/RB drink/VB openly/RB ./.,,
sw07utt/sw_0710_2996.utt,2/sw2996,2996,133,+,A,88,1,"-- talking about alcohol and beer, look at the taxes on that,","--/: talking/VBG about/IN alcohol/NN and/CC beer/NN ,/, look/VB at/IN the/DT taxes/NNS on/IN that/DT ,/,",,
sw07utt/sw_0710_2996.utt,2/sw2996,2996,134,x,B,89,1,<Laughter>.,,,
sw07utt/sw_0710_2996.utt,2/sw2996,2996,135,+,A,90,1,"and the taxes on a package [ of, + of ] cigarettes.  /","and/CC the/DT taxes/NNS on/IN a/DT package/NN of/IN ,/, of/IN cigarettes/NNS ./.",,
sw07utt/sw_0710_2996.utt,2/sw2996,2996,136,sd,A,90,2,"I used to smoke, {D you know } -- /","I/PRP used/VBD to/TO smoke/VB ,/, you/PRP know/VBP --/:",,
sw07utt/sw_0710_2996.utt,2/sw2996,2996,137,b,B,91,1,Uh-huh. /,Uh-huh/UH ./.,,
sw07utt/sw_0710_2996.utt,2/sw2996,2996,138,sd,A,92,1,"-- {C and, } {F uh, } that would have been enough [ to, + to ] make [ me, + me ] give them up.  /","--/: and/CC ,/, uh/UH ,/, that/DT would/MD have/VB been/VBN enough/RB to/TO ,/, to/TO make/VB me/PRP ,/, me/PRP give/VB them/PRP up/RP ./.",,
sw07utt/sw_0710_2996.utt,2/sw2996,2996,139,sd,A,92,2,"The price of them now, - /","The/DT price/NN of/IN them/PRP now/RB ,/,",,
sw07utt/sw_0710_2996.utt,2/sw2996,2996,140,sd,A,92,3,{C but } I gave them up a couple years ago because I had some sinus problems. /,but/CC I/PRP gave/VBD them/PRP up/RP a/DT couple/NN years/NNS ago/RB because/IN I/PRP had/VBD some/DT sinus/NN problems/NNS ./.,,
sw07utt/sw_0710_2996.utt,2/sw2996,2996,141,b,B,93,1,Oh.  /,Oh/UH ./.,,
sw07utt/sw_0710_2996.utt,2/sw2996,2996,142,%,B,93,2,"W-, - /","W-/XX ,/,",,
sw07utt/sw_0710_2996.utt,2/sw2996,2996,143,sd,B,93,3,"I don't smoke,  /","I/PRP do/VBP n't/RB smoke/VB ,/,",,
sw07utt/sw_0710_2996.utt,2/sw2996,2996,144,sd,B,93,4,"{C so } I don't really know what the,","so/RB I/PRP do/VBP n't/RB really/RB know/VB what/WP the/DT ,/,",,
sw07utt/sw_0710_2996.utt,2/sw2996,2996,145,%,A,94,1,"{D Well, } -/","Well/UH ,/,",,
sw07utt/sw_0710_2996.utt,2/sw2996,2996,146,+,B,95,1,taxes are and stuff on it. /,taxes/NNS are/VBP and/CC stuff/NN on/IN it/PRP ./.,,
sw07utt/sw_0710_2996.utt,2/sw2996,2996,147,sd,A,96,1,"{D Well } they're like two,  /","Well/UH they/PRP 're/VBP like/IN two/CD ,/,",,
sw07utt/sw_0710_2996.utt,2/sw2996,2996,148,sd,A,96,2,"{C or, } [ I, + I ]  believe they're hitting two dollars a pack now. /","or/CC ,/, I/PRP ,/, I/PRP believe/VBP they/PRP 're/VBP hitting/VBG two/CD dollars/NNS a/DT pack/NN now/RB ./.",,
sw07utt/sw_0710_2996.utt,2/sw2996,2996,149,b,B,97,1,{F Um. } /,Um/UH ./.,,
sw07utt/sw_0710_2996.utt,2/sw2996,2996,150,sd,A,98,1,"[ A little bit, + a little bit ] more in some places. /","A/DT little/JJ bit/NN ,/, a/DT little/JJ bit/NN more/JJR in/IN some/DT places/NNS ./.",,
sw07utt/sw_0710_2996.utt,2/sw2996,2996,151,bf,B,99,1,{C So } you end up about paying about twelve dollars for a pack and two dollars of that is taxes. /,So/RB you/PRP end/VBP up/RP about/RB paying/VBG about/RB twelve/CD dollars/NNS for/IN a/DT pack/NN and/CC two/CD dollars/NNS of/IN that/DT is/VBZ taxes/NNS ./.,,
sw07utt/sw_0710_2996.utt,2/sw2996,2996,152,o@,A,100,1,"{F Uh, } {D well, } I believe it's a little more  than twelve dollars for a carton,   *[[ slash error ]]","Uh/UH ,/, well/UH ,/, I/PRP believe/VBP it/PRP 's/BES a/DT little/RB more/JJR than/IN twelve/CD dollars/NNS for/IN a/DT carton/NN ,/,",,
sw07utt/sw_0710_2996.utt,2/sw2996,2996,153,b,B,101,1,Huh. /,Huh/UH ./.,,
sw07utt/sw_0710_2996.utt,2/sw2996,2996,154,+@,A,102,1,I think it's maybe thirteen or something. /,I/PRP think/VBP it/PRP 's/BES maybe/RB thirteen/CD or/CC something/NN ./.,,
sw07utt/sw_0710_2996.utt,2/sw2996,2996,155,ba,B,103,1,Gee. /,Gee/UH ./.,,
sw07utt/sw_0710_2996.utt,2/sw2996,2996,156,sd,A,104,1,"{F Um, } {C because } I remember we went [ to, + to ]  Oklahoma to [ th-, + ] this bingo place. This Choctaw Bingo, {F uh, } a couple weeks ago  /","Um/UH ,/, because/IN I/PRP remember/VBP we/PRP went/VBD to/IN ,/, to/IN Oklahoma/NNP to/IN th-/XX ,/, this/DT bingo/NN place/NN ./. This/DT Choctaw/NNP Bingo/NNP ,/, uh/UH ,/, a/DT couple/NN weeks/NNS ago/RB",,
sw07utt/sw_0710_2996.utt,2/sw2996,2996,157,sd,A,104,2,"{C and }  somebody that went with me bought a carton for, {F uh, } ten dollars and something  /","and/CC somebody/NN that/WDT went/VBD with/IN me/PRP bought/VBD a/DT carton/NN for/IN ,/, uh/UH ,/, ten/CD dollars/NNS and/CC something/NN",,
sw07utt/sw_0710_2996.utt,2/sw2996,2996,158,sd,A,104,3,{C and } they really thought they were getting a big discount. /,and/CC they/PRP really/RB thought/VBD they/PRP were/VBD getting/VBG a/DT big/JJ discount/NN ./.,,
sw07utt/sw_0710_2996.utt,2/sw2996,2996,159,qy^d,B,105,1,They're cheaper there? /,They/PRP 're/VBP cheaper/JJR there/RB ?/.,,
sw07utt/sw_0710_2996.utt,2/sw2996,2996,160,na,A,106,1,"{D Well } {C because, } it's, {D you know, } the Indians, I don't think they pay tax. /","Well/UH because/IN ,/, it/PRP 's/BES ,/, you/PRP know/VBP ,/, the/DT Indians/NNPS ,/, I/PRP do/VBP n't/RB think/VB they/PRP pay/VBP tax/NN ./.",,
sw07utt/sw_0710_2996.utt,2/sw2996,2996,161,ba,B,107,1,Oh! /,Oh/UH !/.,,
sw07utt/sw_0710_2996.utt,2/sw2996,2996,162,sd,A,108,1,"[ In, + in ] Oklahoma. /","In/IN ,/, in/IN Oklahoma/NNP ./.",,
sw07utt/sw_0710_2996.utt,2/sw2996,2996,163,bk,B,109,1,"{F Oh, } I got you,  /","Oh/UH ,/, I/PRP got/VBD you/PRP ,/,",,
sw07utt/sw_0710_2996.utt,2/sw2996,2996,164,bk^r,B,109,2,okay. /,okay/UH ./.,,
sw07utt/sw_0710_2996.utt,2/sw2996,2996,165,sd,A,110,1,"{C And, } {F uh, } it was a Indian, {D well } it's a bingo hall for the benefit of the Indians there. /","And/CC ,/, uh/UH ,/, it/PRP was/VBD a/DT Indian/NNP ,/, well/RB it/PRP 's/BES a/DT bingo/NN hall/NN for/IN the/DT benefit/NN of/IN the/DT Indians/NNPS there/RB ./.",,
sw07utt/sw_0710_2996.utt,2/sw2996,2996,166,b,B,111,1,Uh-huh  /,Uh-huh/UH,,
sw07utt/sw_0710_2996.utt,2/sw2996.pos,2996,167,x,B,111,2,<rattling>. /,./.
sw07utt/sw_0710_2996.utt,2/sw2996,2996,168,sd,A,112,1,Although I didn't see very many Indian people in there <laughter>.  /,Although/IN I/PRP did/VBD n't/RB see/VB very/RB many/JJ Indian/JJ people/NNS in/IN there/RB ./.,,
sw07utt/sw_0710_2996.utt,2/sw2996,2996,169,sd,A,112,2,"There were just bus loads of people that come from everywhere  else to play that bingo because [ it's, + it's, ] the stakes are  higher and payoffs are bigger and so forth. /","There/EX were/VBD just/RB bus/NN loads/NNS of/IN people/NNS that/WDT come/VBP from/IN everywhere/RB else/RB to/TO play/VB that/DT bingo/NN because/IN it/PRP 's/BES ,/, it/PRP 's/BES ,/, the/DT stakes/NNS are/VBP higher/JJR and/CC payoffs/NNS are/VBP bigger/JJR and/CC so/RB forth/RB ./.",,
sw07utt/sw_0710_2996.utt,2/sw2996,2996,170,qw,B,113,1,{D Well } how did you do? /,Well/UH how/WRB did/VBD you/PRP do/VBP ?/.,,
sw07utt/sw_0710_2996.utt,2/sw2996,2996,171,sd,A,114,1,<Sigh> I won a dollar <laughter>. /,I/PRP won/VBD a/DT dollar/NN ./.,,
sw07utt/sw_0710_2996.utt,2/sw2996,2996,172,b^m,B,115,1,"A dollar, {F oh } {D well, }  /","A/DT dollar/NN ,/, oh/UH well/UH ,/,",,
sw07utt/sw_0710_2996.utt,2/sw2996,2996,173,qy^g,B,115,2,"{C but } you had fun playing, right. /","but/CC you/PRP had/VBD fun/NN playing/VBG ,/, right/UH ./.",,
sw07utt/sw_0710_2996.utt,2/sw2996,2996,174,ny,A,116,1,"Yeah,  /","Yeah/UH ,/,",,
sw07utt/sw_0710_2996.utt,2/sw2996,2996,175,sd^e,A,116,2,"I had fun, {F uh, } a couple on the bus won some money.  /","I/PRP had/VBD fun/NN ,/, uh/UH ,/, a/DT couple/NN on/IN the/DT bus/NN won/VBD some/DT money/NN ./.",,
sw07utt/sw_0710_2996.utt,2/sw2996,2996,176,sd,A,116,3,"[ One, + one ] guy won t-, -/","One/CD ,/, one/CD guy/NN won/VBD t-/XX ,/,",,
