swda_filename,ptb_basename,conversation_no,transcript_index,act_tag,caller,utterance_index,subutterance_index,text,pos,trees,ptb_treenumbers
sw07utt/sw_0796_3464.utt,3/sw3464,3464,0,qw,A,1,1,"{F Uh, } which ones have you seen lately? /","Uh/UH ,/, which/WDT ones/NNS have/VBP you/PRP seen/VBN lately/RB ?/.",,
sw07utt/sw_0796_3464.utt,3/sw3464,3464,1,sd,B,2,1,"{F Oh, } I just sort of blanking tonight.  /","Oh/UH ,/, I/PRP just/RB sort/RB of/RB blanking/VBP tonight/RB ./.",,
sw07utt/sw_0796_3464.utt,3/sw3464,3464,2,sd,B,2,2,"I just got done saying I just saw one, {F uh, } fairly recently.  /","I/PRP just/RB got/VBD done/VBN saying/VBG I/PRP just/RB saw/VBD one/CD ,/, uh/UH ,/, fairly/RB recently/RB ./.",,
sw07utt/sw_0796_3464.utt,3/sw3464,3464,3,sd,B,2,3,"{F Uh, } {F oh, } gosh, {F oh, }  I know, {F uh, } {F uh, } the one with the two girls that take off from, {F uh, } {F uh, }  [ [ a-, + across, ] + across ] the country on a crime spree. /","Uh/UH ,/, oh/UH ,/, gosh/UH ,/, oh/UH ,/, I/PRP know/VBP ,/, uh/UH ,/, uh/UH ,/, the/DT one/CD with/IN the/DT two/CD girls/NNS that/WDT take/VBP off/RP from/IN ,/, uh/UH ,/, uh/UH ,/, a-/IN ,/, across/IN ,/, across/IN the/DT country/NN on/IN a/DT crime/NN spree/NN ./.",,
sw07utt/sw_0796_3464.utt,3/sw3464,3464,4,sd,A,3,1,"THELMA AND LOUISE, /","THELMA/NNP AND/CC LOUISE/NNP ,/,",,
sw07utt/sw_0796_3464.utt,3/sw3464,3464,5,b^m,B,4,1,"THELMA AND LOUISE,  /","THELMA/NNP AND/CC LOUISE/NNP ,/,",,
sw07utt/sw_0796_3464.utt,3/sw3464,3464,6,aa,B,4,2,yeah. /,yeah/UH ./.,,
sw07utt/sw_0796_3464.utt,3/sw3464,3464,7,b,A,5,1,Yeah.  /,Yeah/UH ./.,,
sw07utt/sw_0796_3464.utt,3/sw3464,3464,8,sd,A,5,2,I haven't seen that.  /,I/PRP have/VBP n't/RB seen/VBN that/DT ./.,,
sw07utt/sw_0796_3464.utt,3/sw3464,3464,9,qy,A,5,3,Is it good? /,Is/VBZ it/PRP good/JJ ?/.,,
sw07utt/sw_0796_3464.utt,3/sw3464,3464,10,ny,B,6,1,"Yeah,  /","Yeah/UH ,/,",,
sw07utt/sw_0796_3464.utt,3/sw3464,3464,11,sd^e,B,6,2,"it really is,  /","it/PRP really/RB is/VBZ ,/,",,
sw07utt/sw_0796_3464.utt,3/sw3464,3464,12,sv,B,6,3,"[ it's, + it's ] interesting. /","it/PRP 's/BES ,/, it/PRP 's/BES interesting/JJ ./.",,
sw07utt/sw_0796_3464.utt,3/sw3464,3464,13,bh,A,7,1,Is it? /,Is/VBZ it/PRP ?/.,,
sw07utt/sw_0796_3464.utt,3/sw3464,3464,14,ny,B,8,1,"{F Oh, } yeah,  /","Oh/UH ,/, yeah/UH ,/,",,
sw07utt/sw_0796_3464.utt,3/sw3464,3464,15,sd^e,B,8,2,I enjoyed it.  /,I/PRP enjoyed/VBD it/PRP ./.,,
sw07utt/sw_0796_3464.utt,3/sw3464,3464,16,sd,B,8,3,"I was going to go see, {F uh, } the Billy Crystal movie, also, which was, - /","I/PRP was/VBD going/VBG to/TO go/VB see/VB ,/, uh/UH ,/, the/DT Billy/NNP Crystal/NNP movie/NN ,/, also/RB ,/, which/WDT was/VBD ,/,",,
sw07utt/sw_0796_3464.utt,3/sw3464,3464,17,sd,B,8,4,I'm a little bit behind.  /,I/PRP 'm/VBP a/DT little/JJ bit/NN behind/RB ./.,,
sw07utt/sw_0796_3464.utt,3/sw3464,3464,18,sd,B,8,5,I usually rent them <laughter>. /,I/PRP usually/RB rent/VBP them/PRP ./.,,
sw07utt/sw_0796_3464.utt,3/sw3464,3464,19,b,A,9,1,"Yeah,  /","Yeah/UH ,/,",,
sw07utt/sw_0796_3464.utt,3/sw3464,3464,20,sd,A,9,2,"[ I, + I'm ] not familiar.  /","I/PRP ,/, I/PRP 'm/VBP not/RB familiar/JJ ./.",,
sw07utt/sw_0796_3464.utt,3/sw3464,3464,21,qw,A,9,3,"[  Which, + which ] Billy Crystal movie? /","Which/WDT ,/, which/WDT Billy/NNP Crystal/NNP movie/NN ?/.",,
sw07utt/sw_0796_3464.utt,3/sw3464,3464,22,sd,B,10,1,"{F Oh, } this is the, - /","Oh/UH ,/, this/DT is/VBZ the/DT ,/,",,
sw07utt/sw_0796_3464.utt,3/sw3464,3464,23,sd,B,10,2,"{F uh, } just the one, {F oh, } - /","uh/UH ,/, just/RB the/DT one/CD ,/, oh/UH ,/,",,
sw07utt/sw_0796_3464.utt,3/sw3464,3464,24,fe,B,10,3,"gosh, - /","gosh/UH ,/,",,
sw07utt/sw_0796_3464.utt,3/sw3464,3464,25,sd,B,10,4,"it was the, {F uh, }","it/PRP was/VBD the/DT ,/, uh/UH ,/,",,
sw07utt/sw_0796_3464.utt,3/sw3464,3464,26,^2,A,11,1,"{F Oh, } CITY SLICKERS, /","Oh/UH ,/, CITY/NN SLICKERS/NNS ,/,",,
sw07utt/sw_0796_3464.utt,3/sw3464,3464,27,+,B,12,1,"CITY SLICKERS,  /","CITY/NN SLICKERS/NNS ,/,",,
sw07utt/sw_0796_3464.utt,3/sw3464,3464,28,aa,B,12,2,right. /,right/UH ./.,,
sw07utt/sw_0796_3464.utt,3/sw3464,3464,29,sv,A,13,1,That's a real good show. /,That/DT 's/BES a/DT real/RB good/JJ show/NN ./.,,
sw07utt/sw_0796_3464.utt,3/sw3464,3464,30,qy,B,14,1,Have you seen that? /,Have/VBP you/PRP seen/VBN that/DT ?/.,,
sw07utt/sw_0796_3464.utt,3/sw3464,3464,31,ny,A,15,1,"Yeah,  /","Yeah/UH ,/,",,
sw07utt/sw_0796_3464.utt,3/sw3464,3464,32,sv^e,A,15,2,it's great.  /,it/PRP 's/BES great/JJ ./.,,
sw07utt/sw_0796_3464.utt,3/sw3464,3464,33,sv,A,15,3,"{F Uh, } it says a lot about,    {F uh, } {F uh, } {D you know, } - /","Uh/UH ,/, it/PRP says/VBZ a/DT lot/NN about/IN ,/, uh/UH ,/, uh/UH ,/, you/PRP know/VBP ,/,",,
sw07utt/sw_0796_3464.utt,3/sw3464,3464,34,sd,A,15,4,"[ I, + I'm ] young,  /","I/PRP ,/, I/PRP 'm/VBP young/JJ ,/,",,
sw07utt/sw_0796_3464.utt,3/sw3464,3464,35,sv,A,15,5,{C  but } it says a lot about middle life --,but/CC it/PRP says/VBZ a/DT lot/NN about/IN middle/JJ life/NN --/:,,
sw07utt/sw_0796_3464.utt,3/sw3464,3464,36,b,B,16,1,Uh-huh. /,Uh-huh/UH ./.,,
sw07utt/sw_0796_3464.utt,3/sw3464,3464,37,+,A,17,1,"-- {D you know, }  /","--/: you/PRP know/VBP ,/,",,
sw07utt/sw_0796_3464.utt,3/sw3464,3464,38,sv,A,17,2,"{C and, } {F uh, } {F uh, } it's a really good show. /","and/CC ,/, uh/UH ,/, uh/UH ,/, it/PRP 's/BES a/DT really/RB good/JJ show/NN ./.",,
sw07utt/sw_0796_3464.utt,3/sw3464,3464,39,b,B,18,1,"Yeah,  /","Yeah/UH ,/,",,
sw07utt/sw_0796_3464.utt,3/sw3464,3464,40,sd,B,18,2,"[ [ I, + I, ] + I've ]  heard lots of good things about it  /","I/PRP ,/, I/PRP ,/, I/PRP 've/VBP heard/VBN lots/NNS of/IN good/JJ things/NNS about/IN it/PRP",,
sw07utt/sw_0796_3464.utt,3/sw3464,3464,41,sd,B,18,3,"{C and } I [ would have, + would have ] liked to have seen it,  /","and/CC I/PRP would/MD have/VB ,/, would/MD have/VB liked/VBN to/TO have/VB seen/VBN it/PRP ,/,",,
sw07utt/sw_0796_3464.utt,3/sw3464,3464,42,sd,B,18,4,{C but } I was with my wife  /,but/CC I/PRP was/VBD with/IN my/PRP$ wife/NN,,
sw07utt/sw_0796_3464.utt,3/sw3464,3464,43,sd,B,18,5,{C and } I figured she'd like  THELMA AND LOUISE better  /,and/CC I/PRP figured/VBD she/PRP 'd/MD like/VB THELMA/NNP AND/CC LOUISE/NNP better/RBR,,
sw07utt/sw_0796_3464.utt,3/sw3464,3464,44,%,B,18,6,"{C so, } -/","so/RB ,/,",,
sw07utt/sw_0796_3464.utt,3/sw3464,3464,45,b,A,19,1,Yeah. /,Yeah/UH ./.,,
sw07utt/sw_0796_3464.utt,3/sw3464,3464,46,sd,B,20,1,"{C And } I'd heard it was really good, too  /","And/CC I/PRP 'd/VBD heard/VBN it/PRP was/VBD really/RB good/JJ ,/, too/RB",,
sw07utt/sw_0796_3464.utt,3/sw3464,3464,47,%,B,20,2,"{C so, } -/","so/RB ,/,",,
sw07utt/sw_0796_3464.utt,3/sw3464,3464,48,b,A,21,1,Yeah.  /,Yeah/UH ./.,,
sw07utt/sw_0796_3464.utt,3/sw3464,3464,49,%,A,21,2,"{F Uh, } <throat_clearing> yeah,  /","Uh/UH ,/, yeah/UH ,/,",,
sw07utt/sw_0796_3464.utt,3/sw3464,3464,50,sd,A,21,3,I'm not too familiar with THELMA AND LOUISE.  /,I/PRP 'm/VBP not/RB too/RB familiar/JJ with/IN THELMA/NNP AND/CC LOUISE/NNP ./.,,
sw07utt/sw_0796_3464.utt,3/sw3464,3464,51,sd,A,21,4,"{F Uh, } <throat_clearing> {F uh, } {F uh, } recently  [ I, + I've ] seen, {F uh, } the FISHER KING.  /","Uh/UH ,/, uh/UH ,/, uh/UH ,/, recently/RB I/PRP ,/, I/PRP 've/VBP seen/VBN ,/, uh/UH ,/, the/DT FISHER/NN KING/NN ./.",,
sw07utt/sw_0796_3464.utt,3/sw3464,3464,52,qy,A,21,5,Have you seen that? /,Have/VBP you/PRP seen/VBN that/DT ?/.,,
sw07utt/sw_0796_3464.utt,3/sw3464,3464,53,nn,B,22,1,No. /,No/UH ./.,,
sw07utt/sw_0796_3464.utt,3/sw3464,3464,54,sv,A,23,1,It's a really good show. /,It/PRP 's/BES a/DT really/RB good/JJ show/NN ./.,,
sw07utt/sw_0796_3464.utt,3/sw3464,3464,55,b,B,24,1,Okay. /,Okay/UH ./.,,
sw07utt/sw_0796_3464.utt,3/sw3464,3464,56,sd,A,25,1,"{F Uh, } has Jeff Bridges [ and, + and, ]  {F uh, } <lipsmack> Robin Williams. /","Uh/UH ,/, has/VBZ Jeff/NNP Bridges/NNP and/CC ,/, and/CC ,/, uh/UH ,/, Robin/NNP Williams/NNP ./.",,
sw07utt/sw_0796_3464.utt,3/sw3464,3464,57,b,B,26,1,Uh-huh. /,Uh-huh/UH ./.,,
sw07utt/sw_0796_3464.utt,3/sw3464,3464,58,sv,A,27,1,"{F Uh, } really, really good. /","Uh/UH ,/, really/RB ,/, really/RB good/JJ ./.",,
sw07utt/sw_0796_3464.utt,3/sw3464,3464,59,b,B,28,1,"Yeah,  /","Yeah/UH ,/,",,
sw07utt/sw_0796_3464.utt,3/sw3464,3464,60,sv,B,28,2,"[ there's, + there's ]  been [ a, + a ] fair number [ of, + of ] pretty good movies out recently. /","there/EX 's/HVS ,/, there/EX 's/HVS been/VBN a/DT ,/, a/DT fair/JJ number/NN of/IN ,/, of/IN pretty/RB good/JJ movies/NNS out/RP recently/RB ./.",,
sw07utt/sw_0796_3464.utt,3/sw3464,3464,61,b,A,29,1,Yeah. /,Yeah/UH ./.,,
sw07utt/sw_0796_3464.utt,3/sw3464,3464,62,sv,B,30,1,"{E I mean } it kind of runs in, <laughter>  in batches,  /","I/PRP mean/VBP it/PRP kind/RB of/RB runs/VBZ in/IN ,/, in/IN batches/NNS ,/,",,
sw07utt/sw_0796_3464.utt,3/sw3464,3464,63,sd,B,30,2,"{E I mean, } for a while, sometimes they  come in a whole bunch of them that just,  {A I don't even, } {D you know } --","I/PRP mean/VBP ,/, for/IN a/DT while/NN ,/, sometimes/RB they/PRP come/VBP in/IN a/DT whole/JJ bunch/NN of/IN them/PRP that/WDT just/RB ,/, I/PRP do/VBP n't/RB even/RB ,/, you/PRP know/VBP --/:",,
sw07utt/sw_0796_3464.utt,3/sw3464,3464,64,b,A,31,1,Yeah. /,Yeah/UH ./.,,
sw07utt/sw_0796_3464.utt,3/sw3464,3464,65,+,B,32,1,-- doesn't even sound like something I want to see. /,--/: does/VBZ n't/RB even/RB sound/VB like/IN something/NN I/PRP want/VBP to/TO see/VB ./.,,
sw07utt/sw_0796_3464.utt,3/sw3464,3464,66,b,A,33,1,Uh-huh. /,Uh-huh/UH ./.,,
sw07utt/sw_0796_3464.utt,3/sw3464,3464,67,qw,B,34,1,"[ What, + what ]  kind of movies in general do you like to watch? /","What/WDT ,/, what/WDT kind/NN of/IN movies/NNS in/IN general/JJ do/VBP you/PRP like/VB to/TO watch/VB ?/.",,
sw07utt/sw_0796_3464.utt,3/sw3464,3464,68,sd,A,35,1,"{F Uh, } <throat_clearing> {D well, } I like to be  entertained once in a while  /","Uh/UH ,/, well/UH ,/, I/PRP like/VBP to/TO be/VB entertained/VBN once/RB in/IN a/DT while/NN",,
sw07utt/sw_0796_3464.utt,3/sw3464,3464,69,sd,A,35,2,"{C but, } [ I, + I ] really enjoy watching a movie [ that, + ]  {F uh, } where they don't really try and  attract [ the, + {D you know, } the ] great audience, but  rather put out [ a, + a ] real good movie. /","but/CC ,/, I/PRP ,/, I/PRP really/RB enjoy/VBP watching/VBG a/DT movie/NN that/WDT ,/, uh/UH ,/, where/WRB they/PRP do/VBP n't/RB really/RB try/VB and/CC attract/VB the/DT ,/, you/PRP know/VBP ,/, the/DT great/JJ audience/NN ,/, but/CC rather/RB put/VB out/RP a/DT ,/, a/DT real/RB good/JJ movie/NN ./.",,
sw07utt/sw_0796_3464.utt,3/sw3464,3464,70,b,B,36,1,Uh-huh. /,Uh-huh/UH ./.,,
sw07utt/sw_0796_3464.utt,3/sw3464,3464,71,%,A,37,1,"{F Uh, } it always, - /","Uh/UH ,/, it/PRP always/RB ,/,",,
sw07utt/sw_0796_3464.utt,3/sw3464,3464,72,sd,A,37,2,"[ my, + my ]  favorite movie of all time has been, {F uh, } {F uh, } THE MISSION.  /","my/PRP$ ,/, my/PRP$ favorite/JJ movie/NN of/IN all/DT time/NN has/VBZ been/VBN ,/, uh/UH ,/, uh/UH ,/, THE/DT MISSION/NN ./.",,
sw07utt/sw_0796_3464.utt,3/sw3464,3464,73,qy,A,37,3,Did you ever see that? /,Did/VBD you/PRP ever/RB see/VB that/DT ?/.,,
sw07utt/sw_0796_3464.utt,3/sw3464,3464,74,nn,B,38,1,"No,  /","No/UH ,/,",,
sw07utt/sw_0796_3464.utt,3/sw3464,3464,75,sd^e,B,38,2,"in fact, I'm not even familiar with it,  /","in/IN fact/NN ,/, I/PRP 'm/VBP not/RB even/RB familiar/JJ with/IN it/PRP ,/,",,
sw07utt/sw_0796_3464.utt,3/sw3464,3464,76,h,B,38,3,I don't think. /,I/PRP do/VBP n't/RB think/VB ./.,,
sw07utt/sw_0796_3464.utt,3/sw3464,3464,77,%,A,39,1,"{F Uh, } it's [ a, + a ] <throat_clearing>, - /","Uh/UH ,/, it/PRP 's/BES a/DT ,/, a/DT ,/,",,
sw07utt/sw_0796_3464.utt,3/sw3464,3464,78,sd,A,39,2,"I think it's put out by Landmark Productions, the same people who put out CHARIOTS OF FIRE. /","I/PRP think/VBP it/PRP 's/BES put/VBN out/RP by/IN Landmark/NNP Productions/NNP ,/, the/DT same/JJ people/NNS who/WP put/VBP out/RP CHARIOTS/NNS OF/IN FIRE/NN ./.",,
sw07utt/sw_0796_3464.utt,3/sw3464,3464,79,b,B,40,1,Uh-huh. /,Uh-huh/UH ./.,,
sw07utt/sw_0796_3464.utt,3/sw3464,3464,80,%,A,41,1,"{F Uh, } [ it's a, + it's a, ] - /","Uh/UH ,/, it/PRP 's/BES a/DT ,/, it/PRP 's/BES a/DT ,/,",,
sw07utt/sw_0796_3464.utt,3/sw3464,3464,81,sd,A,41,2,has Robert DeNiro in it.  /,has/VBZ Robert/NNP DeNiro/NNP in/IN it/PRP ./.,,
sw07utt/sw_0796_3464.utt,3/sw3464,3464,82,sd,A,41,3,"{F Uh, } he plays one of the main characters  /","Uh/UH ,/, he/PRP plays/VBZ one/CD of/IN the/DT main/JJ characters/NNS",,
sw07utt/sw_0796_3464.utt,3/sw3464,3464,83,sd,A,41,4,"{C and, } {F uh, } it's about, {F uh, }  Jesuit community [ in, + {F uh, } <lipsmack> at ] the Inca Falls [ in, + in, ] {F uh, } South America, Northern Argentina. /","and/CC ,/, uh/UH ,/, it/PRP 's/BES about/IN ,/, uh/UH ,/, Jesuit/NNP community/NN in/IN ,/, uh/UH ,/, at/IN the/DT Inca/NNP Falls/NNP in/IN ,/, in/IN ,/, uh/UH ,/, South/NNP America/NNP ,/, Northern/NNP Argentina/NNP ./.",,
sw07utt/sw_0796_3464.utt,3/sw3464,3464,84,b,B,42,1,"{F Oh, } uh-huh  /","Oh/UH ,/, uh-huh/UH",,
sw07utt/sw_0796_3464.utt,3/sw3464.pos,3464,85,o,B,42,2,<<very faint>>.,./.
sw07utt/sw_0796_3464.utt,3/sw3464,3464,86,sd,A,43,1,"{F Uh, } really, really good show. /","Uh/UH ,/, really/RB ,/, really/RB good/JJ show/NN ./.",,
sw07utt/sw_0796_3464.utt,3/sw3464,3464,87,+,B,44,1,"No,  /","No/UH ,/,",,
sw07utt/sw_0796_3464.utt,3/sw3464,3464,88,sd,B,44,2,"in fact, [ [ [ I, + I, ] + I'll, ] + I'll ]  look for it because I <laughter>, -/","in/IN fact/NN ,/, I/PRP ,/, I/PRP ,/, I/PRP 'll/MD ,/, I/PRP 'll/MD look/VB for/IN it/PRP because/IN I/PRP ,/,",,
sw07utt/sw_0796_3464.utt,3/sw3464,3464,89,b,A,45,1,"Yeah,  /","Yeah/UH ,/,",,
sw07utt/sw_0796_3464.utt,3/sw3464,3464,90,sv,A,45,2,"[ it's, + it's ] something that, {D you know, } - /","it/PRP 's/BES ,/, it/PRP 's/BES something/NN that/WDT ,/, you/PRP know/VBP ,/,",,
sw07utt/sw_0796_3464.utt,3/sw3464,3464,91,sv,A,45,3,"[ it's, + it's ] really stirring.  /","it/PRP 's/BES ,/, it/PRP 's/BES really/RB stirring/JJ ./.",,
sw07utt/sw_0796_3464.utt,3/sw3464,3464,92,sv,A,45,4,The cinematography is just beautiful {C and } really beautiful scenes and  real good music. /,The/DT cinematography/NN is/VBZ just/RB beautiful/JJ and/CC really/RB beautiful/JJ scenes/NNS and/CC real/RB good/JJ music/NN ./.,,
sw07utt/sw_0796_3464.utt,3/sw3464,3464,93,b,B,46,1,"{D Actually } yeah,  /","Actually/RB yeah/UH ,/,",,
sw07utt/sw_0796_3464.utt,3/sw3464,3464,94,sd,B,46,2,"my wife's from down in that region  [ around the s-, + ] [ the, +  called [ the, + the ] ] Seven Missions [ which are, + which are ] right down [ in this, + ] where I'm sure where it was filmed at. /","my/PRP$ wife/NN 's/BES from/IN down/IN in/IN that/DT region/NN around/IN the/DT s-/XX ,/, the/DT ,/, called/VBD the/DT ,/, the/DT Seven/CD Missions/NNP which/WDT are/VBP ,/, which/WDT are/VBP right/RB down/IN in/IN this/DT ,/, where/WRB I/PRP 'm/VBP sure/JJ where/WRB it/PRP was/VBD filmed/VBN at/IN ./.",,
sw07utt/sw_0796_3464.utt,3/sw3464,3464,95,b,A,47,1,Oh. /,Oh/UH ./.,,
sw07utt/sw_0796_3464.utt,3/sw3464,3464,96,sd,B,48,1,"{C And, } {F uh, }","And/CC ,/, uh/UH ,/,",,
sw07utt/sw_0796_3464.utt,3/sw3464,3464,97,b,A,49,1,Yeah. /,Yeah/UH ./.,,
sw07utt/sw_0796_3464.utt,3/sw3464,3464,98,+,B,50,1,"I'm sure that, that would make it [ worth, + worth ]  her watching.  /","I/PRP 'm/VBP sure/JJ that/IN ,/, that/DT would/MD make/VB it/PRP worth/JJ ,/, worth/JJ her/PRP$ watching/NN ./.",,
sw07utt/sw_0796_3464.utt,3/sw3464,3464,99,%,B,50,2,"She, - /","She/PRP ,/,",,
sw07utt/sw_0796_3464.utt,3/sw3464,3464,100,sd,B,50,3,"[ [ my, + my, ] + {F uh, } my ] movie watching [ [ has, + has, ]  severely, + {F uh, } [ has, + has ] changed ] a lot since I got married. /","my/PRP$ ,/, my/PRP$ ,/, uh/UH ,/, my/PRP$ movie/NN watching/NN has/VBZ ,/, has/VBZ ,/, severely/RB ,/, uh/UH ,/, has/VBZ ,/, has/VBZ changed/VBN a/DT lot/NN since/IN I/PRP got/VBD married/VBN ./.",,
sw07utt/sw_0796_3464.utt,3/sw3464,3464,101,bh,A,51,1,"{F Oh, } yeah? /","Oh/UH ,/, yeah/UH ?/.",,
sw07utt/sw_0796_3464.utt,3/sw3464,3464,102,ny,B,52,1,"Yeah,  /","Yeah/UH ,/,",,
sw07utt/sw_0796_3464.utt,3/sw3464,3464,103,sd^e,B,52,2,"[ she, + she ] likes, {F uh, }  action movies [ [ and, + {F uh, } and, ] + and ]  comedies  /","she/PRP ,/, she/PRP likes/VBZ ,/, uh/UH ,/, action/NN movies/NNS and/CC ,/, uh/UH ,/, and/CC ,/, and/CC comedies/NNS",,
sw07utt/sw_0796_3464.utt,3/sw3464,3464,104,sd,B,52,3,"{C and so }  anything [ that's, + has ] anything --","and/CC so/RB anything/NN that/WDT 's/HVS ,/, has/VBZ anything/NN --/:",,
sw07utt/sw_0796_3464.utt,3/sw3464,3464,105,b,A,53,1,Uh-huh. /,Uh-huh/UH ./.,,
sw07utt/sw_0796_3464.utt,3/sw3464,3464,106,+,B,54,1,"-- [ [ little, + is a little, ] + little bit less ] than sort of mainstream Hollywood [ is + --","--/: little/JJ ,/, is/VBZ a/DT little/JJ ,/, little/JJ bit/NN less/JJR than/IN sort/RB of/RB mainstream/NN Hollywood/NNP is/VBZ --/:",,
sw07utt/sw_0796_3464.utt,3/sw3464,3464,107,b,A,55,1,Uh-huh. /,Uh-huh/UH ./.,,
sw07utt/sw_0796_3464.utt,3/sw3464,3464,108,+,B,56,1,-- is ] boring to her <laughter>. /,--/: is/VBZ boring/JJ to/IN her/PRP$ ./.,,
sw07utt/sw_0796_3464.utt,3/sw3464,3464,109,b,A,57,1,Oh. /,Oh/UH ./.,,
sw07utt/sw_0796_3464.utt,3/sw3464,3464,110,sd,B,58,1,"[ {C And, } + {C and so } [ [ [ [ [ I, + I, ] + I, ] + I ]  really, + I used ] to watch a fair number of foreign films.  /","And/CC ,/, and/CC so/RB I/PRP ,/, I/PRP ,/, I/PRP ,/, I/PRP really/RB ,/, I/PRP used/VBD to/TO watch/VB a/DT fair/JJ number/NN of/IN foreign/JJ films/NNS ./.",,
sw07utt/sw_0796_3464.utt,3/sw3464,3464,111,sd,B,58,2,"I used to watch a lot of,  sort of, [ the less, + the less ] popular films. /","I/PRP used/VBD to/TO watch/VB a/DT lot/NN of/IN ,/, sort/NN of/IN ,/, the/DT less/JJR ,/, the/DT less/RBR popular/JJ films/NNS ./.",,
sw07utt/sw_0796_3464.utt,3/sw3464,3464,112,b,A,59,1,Uh-huh. /,Uh-huh/UH ./.,,
sw07utt/sw_0796_3464.utt,3/sw3464,3464,113,sd,B,60,1,{C And } I find I don't do it anymore or else I have to  watch them on my own. /,And/CC I/PRP find/VBP I/PRP do/VBP n't/RB do/VB it/PRP anymore/RB or/CC else/RB I/PRP have/VBP to/TO watch/VB them/PRP on/IN my/PRP$ own/JJ ./.,,
sw07utt/sw_0796_3464.utt,3/sw3464,3464,114,sd,A,61,1,<Laughter> I'm much the same way.  /,I/PRP 'm/VBP much/JJ the/DT same/JJ way/NN ./.,,
sw07utt/sw_0796_3464.utt,3/sw3464,3464,115,sd,A,61,2,"[ [ [ I, + I, ] + I, ] + I ] have a fiance  /","I/PRP ,/, I/PRP ,/, I/PRP ,/, I/PRP have/VBP a/DT fiance/NN",,
sw07utt/sw_0796_3464.utt,3/sw3464,3464,116,sd,A,61,3,"{C and, } [ it, + it ] gets very difficult to, {F uh, } {F uh, } -/","and/CC ,/, it/PRP ,/, it/PRP gets/VBZ very/RB difficult/JJ to/TO ,/, uh/UH ,/, uh/UH ,/,",,
sw07utt/sw_0796_3464.utt,3/sw3464,3464,117,^2,B,62,1,Find something both of you will watch. /,Find/VB something/NN both/DT of/IN you/PRP will/MD watch/VB ./.,,
sw07utt/sw_0796_3464.utt,3/sw3464,3464,118,aa,A,63,1,"Yeah,  /","Yeah/UH ,/,",,
sw07utt/sw_0796_3464.utt,3/sw3464,3464,119,aa^r,A,63,2,yeah. /,yeah/UH ./.,,
sw07utt/sw_0796_3464.utt,3/sw3464,3464,120,%,B,64,1,"She, - /","She/PRP ,/,",,
sw07utt/sw_0796_3464.utt,3/sw3464,3464,121,sv,B,64,2,"it's funny because most women aren't really, - /","it/PRP 's/BES funny/JJ because/IN most/JJS women/NNS are/VBP n't/RB really/RB ,/,",,
sw07utt/sw_0796_3464.utt,3/sw3464,3464,122,sd,B,64,3,she's sort of Schwarzenegger fan type of. /,she/PRP 's/BES sort/RB of/RB Schwarzenegger/NNP fan/NN type/NN of/RB ./.,,
sw07utt/sw_0796_3464.utt,3/sw3464,3464,123,bh,A,65,1,"{F Oh, } really? /","Oh/UH ,/, really/UH ?/.",,
sw07utt/sw_0796_3464.utt,3/sw3464,3464,124,ny,B,66,1,"Yeah,  /","Yeah/UH ,/,",,
sw07utt/sw_0796_3464.utt,3/sw3464,3464,125,sd^e,B,66,2,she really likes all these gory --,she/PRP really/RB likes/VBZ all/PDT these/DT gory/JJ --/:,,
sw07utt/sw_0796_3464.utt,3/sw3464,3464,126,b,A,67,1,Uh-huh. /,Uh-huh/UH ./.,,
sw07utt/sw_0796_3464.utt,3/sw3464,3464,127,+,B,68,1,-- shoot them up films. /,--/: shoot/VB them/PRP up/RP films/NNS ./.,,
sw07utt/sw_0796_3464.utt,3/sw3464,3464,128,b,A,69,1,Uh-huh. /,Uh-huh/UH ./.,,
sw07utt/sw_0796_3464.utt,3/sw3464,3464,129,sd,B,70,1,Keep her on the edge of her seat. /,Keep/VBP her/PRP on/IN the/DT edge/NN of/IN her/PRP$ seat/NN ./.,,
sw07utt/sw_0796_3464.utt,3/sw3464,3464,130,x,A,71,1,<Laughter>.,,,
sw07utt/sw_0796_3464.utt,3/sw3464,3464,131,sd,B,72,1,"I'll watch them, {D you know, }  /","I/PRP 'll/MD watch/VB them/PRP ,/, you/PRP know/VBP ,/,",,
sw07utt/sw_0796_3464.utt,3/sw3464,3464,132,sv,B,72,2,they're kind of fun to watch in a way. /,they/PRP 're/VBP kind/RB of/RB fun/JJ to/TO watch/VB in/IN a/DT way/NN ./.,,
sw07utt/sw_0796_3464.utt,3/sw3464,3464,133,aa,A,73,1,"Yeah,  /","Yeah/UH ,/,",,
sw07utt/sw_0796_3464.utt,3/sw3464,3464,134,sv,A,73,2,they are.  /,they/PRP are/VBP ./.,,
sw07utt/sw_0796_3464.utt,3/sw3464,3464,135,sv,A,73,3,Sometimes you're in the mood for it even. /,Sometimes/RB you/PRP 're/VBP in/IN the/DT mood/NN for/IN it/PRP even/RB ./.,,
sw07utt/sw_0796_3464.utt,3/sw3464,3464,136,sd,B,74,1,"<Laughter> {C But, } {F uh, } {C so } [ [ it, + it, ] + it ]  varies,  /","But/CC ,/, uh/UH ,/, so/RB it/PRP ,/, it/PRP ,/, it/PRP varies/VBZ ,/,",,
sw07utt/sw_0796_3464.utt,3/sw3464,3464,137,sd,B,74,2,"I don't seem to get, {D you know, } as much variety these days lately --","I/PRP do/VBP n't/RB seem/VB to/TO get/VB ,/, you/PRP know/VBP ,/, as/IN much/JJ variety/NN these/DT days/NNS lately/RB --/:",,
sw07utt/sw_0796_3464.utt,3/sw3464,3464,138,b,A,75,1,Uh-huh. /,Uh-huh/UH ./.,,
sw07utt/sw_0796_3464.utt,3/sw3464,3464,139,+,B,76,1,-- as I used to. /,--/: as/IN I/PRP used/VBD to/TO ./.,,
sw07utt/sw_0796_3464.utt,3/sw3464,3464,140,sd,A,77,1,"I found [ [ when, + when ] I get, + when I get ]  with my, {F uh, } old college buddy, [ we, + we ] usually rent, {F uh, } good gladiator movie or two <breathing>. /","I/PRP found/VBD when/WRB ,/, when/WRB I/PRP get/VBP ,/, when/WRB I/PRP get/VBP with/IN my/PRP$ ,/, uh/UH ,/, old/JJ college/NN buddy/NN ,/, we/PRP ,/, we/PRP usually/RB rent/VBP ,/, uh/UH ,/, good/JJ gladiator/NN movie/NN or/CC two/CD ./.",,
sw07utt/sw_0796_3464.utt,3/sw3464,3464,141,x,B,78,1,<Laughter>.,,,
sw07utt/sw_0796_3464.utt,3/sw3464,3464,142,sd,A,79,1,"{F Uh, }  ((   ))  I still enjoy watching those.  /","Uh/UH ,/, MUMBLEx/XX I/PRP still/RB enjoy/VBP watching/VBG those/DT ./.",,
sw07utt/sw_0796_3464.utt,3/sw3464,3464,143,sv,A,79,2,"You can't just watch them by yourself or else,","You/PRP ca/MD n't/RB just/RB watch/VB them/PRP by/IN yourself/PRP or/CC else/RB ,/,",,
sw07utt/sw_0796_3464.utt,3/sw3464,3464,144,x,B,80,1,<Laughter>.,,,
sw07utt/sw_0796_3464.utt,3/sw3464,3464,145,+,A,81,1,it's not bearable.  /,it/PRP 's/BES not/RB bearable/JJ ./.,,
sw07utt/sw_0796_3464.utt,3/sw3464,3464,146,sv,A,81,2,"{C But } [ it's, + it's ] fun to, -/","But/CC it/PRP 's/BES ,/, it/PRP 's/BES fun/JJ to/TO ,/,",,
sw07utt/sw_0796_3464.utt,3/sw3464,3464,147,aa,B,82,1,"{D Well, } yeah,  /","Well/UH ,/, yeah/UH ,/,",,
sw07utt/sw_0796_3464.utt,3/sw3464,3464,148,sd,B,82,2,"on the other hand, {D you know, }  given that my wife likes those, [ [ I, + I, ] + {D say, } I ] occasionally like to watch them  /","on/IN the/DT other/JJ hand/NN ,/, you/PRP know/VBP ,/, given/VBN that/IN my/PRP$ wife/NN likes/VBZ those/DT ,/, I/PRP ,/, I/PRP ,/, say/VBP ,/, I/PRP occasionally/RB like/VBP to/TO watch/VB them/PRP",,
sw07utt/sw_0796_3464.utt,3/sw3464,3464,149,sd,B,82,3,"[ {C and, } + {C and } ] [ {C so, } + {F uh, } {D you know, } {C so } ] [ it's, + you ] can always count on her to  watch something like that <noise>.  /","and/CC ,/, and/CC so/RB ,/, uh/UH ,/, you/PRP know/VBP ,/, so/RB it/PRP 's/BES ,/, you/PRP can/MD always/RB count/VB on/IN her/PRP to/TO watch/VB something/NN like/IN that/DT ./.",,
sw07utt/sw_0796_3464.utt,3/sw3464,3464,150,sd,B,82,4,{C And } she'll even watch things like karate movies and stuff like that.,And/CC she/PRP 'll/MD even/RB watch/VB things/NNS like/IN karate/NN movies/NNS and/CC stuff/NN like/IN that/DT ./.,,
sw07utt/sw_0796_3464.utt,3/sw3464,3464,151,bh,A,83,1,"{F Oh, } yeah? /","Oh/UH ,/, yeah/UH ?/.",,
sw07utt/sw_0796_3464.utt,3/sw3464,3464,152,+,B,84,1,"{D You know, } which [ most, + most ] women now <laughter> --","You/PRP know/VBP ,/, which/WDT most/JJS ,/, most/JJS women/NNS now/RB --/:",,
sw07utt/sw_0796_3464.utt,3/sw3464,3464,153,aa,A,85,1,"Yeah,  /","Yeah/UH ,/,",,
sw07utt/sw_0796_3464.utt,3/sw3464,3464,154,aa^r,A,85,2,"yeah,  /","yeah/UH ,/,",,
sw07utt/sw_0796_3464.utt,3/sw3464,3464,155,bf,A,85,3,"[ that's, + that's, ]","that/DT 's/BES ,/, that/DT 's/BES ,/,",,
sw07utt/sw_0796_3464.utt,3/sw3464,3464,156,+,B,86,1,"-- won't,  /","--/: wo/MD n't/RB ,/,",,
sw07utt/sw_0796_3464.utt,3/sw3464,3464,157,sv,B,86,2,"they won't come within ten feet of,","they/PRP wo/MD n't/RB come/VB within/IN ten/CD feet/NNS of/IN ,/,",,
sw07utt/sw_0796_3464.utt,3/sw3464,3464,158,+,A,87,1,"<Laughter> The ones where they [ dub in, + dub in ] the English. /","The/DT ones/NNS where/WRB they/PRP dub/VBP in/IN ,/, dub/NN in/IN the/DT English/NNP ./.",,
sw07utt/sw_0796_3464.utt,3/sw3464,3464,159,+,B,88,1,"[ All  the, + all the ]  (( ya ))  <laughter>.","All/PDT the/DT ,/, all/PDT the/DT ya/UH ./.",,
sw07utt/sw_0796_3464.utt,3/sw3464,3464,160,x,A,89,1,<Laughter>.,,,
sw07utt/sw_0796_3464.utt,3/sw3464,3464,161,+,B,90,1,All the sounds of the karate chops  flying through the air <laughter>. /,All/PDT the/DT sounds/NNS of/IN the/DT karate/NN chops/NNS flying/VBG through/IN the/DT air/NN ./.,,
sw07utt/sw_0796_3464.utt,3/sw3464,3464,162,x,A,91,1,<Laughter>.,,,
sw07utt/sw_0796_3464.utt,3/sw3464,3464,163,fe,B,92,1,(( A-cha! )) . /,A-cha/UH !/. ./.,,
sw07utt/sw_0796_3464.utt,3/sw3464,3464,164,ba,A,93,1,That's great.  /,That/DT 's/BES great/JJ ./.,,
sw07utt/sw_0796_3464.utt,3/sw3464,3464,165,qy,A,93,2,"{F Uh, } {F uh, }  on foreign films [ [ did, + {F uh, } did ] you, +  did you ] watch, - /","Uh/UH ,/, uh/UH ,/, on/IN foreign/JJ films/NNS did/VBD ,/, uh/UH ,/, did/VBD you/PRP ,/, did/VBD you/PRP watch/VB ,/,",,
sw07utt/sw_0796_3464.utt,3/sw3464,3464,166,qy,A,93,3,"are you, {F uh, } fluent in another language  /","are/VBP you/PRP ,/, uh/UH ,/, fluent/JJ in/IN another/DT language/NN",,
sw07utt/sw_0796_3464.utt,3/sw3464,3464,167,%,A,93,4,"{C or, } -/","or/CC ,/,",,
sw07utt/sw_0796_3464.utt,3/sw3464,3464,168,%,B,94,1,"I s-, - /","I/PRP s-/XX ,/,",,
sw07utt/sw_0796_3464.utt,3/sw3464,3464,169,ny,B,94,2,"yeah,  /","yeah/UH ,/,",,
sw07utt/sw_0796_3464.utt,3/sw3464,3464,170,sd^e,B,94,3,"I speak several, {F uh, }  /","I/PRP speak/VBP several/JJ ,/, uh/UH ,/,",,
sw07utt/sw_0796_3464.utt,3/sw3464,3464,171,sd,B,94,4,"{C but, }  [ I, + I ] don't mind watching subtitle movies.  {F Uh, } /","but/CC ,/, I/PRP ,/, I/PRP do/VBP n't/RB mind/VB watching/VBG subtitle/NN movies/NNS ./. Uh/UH ,/,",,
sw07utt/sw_0796_3464.utt,3/sw3464,3464,172,bh,A,95,1,"{F Oh, } you don't? /","Oh/UH ,/, you/PRP do/VBP n't/RB ?/.",,
sw07utt/sw_0796_3464.utt,3/sw3464,3464,173,nn,B,96,1,"No,  /","No/UH ,/,",,
sw07utt/sw_0796_3464.utt,3/sw3464,3464,174,%,B,96,2,"[ I, + I, ] -/","I/PRP ,/, I/PRP ,/,",,
sw07utt/sw_0796_3464.utt,3/sw3464,3464,175,sd,A,97,1,I don't either.  /,I/PRP do/VBP n't/RB either/RB ./.,,
sw07utt/sw_0796_3464.utt,3/sw3464,3464,176,sd,A,97,2,"[ I, + I ] feel foolish sometimes  because [ I, + I ] don't speak another language fluently  /","I/PRP ,/, I/PRP feel/VBP foolish/JJ sometimes/RB because/IN I/PRP ,/, I/PRP do/VBP n't/RB speak/VB another/DT language/NN fluently/RB",,
sw07utt/sw_0796_3464.utt,3/sw3464,3464,177,sd,A,97,3,{C but } I do enjoy watching --,but/CC I/PRP do/VBP enjoy/VB watching/NN --/:,,
sw07utt/sw_0796_3464.utt,3/sw3464,3464,178,b,B,98,1,Yeah. /,Yeah/UH ./.,,
sw07utt/sw_0796_3464.utt,3/sw3464,3464,179,+,A,99,1,"-- {D you know, } subtitles. /","--/: you/PRP know/VBP ,/, subtitles/NNS ./.",,
sw07utt/sw_0796_3464.utt,3/sw3464,3464,180,sv,B,100,1,"{E I mean, } for some people, that's just, {D you know, }  that's out of the question, {D you know. }  /","I/PRP mean/VBP ,/, for/IN some/DT people/NNS ,/, that/DT 's/BES just/RB ,/, you/PRP know/VBP ,/, that/DT 's/BES out/IN of/IN the/DT question/NN ,/, you/PRP know/VBP ./.",,
sw07utt/sw_0796_3464.utt,3/sw3464,3464,181,sv,B,100,2,"You give it subtitles, they won't watch, /","You/PRP give/VBP it/PRP subtitles/NNS ,/, they/PRP wo/MD n't/RB watch/VB ,/,",,
