swda_filename,ptb_basename,conversation_no,transcript_index,act_tag,caller,utterance_index,subutterance_index,text,pos,trees,ptb_treenumbers
sw07utt/sw_0737_2110.utt,2/sw2110,2110,0,o,B,1,1,"Okay,  /","Okay/UH ,/,",,
sw07utt/sw_0737_2110.utt,2/sw2110,2110,1,ad^t,B,1,2,"{D well, } go ahead,  /","well/UH ,/, go/VB ahead/RB ,/,",,
sw07utt/sw_0737_2110.utt,2/sw2110,2110,2,co^t,B,1,3,I'll let you start. /,I/PRP 'll/MD let/VB you/PRP start/VB ./.,,
sw07utt/sw_0737_2110.utt,2/sw2110,2110,3,sd,A,2,1,"<Laughter> {F Uh, } I was thinking about whether or not we should have people, {F uh, } be required to do public service for a year or two. /","Uh/UH ,/, I/PRP was/VBD thinking/VBG about/IN whether/RB or/CC not/RB we/PRP should/MD have/VB people/NNS ,/, uh/UH ,/, be/VB required/JJ to/TO do/VB public/JJ service/NN for/IN a/DT year/NN or/CC two/CD ./.",,
sw07utt/sw_0737_2110.utt,2/sw2110,2110,4,b,B,3,1,Uh-huh. /,Uh-huh/UH ./.,,
sw07utt/sw_0737_2110.utt,2/sw2110,2110,5,sd,A,4,1,"{C And } I was thinking that you needed to put some waivers in there for the handicapped and also for people that had to stay  home and maybe be wage earners for their family,  /","And/CC I/PRP was/VBD thinking/VBG that/IN you/PRP needed/VBD to/TO put/VB some/DT waivers/NNS in/IN there/RB for/IN the/DT handicapped/JJ and/CC also/RB for/IN people/NNS that/WDT had/VBD to/TO stay/VB home/NN and/CC maybe/RB be/VB wage/NN earners/NNS for/IN their/PRP$ family/NN ,/,",,
sw07utt/sw_0737_2110.utt,2/sw2110,2110,6,sd,A,4,2,{C or } they had somebody at home  that was ill that they had to tend to.  /,or/CC they/PRP had/VBD somebody/NN at/IN home/NN that/WDT was/VBD ill/JJ that/WDT they/PRP had/VBD to/TO tend/VB to/IN ./.,,
sw07utt/sw_0737_2110.utt,2/sw2110,2110,7,sv,A,4,3,"{E I mean, } you can't make it everybody. /","I/PRP mean/VBP ,/, you/PRP ca/MD n't/RB make/VB it/PRP everybody/NN ./.",,
sw07utt/sw_0737_2110.utt,2/sw2110,2110,8,aa,B,5,1,"Right,  /","Right/UH ,/,",,
sw07utt/sw_0737_2110.utt,2/sw2110,2110,9,aa,B,5,2,yeah. /,yeah/UH ./.,,
sw07utt/sw_0737_2110.utt,2/sw2110,2110,10,sv,A,6,1,"{C But } then you need to make it sure that the rich people can't buy somebody off [ and, + and ] maybe send them in their places or get out of it some other way too. /","But/CC then/RB you/PRP need/VBP to/TO make/VB it/PRP sure/RB that/IN the/DT rich/JJ people/NNS ca/MD n't/RB buy/VB somebody/NN off/RP and/CC ,/, and/CC maybe/RB send/VB them/PRP in/IN their/PRP$ places/NNS or/CC get/VB out/IN of/IN it/PRP some/DT other/JJ way/NN too/RB ./.",,
sw07utt/sw_0737_2110.utt,2/sw2110,2110,11,aa,B,7,1,"<TV> Uh-huh,  /","Uh-huh/UH ,/,",,
sw07utt/sw_0737_2110.utt,2/sw2110,2110,12,sv,B,7,2,"{C or } it could be like  the draft where, {D you know, } before they draft you, [ they ta-, + ]  {F uh, } you get a physical anyway.  /","or/CC it/PRP could/MD be/VB like/IN the/DT draft/NN where/WRB ,/, you/PRP know/VBP ,/, before/IN they/PRP draft/VBP you/PRP ,/, they/PRP ta-/XX ,/, uh/UH ,/, you/PRP get/VBP a/DT physical/NN anyway/RB ./.",,
sw07utt/sw_0737_2110.utt,2/sw2110,2110,13,sv,B,7,3,{C So } when they send you a draft notice and [ then + ] they give you a  physical - /,So/RB when/WRB they/PRP send/VBP you/PRP a/DT draft/NN notice/NN and/CC then/RB they/PRP give/VBP you/PRP a/DT physical/NN,,
sw07utt/sw_0737_2110.utt,2/sw2110,2110,14,sv,B,7,4,"{C and } if there's nothing physically wrong with you, then you're drafted.  /","and/CC if/IN there/EX 's/BES nothing/NN physically/RB wrong/JJ with/IN you/PRP ,/, then/RB you/PRP 're/VBP drafted/VBN ./.",,
sw07utt/sw_0737_2110.utt,2/sw2110,2110,15,sv,B,7,5,It doesn't matter how rich you are. /,It/PRP does/VBZ n't/RB matter/VB how/WRB rich/JJ you/PRP are/VBP ./.,,
sw07utt/sw_0737_2110.utt,2/sw2110,2110,16,x,A,8,1,<Laughter>.,,,
sw07utt/sw_0737_2110.utt,2/sw2110,2110,17,aa,B,9,1,That would be good. /,That/DT would/MD be/VB good/JJ ./.,,
sw07utt/sw_0737_2110.utt,2/sw2110,2110,18,sv,A,10,1,"{C And then } we could maybe give physicals to the rest of the family members,  /","And/CC then/RB we/PRP could/MD maybe/RB give/VB physicals/NNS to/IN the/DT rest/NN of/IN the/DT family/NN members/NNS ,/,",,
sw07utt/sw_0737_2110.utt,2/sw2110,2110,19,^g,A,10,2,right. /,right/UH ./.,,
sw07utt/sw_0737_2110.utt,2/sw2110,2110,20,br,B,11,1,What did you say? /,What/WP did/VBD you/PRP say/VB ?/.,,
sw07utt/sw_0737_2110.utt,2/sw2110,2110,21,sv^r,A,12,1,Give physicals to the rest of the family members /,Give/VB physicals/NNS to/IN the/DT rest/NN of/IN the/DT family/NN members/NNS,,
sw07utt/sw_0737_2110.utt,2/sw2110,2110,22,sv,A,12,2,{C and } they all had to pass. /,and/CC they/PRP all/DT had/VBD to/TO pass/VB ./.,,
sw07utt/sw_0737_2110.utt,2/sw2110,2110,23,aa,B,13,1,"{F Oh, } yeah. /","Oh/UH ,/, yeah/UH ./.",,
sw07utt/sw_0737_2110.utt,2/sw2110,2110,24,x,A,14,1,<Laughter>.,,,
sw07utt/sw_0737_2110.utt,2/sw2110,2110,25,%,B,15,1,{F Uh. } /,Uh/UH ./.,,
sw07utt/sw_0737_2110.utt,2/sw2110,2110,26,sv,A,16,1,"{F Uh, } I thought it  a good idea too,  though would be to extend this and make people that are accepting public welfare have to do  something along this line before they got any money. /","Uh/UH ,/, I/PRP thought/VBD it/PRP a/DT good/JJ idea/NN too/RB ,/, though/IN would/MD be/VB to/TO extend/VB this/DT and/CC make/VB people/NNS that/WDT are/VBP accepting/VBG public/JJ welfare/NN have/VBP to/TO do/VB something/NN along/IN this/DT line/NN before/IN they/PRP got/VBD any/DT money/NN ./.",,
sw07utt/sw_0737_2110.utt,2/sw2110,2110,27,aa,B,17,1,"Uh-huh,  /","Uh-huh/UH ,/,",,
sw07utt/sw_0737_2110.utt,2/sw2110,2110,28,aa,B,17,2,that's true. /,that/DT 's/BES true/JJ ./.,,
sw07utt/sw_0737_2110.utt,2/sw2110,2110,29,sv,A,18,1,"{C And, } {F uh, } if they did this, maybe help them out in their college cost  /","And/CC ,/, uh/UH ,/, if/IN they/PRP did/VBD this/DT ,/, maybe/RB help/VB them/PRP out/RP in/IN their/PRP$ college/NN cost/NN",,
sw07utt/sw_0737_2110.utt,2/sw2110,2110,30,sv,A,18,2,"{C and } maybe they could pay people for doing this, at least something,  /","and/CC maybe/RB they/PRP could/MD pay/VB people/NNS for/IN doing/VBG this/DT ,/, at/IN least/JJS something/NN ,/,",,
sw07utt/sw_0737_2110.utt,2/sw2110,2110,31,sv,A,18,3,"{C so } they [ co-, + could ] subsist. /","so/RB they/PRP co/MD ,/, could/MD subsist/VB ./.",,
sw07utt/sw_0737_2110.utt,2/sw2110,2110,32,aa,B,19,1,{D Well } that's true.  /,Well/UH that/DT 's/BES true/JJ ./.,,
sw07utt/sw_0737_2110.utt,2/sw2110,2110,33,sd,B,19,2,"America's paying all this money to have other people give, {F uh, } aid to other countries,  /","America/NNP 's/BES paying/VBG all/PDT this/DT money/NN to/TO have/VB other/JJ people/NNS give/VBP ,/, uh/UH ,/, aid/NN to/IN other/JJ countries/NNS ,/,",,
sw07utt/sw_0737_2110.utt,2/sw2110,2110,34,sv,B,19,3,{C so } they could be  paying their own people and training their own people at the same time. /,so/IN they/PRP could/MD be/VB paying/VBG their/PRP$ own/JJ people/NNS and/CC training/VBG their/PRP$ own/JJ people/NNS at/IN the/DT same/JJ time/NN ./.,,
sw07utt/sw_0737_2110.utt,2/sw2110,2110,35,b,A,20,1,Yeah. /,Yeah/UH ./.,,
sw07utt/sw_0737_2110.utt,2/sw2110,2110,36,sd,B,21,1,"{C Because, } {D actually, } [ when you, + when you ]  do, {F uh, } service overseas you end up learning something, usually [ that's, + that's ]  really useful, plumbing, or  farming, [ or, + or ] something like that,  /","Because/IN ,/, actually/RB ,/, when/WRB you/PRP ,/, when/WRB you/PRP do/VBP ,/, uh/UH ,/, service/NN overseas/JJ you/PRP end/VBP up/RP learning/VBG something/NN ,/, usually/RB that/DT 's/BES ,/, that/DT 's/BES really/RB useful/JJ ,/, plumbing/NN ,/, or/CC farming/NN ,/, or/CC ,/, or/CC something/NN like/IN that/DT ,/,",,
sw07utt/sw_0737_2110.utt,2/sw2110,2110,37,sd,B,21,2,{C so } you're really learning a skill </TV>. /,so/RB you/PRP 're/VBP really/RB learning/VBG a/DT skill/NN ./.,,
sw07utt/sw_0737_2110.utt,2/sw2110,2110,38,b,A,22,1,"Yeah,  /","Yeah/UH ,/,",,
sw07utt/sw_0737_2110.utt,2/sw2110,2110,39,sv,A,22,2,"{C and } you know all these old people, they would get out of this right.  /","and/CC you/PRP know/VBP all/PDT these/DT old/JJ people/NNS ,/, they/PRP would/MD get/VB out/IN of/IN this/DT right/UH ./.",,
sw07utt/sw_0737_2110.utt,2/sw2110,2110,40,sd,A,22,3,All the ones that are already retired. - /,All/DT the/DT ones/NNS that/WDT are/VBP already/RB retired/JJ ./.,,
sw07utt/sw_0737_2110.utt,2/sw2110,2110,41,sv,A,22,4,{C So } what we could  do is take all the retired people that are going around in their big mobile homes and they could do public service all over the country. /,So/RB what/WP we/PRP could/MD do/VB is/VBZ take/VB all/PDT the/DT retired/JJ people/NNS that/WDT are/VBP going/VBG around/RB in/IN their/PRP$ big/JJ mobile/JJ homes/NNS and/CC they/PRP could/MD do/VB public/JJ service/NN all/RB over/IN the/DT country/NN ./.,,
sw07utt/sw_0737_2110.utt,2/sw2110,2110,42,br,B,23,1,<Child> <<in background>> What did you say?  /,What/WP did/VBD you/PRP say/VBP ?/.,,
sw07utt/sw_0737_2110.utt,2/sw2110,2110,43,%,B,23,2,Uh-huh. /,Uh-huh/UH ./.,,
sw07utt/sw_0737_2110.utt,2/sw2110,2110,44,sd,A,24,1,I'm just teasing <laughter>. /,I/PRP 'm/VBP just/RB teasing/VBG ./.,,
sw07utt/sw_0737_2110.utt,2/sw2110,2110,45,b,B,25,1,"Yeah,  /","Yeah/UH ,/,",,
sw07utt/sw_0737_2110.utt,2/sw2110,2110,46,sv,B,25,2,"[ I, + I, ] think, {D well } that's probably the idea,  /","I/PRP ,/, I/PRP ,/, think/VBP ,/, well/UH that/DT 's/BES probably/RB the/DT idea/NN ,/,",,
sw07utt/sw_0737_2110.utt,2/sw2110,2110,47,sd,B,25,3,"I don't know whether the idea is to be within the country, or outside the country. /","I/PRP do/VBP n't/RB know/VB whether/IN the/DT idea/NN is/VBZ to/TO be/VB within/IN the/DT country/NN ,/, or/CC outside/IN the/DT country/NN ./.",,
sw07utt/sw_0737_2110.utt,2/sw2110,2110,48,sv,A,26,1,{D Well } I thought it would be a good idea if maybe you  took some of the kids and had them go over to other countries  /,Well/UH I/PRP thought/VBD it/PRP would/MD be/VB a/DT good/JJ idea/NN if/IN maybe/RB you/PRP took/VBD some/DT of/IN the/DT kids/NNS and/CC had/VBD them/PRP go/VB over/IN to/IN other/JJ countries/NNS,,
sw07utt/sw_0737_2110.utt,2/sw2110,2110,49,sv,A,26,2,"{C and } children from their countries came over to ours too, a trade off. /","and/CC children/NNS from/IN their/PRP$ countries/NNS came/VBD over/RB to/IN ours/PRP$ too/RB ,/, a/DT trade/GW off/^NN ./.",,
sw07utt/sw_0737_2110.utt,2/sw2110,2110,50,aa,B,27,1,"Yeah,  /","Yeah/UH ,/,",,
sw07utt/sw_0737_2110.utt,2/sw2110,2110,51,sv,B,27,2,"that would be neat,  /","that/DT would/MD be/VB neat/JJ ,/,",,
sw07utt/sw_0737_2110.utt,2/sw2110,2110,52,aa,B,27,3,yeah  /,yeah/UH,,
sw07utt/sw_0737_2110.utt,2/sw2110,2110,53,bf,B,27,4,sort of like an exchange program. /,sort/RB of/RB like/IN an/DT exchange/NN program/NN ./.,,
sw07utt/sw_0737_2110.utt,2/sw2110,2110,54,aa,A,28,1,Yeah. /,Yeah/UH ./.,,
sw07utt/sw_0737_2110.utt,2/sw2110,2110,55,b,B,29,1,Uh-huh. /,Uh-huh/UH ./.,,
sw07utt/sw_0737_2110.utt,2/sw2110,2110,56,sd,A,30,1,"{C And } other than that, I can't think of any other ideas. /","And/CC other/JJ than/IN that/DT ,/, I/PRP ca/MD n't/RB think/VB of/IN any/DT other/JJ ideas/NNS ./.",,
sw07utt/sw_0737_2110.utt,2/sw2110,2110,57,b,B,31,1,"Yeah,  /","Yeah/UH ,/,",,
sw07utt/sw_0737_2110.utt,2/sw2110,2110,58,sv^r,B,31,2,that'd be sort of neat.  /,that/DT 'd/MD be/VB sort/RB of/RB neat/JJ ./.,,
sw07utt/sw_0737_2110.utt,2/sw2110,2110,59,sd,B,31,3,"I like the idea of, {F uh, }  being, {F uh, } a mandatory thing for welfare.  /","I/PRP like/VBP the/DT idea/NN of/IN ,/, uh/UH ,/, being/VBG ,/, uh/UH ,/, a/DT mandatory/JJ thing/NN for/IN welfare/NN ./.",,
sw07utt/sw_0737_2110.utt,2/sw2110,2110,60,%,B,31,4,"Course that's what, {F um, } - /","Course/NN that/DT 's/BES what/WP ,/, um/UH ,/,",,
sw07utt/sw_0737_2110.utt,2/sw2110,2110,61,sd,B,31,5,"that's sort of like what Truman had,  /","that/DT 's/BES sort/RB of/RB like/IN what/WP Truman/NNP had/VBD ,/,",,
sw07utt/sw_0737_2110.utt,2/sw2110,2110,62,qrr,B,31,6,"{C or } was it Roosevelt,  /","or/CC was/VBD it/PRP Roosevelt/NNP ,/,",,
sw07utt/sw_0737_2110.utt,2/sw2110,2110,63,sd,B,31,7,"I can't remember, {F um, }  /","I/PRP ca/MD n't/RB remember/VB ,/, um/UH ,/,",,
sw07utt/sw_0737_2110.utt,2/sw2110,2110,64,sd,B,31,8,"with the big, -/","with/IN the/DT big/JJ ,/,",,
sw07utt/sw_0737_2110.utt,2/sw2110,2110,65,bf,A,32,1,{F Oh } with W P A. /,Oh/UH with/IN W/NNP P/NNP A/NNP ./.,,
sw07utt/sw_0737_2110.utt,2/sw2110,2110,66,aa,B,33,1,Yeah. /,Yeah/UH ./.,,
sw07utt/sw_0737_2110.utt,2/sw2110,2110,67,b,A,34,1,Yeah. /,Yeah/UH ./.,,
sw07utt/sw_0737_2110.utt,2/sw2110,2110,68,%,B,35,1,"Getting people, {F uh, } - /","Getting/VBG people/NNS ,/, uh/UH ,/,",,
sw07utt/sw_0737_2110.utt,2/sw2110,2110,69,sd,B,35,2,"[ the, + the ]  work program  and [ all the, + all the ] make work jobs.  /","the/DT ,/, the/DT work/NN program/NN and/CC all/PDT the/DT ,/, all/PDT the/DT make/VBP work/NN jobs/NNS ./.",,
sw07utt/sw_0737_2110.utt,2/sw2110,2110,70,sd,B,35,3,That was sort of public service in a way all the highways they started building. /,That/DT was/VBD sort/RB of/RB public/JJ service/NN in/IN a/DT way/NN all/PDT the/DT highways/NNS they/PRP started/VBD building/VBG ./.,,
sw07utt/sw_0737_2110.utt,2/sw2110,2110,71,sd,A,36,1,{C And } we're still using those things too. /,And/CC we/PRP 're/VBP still/RB using/VBG those/DT things/NNS too/RB ./.,,
sw07utt/sw_0737_2110.utt,2/sw2110,2110,72,br,B,37,1,What did you say? /,What/WP did/VBD you/PRP say/VB ?/.,,
sw07utt/sw_0737_2110.utt,2/sw2110,2110,73,sd^r,A,38,1,We're still using those things. /,We/PRP 're/VBP still/RB using/VBG those/DT things/NNS ./.,,
sw07utt/sw_0737_2110.utt,2/sw2110,2110,74,aa,B,39,1,"Yeah,  /","Yeah/UH ,/,",,
sw07utt/sw_0737_2110.utt,2/sw2110,2110,75,sd,B,39,2,that's true a lot of them are still out there. /,that/DT 's/BES true/JJ a/DT lot/NN of/IN them/PRP are/VBP still/RB out/IN there/RB ./.,,
sw07utt/sw_0737_2110.utt,2/sw2110,2110,76,x,A,40,1,<Laughter>.,,,
sw07utt/sw_0737_2110.utt,2/sw2110,2110,77,sd,B,41,1,Like all these wonderful highways in West Virginia and no one knows why. /,Like/IN all/PDT these/DT wonderful/JJ highways/NNS in/IN West/NNP Virginia/NNP and/CC no/DT one/NN knows/VBZ why/WRB ./.,,
sw07utt/sw_0737_2110.utt,2/sw2110,2110,78,sd,A,42,1,"They built lodges before too, like at Caddo Lake./","They/PRP built/VBD lodges/NNS before/RB too/RB ,/, like/IN at/IN Caddo/NNP Lake/NNP ./.",,
sw07utt/sw_0737_2110.utt,2/sw2110,2110,79,br^m,B,43,1,Lake what? /,Lake/NNP what/WP ?/.,,
sw07utt/sw_0737_2110.utt,2/sw2110,2110,80,sd^r,A,44,1,Caddo Lake. /,Caddo/NNP Lake/NNP ./.,,
sw07utt/sw_0737_2110.utt,2/sw2110,2110,81,b^m,B,45,1,Caddo Lake. /,Caddo/NNP Lake/NNP ./.,,
sw07utt/sw_0737_2110.utt,2/sw2110,2110,82,sd,A,46,1,"It's between Texas and Louisiana,  /","It/PRP 's/BES between/IN Texas/NNP and/CC Louisiana/NNP ,/,",,
sw07utt/sw_0737_2110.utt,2/sw2110,2110,83,sd,A,46,2,it crosses into both of them. /,it/PRP crosses/VBZ into/IN both/DT of/IN them/PRP ./.,,
sw07utt/sw_0737_2110.utt,2/sw2110,2110,84,o,B,47,1,"No,  /","No/UH ,/,",,
sw07utt/sw_0737_2110.utt,2/sw2110,2110,85,sd,B,47,2,I've never heard of it. /,I/PRP 've/VBP never/RB heard/VBN of/IN it/PRP ./.,,
sw07utt/sw_0737_2110.utt,2/sw2110,2110,86,sv,A,48,1,"{D Well, } it's real pretty,  /","Well/UH ,/, it/PRP 's/BES real/RB pretty/JJ ,/,",,
sw07utt/sw_0737_2110.utt,2/sw2110,2110,87,sd,A,48,2,it's like a swamp. /,it/PRP 's/BES like/IN a/DT swamp/NN ./.,,
sw07utt/sw_0737_2110.utt,2/sw2110,2110,88,b,B,49,1,Oh <laughter>. /,Oh/UH ./.,,
sw07utt/sw_0737_2110.utt,2/sw2110,2110,89,sd,A,50,1,"{D You know } with all the Spanish moss on the trees,  [ it's really, + it's eerie. ] /","You/PRP know/VBP with/IN all/PDT the/DT Spanish/JJ moss/NN on/IN the/DT trees/NNS ,/, it/PRP 's/BES really/RB ,/, it/PRP 's/BES eerie/JJ ./.",,
sw07utt/sw_0737_2110.utt,2/sw2110,2110,90,bk,B,51,1,"{F Oh } okay,  /","Oh/UH okay/UH ,/,",,
sw07utt/sw_0737_2110.utt,2/sw2110,2110,91,b^m,B,51,2,"real pretty, like a swamp,  /","real/RB pretty/JJ ,/, like/IN a/DT swamp/NN ,/,",,
sw07utt/sw_0737_2110.utt,2/sw2110,2110,92,%,B,51,3,{F oh } yeah. /,oh/UH yeah/UH ./.,,
sw07utt/sw_0737_2110.utt,2/sw2110,2110,93,b,A,52,1,<Laughter> Yeah. /,Yeah/UH ./.,,
sw07utt/sw_0737_2110.utt,2/sw2110,2110,94,bk^r,B,53,1,"{F Oh, } okay,  /","Oh/UH ,/, okay/UH ,/,",,
sw07utt/sw_0737_2110.utt,2/sw2110,2110,95,b,B,53,2,"yeah,  /","yeah/UH ,/,",,
sw07utt/sw_0737_2110.utt,2/sw2110,2110,96,%,B,53,3,"I been, {F uh, } - /","I/PRP been/VBN ,/, uh/UH ,/,",,
sw07utt/sw_0737_2110.utt,2/sw2110,2110,97,sd^t,B,53,4,"I [ got, + ] {F uh, } talked to someone else before that was [ a, + {F uh, } a ] Texan,  /","I/PRP got/VBD ,/, uh/UH ,/, talked/VBD to/IN someone/NN else/RB before/IN that/DT was/VBD a/DT ,/, uh/UH ,/, a/DT Texan/NNP ,/,",,
sw07utt/sw_0737_2110.utt,2/sw2110,2110,98,sd^t,B,53,5,"{C but } I guess  [ that's, + {F uh, } that's ] what we're going to have.  /","but/CC I/PRP guess/VBP that/DT 's/BES ,/, uh/UH ,/, that/DT 's/BES what/WP we/PRP 're/VBP going/VBG to/TO have/VB ./.",,
sw07utt/sw_0737_2110.utt,2/sw2110,2110,99,sd^t,B,53,6,"This is, {F uh, } a T I experiment to see how talk,/","This/DT is/VBZ ,/, uh/UH ,/, a/DT T/NNP I/NNP experiment/NN to/TO see/VB how/WRB talk/NN ,/,",,
sw07utt/sw_0737_2110.utt,2/sw2110,2110,100,sd^t,B,53,7,Texans talk to other people. /,Texans/NNPS talk/VB to/IN other/JJ people/NNS ./.,,
sw07utt/sw_0737_2110.utt,2/sw2110,2110,101,sd,A,54,1,"<Laughter> I don't know,  /","I/PRP do/VBP n't/RB know/VB ,/,",,
sw07utt/sw_0737_2110.utt,2/sw2110,2110,102,qw,A,54,2,where are you from? /,where/WRB are/VBP you/PRP from/RB ?/.,,
sw07utt/sw_0737_2110.utt,2/sw2110,2110,103,sd,B,55,1,"{F Uh, } Virginia. /","Uh/UH ,/, Virginia/NNP ./.",,
sw07utt/sw_0737_2110.utt,2/sw2110,2110,104,b^m,A,56,1,"Virginia,  /","Virginia/NNP ,/,",,
sw07utt/sw_0737_2110.utt,2/sw2110,2110,105,ba,A,56,2,"{F oh, } that's neat,  /","oh/UH ,/, that/DT 's/BES neat/JJ ,/,",,
sw07utt/sw_0737_2110.utt,2/sw2110,2110,106,sd^t,A,56,3,I talked to somebody from Ohio the other night./,I/PRP talked/VBD to/IN somebody/NN from/IN Ohio/NNP the/DT other/JJ night/NN ./.,,
sw07utt/sw_0737_2110.utt,2/sw2110,2110,107,aa,B,57,1,"{F Oh } yeah,  /","Oh/UH yeah/UH ,/,",,
sw07utt/sw_0737_2110.utt,2/sw2110,2110,108,sv^t,B,57,2,"it is neat to get other people.  Especially since you got other, {F uh, } ideas about [ how people, + {F uh, } how people ] react to things and stuff. Especially when it comes to, {F um, } social services.   /","it/PRP is/VBZ neat/JJ to/TO get/VB other/JJ people/NNS ./. Especially/RB since/IN you/PRP got/VBD other/JJ ,/, uh/UH ,/, ideas/NNS about/IN how/WRB people/NNS ,/, uh/UH ,/, how/WRB people/NNS react/VBP to/IN things/NNS and/CC stuff/NN ./. Especially/RB when/WRB it/PRP comes/VBZ to/IN ,/, um/UH ,/, social/JJ services/NNS ./.",,
sw07utt/sw_0737_2110.utt,2/sw2110,2110,109,sd^t,B,57,3,"{F Uh, } {F uh, } I'm glad they have a lot of, {F uh, } {F um, } {D you know, } topics on social services, because, like this thing, this is a pretty good idea.  /","Uh/UH ,/, uh/UH ,/, I/PRP 'm/VBP glad/JJ they/PRP have/VBP a/DT lot/NN of/IN ,/, uh/UH ,/, um/UH ,/, you/PRP know/VBP ,/, topics/NNS on/IN social/JJ services/NNS ,/, because/IN ,/, like/IN this/DT thing/NN ,/, this/DT is/VBZ a/DT pretty/RB good/JJ idea/NN ./.",,
sw07utt/sw_0737_2110.utt,2/sw2110,2110,110,sd,B,57,4,I didn't even know if they were thinking about it./,I/PRP did/VBD n't/RB even/RB know/VB if/IN they/PRP were/VBD thinking/VBG about/IN it/PRP ./.,,
sw07utt/sw_0737_2110.utt,2/sw2110,2110,111,qr^d,B,57,5,"I wonder if they thought about it themselves or whether someone, somewhere is really thinking, that, {F uh, } it would be a good idea to have everybody spend some time in public service. /","I/PRP wonder/VBP if/IN they/PRP thought/VBD about/IN it/PRP themselves/PRP or/CC whether/IN someone/NN ,/, somewhere/RB is/VBZ really/RB thinking/VBG ,/, that/IN ,/, uh/UH ,/, it/PRP would/MD be/VB a/DT good/JJ idea/NN to/TO have/VB everybody/NN spend/VB some/DT time/NN in/IN public/JJ service/NN ./.",,
sw07utt/sw_0737_2110.utt,2/sw2110,2110,112,sd,A,58,1,There is somebody  /,There/EX is/VBZ somebody/NN,,
sw07utt/sw_0737_2110.utt,2/sw2110,2110,113,sd,A,58,2,"{C and } [ I, +  ((   )) , {F uh, } I ]  can't remember who it is  /","and/CC I/PRP ,/, MUMBLEx/XX ,/, uh/UH ,/, I/PRP ca/MD n't/RB remember/VB who/WP it/PRP is/VBZ",,
sw07utt/sw_0737_2110.utt,2/sw2110,2110,114,sd,A,58,3,"{C but } there's a really famous, - /","but/CC there/EX 's/BES a/DT really/RB famous/JJ ,/,",,
sw07utt/sw_0737_2110.utt,2/sw2110,2110,115,fe,A,58,4,"of dang, - /","of/IN dang/UH ,/,",,
sw07utt/sw_0737_2110.utt,2/sw2110,2110,116,sd,A,58,5,I can't remember. /,I/PRP ca/MD n't/RB remember/VB ./.,,
sw07utt/sw_0737_2110.utt,2/sw2110,2110,117,bf,B,59,1,"Politicians pushing it, [ [ or, + {F uh } --","Politicians/NNS pushing/VBG it/PRP ,/, or/CC ,/, uh/UH --/:",,
sw07utt/sw_0737_2110.utt,2/sw2110,2110,118,sd,A,60,1,"That proposed it,  /","That/DT proposed/JJ it/PRP ,/,",,
sw07utt/sw_0737_2110.utt,2/sw2110,2110,119,sd,A,60,2,I read something in PEOPLE about it. /,I/PRP read/VBD something/NN in/IN PEOPLE/NNP about/IN it/PRP ./.,,
sw07utt/sw_0737_2110.utt,2/sw2110,2110,120,+,B,61,1,-- or ] Mitch Snider. +,--/: or/CC Mitch/NNP Snider/NNP ./.,,
sw07utt/sw_0737_2110.utt,2/sw2110,2110,121,br,A,62,1,Huh. /,Huh/UH ./.,,
sw07utt/sw_0737_2110.utt,2/sw2110,2110,122,+,B,63,1,Or Mitch Snider. ] /,Or/CC Mitch/NNP Snider/NNP ./.,,
sw07utt/sw_0737_2110.utt,2/sw2110,2110,123,sd,A,64,1,"Mitch Snider, I don't know who Mitch Snider is. /","Mitch/NNP Snider/NNP ,/, I/PRP do/VBP n't/RB know/VB who/WP Mitch/NNP Snider/NNP is/VBZ ./.",,
sw07utt/sw_0737_2110.utt,2/sw2110,2110,124,bk,B,65,1,"<Child> {F Oh, } okay,  /","Oh/UH ,/, okay/UH ,/,",,
sw07utt/sw_0737_2110.utt,2/sw2110,2110,125,sd,B,65,2,{D well } {D see } that's a D C thing.  /,well/UH see/UH that/DT 's/BES a/DT D/NNP C/NNP thing/NN ./.,,
sw07utt/sw_0737_2110.utt,2/sw2110,2110,126,sd,B,65,3,"Mitch Snider is [ the, + the ] advocate for the homeless that, {F uh, } [ he, + he's ]  said it out here in Washington  /","Mitch/NNP Snider/NNP is/VBZ the/DT ,/, the/DT advocate/NN for/IN the/DT homeless/NN that/WDT ,/, uh/UH ,/, he/PRP ,/, he/PRP 's/HVS said/VBN it/PRP out/IN here/RB in/IN Washington/NNP",,
sw07utt/sw_0737_2110.utt,2/sw2110,2110,127,sd,B,65,4,"{C but } he started [ the + {F um, } {F uh, } the ]  movement for creative nonviolence. /","but/CC he/PRP started/VBD the/DT um/UH ,/, uh/UH ,/, the/DT movement/NN for/IN creative/JJ nonviolence/NN ./.",,
sw07utt/sw_0737_2110.utt,2/sw2110,2110,128,b,A,66,1,Yeah. /,Yeah/UH ./.,,
sw07utt/sw_0737_2110.utt,2/sw2110,2110,129,b,B,67,1,"Yeah,  /","Yeah/UH ,/,",,
sw07utt/sw_0737_2110.utt,2/sw2110,2110,130,sd^r,B,67,2,he started that  /,he/PRP started/VBD that/DT,,
sw07utt/sw_0737_2110.utt,2/sw2110,2110,131,sd,B,67,3,"{C and } [ that, + that ]  was basically a, {D you know, } donate time and money to, {F uh, } help the homeless, - /","and/CC that/DT ,/, that/DT was/VBD basically/RB a/DT ,/, you/PRP know/VBP ,/, donate/VB time/NN and/CC money/NN to/TO ,/, uh/UH ,/, help/VB the/DT homeless/NN ,/,",,
sw07utt/sw_0737_2110.utt,2/sw2110,2110,132,%,B,67,4,"{C but, } {F uh. }","but/CC ,/, uh/UH ./.",,
sw07utt/sw_0737_2110.utt,2/sw2110,2110,133,qw^t,A,68,1,What have your other topics been? /,What/WP have/VBP your/PRP$ other/JJ topics/NNS been/VBN ?/.,,
sw07utt/sw_0737_2110.utt,2/sw2110,2110,134,+,B,69,1,"Excus-, {F uh, } - /","Excus/VB ,/, uh/UH ,/,",,
sw07utt/sw_0737_2110.utt,2/sw2110,2110,135,sd^t,B,69,2,"the other topic was, like I said, {F uh, } something about politicians.  /","the/DT other/JJ topic/NN was/VBD ,/, like/IN I/PRP said/VBD ,/, uh/UH ,/, something/NN about/IN politicians/NNS ./.",,
sw07utt/sw_0737_2110.utt,2/sw2110,2110,136,sd^t,B,69,3,I can't remember exactly what it was.  /,I/PRP ca/MD n't/RB remember/VB exactly/RB what/WP it/PRP was/VBD ./.,,
sw07utt/sw_0737_2110.utt,2/sw2110,2110,137,sd^t,B,69,4,It was real general statement <dishes>. /,It/PRP was/VBD real/RB general/JJ statement/NN ./.,,
sw07utt/sw_0737_2110.utt,2/sw2110,2110,138,sd^t,A,70,1,I had one that I hated.  /,I/PRP had/VBD one/CD that/WDT I/PRP hated/VBD ./.,,
sw07utt/sw_0737_2110.utt,2/sw2110,2110,139,sd(^q)^t,A,70,2,"It was what meal would you cook for, {F uh, } {F uh } special dinner <laughter>. /","It/PRP was/VBD what/WDT meal/NN would/MD you/PRP cook/VB for/IN ,/, uh/UH ,/, uh/UH special/JJ dinner/NN ./.",,
sw07utt/sw_0737_2110.utt,2/sw2110,2110,140,ba,B,71,1,"Gee whiz <child>,  /","Gee/UH whiz/UH ,/,",,
sw07utt/sw_0737_2110.utt,2/sw2110,2110,141,%,B,71,2,yeah. /,yeah/UH ./.,,
sw07utt/sw_0737_2110.utt,2/sw2110,2110,142,qh,A,72,1,"How far can you go with that one,  /","How/WRB far/RB can/MD you/PRP go/VB with/IN that/DT one/CD ,/,",,
sw07utt/sw_0737_2110.utt,2/sw2110,2110,143,%,A,72,2,right. /,right/UH ./.,,
sw07utt/sw_0737_2110.utt,2/sw2110,2110,144,b,B,73,1,Yeah. /,Yeah/UH ./.,,
sw07utt/sw_0737_2110.utt,2/sw2110,2110,145,sd(^q)^t,A,74,1,"Another one, though, that was good was, {F uh, }  what do you think about the social changes for the last ten, twenty and thirty years  /","Another/DT one/NN ,/, though/RB ,/, that/WDT was/VBD good/JJ was/VBD ,/, uh/UH ,/, what/WP do/VBP you/PRP think/VB about/IN the/DT social/JJ changes/NNS for/IN the/DT last/JJ ten/CD ,/, twenty/CD and/CC thirty/CD years/NNS",,
sw07utt/sw_0737_2110.utt,2/sw2110,2110,146,^q^t,A,74,2,{C and } what do you think has caused some of the social problems. /,and/CC what/WP do/VBP you/PRP think/VB has/VBZ caused/VBN some/DT of/IN the/DT social/JJ problems/NNS ./.,,
sw07utt/sw_0737_2110.utt,2/sw2110,2110,147,b,B,75,1,"Uh-huh,  /","Uh-huh/UH ,/,",,
sw07utt/sw_0737_2110.utt,2/sw2110,2110,148,sv,B,75,2,that would be neat.  /,that/DT would/MD be/VB neat/JJ ./.,,
sw07utt/sw_0737_2110.utt,2/sw2110,2110,149,sd,B,75,3,I'd have to basically say my birth. / *[[humor]],I/PRP 'd/MD have/VB to/TO basically/RB say/VB my/PRP$ birth/NN ./.,,
sw07utt/sw_0737_2110.utt,2/sw2110,2110,150,sv,A,76,1,That's probably the best one.  /,That/DT 's/BES probably/RB the/DT best/JJS one/NN ./.,,
sw07utt/sw_0737_2110.utt,2/sw2110,2110,151,sd^t,A,76,2,{C And } we had to talk about air pollution too./,And/CC we/PRP had/VBD to/TO talk/VB about/IN air/NN pollution/NN too/RB ./.,,
sw07utt/sw_0737_2110.utt,2/sw2110,2110,152,^q^t,A,76,3,What do you think is causing it  /,What/WP do/VBP you/PRP think/VB is/VBZ causing/VBG it/PRP,,
sw07utt/sw_0737_2110.utt,2/sw2110,2110,153,^q^t,A,76,4,{C and } what should we do about it? /,and/CC what/WP should/MD we/PRP do/VB about/IN it/PRP ?/.,,
sw07utt/sw_0737_2110.utt,2/sw2110,2110,154,b,B,77,1,Uh-huh.  /,Uh-huh/UH ./.,,
sw07utt/sw_0737_2110.utt,2/sw2110,2110,155,sv^t,B,77,2,"{D Well } that would be sort of interesting because then you get people from [ other countries, + {E I mean } other parts ]  of the state, {D you know, } - /","Well/UH that/DT would/MD be/VB sort/RB of/RB interesting/JJ because/IN then/RB you/PRP get/VBP people/NNS from/IN other/JJ countries/NNS ,/, I/PRP mean/VBP other/JJ parts/NNS of/IN the/DT state/NN ,/, you/PRP know/VBP ,/,",,
sw07utt/sw_0737_2110.utt,2/sw2110,2110,156,sv(^q),B,77,3,"of course Pittsburgh, would say, {D you know, } {F oh, }  find the better cheaper ways of burning coal, {D you know. } /","of/IN course/NN Pittsburgh/NNP ,/, would/MD say/VB ,/, you/PRP know/VBP ,/, oh/UH ,/, find/VB the/DT better/JJR cheaper/JJR ways/NNS of/IN burning/VBG coal/NN ,/, you/PRP know/VBP ./.",,
sw07utt/sw_0737_2110.utt,2/sw2110,2110,157,aa,A,78,1,"Uh-huh,  /","Uh-huh/UH ,/,",,
sw07utt/sw_0737_2110.utt,2/sw2110,2110,158,aa,A,78,2,right. /,right/UH ./.,,
sw07utt/sw_0737_2110.utt,2/sw2110,2110,159,^q,B,79,1,Cleaner ways of burning coal - /,Cleaner/JJR ways/NNS of/IN burning/VBG coal/NN,,
sw07utt/sw_0737_2110.utt,2/sw2110,2110,160,sv(^q),B,79,2,"{C and } people in the South would say don't burn coal, {D you know. } /","and/CC people/NNS in/IN the/DT South/NNP would/MD say/VB do/VB n't/RB burn/VB coal/NN ,/, you/PRP know/VBP ./.",,
sw07utt/sw_0737_2110.utt,2/sw2110,2110,161,^2,A,80,1,{C Because } we don't have much coal. /,Because/IN we/PRP do/VBP n't/RB have/VB much/JJ coal/NN ./.,,
sw07utt/sw_0737_2110.utt,2/sw2110,2110,162,ar,B,81,1,{F Oh } we have a lot of coal <laughter>. /,Oh/UH we/PRP have/VBP a/DT lot/NN of/IN coal/NN ./.,,
sw07utt/sw_0737_2110.utt,2/sw2110,2110,163,sd,A,82,1,In Virginia. /,In/IN Virginia/NNP ./.,,
sw07utt/sw_0737_2110.utt,2/sw2110,2110,164,sv,B,83,1,"{C But, } {F uh, } [ it's, + {F uh, } it's ]  a dirty fuel, that's for sure. /","But/CC ,/, uh/UH ,/, it/PRP 's/BES ,/, uh/UH ,/, it/PRP 's/BES a/DT dirty/JJ fuel/NN ,/, that/DT 's/BES for/IN sure/JJ ./.",,
sw07utt/sw_0737_2110.utt,2/sw2110,2110,165,aa,A,84,1,"Yeah,  /","Yeah/UH ,/,",,
sw07utt/sw_0737_2110.utt,2/sw2110,2110,166,qw^t,A,84,2,{D well } how did you get into this program. /,well/UH how/WRB did/VBD you/PRP get/VB into/IN this/DT program/NN ./.,,
sw07utt/sw_0737_2110.utt,2/sw2110,2110,167,b^m^t,B,85,1,"<Child_talking> {E Excuse me. }  How did I get into it,  {F oh, }  /","Excuse/VB me/PRP ./. How/WRB did/VBD I/PRP get/VB into/IN it/PRP ,/, oh/UH ,/,",,
sw07utt/sw_0737_2110.utt,2/sw2110,2110,168,sd,B,85,2,I'm an electrical engineer here in Virginia. /,I/PRP 'm/VBP an/DT electrical/JJ engineer/NN here/RB in/IN Virginia/NNP ./.,,
sw07utt/sw_0737_2110.utt,2/sw2110,2110,169,qy^d,A,86,1,For T I. /,For/IN T/NNP I/NNP ./.,,
sw07utt/sw_0737_2110.utt,2/sw2110,2110,170,nn,B,87,1,No. /,No/UH ./.,,
sw07utt/sw_0737_2110.utt,2/sw2110,2110,171,b^m,A,88,1,No. /,No/UH ./.,,
sw07utt/sw_0737_2110.utt,2/sw2110,2110,172,nn^r,B,89,1,"{F Uh, } no,  /","Uh/UH ,/, no/UH ,/,",,
sw07utt/sw_0737_2110.utt,2/sw2110,2110,173,%,B,89,2,"they, - /","they/PRP ,/,",,
sw07utt/sw_0737_2110.utt,2/sw2110,2110,174,sd,B,89,3,I'm in a telecommunications company  /,I/PRP 'm/VBP in/IN a/DT telecommunications/NNS company/NN,,
sw07utt/sw_0737_2110.utt,2/sw2110,2110,175,sd^t,B,89,4,"{C and } they, {F uh, } sent it out in our bulk mail so that if any engineers wanted to participate, {D you know. } -/","and/CC they/PRP ,/, uh/UH ,/, sent/VBD it/PRP out/IN in/IN our/PRP$ bulk/NN mail/NN so/IN that/IN if/IN any/DT engineers/NNS wanted/VBD to/TO participate/VB ,/, you/PRP know/VBP ./.",,
sw07utt/sw_0737_2110.utt,2/sw2110,2110,176,qy^t,A,90,1,{C So } does your company have something to do with T I. /,So/RB does/VBZ your/PRP$ company/NN have/VBP something/NN to/TO do/VB with/IN T/NNP I/NNP ./.,,
sw07utt/sw_0737_2110.utt,2/sw2110,2110,177,ng,B,91,1,"{F Um, } not really,  /","Um/UH ,/, not/RB really/RB ,/,",,
sw07utt/sw_0737_2110.utt,2/sw2110,2110,178,sd^e,B,91,2,"{E I mean } no more than any other company, {D you know, }  /","I/PRP mean/VBP no/DT more/JJR than/IN any/DT other/JJ company/NN ,/, you/PRP know/VBP ,/,",,
sw07utt/sw_0737_2110.utt,2/sw2110,2110,179,sd,B,91,3,we buy their parts just as much as anybody else.  /,we/PRP buy/VBP their/PRP$ parts/NNS just/RB as/RB much/JJ as/IN anybody/NN else/RB ./.,,
sw07utt/sw_0737_2110.utt,2/sw2110,2110,180,sd,B,91,4,"{C But, } {F uh, }  [ no, + no ] real association with T I other than being in the same [ industry, +  electronics industry. ] /","But/CC ,/, uh/UH ,/, no/DT ,/, no/DT real/JJ association/NN with/IN T/NNP I/NNP other/JJ than/IN being/VBG in/IN the/DT same/JJ industry/NN ,/, electronics/NNS industry/NN ./.",,
sw07utt/sw_0737_2110.utt,2/sw2110,2110,181,b,A,92,1,"Huh,  /","Huh/UH ,/,",,
sw07utt/sw_0737_2110.utt,2/sw2110,2110,182,%,A,92,2,uh-huh. /,uh-huh/UH ./.,,
sw07utt/sw_0737_2110.utt,2/sw2110,2110,183,sd(^q)^t,B,93,1,"[ They just, + {F uh, } they just ]  sent out a letter to everybody they do business with saying, that {D you know, } if you're interested  we're doing a study  /","They/PRP just/RB ,/, uh/UH ,/, they/PRP just/RB sent/VBD out/RP a/DT letter/NN to/IN everybody/NN they/PRP do/VBP business/NN with/IN saying/VBG ,/, that/IN you/PRP know/VBP ,/, if/IN you/PRP 're/VBP interested/JJ we/PRP 're/VBP doing/VBG a/DT study/NN",,
sw07utt/sw_0737_2110.utt,2/sw2110,2110,184,%,B,93,2,"[ {C and, } + {C and } ] since, -/","and/CC ,/, and/CC since/IN ,/,",,
sw07utt/sw_0737_2110.utt,2/sw2110,2110,185,qy^t,A,94,1,"{C And } do you know [ how much, +  how long ] this is supposed to go on. /","And/CC do/VBP you/PRP know/VB how/WRB much/JJ ,/, how/WRB long/JJ this/DT is/VBZ supposed/VBN to/TO go/VB on/RP ./.",,
sw07utt/sw_0737_2110.utt,2/sw2110,2110,186,no,B,95,1,"I don't know,  /","I/PRP do/VBP n't/RB know/VB ,/,",,
sw07utt/sw_0737_2110.utt,2/sw2110,2110,187,nn,B,95,2,no  /,no/UH,,
sw07utt/sw_0737_2110.utt,2/sw2110,2110,188,no,B,95,3,I don't. /,I/PRP do/VBP n't/RB ./.,,
sw07utt/sw_0737_2110.utt,2/sw2110,2110,189,no,A,96,1,I don't either.  /,I/PRP do/VBP n't/RB either/RB ./.,,
sw07utt/sw_0737_2110.utt,2/sw2110,2110,190,sd(^q)^t,A,96,2,{E I mean } it says just keep on until - /,I/PRP mean/VBP it/PRP says/VBZ just/RB keep/VB on/RP until/IN,,
sw07utt/sw_0737_2110.utt,2/sw2110,2110,191,sd^t,A,96,3,{C and } they'll notify you.  /,and/CC they/PRP 'll/MD notify/VB you/PRP ./.,,
sw07utt/sw_0737_2110.utt,2/sw2110,2110,192,sd^t,A,96,4,"At first I was thinking it was just a week because that's all it shows, {D you know, } on the schedule  /","At/IN first/RB I/PRP was/VBD thinking/VBG it/PRP was/VBD just/RB a/DT week/NN because/IN that/DT 's/BES all/DT it/PRP shows/VBZ ,/, you/PRP know/VBP ,/, on/IN the/DT schedule/NN",,
sw07utt/sw_0737_2110.utt,2/sw2110,2110,193,sd^t,A,96,5,{C but }  then it seems like it might be longer than a week. /,but/CC then/RB it/PRP seems/VBZ like/IN it/PRP might/MD be/VB longer/JJR than/IN a/DT week/NN ./.,,
sw07utt/sw_0737_2110.utt,2/sw2110,2110,194,b,B,97,1,Right. /,Right/UH ./.,,
sw07utt/sw_0737_2110.utt,2/sw2110,2110,195,qw^t,A,98,1,{C So } what do you think we're going to get? /,So/RB what/WP do/VBP you/PRP think/VB we/PRP 're/VBP going/VBG to/TO get/VB ?/.,,
sw07utt/sw_0737_2110.utt,2/sw2110,2110,196,br^m,B,99,1,"What do you think,  /","What/WP do/VBP you/PRP think/VB ,/,",,
sw07utt/sw_0737_2110.utt,2/sw2110,2110,197,%,B,99,2,what. -/,what/WP ./.,,
sw07utt/sw_0737_2110.utt,2/sw2110,2110,198,qw^r^t,A,100,1,What do you think we're going to get for this? /,What/WP do/VBP you/PRP think/VB we/PRP 're/VBP going/VBG to/TO get/VB for/IN this/DT ?/.,,
sw07utt/sw_0737_2110.utt,2/sw2110,2110,199,br^m,B,101,1,Get. /,Get/VBP ./.,,
sw07utt/sw_0737_2110.utt,2/sw2110,2110,200,qy^d^t,A,102,1,"Money,  /","Money/NN ,/,",,
sw07utt/sw_0737_2110.utt,2/sw2110,2110,201,qy^d^t,A,102,2,prizes. /,prizes/NNS ./.,,
sw07utt/sw_0737_2110.utt,2/sw2110,2110,202,no,B,103,1,"{F Oh, } I don't know. /","Oh/UH ,/, I/PRP do/VBP n't/RB know/VB ./.",,
sw07utt/sw_0737_2110.utt,2/sw2110,2110,203,qy^t,A,104,1,Do you know anybody that's ever done this? /,Do/VBP you/PRP know/VB anybody/NN that/WDT 's/HVS ever/RB done/VBN this/DT ?/.,,
sw07utt/sw_0737_2110.utt,2/sw2110,2110,204,sd^t,B,105,1,"[ Get your own, +  you're going to get you own ] T I seven  ((   )) thirty-two or something. /","Get/VB your/PRP$ own/JJ ,/, you/PRP 're/VBP going/VBG to/TO get/VB you/PRP own/JJ T/NNP I/NNP seven/CD MUMBLEx/XX thirty-two/CD or/CC something/NN ./.",,
sw07utt/sw_0737_2110.utt,2/sw2110,2110,205,sd^t,A,106,1,I know T I gets prizes. /,I/PRP know/VBP T/NNP I/NNP gets/VBZ prizes/NNS ./.,,
sw07utt/sw_0737_2110.utt,2/sw2110,2110,206,sd,B,107,1,"{F Oh, } I didn't hear about that.  /","Oh/UH ,/, I/PRP did/VBD n't/RB hear/VB about/IN that/DT ./.",,
sw07utt/sw_0737_2110.utt,2/sw2110,2110,207,sv^t,B,107,2,Probably for T I employees. /,Probably/RB for/IN T/NNP I/NNP employees/NNS ./.,,
sw07utt/sw_0737_2110.utt,2/sw2110,2110,208,sd^t,A,108,1,I was led to believe that if you  weren't T I that you get money.  /,I/PRP was/VBD led/VBN to/TO believe/VB that/IN if/IN you/PRP were/VBD n't/RB T/NNP I/NNP that/IN you/PRP get/VBP money/NN ./.,,
sw07utt/sw_0737_2110.utt,2/sw2110,2110,209,sd,A,108,2,I'm not T I. /,I/PRP 'm/VBP not/RB T/NNP I/NNP ./.,,
sw07utt/sw_0737_2110.utt,2/sw2110,2110,210,bf*,B,109,1,"{F Oh, } your not, - / *[[typo your -> you're]]","Oh/UH ,/, your/PRP$ not/RB ,/,",,
sw07utt/sw_0737_2110.utt,2/sw2110,2110,211,bf,B,109,2,you don't work for Texas Instruments. /,you/PRP do/VBP n't/RB work/VB for/IN Texas/NNP Instruments/NNPS ./.,,
sw07utt/sw_0737_2110.utt,2/sw2110,2110,212,aa,A,110,1,Huh-uh. /,Huh-uh/UH ./.,,
sw07utt/sw_0737_2110.utt,2/sw2110,2110,213,bk,B,111,1,"{F Oh, } okay. /","Oh/UH ,/, okay/UH ./.",,
sw07utt/sw_0737_2110.utt,2/sw2110,2110,214,sd,A,112,1,"Let's see, one of my friends had a roommate that worked for T I  /","Let/VB 's/PRP see/VB ,/, one/CD of/IN my/PRP$ friends/NNS had/VBD a/DT roommate/NN that/WDT worked/VBD for/IN T/NNP I/NNP",,
sw07utt/sw_0737_2110.utt,2/sw2110,2110,215,sd^t,A,112,2,{C and } she saw this on her computer --,and/CC she/PRP saw/VBD this/DT on/IN her/PRP$ computer/NN --/:,,
sw07utt/sw_0737_2110.utt,2/sw2110,2110,216,b,B,113,1,Oh. /,Oh/UH ./.,,
sw07utt/sw_0737_2110.utt,2/sw2110,2110,217,+,A,114,1,"-- and thought it might be neat,  /","--/: and/CC thought/VBD it/PRP might/MD be/VB neat/JJ ,/,",,
sw07utt/sw_0737_2110.utt,2/sw2110,2110,218,sd^t,A,114,2,{C so } she ran off copies of the thing. /,so/RB she/PRP ran/VBD off/RP copies/NNS of/IN the/DT thing/NN ./.,,
sw07utt/sw_0737_2110.utt,2/sw2110,2110,219,b,B,115,1,Oh. /,Oh/UH ./.,,
sw07utt/sw_0737_2110.utt,2/sw2110,2110,220,sd^t,A,116,1,{C And } I just signed up for it. /,And/CC I/PRP just/RB signed/VBD up/RP for/IN it/PRP ./.,,
sw07utt/sw_0737_2110.utt,2/sw2110,2110,221,ba,B,117,1,"{F Oh, } {F oh, } that's a neat idea. /","Oh/UH ,/, oh/UH ,/, that/DT 's/BES a/DT neat/JJ idea/NN ./.",,
sw07utt/sw_0737_2110.utt,2/sw2110,2110,222,b,A,118,1,Yeah. /,Yeah/UH ./.,,
sw07utt/sw_0737_2110.utt,2/sw2110,2110,223,b,B,119,1,"Uh-huh,  /","Uh-huh/UH ,/,",,
sw07utt/sw_0737_2110.utt,2/sw2110,2110,224,b,B,119,2,"yeah,  /","yeah/UH ,/,",,
sw07utt/sw_0737_2110.utt,2/sw2110,2110,225,sd^t,B,119,3,{D well } he's gotten a good mix.  /,well/UH he/PRP 's/HVS gotten/VBN a/DT good/JJ mix/NN ./.,,
sw07utt/sw_0737_2110.utt,2/sw2110,2110,226,sd,B,119,4,"I was saying because I've, - /","I/PRP was/VBD saying/VBG because/IN I/PRP 've/VBP ,/,",,
sw07utt/sw_0737_2110.utt,2/sw2110,2110,227,sd^t,B,119,5,"like I said, I heard some other people talking that they've talked to different people in different states and stuff. /","like/IN I/PRP said/VBD ,/, I/PRP heard/VBD some/DT other/JJ people/NNS talking/VBG that/IN they/PRP 've/VBP talked/VBN to/IN different/JJ people/NNS in/IN different/JJ states/NNS and/CC stuff/NN ./.",,
sw07utt/sw_0737_2110.utt,2/sw2110,2110,228,b,A,120,1,Uh-huh. /,Uh-huh/UH ./.,,
sw07utt/sw_0737_2110.utt,2/sw2110,2110,229,sv^t,B,121,1,"That's good, especially since you call that one eight hundred number  /","That/DT 's/BES good/JJ ,/, especially/RB since/IN you/PRP call/VBP that/DT one/NN eight/CD hundred/CD number/NN",,
sw07utt/sw_0737_2110.utt,2/sw2110,2110,230,sv^t,B,121,2,"[ {C so, } +  {C so } ] probably knock T I profits margin way down. -/","so/RB ,/, so/RB probably/RB knock/VB T/NNP I/NNP profits/NNS margin/NN way/RB down/RB ./.",,
sw07utt/sw_0737_2110.utt,2/sw2110,2110,231,sv,A,122,1,"<Laughter> {C And } it shouldn't be too good right now  anyway, because they've been laying off so many people. /","And/CC it/PRP should/MD n't/RB be/VB too/RB good/JJ right/RB now/RB anyway/RB ,/, because/IN they/PRP 've/VBP been/VBN laying/VBG off/RP so/RB many/JJ people/NNS ./.",,
sw07utt/sw_0737_2110.utt,2/sw2110,2110,232,aa,B,123,1,Yeah  /,Yeah/UH,,
sw07utt/sw_0737_2110.utt,2/sw2110,2110,233,aa,B,123,2,"right,  /","right/UH ,/,",,
sw07utt/sw_0737_2110.utt,2/sw2110,2110,234,sd^t,B,123,3,this is probably some government study program./,this/DT is/VBZ probably/RB some/DT government/NN study/NN program/NN ./.,,
sw07utt/sw_0737_2110.utt,2/sw2110,2110,235,aa,A,124,1,Yeah  /,Yeah/UH,,
sw07utt/sw_0737_2110.utt,2/sw2110,2110,236,aa,A,124,2,"really,  /","really/UH ,/,",,
sw07utt/sw_0737_2110.utt,2/sw2110,2110,237,sv^t,A,124,3,{C so } we're footing the bill on our taxes. /,so/IN we/PRP 're/VBP footing/VBG the/DT bill/NN on/IN our/PRP$ taxes/NNS ./.,,
sw07utt/sw_0737_2110.utt,2/sw2110,2110,238,b,B,125,1,Okay.  /,Okay/UH ./.,,
sw07utt/sw_0737_2110.utt,2/sw2110,2110,239,b^r,B,125,2,"Okay,  /","Okay/UH ,/,",,
sw07utt/sw_0737_2110.utt,2/sw2110,2110,240,fc,B,125,3,{D well } I enjoyed talking with you. /,well/UH I/PRP enjoyed/VBD talking/VBG with/IN you/PRP ./.,,
sw07utt/sw_0737_2110.utt,2/sw2110,2110,241,b,A,126,1,"Okay,  /","Okay/UH ,/,",,
sw07utt/sw_0737_2110.utt,2/sw2110,2110,242,ft,A,126,2,"{D well } thanks a bunch,  /","well/UH thanks/NNS a/DT bunch/NN ,/,",,
sw07utt/sw_0737_2110.utt,2/sw2110,2110,243,fc,A,126,3,"we'll talk to you later,  /","we/PRP 'll/MD talk/VB to/IN you/PRP later/RB ,/,",,
sw07utt/sw_0737_2110.utt,2/sw2110,2110,244,fc,A,126,4,bye. /,bye/UH ./.,,
sw07utt/sw_0737_2110.utt,2/sw2110,2110,245,sd,B,127,1,I'm going to save my two year old from the pile of grapes she's diving into. /,I/PRP 'm/VBP going/VBG to/TO save/VB my/PRP$ two/CD year/NN old/JJ from/IN the/DT pile/NN of/IN grapes/NNS she/PRP 's/BES diving/VBG into/IN ./.,,
sw07utt/sw_0737_2110.utt,2/sw2110,2110,246,sd,A,128,1,{D Well } I'm going to try to  ((   ))  clean up the house after my two children for about an hour see if we can walk around. /,Well/UH I/PRP 'm/VBP going/VBG to/TO try/VB to/TO MUMBLEx/XX clean/VB up/RP the/DT house/NN after/IN my/PRP$ two/CD children/NNS for/IN about/RB an/DT hour/NN see/VB if/IN we/PRP can/MD walk/VB around/RB ./.,,
sw07utt/sw_0737_2110.utt,2/sw2110,2110,247,b,B,129,1,Okay  /,Okay/UH,,
sw07utt/sw_0737_2110.utt,2/sw2110,2110,248,fc,B,129,2,[ we'll + I'll ] talk to you. /,we/PRP 'll/MD I/PRP 'll/MD talk/VB to/IN you/PRP ./.,,
sw07utt/sw_0737_2110.utt,2/sw2110,2110,249,fc,A,130,1,# Bye. # /,Bye/UH ./.,,
sw07utt/sw_0737_2110.utt,2/sw2110,2110,250,fc,B,131,1,# Bye-bye. # /,Bye-bye/UH ./.,,
