swda_filename,ptb_basename,conversation_no,transcript_index,act_tag,caller,utterance_index,subutterance_index,text,pos,trees,ptb_treenumbers
sw07utt/sw_0742_2235.utt,2/sw2235,2235,0,o,A,1,1,Okay. /,Okay/UH ./.,,
sw07utt/sw_0742_2235.utt,2/sw2235,2235,1,fp,B,2,1,Hi. /,Hi/UH ./.,,
sw07utt/sw_0742_2235.utt,2/sw2235,2235,2,fp,A,3,1,# Hi. # /,Hi/UH ./.,,
sw07utt/sw_0742_2235.utt,2/sw2235,2235,3,b,B,4,1,# Okay. #  /,Okay/UH ./.,,
sw07utt/sw_0742_2235.utt,2/sw2235,2235,4,qy,B,4,2,You want to start? /,You/PRP want/VBP to/TO start/VB ?/.,,
sw07utt/sw_0742_2235.utt,2/sw2235,2235,5,ny,A,5,1,"{F Um, } yeah.  /","Um/UH ,/, yeah/UH ./.",,
sw07utt/sw_0742_2235.utt,2/sw2235,2235,6,na,A,5,2,Sure.  /,Sure/UH ./.,,
sw07utt/sw_0742_2235.utt,2/sw2235,2235,7,sv,A,5,3,"{F Um, } [ I think, + I think ]  we should have a balanced budget even if it means that services are dramatically cut back.  /","Um/UH ,/, I/PRP think/VBP ,/, I/PRP think/VBP we/PRP should/MD have/VB a/DT balanced/JJ budget/NN even/RB if/IN it/PRP means/VBZ that/IN services/NNS are/VBP dramatically/RB cut/VBN back/RB ./.",,
sw07utt/sw_0742_2235.utt,2/sw2235,2235,8,sv,A,5,4,"If you can't pay for it, you shouldn't have it.  /","If/IN you/PRP ca/MD n't/RB pay/VB for/IN it/PRP ,/, you/PRP should/MD n't/RB have/VB it/PRP ./.",,
sw07utt/sw_0742_2235.utt,2/sw2235,2235,9,o,A,5,5,Period.  #  /,Period/NN ./.,,
sw07utt/sw_0742_2235.utt,2/sw2235,2235,10,%,A,5,6,"{C And, } # -/","And/CC ,/,",,
sw07utt/sw_0742_2235.utt,2/sw2235,2235,11,aa,B,6,1,# That is # very true. -/,That/DT is/VBZ very/RB true/JJ ./.,,
sw07utt/sw_0742_2235.utt,2/sw2235,2235,12,%,A,7,1,That's just. -/,That/DT 's/BES just/RB ./.,,
sw07utt/sw_0742_2235.utt,2/sw2235,2235,13,sv,B,8,1,"However, our whole economy is based on loans. /","However/RB ,/, our/PRP$ whole/JJ economy/NN is/VBZ based/VBN on/IN loans/NNS ./.",,
sw07utt/sw_0742_2235.utt,2/sw2235,2235,14,b,A,9,1,Uh-huh. /,Uh-huh/UH ./.,,
sw07utt/sw_0742_2235.utt,2/sw2235,2235,15,sv,B,10,1,"{F Uh, } {F uh, } {C but, } bet right this moment,  you probably have several loans out  /","Uh/UH ,/, uh/UH ,/, but/CC ,/, bet/VBP right/RB this/DT moment/NN ,/, you/PRP probably/RB have/VBP several/JJ loans/NNS out/RB",,
sw07utt/sw_0742_2235.utt,2/sw2235,2235,16,sv,B,10,2,{C or }  you have borrowed money against your credit card or something -- /,or/CC you/PRP have/VBP borrowed/VBN money/NN against/IN your/PRP$ credit/NN card/NN or/CC something/NN --/:,,
sw07utt/sw_0742_2235.utt,2/sw2235,2235,17,%,A,11,1,"{D Well, } -/","Well/UH ,/,",,
sw07utt/sw_0742_2235.utt,2/sw2235,2235,18,sd,B,12,1,-- Master Charge. /,--/: Master/NNP Charge/NNP ./.,,
sw07utt/sw_0742_2235.utt,2/sw2235,2235,19,ar,A,13,1,"<Laughter> I don't have a Master Charge,  /","I/PRP do/VBP n't/RB have/VB a/DT Master/NNP Charge/NNP ,/,",,
sw07utt/sw_0742_2235.utt,2/sw2235,2235,20,o,A,13,2,thank you <laughter>. /,thank/VB you/PRP ./.,,
sw07utt/sw_0742_2235.utt,2/sw2235,2235,21,sv,B,14,1,"{C But, } {D see } our whole system is built on owing --","But/CC ,/, see/VB our/PRP$ whole/JJ system/NN is/VBZ built/VBN on/IN owing/NN --/:",,
sw07utt/sw_0742_2235.utt,2/sw2235,2235,22,aa,A,15,1,Right. /,Right/UH ./.,,
sw07utt/sw_0742_2235.utt,2/sw2235,2235,23,+,B,16,1,-- not borrowing. /,--/: not/RB borrowing/NN ./.,,
sw07utt/sw_0742_2235.utt,2/sw2235,2235,24,sv,A,17,1,"{C But, } that's the problem, {D see. }  /","But/CC ,/, that/DT 's/BES the/DT problem/NN ,/, see/VB ./.",,
sw07utt/sw_0742_2235.utt,2/sw2235,2235,25,sv,A,17,2,Our system shouldn't be based on owing and borrowing and all that. /,Our/PRP$ system/NN should/MD n't/RB be/VB based/VBN on/IN owing/NN and/CC borrowing/NN and/CC all/DT that/DT ./.,,
sw07utt/sw_0742_2235.utt,2/sw2235,2235,26,aa,B,18,1,"{F Uh, } true.  /","Uh/UH ,/, true/JJ ./.",,
sw07utt/sw_0742_2235.utt,2/sw2235,2235,27,sv,B,18,2,"{C But, } {F uh, } {F uh, } without it,  people wouldn't be able to own automobiles  /","But/CC ,/, uh/UH ,/, uh/UH ,/, without/IN it/PRP ,/, people/NNS would/MD n't/RB be/VB able/JJ to/TO own/VB automobiles/NNS",,
sw07utt/sw_0742_2235.utt,2/sw2235,2235,28,sv,B,18,3,{C or } they wouldn't be able to own a house. /,or/CC they/PRP would/MD n't/RB be/VB able/JJ to/TO own/VB a/DT house/NN ./.,,
sw07utt/sw_0742_2235.utt,2/sw2235,2235,29,ar,A,19,1,"Yes,  /","Yes/UH ,/,",,
sw07utt/sw_0742_2235.utt,2/sw2235,2235,30,ar,A,19,2,they would.  /,they/PRP would/MD ./.,,
sw07utt/sw_0742_2235.utt,2/sw2235,2235,31,sv,A,19,3,They just wouldn't be able to own the kind of automobiles that they think they deserve to own.  Or the kind of homes that  we think we deserve to own.  /,They/PRP just/RB would/MD n't/RB be/VB able/JJ to/TO own/VB the/DT kind/NN of/IN automobiles/NNS that/WDT they/PRP think/VBP they/PRP deserve/VBP to/TO own/VB ./. Or/CC the/DT kind/NN of/IN homes/NNS that/WDT we/PRP think/VBP we/PRP deserve/VBP to/TO own/VB ./.,,
sw07utt/sw_0742_2235.utt,2/sw2235,2235,32,sv,A,19,4,"We might have to, {D you know, }  just be able to, - /","We/PRP might/MD have/VB to/TO ,/, you/PRP know/VBP ,/, just/RB be/VB able/JJ to/TO ,/,",,
sw07utt/sw_0742_2235.utt,2/sw2235,2235,33,sv,A,19,5,"I think,  if [ we, + ] a generation went without debt, then the next generation, - /","I/PRP think/VBP ,/, if/IN we/PRP ,/, a/DT generation/NN went/VBD without/IN debt/NN ,/, then/RB the/DT next/JJ generation/NN ,/,",,
sw07utt/sw_0742_2235.utt,2/sw2235,2235,34,sv,A,19,6,"{D like, } [ if, + if ] [ our, + our ] generation, - /","like/IN ,/, if/IN ,/, if/IN our/PRP$ ,/, our/PRP$ generation/NN ,/,",,
sw07utt/sw_0742_2235.utt,2/sw2235,2235,35,sd,A,19,7,"my husband and I, we're twenty-eight,  [ if we lived our lives and didn't become, {D you know, } indebted, like {D you know, }  our generation before us, [ that, + ] {F um, } the budget would balance. And that we became accustomed to living with what we could afford, which we wouldn't be destitute,  /","my/PRP$ husband/NN and/CC I/PRP ,/, we/PRP 're/VBP twenty-eight/CD ,/, if/IN we/PRP lived/VBD our/PRP$ lives/NNS and/CC did/VBD n't/RB become/VB ,/, you/PRP know/VBP ,/, indebted/JJ ,/, like/IN you/PRP know/VBP ,/, our/PRP$ generation/NN before/IN us/PRP ,/, that/IN ,/, um/UH ,/, the/DT budget/NN would/MD balance/VB ./. And/CC that/IN we/PRP became/VBD accustomed/JJ to/IN living/VBG with/IN what/WP we/PRP could/MD afford/VB ,/, which/WDT we/PRP would/MD n't/RB be/VB destitute/JJ ,/,",,
sw07utt/sw_0742_2235.utt,2/sw2235,2235,36,sd,A,19,8,"{E I mean, } we wouldn't be living on the street, by any means.  /","I/PRP mean/VBP ,/, we/PRP would/MD n't/RB be/VB living/VBG on/IN the/DT street/NN ,/, by/IN any/DT means/NNS ./.",,
sw07utt/sw_0742_2235.utt,2/sw2235,2235,37,sd,A,19,9,"{C But }  just compared to how spoiled we are, we would be in our own minds, /","But/CC just/RB compared/VBN to/TO how/WRB spoiled/JJ we/PRP are/VBP ,/, we/PRP would/MD be/VB in/IN our/PRP$ own/JJ minds/NNS ,/,",,
sw07utt/sw_0742_2235.utt,2/sw2235,2235,38,sd,A,19,10,"{C but }  I feel like the generation after us would, - /","but/CC I/PRP feel/VBP like/IN the/DT generation/NN after/IN us/PRP would/MD ,/,",,
sw07utt/sw_0742_2235.utt,2/sw2235,2235,39,sv,A,19,11,"{F oh, } {D man, } it would be so good.  /","oh/UH ,/, man/UH ,/, it/PRP would/MD be/VB so/RB good/JJ ./.",,
sw07utt/sw_0742_2235.utt,2/sw2235,2235,40,sv,A,19,12,It would be so much better.  /,It/PRP would/MD be/VB so/RB much/RB better/JJR ./.,,
sw07utt/sw_0742_2235.utt,2/sw2235,2235,41,sv,A,19,13,"It wouldn't be perfect,  /","It/PRP would/MD n't/RB be/VB perfect/JJ ,/,",,
sw07utt/sw_0742_2235.utt,2/sw2235,2235,42,sv,A,19,14,"{C but } then, they could learn to live  with what they could afford to save to buy.  /","but/CC then/RB ,/, they/PRP could/MD learn/VB to/TO live/VB with/IN what/WP they/PRP could/MD afford/VB to/TO save/VB to/TO buy/VB ./.",,
sw07utt/sw_0742_2235.utt,2/sw2235,2235,43,sv,A,19,15,"{C And } if you want a nicer car than that, {D well, } you save a little longer. /","And/CC if/IN you/PRP want/VBP a/DT nicer/JJR car/NN than/IN that/DT ,/, well/UH ,/, you/PRP save/VBP a/DT little/JJ longer/RBR ./.",,
sw07utt/sw_0742_2235.utt,2/sw2235,2235,44,aa,B,20,1,"{D Well, } now [ I agree, + {F uh } --","Well/UH ,/, now/RB I/PRP agree/VBP ,/, uh/UH --/:",,
sw07utt/sw_0742_2235.utt,2/sw2235,2235,45,b,A,21,1,Uh-huh. /,Uh-huh/UH ./.,,
sw07utt/sw_0742_2235.utt,2/sw2235,2235,46,+,B,22,1,-- I agree ] with you one hundred percent.  /,--/: I/PRP agree/VBP with/IN you/PRP one/CD hundred/CD percent/NN ./.,,
sw07utt/sw_0742_2235.utt,2/sw2235,2235,47,sd,B,22,2,I'm just taking the other side so  we'll have a discussion here. /,I/PRP 'm/VBP just/RB taking/VBG the/DT other/JJ side/NN so/IN we/PRP 'll/MD have/VB a/DT discussion/NN here/RB ./.,,
sw07utt/sw_0742_2235.utt,2/sw2235,2235,48,x,A,23,1,<Laughter>.,,,
sw07utt/sw_0742_2235.utt,2/sw2235,2235,49,sd,B,24,1,"{F Uh, } {C but } I still go to right back to  what I said.  /","Uh/UH ,/, but/CC I/PRP still/RB go/VBP to/IN right/RB back/RB to/IN what/WP I/PRP said/VBD ./.",,
sw07utt/sw_0742_2235.utt,2/sw2235,2235,50,qw,B,24,2,When is the time you had fifteen thousand dollars all at one time to go out and buy an automobile? /,When/WRB is/VBZ the/DT time/NN you/PRP had/VBD fifteen/CD thousand/CD dollars/NNS all/DT at/IN one/CD time/NN to/TO go/VB out/RB and/CC buy/VB an/DT automobile/NN ?/.,,
sw07utt/sw_0742_2235.utt,2/sw2235,2235,51,sd,A,25,1,"{C But, } {D see, } we made poor choices in college.  /","But/CC ,/, see/VB ,/, we/PRP made/VBD poor/JJ choices/NNS in/IN college/NN ./.",,
sw07utt/sw_0742_2235.utt,2/sw2235,2235,52,sd,A,25,2,"We took out two, - /","We/PRP took/VBD out/RB two/CD ,/,",,
sw07utt/sw_0742_2235.utt,2/sw2235,2235,53,sd,A,25,3,"both of us had twenty thousand dollars in loans,  for student loans  -- /","both/DT of/IN us/PRP had/VBD twenty/CD thousand/CD dollars/NNS in/IN loans/NNS ,/, for/IN student/NN loans/NNS --/:",,
sw07utt/sw_0742_2235.utt,2/sw2235,2235,54,b,B,26,1,Uh-huh. /,Uh-huh/UH ./.,,
sw07utt/sw_0742_2235.utt,2/sw2235,2235,55,sd,A,27,1,"-- {C and } I look back on that,  /","--/: and/CC I/PRP look/VBP back/RB on/IN that/DT ,/,",,
sw07utt/sw_0742_2235.utt,2/sw2235,2235,56,sd,A,27,2,{C and } I bought shoes.  /,and/CC I/PRP bought/VBD shoes/NNS ./.,,
sw07utt/sw_0742_2235.utt,2/sw2235,2235,57,sd,A,27,3,I went shopping.  /,I/PRP went/VBD shopping/VBG ./.,,
sw07utt/sw_0742_2235.utt,2/sw2235,2235,58,sd,A,27,4,I did not need that money.  /,I/PRP did/VBD not/RB need/VB that/DT money/NN ./.,,
sw07utt/sw_0742_2235.utt,2/sw2235,2235,59,sd^r,A,27,5,I did not need it.  /,I/PRP did/VBD not/RB need/VB it/PRP ./.,,
sw07utt/sw_0742_2235.utt,2/sw2235,2235,60,sd^r,A,27,6,I didn't need it.  /,I/PRP did/VBD n't/RB need/VB it/PRP ./.,,
sw07utt/sw_0742_2235.utt,2/sw2235,2235,61,sd,A,27,7,I shouldn't have even qualified to get it.  /,I/PRP should/MD n't/RB have/VB even/RB qualified/VBN to/TO get/VB it/PRP ./.,,
sw07utt/sw_0742_2235.utt,2/sw2235,2235,62,sd^r,A,27,8,I didn't need it.  /,I/PRP did/VBD n't/RB need/VB it/PRP ./.,,
sw07utt/sw_0742_2235.utt,2/sw2235,2235,63,sd,A,27,9,"{C And } it would  have been a little rough,  /","And/CC it/PRP would/MD have/VB been/VBN a/DT little/JJ rough/JJ ,/,",,
sw07utt/sw_0742_2235.utt,2/sw2235,2235,64,sd,A,27,10,"I might have eaten some bologna instead of roast beef out of the deli,  /","I/PRP might/MD have/VB eaten/VBN some/DT bologna/NN instead/IN of/IN roast/NN beef/NN out/IN of/IN the/DT deli/NN ,/,",,
sw07utt/sw_0742_2235.utt,2/sw2235,2235,65,sd^r,A,27,11,{C but } I did not need it.  /,but/CC I/PRP did/VBD not/RB need/VB it/PRP ./.,,
sw07utt/sw_0742_2235.utt,2/sw2235,2235,66,sd,A,27,12,"{C And } as I look back  now, now we're paying that back.  /","And/CC as/IN I/PRP look/VBP back/RB now/RB ,/, now/RB we/PRP 're/VBP paying/VBG that/DT back/RB ./.",,
sw07utt/sw_0742_2235.utt,2/sw2235,2235,67,sd(^q),A,27,13,"I told my son, if you have to live in the ghetto to go  to college, do it, /","I/PRP told/VBD my/PRP$ son/NN ,/, if/IN you/PRP have/VBP to/TO live/VB in/IN the/DT ghetto/NN to/TO go/VB to/IN college/NN ,/, do/VB it/PRP ,/,",,
sw07utt/sw_0742_2235.utt,2/sw2235,2235,68,^q,A,27,14,{C but } don't take out ten thousand dollars in loans.  /,but/CC do/VB n't/RB take/VB out/RB ten/CD thousand/CD dollars/NNS in/IN loans/NNS ./.,,
sw07utt/sw_0742_2235.utt,2/sw2235,2235,69,^q,A,27,15,Don't do it.  /,Do/VB n't/RB do/VB it/PRP ./.,,
sw07utt/sw_0742_2235.utt,2/sw2235,2235,70,sd,A,27,16,"{C And } I [ don't, + [ I hope, + ] don't ] think he'll have to do  that/","And/CC I/PRP do/VBP n't/RB ,/, I/PRP hope/VBP ,/, do/VB n't/RB think/VB he/PRP 'll/MD have/VB to/TO do/VB that/DT",,
sw07utt/sw_0742_2235.utt,2/sw2235,2235,71,sd,A,27,17,"{C but, } I just feel like if we didn't have those loans, we could have saved in the last five years the money for that,  /","but/CC ,/, I/PRP just/RB feel/VBP like/IN if/IN we/PRP did/VBD n't/RB have/VB those/DT loans/NNS ,/, we/PRP could/MD have/VB saved/VBN in/IN the/DT last/JJ five/CD years/NNS the/DT money/NN for/IN that/DT ,/,",,
sw07utt/sw_0742_2235.utt,2/sw2235,2235,72,sd,A,27,18,"{C and } I believe we would have, because God's  really put it in our heart not to get in debt, {D you know. }  /","and/CC I/PRP believe/VBP we/PRP would/MD have/VB ,/, because/IN God/NNP 's/HVS really/RB put/VBN it/PRP in/IN our/PRP$ heart/NN not/RB to/TO get/VB in/IN debt/NN ,/, you/PRP know/VBP ./.",,
sw07utt/sw_0742_2235.utt,2/sw2235,2235,73,sd,A,27,19,"{C But } we have friends in church that do this on a constant basis, that are totally debt free.  /","But/CC we/PRP have/VBP friends/NNS in/IN church/NN that/WDT do/VBP this/DT on/IN a/DT constant/JJ basis/NN ,/, that/WDT are/VBP totally/RB debt/NN free/JJ ./.",,
sw07utt/sw_0742_2235.utt,2/sw2235,2235,74,sd,A,27,20,{C And } they pay cash for everything they buy. /,And/CC they/PRP pay/VBP cash/NN for/IN everything/NN they/PRP buy/VBP ./.,,
sw07utt/sw_0742_2235.utt,2/sw2235,2235,75,b,B,28,1,Uh-huh. /,Uh-huh/UH ./.,,
sw07utt/sw_0742_2235.utt,2/sw2235,2235,76,sd,A,29,1,"Including new vans,  /","Including/VBG new/JJ vans/NNS ,/,",,
sw07utt/sw_0742_2235.utt,2/sw2235,2235,77,sd,A,29,2,"{C and, } [ {C so, } + {C so } ]  I guess, I've seen it done  /","and/CC ,/, so/RB ,/, so/RB I/PRP guess/VBP ,/, I/PRP 've/VBP seen/VBN it/PRP done/VBN",,
sw07utt/sw_0742_2235.utt,2/sw2235,2235,78,sd,A,29,3,"{C and } I know you can do it, {D you know. }  /","and/CC I/PRP know/VBP you/PRP can/MD do/VB it/PRP ,/, you/PRP know/VBP ./.",,
sw07utt/sw_0742_2235.utt,2/sw2235,2235,79,sv,A,29,4,{C But } you have to drive that  old car until you get that money saved up for that new van.  /,But/CC you/PRP have/VBP to/TO drive/VB that/IN old/JJ car/NN until/IN you/PRP get/VBP that/DT money/NN saved/VBN up/RP for/IN that/DT new/JJ van/NNP ./.,,
sw07utt/sw_0742_2235.utt,2/sw2235,2235,80,sv,A,29,5,{C And } that's where  Americans don't like to do it.  /,And/CC that/DT 's/BES where/WRB Americans/NNPS do/VBP n't/RB like/VB to/TO do/VB it/PRP ./.,,
sw07utt/sw_0742_2235.utt,2/sw2235,2235,81,sv,A,29,6,"[ {C And so } + {C and } ] we don't want to cut back our  services from the government, because we're spoiled. /","And/CC so/RB and/CC we/PRP do/VBP n't/RB want/VB to/TO cut/VB back/RP our/PRP$ services/NNS from/IN the/DT government/NN ,/, because/IN we/PRP 're/VBP spoiled/JJ ./.",,
sw07utt/sw_0742_2235.utt,2/sw2235,2235,82,sd,B,30,1,"{D Well, } I have one way to suggest reducing the budget. /","Well/UH ,/, I/PRP have/VBP one/CD way/NN to/TO suggest/VB reducing/VBG the/DT budget/NN ./.",,
sw07utt/sw_0742_2235.utt,2/sw2235,2235,83,qw,A,31,1,What? /,What/WP ?/.,,
sw07utt/sw_0742_2235.utt,2/sw2235,2235,84,sd,B,32,1,Very simple.  /,Very/RB simple/JJ ./.,,
sw07utt/sw_0742_2235.utt,2/sw2235,2235,85,sv,B,32,2,"Just take all these civil service employees,","Just/RB take/VB all/PDT these/DT civil/JJ service/NN employees/NNS ,/,",,
sw07utt/sw_0742_2235.utt,2/sw2235,2235,86,x,A,33,1,<Laughter>.,,,
sw07utt/sw_0742_2235.utt,2/sw2235,2235,87,+,B,34,1,"and, {F uh, } {F uh, } take some of those holidays away from them, like Columbus Day, President's Day,","and/CC ,/, uh/UH ,/, uh/UH ,/, take/VB some/DT of/IN those/DT holidays/NNS away/RB from/IN them/PRP ,/, like/IN Columbus/NNP Day/NNP ,/, President/NNP 's/POS Day/NNP ,/,",,
sw07utt/sw_0742_2235.utt,2/sw2235,2235,88,aa,A,35,1,<Laughter> I know. /,I/PRP know/VBP ./.,,
sw07utt/sw_0742_2235.utt,2/sw2235,2235,89,+,B,36,1,"{E I mean, } [ they, + they ] get all these days off. /","I/PRP mean/VBP ,/, they/PRP ,/, they/PRP get/VBP all/PDT these/DT days/NNS off/RP ./.",,
sw07utt/sw_0742_2235.utt,2/sw2235,2235,90,b,A,37,1,# Yeah. # /,Yeah/UH ./.,,
sw07utt/sw_0742_2235.utt,2/sw2235,2235,91,sv,B,38,1,"# Now give them, #","Now/RB give/VB them/PRP ,/,",,
sw07utt/sw_0742_2235.utt,2/sw2235,2235,92,aa,A,39,1,# I know. # /,I/PRP know/VBP ./.,,
sw07utt/sw_0742_2235.utt,2/sw2235,2235,93,+,B,40,1,"# what [ a, + a ] # week, I think we here at T I get a  total of eleven a year. /","what/WP a/DT ,/, a/DT week/NN ,/, I/PRP think/VBP we/PRP here/RB at/IN T/NNP I/NNP get/VBP a/DT total/NN of/IN eleven/CD a/DT year/NN ./.",,
sw07utt/sw_0742_2235.utt,2/sw2235,2235,94,b,A,41,1,Uh-huh. /,Uh-huh/UH ./.,,
sw07utt/sw_0742_2235.utt,2/sw2235,2235,95,sd,B,42,1,"{C And } that's about, {F uh, } three or four less than  civil servants get. /","And/CC that/DT 's/BES about/RB ,/, uh/UH ,/, three/CD or/CC four/CD less/JJR than/IN civil/JJ servants/NNS get/VBP ./.",,
sw07utt/sw_0742_2235.utt,2/sw2235,2235,96,b,A,43,1,Uh-huh. /,Uh-huh/UH ./.,,
sw07utt/sw_0742_2235.utt,2/sw2235,2235,97,sv,B,44,1,"Now just look at that money the government could  save if they didn't have all of those days off, all those holidays. /","Now/RB just/RB look/VB at/IN that/DT money/NN the/DT government/NN could/MD save/VB if/IN they/PRP did/VBD n't/RB have/VB all/DT of/IN those/DT days/NNS off/RP ,/, all/PDT those/DT holidays/NNS ./.",,
sw07utt/sw_0742_2235.utt,2/sw2235,2235,98,aa,A,45,1,"Yeah,  /","Yeah/UH ,/,",,
sw07utt/sw_0742_2235.utt,2/sw2235,2235,99,aa,A,45,2,that is true.  /,that/DT is/VBZ true/JJ ./.,,
sw07utt/sw_0742_2235.utt,2/sw2235,2235,100,sd,A,45,3,{C Because } I always think the  mail never comes on these days  /,Because/IN I/PRP always/RB think/VBP the/DT mail/NN never/RB comes/VBZ on/IN these/DT days/NNS,,
sw07utt/sw_0742_2235.utt,2/sw2235,2235,101,sd(^q),A,45,4,"{C and } you're like, {D well, } what is it <laughter>.  /","and/CC you/PRP 're/VBP like/IN ,/, well/UH ,/, what/WP is/VBZ it/PRP ./.",,
sw07utt/sw_0742_2235.utt,2/sw2235,2235,102,sd,A,45,5,You don't even know it's a holiday <laughter>. /,You/PRP do/VBP n't/RB even/RB know/VB it/PRP 's/BES a/DT holiday/NN ./.,,
sw07utt/sw_0742_2235.utt,2/sw2235,2235,103,sv,B,46,1,"{D Well, } now don't forget the mail is something  else again.  /","Well/UH ,/, now/RB do/VBP n't/RB forget/VB the/DT mail/NN is/VBZ something/NN else/RB again/RB ./.",,
sw07utt/sw_0742_2235.utt,2/sw2235,2235,104,sd,B,46,2,"That has nothing,  /","That/DT has/VBZ nothing/NN ,/,",,
sw07utt/sw_0742_2235.utt,2/sw2235,2235,105,sd,B,46,3,they're not civil servant people. /,they/PRP 're/VBP not/RB civil/JJ servant/NN people/NNS ./.,,
sw07utt/sw_0742_2235.utt,2/sw2235,2235,106,qy,A,47,1,"{C But } isn't it [ federal, + in the federal ] budget? /","But/CC is/VBZ n't/RB it/PRP federal/JJ ,/, in/IN the/DT federal/JJ budget/NN ?/.",,
sw07utt/sw_0742_2235.utt,2/sw2235,2235,107,nn,B,48,1,"No,  /","No/UH ,/,",,
sw07utt/sw_0742_2235.utt,2/sw2235,2235,108,nn^r,B,48,2,"no,  /","no/UH ,/,",,
sw07utt/sw_0742_2235.utt,2/sw2235,2235,109,sd^e,B,48,3,they have their own budget they go by. /,they/PRP have/VBP their/PRP$ own/JJ budget/NN they/PRP go/VBP by/RB ./.,,
sw07utt/sw_0742_2235.utt,2/sw2235,2235,110,qy,A,49,1,"{C But } isn't it part of our income,  /","But/CC is/VBZ n't/RB it/PRP part/NN of/IN our/PRP$ income/NN ,/,",,
sw07utt/sw_0742_2235.utt,2/sw2235,2235,111,qy^d,A,49,2,it's not part of our taxes? /,it/PRP 's/BES not/RB part/NN of/IN our/PRP$ taxes/NNS ?/.,,
sw07utt/sw_0742_2235.utt,2/sw2235,2235,112,nn,B,50,1,No. /,No/UH ./.,,
sw07utt/sw_0742_2235.utt,2/sw2235,2235,113,qy,A,51,1,It's not? /,It/PRP 's/BES not/RB ?/.,,
sw07utt/sw_0742_2235.utt,2/sw2235,2235,114,sd,B,52,1,That's why the price of mailing a letter keeps going up. /,That/DT 's/BES why/WRB the/DT price/NN of/IN mailing/VBG a/DT letter/NN keeps/VBZ going/VBG up/RB ./.,,
sw07utt/sw_0742_2235.utt,2/sw2235,2235,115,b^m,A,53,1,"That's why it keeps going up,  {F uh? } /","That/DT 's/BES why/WRB it/PRP keeps/VBZ going/VBG up/RB ,/, uh/UH ?/.",,
sw07utt/sw_0742_2235.utt,2/sw2235,2235,116,sd,B,54,1,"{D You know, } [ I could + --","You/PRP know/VBP ,/, I/PRP could/MD --/:",,
sw07utt/sw_0742_2235.utt,2/sw2235,2235,117,sd,A,55,1,That's another topic <laughter>. /,That/DT 's/BES another/DT topic/NN ./.,,
sw07utt/sw_0742_2235.utt,2/sw2235,2235,118,+,B,56,1,"-- I can ] remember the days when it cost only  three cents to mail, {F uh, } {F uh, } {F uh, } a letter. /","--/: I/PRP can/MD remember/VB the/DT days/NNS when/WRB it/PRP cost/VBP only/RB three/CD cents/NNS to/TO mail/VB ,/, uh/UH ,/, uh/UH ,/, uh/UH ,/, a/DT letter/NN ./.",,
sw07utt/sw_0742_2235.utt,2/sw2235,2235,119,sv,A,57,1,"Those stamps are valuable, now. /","Those/DT stamps/NNS are/VBP valuable/JJ ,/, now/RB ./.",,
sw07utt/sw_0742_2235.utt,2/sw2235,2235,120,b,B,58,1,Yeah. /,Yeah/UH ./.,,
sw07utt/sw_0742_2235.utt,2/sw2235,2235,121,x,A,59,1,<Laughter>.,,,
sw07utt/sw_0742_2235.utt,2/sw2235,2235,122,%,B,60,1,"They probably, - /","They/PRP probably/RB ,/,",,
sw07utt/sw_0742_2235.utt,2/sw2235,2235,123,fe,B,60,2,"hey,  /","hey/UH ,/,",,
sw07utt/sw_0742_2235.utt,2/sw2235,2235,124,sd,B,60,3,I ought to go looking through some of my old mail. /,I/PRP ought/MD to/TO go/VB looking/VBG through/IN some/DT of/IN my/PRP$ old/JJ mail/NN ./.,,
sw07utt/sw_0742_2235.utt,2/sw2235,2235,125,ba,A,61,1,That's funny.  /,That/DT 's/BES funny/JJ ./.,,
sw07utt/sw_0742_2235.utt,2/sw2235,2235,126,%,A,61,2,"Yeah,  /","Yeah/UH ,/,",,
sw07utt/sw_0742_2235.utt,2/sw2235,2235,127,sv,A,61,3,"{C and } that is a good short term thing, though.  /","and/CC that/DT is/VBZ a/DT good/JJ short/JJ term/NN thing/NN ,/, though/RB ./.",,
sw07utt/sw_0742_2235.utt,2/sw2235,2235,128,sv,A,61,4,"That little things like [ that, + that ] - /","That/IN little/JJ things/NNS like/IN that/DT ,/, that/IN",,
sw07utt/sw_0742_2235.utt,2/sw2235,2235,129,sv,A,61,5,"overall, though,  I just think we're just going to, {A I don't know, } see, /","overall/JJ ,/, though/RB ,/, I/PRP just/RB think/VBP we/PRP 're/VBP just/RB going/VBG to/TO ,/, I/PRP do/VBP n't/RB know/VB ,/, see/VB ,/,",,
sw07utt/sw_0742_2235.utt,2/sw2235,2235,130,%,A,61,6,"I know,  /","I/PRP know/VBP ,/,",,
sw07utt/sw_0742_2235.utt,2/sw2235,2235,131,sd,A,61,7,"I guess I'm kind of leery  of this topic, because I know that Bush is real for the new  world order.   The one world government, and alleviating all, {D you know, }  national debt between all of the nations.  /","I/PRP guess/VBP I/PRP 'm/VBP kind/RB of/RB leery/JJ of/IN this/DT topic/NN ,/, because/IN I/PRP know/VBP that/IN Bush/NNP is/VBZ real/RB for/JJ the/DT new/JJ world/NN order/NN ./. The/DT one/CD world/NN government/NN ,/, and/CC alleviating/VBG all/DT ,/, you/PRP know/VBP ,/, national/JJ debt/NN between/IN all/DT of/IN the/DT nations/NNS ./.",,
sw07utt/sw_0742_2235.utt,2/sw2235,2235,132,sd,A,61,8,"{C But } I see that to be a potential power problem later, with, {F um, } who's going to be in charge with this new  world order.  /","But/CC I/PRP see/VBP that/IN to/TO be/VB a/DT potential/JJ power/NN problem/NN later/RB ,/, with/IN ,/, um/UH ,/, who/WP 's/BES going/VBG to/TO be/VB in/IN charge/NN with/IN this/DT new/JJ world/NN order/NN ./.",,
sw07utt/sw_0742_2235.utt,2/sw2235,2235,133,sd,A,61,9,"{C And } [ I, + {D you know, } I'm ] uncomfortable with that much power being in one place.  /","And/CC I/PRP ,/, you/PRP know/VBP ,/, I/PRP 'm/VBP uncomfortable/JJ with/IN that/RB much/JJ power/NN being/VBG in/IN one/CD place/NN ./.",,
sw07utt/sw_0742_2235.utt,2/sw2235,2235,134,sd,A,61,10,"{C But, } I know, we already have a new money system.  /","But/CC ,/, I/PRP know/VBP ,/, we/PRP already/RB have/VBP a/DT new/JJ money/NN system/NN ./.",,
sw07utt/sw_0742_2235.utt,2/sw2235,2235,135,sd,A,61,11,"We already have new  bills printed, for, - /","We/PRP already/RB have/VBP new/JJ bills/NNS printed/VBN ,/, for/IN ,/,",,
sw07utt/sw_0742_2235.utt,2/sw2235,2235,136,sd,A,61,12,"the U S Treasury already has our new bills printed for new currency,  /","the/DT U/NNP S/NNP Treasury/NNP already/RB has/VBZ our/PRP$ new/JJ bills/NNS printed/VBN for/IN new/JJ currency/NN ,/,",,
sw07utt/sw_0742_2235.utt,2/sw2235,2235,137,sd,A,61,13,{C and } I've seen them <laughter>.  /,and/CC I/PRP 've/VBP seen/VBN them/PRP ./.,,
sw07utt/sw_0742_2235.utt,2/sw2235,2235,138,sd,A,61,14,"{C And so } I know that the long-term  vision for the U S government is to alleviate all national debts and to start over  afresh,  /","And/CC so/RB I/PRP know/VBP that/IN the/DT long-term/JJ vision/NN for/IN the/DT U/NNP S/NNP government/NN is/VBZ to/TO alleviate/VB all/DT national/JJ debts/NNS and/CC to/TO start/VB over/RB afresh/RB ,/,",,
sw07utt/sw_0742_2235.utt,2/sw2235,2235,139,sd^r,A,61,15,"{C but } I'm concerned with who's going to have the power over this new  world order that they keep talking about, {D you know. }  /","but/CC I/PRP 'm/VBP concerned/VBN with/IN who/WP 's/BES going/VBG to/TO have/VB the/DT power/NN over/IN this/DT new/JJ world/NN order/NN that/WDT they/PRP keep/VBP talking/VBG about/IN ,/, you/PRP know/VBP ./.",,
sw07utt/sw_0742_2235.utt,2/sw2235,2235,140,sv,A,61,16,That's a lot of  power for one or two people to have.  /,That/DT 's/BES a/DT lot/NN of/IN power/NN for/IN one/CD or/CC two/CD people/NNS to/TO have/VB ./.,,
sw07utt/sw_0742_2235.utt,2/sw2235,2235,141,%,A,61,17,"{C And so, } {F um, } I guess  because I, - /","And/CC so/RB ,/, um/UH ,/, I/PRP guess/VBP because/IN I/PRP ,/,",,
sw07utt/sw_0742_2235.utt,2/sw2235,2235,142,%,A,61,18,"I guess, - /","I/PRP guess/VBP ,/,",,
sw07utt/sw_0742_2235.utt,2/sw2235,2235,143,sd,A,61,19,"in fact, I know what their long-term vision is.  /","in/IN fact/NN ,/, I/PRP know/VBP what/WP their/PRP$ long-term/JJ vision/NN is/NNS ./.",,
sw07utt/sw_0742_2235.utt,2/sw2235,2235,144,sd(^q),A,61,20,"I'm kind of like, {D you know, }  {D yeah, }  the only answer is to start over or to totally change our lifestyles.  /","I/PRP 'm/VBP kind/RB of/RB like/IN ,/, you/PRP know/VBP ,/, yeah/UH ,/, the/DT only/JJ answer/NN is/VBZ to/TO start/VB over/RB or/CC to/TO totally/RB change/VBP our/PRP$ lifestyles/NNS ./.",,
sw07utt/sw_0742_2235.utt,2/sw2235,2235,145,sv,A,61,21,{C And } I don't think Americans are willing to do it. /,And/CC I/PRP do/VBP n't/RB think/VB Americans/NNPS are/VBP willing/JJ to/TO do/VB it/PRP ./.,,
sw07utt/sw_0742_2235.utt,2/sw2235,2235,146,qo,B,62,1,"{D Well, } what about, {F uh, } {F uh, } sending  all this money overseas supporting other governments, third world governments.  /","Well/UH ,/, what/WP about/IN ,/, uh/UH ,/, uh/UH ,/, sending/VBG all/PDT this/DT money/NN overseas/RB supporting/VBG other/JJ governments/NNS ,/, third/JJ world/NN governments/NNS ./.",,
sw07utt/sw_0742_2235.utt,2/sw2235,2235,147,qo,B,62,2,How do you feel about that? /,How/WRB do/VBP you/PRP feel/VB about/IN that/DT ?/.,,
sw07utt/sw_0742_2235.utt,2/sw2235,2235,148,sv,A,63,1,"[ I don't, + I don't ] feel we should loan them money.  /","I/PRP do/VBP n't/RB ,/, I/PRP do/VBP n't/RB feel/VB we/PRP should/MD loan/VB them/PRP money/NN ./.",,
sw07utt/sw_0742_2235.utt,2/sw2235,2235,149,sd,A,63,2,"If [ I, + I ] wish our leaders were really seeking the Lord on these things,  /","If/IN I/PRP ,/, I/PRP wish/VBP our/PRP$ leaders/NNS were/VBD really/RB seeking/VBG the/DT Lord/NNP on/IN these/DT things/NNS ,/,",,
sw07utt/sw_0742_2235.utt,2/sw2235,2235,150,sv,A,63,3,"{C and } if we  feel led to give a country money to help them, fine.  /","and/CC if/IN we/PRP feel/VBP led/VBN to/TO give/VB a/DT country/NN money/NN to/TO help/VB them/PRP ,/, fine/JJ ./.",,
sw07utt/sw_0742_2235.utt,2/sw2235,2235,151,sv,A,63,4,{C But } I don't feel  we should be loaning money like that.   /,But/CC I/PRP do/VBP n't/RB feel/VB we/PRP should/MD be/VB loaning/VBG money/NN like/IN that/DT ./.,,
sw07utt/sw_0742_2235.utt,2/sw2235,2235,152,sv,A,63,5,"{E I mean, } it doesn't work, {E I mean. } /","I/PRP mean/VBP ,/, it/PRP does/VBZ n't/RB work/VB ,/, I/PRP mean/VBP ./.",,
sw07utt/sw_0742_2235.utt,2/sw2235,2235,153,sv,B,64,1,"{D Well, } in so many cases, it's not a loan,  /","Well/UH ,/, in/IN so/RB many/JJ cases/NNS ,/, it/PRP 's/BES not/RB a/DT loan/NN ,/,",,
sw07utt/sw_0742_2235.utt,2/sw2235,2235,154,sv,B,64,2,it's just a give away. /,it/PRP 's/BES just/RB a/DT give/GW away/^NN ./.,,
sw07utt/sw_0742_2235.utt,2/sw2235,2235,155,sd,A,65,1,"[ {C But } it's not, + {C but } it's not ]  set up as a giveaway.  /","But/CC it/PRP 's/BES not/RB ,/, but/CC it/PRP 's/BES not/RB set/VBN up/RP as/IN a/DT giveaway/NN ./.",,
sw07utt/sw_0742_2235.utt,2/sw2235,2235,156,sd,A,65,2,"If it were set up as giveaway,  /","If/IN it/PRP were/VBD set/VBN up/RP as/IN giveaway/NN ,/,",,
sw07utt/sw_0742_2235.utt,2/sw2235,2235,157,sd(^q),A,65,3,"{C and } it was something, that, {E I mean, }  [ our, + our ] President and our leaders could be seeking God saying, God is it your will  for us to bless this nation with this money,  /","and/CC it/PRP was/VBD something/NN ,/, that/WDT ,/, I/PRP mean/VBP ,/, our/PRP$ ,/, our/PRP$ President/NNP and/CC our/PRP$ leaders/NNS could/MD be/VB seeking/VBG God/NNP saying/VBG ,/, God/NNP is/VBZ it/PRP your/PRP$ will/NN for/IN us/PRP to/TO bless/VB this/DT nation/NN with/IN this/DT money/NN ,/,",,
sw07utt/sw_0742_2235.utt,2/sw2235,2235,158,^q,A,65,4,"is it your will, this money and  your will for us to give to them,  /","is/VBZ it/PRP your/PRP$ will/NN ,/, this/DT money/NN and/CC your/PRP$ will/NN for/IN us/PRP to/TO give/VB to/IN them/PRP ,/,",,
sw07utt/sw_0742_2235.utt,2/sw2235,2235,159,sv,A,65,5,"{C and } I believe if we gave it,  no strings attached that God would bless our nation.  /","and/CC I/PRP believe/VBP if/IN we/PRP gave/VBD it/PRP ,/, no/DT strings/NNS attached/JJ that/IN God/NNP would/MD bless/VB our/PRP$ nation/NN ./.",,
sw07utt/sw_0742_2235.utt,2/sw2235,2235,160,sv,A,65,6,"{C But } because  [ we're, +  our  ] motive is  interest, our motive is not pure, it just backfires,  /","But/CC because/IN we/PRP 're/VBP ,/, our/PRP$ motive/NN is/VBZ interest/NN ,/, our/PRP$ motive/NN is/VBZ not/RB pure/JJ ,/, it/PRP just/RB backfires/VBZ ,/,",,
sw07utt/sw_0742_2235.utt,2/sw2235,2235,161,sv,A,65,7,"{E I mean, } none of these  nations have paid us back.  /","I/PRP mean/VBP ,/, none/NN of/IN these/DT nations/NNS have/VBP paid/VBN us/PRP back/RB ./.",,
sw07utt/sw_0742_2235.utt,2/sw2235,2235,162,sv,A,65,8,"{C But, } you understand, [ it's, + I guess it's ]  a principle of giving and receiving.  /","But/CC ,/, you/PRP understand/VBP ,/, it/PRP 's/BES ,/, I/PRP guess/VBP it/PRP 's/BES a/DT principle/NN of/IN giving/NN and/CC receiving/NN ./.",,
sw07utt/sw_0742_2235.utt,2/sw2235,2235,163,sv,A,65,9,"You give it, no strings attached  /","You/PRP give/VBP it/PRP ,/, no/DT strings/NNS attached/JJ",,
sw07utt/sw_0742_2235.utt,2/sw2235,2235,164,sv,A,65,10,"{C and } they may never give you anything back,  /","and/CC they/PRP may/MD never/RB give/VB you/PRP anything/NN back/RB ,/,",,
sw07utt/sw_0742_2235.utt,2/sw2235,2235,165,sv,A,65,11,"{C but } because there's no strings attached, it {D like } gives them a freedom to give us something back.  /","but/CC because/IN there/EX 's/BES no/DT strings/NNS attached/JJ ,/, it/PRP like/UH gives/VBZ them/PRP a/DT freedom/NN to/TO give/VB us/PRP something/NN back/RB ./.",,
sw07utt/sw_0742_2235.utt,2/sw2235,2235,166,sv,A,65,12,"{C And } it might not be money,  /","And/CC it/PRP might/MD not/RB be/VB money/NN ,/,",,
sw07utt/sw_0742_2235.utt,2/sw2235,2235,167,sv,A,65,13,"it might be, {F um, } no taxes on our things, our computers going into their nation,  /","it/PRP might/MD be/VB ,/, um/UH ,/, no/DT taxes/NNS on/IN our/PRP$ things/NNS ,/, our/PRP$ computers/NNS going/VBG into/IN their/PRP$ nation/NN ,/,",,
sw07utt/sw_0742_2235.utt,2/sw2235,2235,168,sv,A,65,14,"it might come back in another way,  /","it/PRP might/MD come/VB back/RB in/IN another/DT way/NN ,/,",,
sw07utt/sw_0742_2235.utt,2/sw2235,2235,169,sv,A,65,15,{C but } it would be come back.  /,but/CC it/PRP would/MD be/VB come/VB back/RB ./.,,
sw07utt/sw_0742_2235.utt,2/sw2235,2235,170,sv,A,65,16,"{C But }  because we're loaning it, I think that's the problem.  /","But/CC because/IN we/PRP 're/VBP loaning/VBG it/PRP ,/, I/PRP think/VBP that/DT 's/BES the/DT problem/NN ./.",,
sw07utt/sw_0742_2235.utt,2/sw2235,2235,171,sv,A,65,17,{C And } I don't mean give it to  everybody that asks.  /,And/CC I/PRP do/VBP n't/RB mean/VB give/VB it/PRP to/IN everybody/NN that/WDT asks/VBZ ./.,,
sw07utt/sw_0742_2235.utt,2/sw2235,2235,172,^q,A,65,18,Use a lot of discernment.  /,Use/VB a/DT lot/NN of/IN discernment/NN ./.,,
sw07utt/sw_0742_2235.utt,2/sw2235,2235,173,^q,A,65,19,Don't give money to every nation.  /,Do/VBP n't/RB give/VB money/NN to/IN every/DT nation/NN ./.,,
sw07utt/sw_0742_2235.utt,2/sw2235,2235,174,qy,A,65,20,"You know, what I'm saying,  /","You/PRP know/VBP ,/, what/WP I/PRP 'm/VBP saying/VBG ,/,",,
sw07utt/sw_0742_2235.utt,2/sw2235,2235,175,sv,A,65,21,"I think we're loaning money to too many nations,  /","I/PRP think/VBP we/PRP 're/VBP loaning/VBG money/NN to/IN too/RB many/JJ nations/NNS ,/,",,
sw07utt/sw_0742_2235.utt,2/sw2235,2235,176,sv,A,65,22,"{C but } I think if we gave to a few select ones, that really needed it, that it would work out better for us and for them.  /","but/CC I/PRP think/VBP if/IN we/PRP gave/VBD to/IN a/DT few/JJ select/JJ ones/NNS ,/, that/WDT really/RB needed/VBD it/PRP ,/, that/IN it/PRP would/MD work/VB out/RP better/JJR for/IN us/PRP and/CC for/IN them/PRP ./.",,
sw07utt/sw_0742_2235.utt,2/sw2235,2235,177,sd,A,65,23,{C And so } now we have all  these nations that owe us all this money  /,And/CC so/RB now/RB we/PRP have/VBP all/PDT these/DT nations/NNS that/WDT owe/VBP us/PRP all/PDT this/DT money/NN,,
sw07utt/sw_0742_2235.utt,2/sw2235,2235,178,sv,A,65,24,"{C and so } I just think, we're never going to  get that back, {D you know. }  /","and/CC so/RB I/PRP just/RB think/VBP ,/, we/PRP 're/VBP never/RB going/VBG to/TO get/VB that/DT back/RB ,/, you/PRP know/VBP ./.",,
sw07utt/sw_0742_2235.utt,2/sw2235,2235,179,qy,A,65,25,# Do you understand? # /,Do/VB you/PRP understand/VBP ?/.,,
sw07utt/sw_0742_2235.utt,2/sw2235,2235,180,nn,B,66,1,# No.  /,No/UH ./.,,
sw07utt/sw_0742_2235.utt,2/sw2235,2235,181,aa,B,66,2,"[ That, + that's ] true. #  /","That/DT ,/, that/DT 's/BES true/JJ ./.",,
sw07utt/sw_0742_2235.utt,2/sw2235,2235,182,sd,B,66,3,"[  I, + I ] understand that France still owes us money from World War I. /","I/PRP ,/, I/PRP understand/VBP that/IN France/NNP still/RB owes/VBZ us/PRP money/NN from/IN World/NNP War/NNP I/NNP ./.",,
sw07utt/sw_0742_2235.utt,2/sw2235,2235,183,b,A,67,1,Uh-huh. /,Uh-huh/UH ./.,,
sw07utt/sw_0742_2235.utt,2/sw2235,2235,184,sd,B,68,1,"{C And, } {F uh, } World War Two debts have never  been repaid.  /","And/CC ,/, uh/UH ,/, World/NNP War/NNP Two/CD debts/NNS have/VBP never/RB been/VBN repaid/VBN ./.",,
sw07utt/sw_0742_2235.utt,2/sw2235,2235,185,sd,B,68,2,I think the U S just wrote them all off. /,I/PRP think/VBP the/DT U/NNP S/NNP just/RB wrote/VBD them/PRP all/DT off/RP ./.,,
sw07utt/sw_0742_2235.utt,2/sw2235,2235,186,b,A,69,1,# Yeah. # /,Yeah/UH ./.,,
sw07utt/sw_0742_2235.utt,2/sw2235,2235,187,sd(^q),B,70,1,"# And said, #  {D well, } we'll cancel it  just like they did to [ the, + ] that Polish debt here, {F uh, } last week. /","And/CC said/VBD ,/, well/UH ,/, we/PRP 'll/MD cancel/VB it/PRP just/RB like/IN they/PRP did/VBD to/IN the/DT ,/, that/DT Polish/JJ debt/NN here/RB ,/, uh/UH ,/, last/JJ week/NN ./.",,
sw07utt/sw_0742_2235.utt,2/sw2235,2235,188,b,A,71,1,Yeah. /,Yeah/UH ./.,,
sw07utt/sw_0742_2235.utt,2/sw2235,2235,189,sd,B,72,1,"{F Uh, } {F uh, } half the countries of the world  simply canceled the Poland debts to help them. /","Uh/UH ,/, uh/UH ,/, half/PDT the/DT countries/NNS of/IN the/DT world/NN simply/RB canceled/VBD the/DT Poland/NNP debts/NNS to/TO help/VB them/PRP ./.",,
sw07utt/sw_0742_2235.utt,2/sw2235,2235,190,b,A,73,1,Right.  /,Right/UH ./.,,
sw07utt/sw_0742_2235.utt,2/sw2235,2235,191,qy,A,73,2,"[ Long, + ((   ))  long ] term though,  do you think it would best to see a one world, {D you know, } - /","Long/RB ,/, MUMBLEx/XX long/JJ term/NN though/RB ,/, do/VBP you/PRP think/VB it/PRP would/MD best/JJS to/TO see/VB a/DT one/CD world/NN ,/, you/PRP know/VBP ,/,",,
sw07utt/sw_0742_2235.utt,2/sw2235,2235,192,sv,A,73,3,you can't alleviate all national debts  /,you/PRP ca/MD n't/RB alleviate/VB all/DT national/JJ debts/NNS,,
sw07utt/sw_0742_2235.utt,2/sw2235,2235,193,qrr,A,73,4,{C or } do you think it would be better for our leaders to just start seeking God on how to turn our nation around financially?  /,or/CC do/VBP you/PRP think/VB it/PRP would/MD be/VB better/JJR for/IN our/PRP$ leaders/NNS to/TO just/RB start/VB seeking/VBG God/NNP on/IN how/WRB to/TO turn/VB our/PRP$ nation/NN around/RB financially/RB ?/.,,
sw07utt/sw_0742_2235.utt,2/sw2235,2235,194,sd,A,73,5,That's my opinion.  /,That/DT 's/BES my/PRP$ opinion/NN ./.,,
sw07utt/sw_0742_2235.utt,2/sw2235,2235,195,sd,A,73,6,My opinion's the latter. /,My/PRP$ opinion/NN 's/BES the/DT latter/NN ./.,,
sw07utt/sw_0742_2235.utt,2/sw2235,2235,196,b,B,74,1,Uh-huh.  /,Uh-huh/UH ./.,,
sw07utt/sw_0742_2235.utt,2/sw2235,2235,197,sd,B,74,2,"{D Well, } {F uh, } I've got to respect your  opinion.  /","Well/UH ,/, uh/UH ,/, I/PRP 've/VBP got/VBN to/TO respect/VB your/PRP$ opinion/NN ./.",,
sw07utt/sw_0742_2235.utt,2/sw2235,2235,198,sv,B,74,3,You have some --,You/PRP have/VBP some/DT --/:,,
sw07utt/sw_0742_2235.utt,2/sw2235,2235,199,b,A,75,1,Uh-huh. /,Uh-huh/UH ./.,,
sw07utt/sw_0742_2235.utt,2/sw2235,2235,200,+,B,76,1,-- solid ideas. /,--/: solid/JJ ideas/NNS ./.,,
sw07utt/sw_0742_2235.utt,2/sw2235,2235,201,aa,A,77,1,I know.  /,I/PRP know/VBP ./.,,
sw07utt/sw_0742_2235.utt,2/sw2235,2235,202,qw,A,77,2,What's yours?  /,What/WP 's/BES yours/PRP$ ?/.,,
sw07utt/sw_0742_2235.utt,2/sw2235,2235,203,qy,A,77,3,Do you agree  /,Do/VBP you/PRP agree/VB,,
sw07utt/sw_0742_2235.utt,2/sw2235,2235,204,qrr,A,77,4,{C or }  do you disagree  /,or/CC do/VBP you/PRP disagree/VB,,
sw07utt/sw_0742_2235.utt,2/sw2235,2235,205,qw,A,77,5,"{C or } # {E I mean, } what do you think long term? # /","or/CC I/PRP mean/VBP ,/, what/WP do/VBP you/PRP think/VB long/JJ term/NN ?/.",,
sw07utt/sw_0742_2235.utt,2/sw2235,2235,206,sd,B,78,1,"# {D Well, } I don't believe in a single #  government or a single control for the world. /","Well/UH ,/, I/PRP do/VBP n't/RB believe/VB in/IN a/DT single/JJ government/NN or/CC a/DT single/JJ control/NN for/IN the/DT world/NN ./.",,
sw07utt/sw_0742_2235.utt,2/sw2235,2235,207,b,A,79,1,Uh-huh. /,Uh-huh/UH ./.,,
sw07utt/sw_0742_2235.utt,2/sw2235,2235,208,sv,B,80,1,"{F Uh, } that's asking for trouble.  /","Uh/UH ,/, that/DT 's/BES asking/VBG for/IN trouble/NN ./.",,
sw07utt/sw_0742_2235.utt,2/sw2235,2235,209,sv,B,80,2,People are too different. /,People/NNS are/VBP too/RB different/JJ ./.,,
sw07utt/sw_0742_2235.utt,2/sw2235,2235,210,b,A,81,1,Uh-huh. /,Uh-huh/UH ./.,,
sw07utt/sw_0742_2235.utt,2/sw2235,2235,211,sv,B,82,1,{E I mean } you could travel from one coast to the other here in the U S and find a tremendous differences between the peoples.  /,I/PRP mean/VBP you/PRP could/MD travel/VB from/IN one/CD coast/NN to/IN the/DT other/JJ here/RB in/IN the/DT U/NNP S/NNP and/CC find/VB a/DT tremendous/JJ differences/NNS between/IN the/DT peoples/NNS ./.,,
sw07utt/sw_0742_2235.utt,2/sw2235,2235,212,sv,B,82,2,They have their own ideas how things should be run. /,They/PRP have/VBP their/PRP$ own/JJ ideas/NNS how/WRB things/NNS should/MD be/VB run/VBN ./.,,
sw07utt/sw_0742_2235.utt,2/sw2235,2235,213,b,A,83,1,Uh-huh. /,Uh-huh/UH ./.,,
sw07utt/sw_0742_2235.utt,2/sw2235,2235,214,sd,B,84,1,"{C So, } therefore, I don't believe there could be a single government for the whole world.  /","So/RB ,/, therefore/RB ,/, I/PRP do/VBP n't/RB believe/VB there/EX could/MD be/VB a/DT single/JJ government/NN for/IN the/DT whole/JJ world/NN ./.",,
sw07utt/sw_0742_2235.utt,2/sw2235,2235,215,sv,B,84,2,"There's too many societies involved, {F uh, }  /","There/EX 's/BES too/RB many/JJ societies/NNS involved/VBN ,/, uh/UH ,/,",,
sw07utt/sw_0742_2235.utt,2/sw2235,2235,216,sv,B,84,3,the language barriers. -/,the/DT language/NN barriers/NNS ./.,,
sw07utt/sw_0742_2235.utt,2/sw2235,2235,217,b,A,85,1,Uh-huh. /,Uh-huh/UH ./.,,
sw07utt/sw_0742_2235.utt,2/sw2235,2235,218,o,B,86,1,"{F Uh, } {F oh, } sure,  /","Uh/UH ,/, oh/UH ,/, sure/UH ,/,",,
sw07utt/sw_0742_2235.utt,2/sw2235,2235,219,sd(^q),B,86,2,"somebody said years ago,  {D well, } let's make it English, {F uh, } international language. /","somebody/NN said/VBD years/NNS ago/RB ,/, well/UH ,/, let/VB 's/PRP make/VB it/PRP English/NNP ,/, uh/UH ,/, international/JJ language/NN ./.",,
sw07utt/sw_0742_2235.utt,2/sw2235,2235,220,b,A,87,1,Uh-huh. /,Uh-huh/UH ./.,,
sw07utt/sw_0742_2235.utt,2/sw2235,2235,221,sv,B,88,1,"That's a big laugh,  /","That/DT 's/BES a/DT big/JJ laugh/NN ,/,",,
sw07utt/sw_0742_2235.utt,2/sw2235,2235,222,sv,B,88,2,we can't even make English a  national language here in our country. /,we/PRP ca/MD n't/RB even/RB make/VB English/NNP a/DT national/JJ language/NN here/RB in/IN our/PRP$ country/NN ./.,,
sw07utt/sw_0742_2235.utt,2/sw2235,2235,223,b,A,89,1,Uh-huh. /,Uh-huh/UH ./.,,
sw07utt/sw_0742_2235.utt,2/sw2235,2235,224,sv,B,90,1,"We've got too many, {F uh, } {F uh, } # immigrants. # /","We/PRP 've/VBP got/VBN too/RB many/JJ ,/, uh/UH ,/, uh/UH ,/, immigrants/NNS ./.",,
sw07utt/sw_0742_2235.utt,2/sw2235,2235,225,aa,A,91,1,# Yeah.  /,Yeah/UH ./.,,
sw07utt/sw_0742_2235.utt,2/sw2235,2235,226,aa,A,91,2,#  Yeah.  /,Yeah/UH ./.,,
sw07utt/sw_0742_2235.utt,2/sw2235,2235,227,sd,A,91,3,# I know. # /,I/PRP know/VBP ./.,,
sw07utt/sw_0742_2235.utt,2/sw2235,2235,228,sd,B,92,1,"# They don't call # them immigrants anymore,  /","They/PRP do/VBP n't/RB call/VB them/PRP immigrants/NNS anymore/RB ,/,",,
sw07utt/sw_0742_2235.utt,2/sw2235,2235,229,sd,B,92,2,that was back in my granddaddy's day. /,that/DT was/VBD back/RB in/IN my/PRP$ granddaddy/NN 's/POS day/NN ./.,,
sw07utt/sw_0742_2235.utt,2/sw2235,2235,230,aa,A,93,1,Yeah.  /,Yeah/UH ./.,,
sw07utt/sw_0742_2235.utt,2/sw2235,2235,231,bf,A,93,2,Different ethnic groups <laughter>. /,Different/JJ ethnic/JJ groups/NNS ./.,,
sw07utt/sw_0742_2235.utt,2/sw2235,2235,232,aa,B,94,1,<Laughter> Yes.  /,Yes/UH ./.,,
sw07utt/sw_0742_2235.utt,2/sw2235,2235,233,aa,B,94,2,Yeah  /,Yeah/UH,,
sw07utt/sw_0742_2235.utt,2/sw2235,2235,234,%,B,94,3,"{C but, } -/","but/CC ,/,",,
sw07utt/sw_0742_2235.utt,2/sw2235,2235,235,b,A,95,1,Yeah.  /,Yeah/UH ./.,,
sw07utt/sw_0742_2235.utt,2/sw2235,2235,236,sd*,A,95,2,I know what your saying. /   *[[typo your -> you're]],I/PRP know/VBP what/WP your/PRP$ saying/VBG ./.,,
sw07utt/sw_0742_2235.utt,2/sw2235,2235,237,sd,B,96,1,"My grandfather came over from Lithuania back, {F uh, }  just before the turn of the century -- /","My/PRP$ grandfather/NN came/VBD over/RB from/IN Lithuania/NNP back/RB ,/, uh/UH ,/, just/RB before/IN the/DT turn/NN of/IN the/DT century/NN --/:",,
sw07utt/sw_0742_2235.utt,2/sw2235,2235,238,b,A,97,1,Uh-huh. /,Uh-huh/UH ./.,,
sw07utt/sw_0742_2235.utt,2/sw2235,2235,239,sd,B,98,1,"-- {C and, } {F uh, } as a matter of fact he's a draft dodger. /","--/: and/CC ,/, uh/UH ,/, as/IN a/DT matter/NN of/IN fact/NN he/PRP 's/BES a/DT draft/NN dodger/NN ./.",,
sw07utt/sw_0742_2235.utt,2/sw2235,2235,240,b,A,99,1,Uh-huh. /,Uh-huh/UH ./.,,
sw07utt/sw_0742_2235.utt,2/sw2235,2235,241,sd,B,100,1,"He, {F uh, } was supposed to serve some time.  /","He/PRP ,/, uh/UH ,/, was/VBD supposed/VBN to/TO serve/VB some/DT time/NN ./.",,
sw07utt/sw_0742_2235.utt,2/sw2235,2235,242,sd,B,100,2,"{D Well, } he did serve his time [ in the, + {F uh, } in the ] militia. /","Well/UH ,/, he/PRP did/VBD serve/VB his/PRP$ time/NN in/IN the/DT ,/, uh/UH ,/, in/IN the/DT militia/NN ./.",,
sw07utt/sw_0742_2235.utt,2/sw2235,2235,243,b,A,101,1,Uh-huh. /,Uh-huh/UH ./.,,
sw07utt/sw_0742_2235.utt,2/sw2235,2235,244,sd,B,102,1,{C And } he came back.  /,And/CC he/PRP came/VBD back/RB ./.,,
sw07utt/sw_0742_2235.utt,2/sw2235,2235,245,sd,B,102,2,He was a civilian  again  /,He/PRP was/VBD a/DT civilian/NN again/RB,,
sw07utt/sw_0742_2235.utt,2/sw2235,2235,246,sd(^q),B,102,3,"{C and } his father said {D well } if, -/","and/CC his/PRP$ father/NN said/VBD well/UH if/IN ,/,",,
