swda_filename,ptb_basename,conversation_no,transcript_index,act_tag,caller,utterance_index,subutterance_index,text,pos,trees,ptb_treenumbers
sw07utt/sw_0758_3087.utt,3/sw3087,3087,0,o,A,1,1,Okay. /,Okay/UH ./.,,
sw07utt/sw_0758_3087.utt,3/sw3087,3087,1,b,B,2,1,"Okay,  /","Okay/UH ,/,",,
sw07utt/sw_0758_3087.utt,3/sw3087,3087,2,qy^d^t,B,2,2,"[ now, + now ] we're supposed to talk about music? /","now/RB ,/, now/RB we/PRP 're/VBP supposed/VBN to/TO talk/VB about/IN music/NN ?/.",,
sw07utt/sw_0758_3087.utt,3/sw3087,3087,3,na,A,3,1,Right. /,Right/UH ./.,,
sw07utt/sw_0758_3087.utt,3/sw3087,3087,4,qw,B,4,1,"[ Why, + why ] did you check music? /","Why/WRB ,/, why/WRB did/VBD you/PRP check/VB music/NN ?/.",,
sw07utt/sw_0758_3087.utt,3/sw3087,3087,5,br^m,A,5,1,Why did I pick music? /,Why/WRB did/VBD I/PRP pick/VB music/NN ?/.,,
sw07utt/sw_0758_3087.utt,3/sw3087,3087,6,aa,B,6,1,Uh-huh. /,Uh-huh/UH ./.,,
sw07utt/sw_0758_3087.utt,3/sw3087,3087,7,sd,A,7,1,"{F Oh, } {C because } I know a little bit about  music, {D you know, }  /","Oh/UH ,/, because/IN I/PRP know/VBP a/DT little/JJ bit/NN about/IN music/NN ,/, you/PRP know/VBP ,/,",,
sw07utt/sw_0758_3087.utt,3/sw3087,3087,8,sd,A,7,2,"{C so } I thought that I would put that, - /","so/RB I/PRP thought/VBD that/IN I/PRP would/MD put/VB that/DT ,/,",,
sw07utt/sw_0758_3087.utt,3/sw3087,3087,9,sd,A,7,3,"{C plus } [ I, + I ]  like, {F uh, } to listen to music. /","plus/CC I/PRP ,/, I/PRP like/VBP ,/, uh/UH ,/, to/TO listen/VB to/IN music/NN ./.",,
sw07utt/sw_0758_3087.utt,3/sw3087,3087,10,b,B,8,1,Uh-huh.  /,Uh-huh/UH ./.,,
sw07utt/sw_0758_3087.utt,3/sw3087,3087,11,qw,B,8,2,What kind of music do you enjoy? /,What/WDT kind/NN of/IN music/NN do/VBP you/PRP enjoy/VB ?/.,,
sw07utt/sw_0758_3087.utt,3/sw3087,3087,12,sd,A,9,1,"{F Um, } I really enjoy the oldies, - /","Um/UH ,/, I/PRP really/RB enjoy/VBP the/DT oldies/NNS ,/,",,
sw07utt/sw_0758_3087.utt,3/sw3087,3087,13,sd,A,9,2,is what  I really listen to most of the time. -/,is/VBZ what/WP I/PRP really/RB listen/VBP to/IN most/RBS of/IN the/DT time/NN ./.,,
sw07utt/sw_0758_3087.utt,3/sw3087,3087,14,qw,B,10,1,"Like [ what, + what ] kind of oldies? /","Like/IN what/WDT ,/, what/WDT kind/NN of/IN oldies/NNS ?/.",,
sw07utt/sw_0758_3087.utt,3/sw3087,3087,15,%,A,11,1,"{F Uh, } /","Uh/UH ,/,",,
sw07utt/sw_0758_3087.utt,3/sw3087,3087,16,qr,B,12,1,"Like the fifties oldies, or older oldies? /","Like/IN the/DT fifties/NNS oldies/NNS ,/, or/CC older/JJR oldies/NNS ?/.",,
sw07utt/sw_0758_3087.utt,3/sw3087,3087,17,sd,A,13,1,Usually in the fifties. /,Usually/RB in/IN the/DT fifties/NNS ./.,,
sw07utt/sw_0758_3087.utt,3/sw3087,3087,18,b,B,14,1,Uh-huh. /,Uh-huh/UH ./.,,
sw07utt/sw_0758_3087.utt,3/sw3087,3087,19,h,A,15,1,"I'm not really sure,  /","I/PRP 'm/VBP not/RB really/RB sure/JJ ,/,",,
sw07utt/sw_0758_3087.utt,3/sw3087,3087,20,sd,A,15,2,"I think [  it's, + it's ]  a fifties, sixties, and seventies station that I listen to. /","I/PRP think/VBP it/PRP 's/BES ,/, it/PRP 's/BES a/DT fifties/NNS ,/, sixties/NNS ,/, and/CC seventies/NNS station/NN that/WDT I/PRP listen/VBP to/IN ./.",,
sw07utt/sw_0758_3087.utt,3/sw3087,3087,21,b,B,16,1,"Uh-huh,  /","Uh-huh/UH ,/,",,
sw07utt/sw_0758_3087.utt,3/sw3087,3087,22,b^r,B,16,2,uh-huh.  /,uh-huh/UH ./.,,
sw07utt/sw_0758_3087.utt,3/sw3087,3087,23,sd,B,16,3,"They have the same kind of station  down here,  /","They/PRP have/VBP the/DT same/JJ kind/NN of/IN station/NN down/IN here/RB ,/,",,
sw07utt/sw_0758_3087.utt,3/sw3087,3087,24,sd,B,16,4,{C and } when I listen to music most of the time that's what I listen to. /,and/CC when/WRB I/PRP listen/VBP to/IN music/NN most/RBS of/IN the/DT time/NN that/WDT 's/BES what/WP I/PRP listen/VBP to/IN ./.,,
sw07utt/sw_0758_3087.utt,3/sw3087,3087,25,bh,A,17,1,"{F Oh, } really. /","Oh/UH ,/, really/UH ./.",,
sw07utt/sw_0758_3087.utt,3/sw3087,3087,26,ny,B,18,1,Uh-huh. /,Uh-huh/UH ./.,,
sw07utt/sw_0758_3087.utt,3/sw3087,3087,27,sd,A,19,1,"I don't know a lot of the, {F um, } {F uh, }  musicians' names or the singers' names, /","I/PRP do/VBP n't/RB know/VB a/DT lot/NN of/IN the/DT ,/, um/UH ,/, uh/UH ,/, musicians/NNS '/POS names/NNS or/CC the/DT singers/NNS '/POS names/NNS ,/,",,
sw07utt/sw_0758_3087.utt,3/sw3087,3087,28,sd,A,19,2,{C but } I know a lot of the old songs. /,but/CC I/PRP know/VBP a/DT lot/NN of/IN the/DT old/JJ songs/NNS ./.,,
sw07utt/sw_0758_3087.utt,3/sw3087,3087,29,b,B,20,1,"Uh-huh,  /","Uh-huh/UH ,/,",,
sw07utt/sw_0758_3087.utt,3/sw3087,3087,30,b^r,B,20,2,"uh-huh,  /","uh-huh/UH ,/,",,
sw07utt/sw_0758_3087.utt,3/sw3087,3087,31,sd,B,20,3,"we just got a disk the other  day that was a, {F um, } disk of [ Nat, + Nat ] King Cole's greatest hits -- /","we/PRP just/RB got/VBD a/DT disk/NN the/DT other/JJ day/NN that/WDT was/VBD a/DT ,/, um/UH ,/, disk/NN of/IN Nat/NNP ,/, Nat/NNP King/NNP Cole/NNP 's/POS greatest/JJS hits/NNS --/:",,
sw07utt/sw_0758_3087.utt,3/sw3087,3087,32,ba,A,21,1,"{F Oh, } yeah. /","Oh/UH ,/, yeah/UH ./.",,
sw07utt/sw_0758_3087.utt,3/sw3087,3087,33,sd,B,22,1,-- {C and } it is excellent.  /,--/: and/CC it/PRP is/VBZ excellent/JJ ./.,,
sw07utt/sw_0758_3087.utt,3/sw3087,3087,34,sd,B,22,2,"[ It, + it's ] about twenty  of his greatest hits on it.  /","It/PRP ,/, it/PRP 's/BES about/RB twenty/CD of/IN his/PRP$ greatest/JJS hits/NNS on/IN it/PRP ./.",,
sw07utt/sw_0758_3087.utt,3/sw3087,3087,35,sd,B,22,3,"It's really an excellent, excellent C D.  /","It/PRP 's/BES really/RB an/DT excellent/JJ ,/, excellent/JJ C/NN D/NN ./.",,
sw07utt/sw_0758_3087.utt,3/sw3087,3087,36,sd,B,22,4,"[  We are, + we were ] really quite pleased with it.  /","We/PRP are/VBP ,/, we/PRP were/VBD really/RB quite/RB pleased/JJ with/IN it/PRP ./.",,
sw07utt/sw_0758_3087.utt,3/sw3087,3087,37,sd,B,22,5,It was good. /,It/PRP was/VBD good/JJ ./.,,
sw07utt/sw_0758_3087.utt,3/sw3087,3087,38,b,A,23,1,Uh-huh. /,Uh-huh/UH ./.,,
sw07utt/sw_0758_3087.utt,3/sw3087,3087,39,qy,B,24,1,"[ Have you, + {F um, } do you ] listen, - /","Have/VBP you/PRP ,/, um/UH ,/, do/VBP you/PRP listen/VB ,/,",,
sw07utt/sw_0758_3087.utt,3/sw3087,3087,40,qy,B,24,2,"have you [ heard of Nat, + heard of Nat ]  King Cole? /","have/VBP you/PRP heard/VBN of/IN Nat/NNP ,/, heard/VBN of/IN Nat/NNP King/NNP Cole/NNP ?/.",,
sw07utt/sw_0758_3087.utt,3/sw3087,3087,41,ny,A,25,1,"Yes,  /","Yes/UH ,/,",,
sw07utt/sw_0758_3087.utt,3/sw3087,3087,42,sd^e,A,25,2,I have. /,I/PRP have/VBP ./.,,
sw07utt/sw_0758_3087.utt,3/sw3087,3087,43,b,B,26,1,Okay.  /,Okay/UH ./.,,
sw07utt/sw_0758_3087.utt,3/sw3087,3087,44,qy,B,26,2,"{D Well, } {F um, } {F um, } <noise> <<finger snap>>  do you play any musical instruments or anything. /","Well/UH ,/, um/UH ,/, um/UH ,/, do/VBP you/PRP play/VB any/DT musical/JJ instruments/NNS or/CC anything/NN ./.",,
sw07utt/sw_0758_3087.utt,3/sw3087,3087,45,sd,A,27,1,"{F Um, } I played the accordion for seven years -- /","Um/UH ,/, I/PRP played/VBD the/DT accordion/NN for/IN seven/CD years/NNS --/:",,
sw07utt/sw_0758_3087.utt,3/sw3087,3087,46,o@,B,28,1,Really.  *[[ slash error ]],Really/UH ./.,,
sw07utt/sw_0758_3087.utt,3/sw3087,3087,47,sd,A,29,1,-- {C and } I played the clarinet for seven years also. /,--/: and/CC I/PRP played/VBD the/DT clarinet/NN for/IN seven/CD years/NNS also/RB ./.,,
sw07utt/sw_0758_3087.utt,3/sw3087,3087,48,+*,B,30,1,"[ At, + at ] the same time, or, -/   *[[slash error should be qy]]","At/IN ,/, at/IN the/DT same/JJ time/NN ,/, or/CC ,/,",,
sw07utt/sw_0758_3087.utt,3/sw3087,3087,49,nn,A,31,1,"No,  /","No/UH ,/,",,
sw07utt/sw_0758_3087.utt,3/sw3087,3087,50,sd^e,A,31,2,"I played the accordion until I got into about sixth or  seventh grade,  /","I/PRP played/VBD the/DT accordion/NN until/IN I/PRP got/VBD into/IN about/RB sixth/JJ or/CC seventh/JJ grade/NN ,/,",,
sw07utt/sw_0758_3087.utt,3/sw3087,3087,51,sd,A,31,3,"{C and then } in fourth grade I started the clarinet,  /","and/CC then/RB in/IN fourth/JJ grade/NN I/PRP started/VBD the/DT clarinet/NN ,/,",,
sw07utt/sw_0758_3087.utt,3/sw3087,3087,52,sd,A,31,4,{C and } I played that all through high school. /,and/CC I/PRP played/VBD that/DT all/DT through/IN high/JJ school/NN ./.,,
sw07utt/sw_0758_3087.utt,3/sw3087,3087,53,b,B,32,1,Uh-huh.  /,Uh-huh/UH ./.,,
sw07utt/sw_0758_3087.utt,3/sw3087,3087,54,qy^d,B,32,2,"{D Like, } {C so } you're in the marching  band and stuff in high school. /","Like/IN ,/, so/RB you/PRP 're/VBP in/IN the/DT marching/NN band/NN and/CC stuff/NN in/IN high/JJ school/NN ./.",,
sw07utt/sw_0758_3087.utt,3/sw3087,3087,55,na,A,33,1,"I was,  /","I/PRP was/VBD ,/,",,
sw07utt/sw_0758_3087.utt,3/sw3087,3087,56,ny,A,33,2,yes. /,yes/UH ./.,,
sw07utt/sw_0758_3087.utt,3/sw3087,3087,57,b,B,34,1,"Yeah,  /","Yeah/UH ,/,",,
sw07utt/sw_0758_3087.utt,3/sw3087,3087,58,sd,B,34,2,"[ I, + I ] played the baritone horn --","I/PRP ,/, I/PRP played/VBD the/DT baritone/NN horn/NN --/:",,
sw07utt/sw_0758_3087.utt,3/sw3087,3087,59,bk,A,35,1,"{F Oh, } okay. /","Oh/UH ,/, okay/UH ./.",,
sw07utt/sw_0758_3087.utt,3/sw3087,3087,60,+,B,36,1,-- in high school band and in college.  /,--/: in/IN high/JJ school/NN band/NN and/CC in/IN college/NN ./.,,
sw07utt/sw_0758_3087.utt,3/sw3087,3087,61,sd,B,36,2,"{D So, } {C and, } my wife played flute in high school. /","So/RB ,/, and/CC ,/, my/PRP$ wife/NN played/VBD flute/NN in/IN high/JJ school/NN ./.",,
sw07utt/sw_0758_3087.utt,3/sw3087,3087,62,b,A,37,1,Uh-huh. /,Uh-huh/UH ./.,,
sw07utt/sw_0758_3087.utt,3/sw3087,3087,63,%,B,38,1,{C So. } -/,So/RB ./.,,
sw07utt/sw_0758_3087.utt,3/sw3087,3087,64,sd,A,39,1,{C And then } in concert band I played the bass clarinet. /,And/CC then/RB in/IN concert/NN band/NN I/PRP played/VBD the/DT bass/NN clarinet/NN ./.,,
sw07utt/sw_0758_3087.utt,3/sw3087,3087,65,b,B,40,1,Really -- /,Really/UH --/:,,
sw07utt/sw_0758_3087.utt,3/sw3087,3087,66,b,A,41,1,Yeah. /,Yeah/UH ./.,,
sw07utt/sw_0758_3087.utt,3/sw3087,3087,67,b,B,42,1,-- really. /,--/: really/UH ./.,,
sw07utt/sw_0758_3087.utt,3/sw3087,3087,68,b,A,43,1,Uh-huh. /,Uh-huh/UH ./.,,
sw07utt/sw_0758_3087.utt,3/sw3087,3087,69,sd,B,44,1,{D Actually } that's exactly the same thing my  ex-wife did <laughter>.  /,Actually/RB that/DT 's/BES exactly/RB the/DT same/JJ thing/NN my/PRP$ ex-wife/NN did/VBD ./.,,
sw07utt/sw_0758_3087.utt,3/sw3087,3087,70,sd,B,44,2,She played the clarinet  /,She/PRP played/VBD the/DT clarinet/NN,,
sw07utt/sw_0758_3087.utt,3/sw3087,3087,71,sd,B,44,3,{C and then } she played bass  clarinet during concert band. /,and/CC then/RB she/PRP played/VBD bass/NN clarinet/NN during/IN concert/NN band/NN ./.,,
sw07utt/sw_0758_3087.utt,3/sw3087,3087,72,bh,A,45,1,"{F Oh, } really. /","Oh/UH ,/, really/UH ./.",,
sw07utt/sw_0758_3087.utt,3/sw3087,3087,73,ny,B,46,1,"Yes,  /","Yes/UH ,/,",,
sw07utt/sw_0758_3087.utt,3/sw3087,3087,74,ny,B,46,2,"yeah,  /","yeah/UH ,/,",,
sw07utt/sw_0758_3087.utt,3/sw3087,3087,75,%,B,46,3,{C so. } -/,so/RB ./.,,
sw07utt/sw_0758_3087.utt,3/sw3087,3087,76,sd,A,47,1,I like the low notes better than the high notes.  /,I/PRP like/VBP the/DT low/JJ notes/NNS better/JJR than/IN the/DT high/JJ notes/NNS ./.,,
sw07utt/sw_0758_3087.utt,3/sw3087,3087,77,%,A,47,2,{C So. } - /,So/RB ./.,,
sw07utt/sw_0758_3087.utt,3/sw3087,3087,78,sd,A,47,3,We didn't have any bass clarinet players  /,We/PRP did/VBD n't/RB have/VB any/DT bass/NN clarinet/NN players/NNS,,
sw07utt/sw_0758_3087.utt,3/sw3087,3087,79,sd,A,47,4,"{C so } I asked him if I could play it,  because I was first clarinet,  /","so/IN I/PRP asked/VBD him/PRP if/IN I/PRP could/MD play/VB it/PRP ,/, because/IN I/PRP was/VBD first/JJ clarinet/NN ,/,",,
sw07utt/sw_0758_3087.utt,3/sw3087,3087,80,sd,A,47,5,"{C and } they end up playing a lot of the  high notes,  /","and/CC they/PRP end/VBP up/RP playing/VBG a/DT lot/NN of/IN the/DT high/JJ notes/NNS ,/,",,
sw07utt/sw_0758_3087.utt,3/sw3087,3087,81,sd,A,47,6,"{C and } [ I don't, + I don't ] care for the sound of the high notes.  /","and/CC I/PRP do/VBP n't/RB ,/, I/PRP do/VBP n't/RB care/VB for/IN the/DT sound/NN of/IN the/DT high/JJ notes/NNS ./.",,
sw07utt/sw_0758_3087.utt,3/sw3087,3087,82,sd,A,47,7,"{C So } I asked  him if I could play the bass clarinet,  /","So/RB I/PRP asked/VBD him/PRP if/IN I/PRP could/MD play/VB the/DT bass/NN clarinet/NN ,/,",,
sw07utt/sw_0758_3087.utt,3/sw3087,3087,83,sd(^q),A,47,8,"{C and } he said, Sure, {D you know, }  /","and/CC he/PRP said/VBD ,/, Sure/UH ,/, you/PRP know/VBP ,/,",,
sw07utt/sw_0758_3087.utt,3/sw3087,3087,84,sd,A,47,9,he didn't have anyone to play it.   /,he/PRP did/VBD n't/RB have/VB anyone/NN to/TO play/VB it/PRP ./.,,
sw07utt/sw_0758_3087.utt,3/sw3087,3087,85,sd,A,47,10,"{C So } I played it,  /","So/RB I/PRP played/VBD it/PRP ,/,",,
sw07utt/sw_0758_3087.utt,3/sw3087,3087,86,sd,A,47,11,{C and } I really enjoyed it. /,and/CC I/PRP really/RB enjoyed/VBD it/PRP ./.,,
sw07utt/sw_0758_3087.utt,3/sw3087,3087,87,sd,B,48,1,"{F Um. }  {D Well, } I like it,  /","Um/UH ./. Well/UH ,/, I/PRP like/VBP it/PRP ,/,",,
sw07utt/sw_0758_3087.utt,3/sw3087,3087,88,sd,B,48,2,"[ I, + I ] like  the low instruments better, too. /","I/PRP ,/, I/PRP like/VBP the/DT low/JJ instruments/NNS better/JJR ,/, too/RB ./.",,
sw07utt/sw_0758_3087.utt,3/sw3087,3087,89,b,A,49,1,Uh-huh. /,Uh-huh/UH ./.,,
sw07utt/sw_0758_3087.utt,3/sw3087,3087,90,qy,B,50,1,"{F Um, } [ do you go to, + do you go to ]  listen to much live music? /","Um/UH ,/, do/VBP you/PRP go/VB to/IN ,/, do/VBP you/PRP go/VB to/TO listen/VB to/IN much/JJ live/JJ music/NN ?/.",,
sw07utt/sw_0758_3087.utt,3/sw3087,3087,91,br,A,51,1,Pardon me? /,Pardon/NN me/PRP ?/.,,
sw07utt/sw_0758_3087.utt,3/sw3087,3087,92,qy,B,52,1,"Do you listen to much live music, like concerts or  things there? /","Do/VBP you/PRP listen/VB to/IN much/JJ live/JJ music/NN ,/, like/IN concerts/NNS or/CC things/NNS there/RB ?/.",,
sw07utt/sw_0758_3087.utt,3/sw3087,3087,93,nn,A,53,1,"No,  /","No/UH ,/,",,
sw07utt/sw_0758_3087.utt,3/sw3087,3087,94,sd^e,A,53,2,I really don't go to very many concerts. /,I/PRP really/RB do/VBP n't/RB go/VB to/IN very/RB many/JJ concerts/NNS ./.,,
sw07utt/sw_0758_3087.utt,3/sw3087,3087,95,b,B,54,1,Uh-huh.  /,Uh-huh/UH ./.,,
sw07utt/sw_0758_3087.utt,3/sw3087,3087,96,sd,B,54,2,"[ We're, + we're ]  going to one here in a couple of weeks.  /","We/PRP 're/VBP ,/, we/PRP 're/VBP going/VBG to/IN one/CD here/RB in/IN a/DT couple/NN of/IN weeks/NNS ./.",,
sw07utt/sw_0758_3087.utt,3/sw3087,3087,97,%,B,54,3,"The, - /","The/DT ,/,",,
sw07utt/sw_0758_3087.utt,3/sw3087,3087,98,sd,B,54,4,"{F um, } {F um, } I don't know if you follow Broadway, much,  /","um/UH ,/, um/UH ,/, I/PRP do/VBP n't/RB know/VB if/IN you/PRP follow/VBP Broadway/NNP ,/, much/JJ ,/,",,
sw07utt/sw_0758_3087.utt,3/sw3087,3087,99,sd,B,54,5,"{C but, } {F uh, } Michael Crawford was in PHANTOM OF THE OPERA on Broadway. /","but/CC ,/, uh/UH ,/, Michael/NNP Crawford/NNP was/VBD in/IN PHANTOM/NN OF/IN THE/DT OPERA/NN on/IN Broadway/NNP ./.",,
sw07utt/sw_0758_3087.utt,3/sw3087,3087,100,b,A,55,1,Uh-huh. /,Uh-huh/UH ./.,,
sw07utt/sw_0758_3087.utt,3/sw3087,3087,101,qy,B,56,1,"{D You know, } you know whom I'm talking about? /","You/PRP know/VBP ,/, you/PRP know/VBP whom/WP I/PRP 'm/VBP talking/VBG about/IN ?/.",,
sw07utt/sw_0758_3087.utt,3/sw3087,3087,102,ny,A,57,1,Yes. /,Yes/UH ./.,,
sw07utt/sw_0758_3087.utt,3/sw3087,3087,103,sd,B,58,1,"{C And } he's coming to Dallas on the twenty-ninth,  /","And/CC he/PRP 's/BES coming/VBG to/IN Dallas/NNP on/IN the/DT twenty-ninth/CD ,/,",,
sw07utt/sw_0758_3087.utt,3/sw3087,3087,104,sd,B,58,2,"{C and } we got a big group going down to hear him sing a bunch of, {F uh, } Andrew Lloyd Webber's <<spelled phonetically>> music.  /","and/CC we/PRP got/VBD a/DT big/JJ group/NN going/VBG down/RB to/TO hear/VB him/PRP sing/VB a/DT bunch/NN of/IN ,/, uh/UH ,/, Andrew/NNP Lloyd/NNP Webber/NNP 's/POS music/NN ./.",,
sw07utt/sw_0758_3087.utt,3/sw3087,3087,105,sd,B,58,3,{C So } that'll be good. /,So/RB that/DT 'll/MD be/VB good/JJ ./.,,
sw07utt/sw_0758_3087.utt,3/sw3087,3087,106,ba,A,59,1,"{F Oh, } wow. /","Oh/UH ,/, wow/UH ./.",,
sw07utt/sw_0758_3087.utt,3/sw3087,3087,107,sd,B,60,1,My sons are kind of into Broadway.  /,My/PRP$ sons/NNS are/VBP kind/RB of/RB into/IN Broadway/NNP ./.,,
sw07utt/sw_0758_3087.utt,3/sw3087,3087,108,sd,B,60,2,"[ [ [ They, + they, ] + my, ] + my ] older son is at Columbia in New York  City,  /","They/PRP ,/, they/PRP ,/, my/PRP$ ,/, my/PRP$ older/JJR son/NN is/VBZ at/IN Columbia/NNP in/IN New/NNP York/NNP City/NNP ,/,",,
sw07utt/sw_0758_3087.utt,3/sw3087,3087,109,sd,B,60,3,"{C and } he's been to see  PHANTOM, and LES MISERABLES and bunch of other things up there,  /","and/CC he/PRP 's/HVS been/VBN to/TO see/VB PHANTOM/NN ,/, and/CC LES/FW MISERABLES/FW and/CC bunch/NN of/IN other/JJ things/NNS up/IN there/RB ,/,",,
sw07utt/sw_0758_3087.utt,3/sw3087,3087,110,%,B,60,4,"{C so, } -/","so/RB ,/,",,
sw07utt/sw_0758_3087.utt,3/sw3087,3087,111,sd,A,61,1,I would love to be able to go see LES MISERABLES. /,I/PRP would/MD love/VB to/TO be/VB able/JJ to/TO go/VB see/VB LES/FW MISERABLES/FW ./.,,
sw07utt/sw_0758_3087.utt,3/sw3087,3087,112,sd,B,62,1,"{C And } he does it,  /","And/CC he/PRP does/VBZ it/PRP ,/,",,
sw07utt/sw_0758_3087.utt,3/sw3087,3087,113,sd,B,62,2,he can go if they get  sixteen dollar tickets --,he/PRP can/MD go/VB if/IN they/PRP get/VBP sixteen/CD dollar/NN tickets/NNS --/:,,
sw07utt/sw_0758_3087.utt,3/sw3087,3087,114,ba,A,63,1,"{F Oh, } my gosh. /","Oh/UH ,/, my/PRP$ gosh/UH ./.",,
sw07utt/sw_0758_3087.utt,3/sw3087,3087,115,+,B,64,1,"-- to that thing,  /","--/: to/IN that/DT thing/NN ,/,",,
sw07utt/sw_0758_3087.utt,3/sw3087,3087,116,%,B,64,2,"yeah,  /","yeah/UH ,/,",,
sw07utt/sw_0758_3087.utt,3/sw3087,3087,117,%,B,64,3,"yeah,  /","yeah/UH ,/,",,
sw07utt/sw_0758_3087.utt,3/sw3087,3087,118,sd,B,64,4,"{C and }  one of the, {F uh, } - /","and/CC one/CD of/IN the/DT ,/, uh/UH ,/,",,
sw07utt/sw_0758_3087.utt,3/sw3087,3087,119,sd,B,64,5,"the last time they went up, a friend of his wanted to go,  /","the/DT last/JJ time/NN they/PRP went/VBD up/RP ,/, a/DT friend/NN of/IN his/PRP$ wanted/VBD to/TO go/VB ,/,",,
sw07utt/sw_0758_3087.utt,3/sw3087,3087,120,sd,B,64,6,"{C and }  Chris didn't want to go,  /","and/CC Chris/NNP did/VBD n't/RB want/VB to/TO go/VB ,/,",,
sw07utt/sw_0758_3087.utt,3/sw3087,3087,121,sd,B,64,7,"{C so } the friend David went,  /","so/RB the/DT friend/NN David/NNP went/VBD ,/,",,
sw07utt/sw_0758_3087.utt,3/sw3087,3087,122,sd,B,64,8,"{C and } he went and bought one of the low  priced student tickets,  /","and/CC he/PRP went/VBD and/CC bought/VBD one/CD of/IN the/DT low/RB priced/JJ student/NN tickets/NNS ,/,",,
sw07utt/sw_0758_3087.utt,3/sw3087,3087,123,sd,B,64,9,"{C and } [ they, + they ]  gave  him the seat that normally  belongs to John Bel John <<spelled phonetically>>.  /","and/CC they/PRP ,/, they/PRP gave/VBD him/PRP the/DT seat/NN that/WDT normally/RB belongs/VBZ to/IN John/NNP Bel/NNP John/NNP ./.",,
sw07utt/sw_0758_3087.utt,3/sw3087,3087,124,sd,B,64,10,It's his house seat.  /,It/PRP 's/BES his/PRP$ house/NN seat/NN ./.,,
sw07utt/sw_0758_3087.utt,3/sw3087,3087,125,sd,B,64,11,"That's under his control,  /","That/DT 's/BES under/IN his/PRP$ control/NN ,/,",,
sw07utt/sw_0758_3087.utt,3/sw3087,3087,126,sd,B,64,12,{C and } he said it was a great seat. /,and/CC he/PRP said/VBD it/PRP was/VBD a/DT great/JJ seat/NN ./.,,
sw07utt/sw_0758_3087.utt,3/sw3087,3087,127,ba,A,65,1,Holy smoke. /,Holy/JJ smoke/NN ./.,,
sw07utt/sw_0758_3087.utt,3/sw3087,3087,128,sd,B,66,1,"{C So, } [ [ he, + he's ] been to, + they've been to ]  see it several times. /","So/RB ,/, he/PRP ,/, he/PRP 's/HVS been/VBN to/IN ,/, they/PRP 've/VBP been/VBN to/TO see/VB it/PRP several/JJ times/NNS ./.",,
sw07utt/sw_0758_3087.utt,3/sw3087,3087,129,sd,A,67,1,"{F Oh, } I would love to go see that, and CATS --","Oh/UH ,/, I/PRP would/MD love/VB to/TO go/VB see/VB that/DT ,/, and/CC CATS/NNS --/:",,
sw07utt/sw_0758_3087.utt,3/sw3087,3087,130,b,B,68,1,Yeah. /,Yeah/UH ./.,,
sw07utt/sw_0758_3087.utt,3/sw3087,3087,131,+,A,69,1,-- CHORUS LINE -- /,--/: CHORUS/NN LINE/NN --/:,,
sw07utt/sw_0758_3087.utt,3/sw3087,3087,132,b,B,70,1,Yeah. /,Yeah/UH ./.,,
sw07utt/sw_0758_3087.utt,3/sw3087,3087,133,sd,A,71,1,-- I would love to be able to go see those. /,--/: I/PRP would/MD love/VB to/TO be/VB able/JJ to/TO go/VB see/VB those/DT ./.,,
sw07utt/sw_0758_3087.utt,3/sw3087,3087,134,%,B,72,1,"Would they, - /","Would/MD they/PRP ,/,",,
sw07utt/sw_0758_3087.utt,3/sw3087,3087,135,qy,B,72,2,"[ do, + don't ] any of those ever  come to Pittsburgh? /","do/VB ,/, do/VB n't/RB any/DT of/IN those/DT ever/RB come/VB to/IN Pittsburgh/NNP ?/.",,
sw07utt/sw_0758_3087.utt,3/sw3087,3087,136,na,A,73,1,"They do,  /","They/PRP do/VBP ,/,",,
sw07utt/sw_0758_3087.utt,3/sw3087,3087,137,sd^e,A,73,2,"{C but } I work,  /","but/CC I/PRP work/VBP ,/,",,
sw07utt/sw_0758_3087.utt,3/sw3087,3087,138,sd,A,73,3,"{C and } [ I went to, + I go to ]  college,  /","and/CC I/PRP went/VBD to/IN ,/, I/PRP go/VBP to/IN college/NN ,/,",,
sw07utt/sw_0758_3087.utt,3/sw3087,3087,139,sd,A,73,4,"I had just gotten, - /","I/PRP had/VBD just/RB gotten/VBN ,/,",,
sw07utt/sw_0758_3087.utt,3/sw3087,3087,140,sd,A,73,5,"I just graduated from college in May,  /","I/PRP just/RB graduated/VBD from/IN college/NN in/IN May/NNP ,/,",,
sw07utt/sw_0758_3087.utt,3/sw3087,3087,141,sd,A,73,6,{C and so } I really didn't  have the chance or  the money to go see them. /,and/CC so/RB I/PRP really/RB did/VBD n't/RB have/VB the/DT chance/NN or/CC the/DT money/NN to/TO go/VB see/VB them/PRP ./.,,
sw07utt/sw_0758_3087.utt,3/sw3087,3087,142,b,B,74,1,Sure.  /,Sure/RB ./.,,
sw07utt/sw_0758_3087.utt,3/sw3087,3087,143,sd,B,74,2,"{D Well, } we're kind of, {D you know, } - /","Well/UH ,/, we/PRP 're/VBP kind/RB of/RB ,/, you/PRP know/VBP ,/,",,
sw07utt/sw_0758_3087.utt,3/sw3087,3087,144,%,B,74,3,"they, - /","they/PRP ,/,",,
sw07utt/sw_0758_3087.utt,3/sw3087,3087,145,sd,B,74,4,"{D well, } I saw [  two, + two ] road shows of LES MIS-,  /","well/UH ,/, I/PRP saw/VBD two/CD ,/, two/CD road/NN shows/NNS of/IN LES/FW MIS-/FW ,/,",,
sw07utt/sw_0758_3087.utt,3/sw3087,3087,146,sd,B,74,5,{C and } they were both excellent. /,and/CC they/PRP were/VBD both/DT excellent/JJ ./.,,
sw07utt/sw_0758_3087.utt,3/sw3087,3087,147,b,A,75,1,Uh-huh. /,Uh-huh/UH ./.,,
sw07utt/sw_0758_3087.utt,3/sw3087,3087,148,ad,B,76,1,"{C So } if it comes to Pittsburgh in the road shows, and  I think they have three different companies that tour the U S, {F um, }  you should go see it, because [ it's really, + it's really ] outstanding. /","So/RB if/IN it/PRP comes/VBZ to/IN Pittsburgh/NNP in/IN the/DT road/NN shows/NNS ,/, and/CC I/PRP think/VBP they/PRP have/VBP three/CD different/JJ companies/NNS that/WDT tour/VBP the/DT U/NNP S/NNP ,/, um/UH ,/, you/PRP should/MD go/VB see/VB it/PRP ,/, because/IN it/PRP 's/BES really/RB ,/, it/PRP 's/BES really/RB outstanding/JJ ./.",,
sw07utt/sw_0758_3087.utt,3/sw3087,3087,149,b,A,77,1,Yeah.  /,Yeah/UH ./.,,
sw07utt/sw_0758_3087.utt,3/sw3087,3087,150,sd,A,77,2,"My brother doesn't even like that kind of  stuff,  /","My/PRP$ brother/NN does/VBZ n't/RB even/RB like/VB that/DT kind/NN of/IN stuff/NN ,/,",,
sw07utt/sw_0758_3087.utt,3/sw3087,3087,151,sd,A,77,3,"{C and } he went to New York,  /","and/CC he/PRP went/VBD to/IN New/NNP York/NNP ,/,",,
sw07utt/sw_0758_3087.utt,3/sw3087,3087,152,%,A,77,4,"a bunch of, - /","a/DT bunch/NN of/IN ,/,",,
sw07utt/sw_0758_3087.utt,3/sw3087,3087,153,sd,A,77,5,"there was {D like } twenty students  from high school that went,  /","there/RB was/VBD like/UH twenty/CD students/NNS from/IN high/JJ school/NN that/WDT went/VBD ,/,",,
sw07utt/sw_0758_3087.utt,3/sw3087,3087,154,sd,A,77,6,"{C and } he went to New York with them,  /","and/CC he/PRP went/VBD to/IN New/NNP York/NNP with/IN them/PRP ,/,",,
sw07utt/sw_0758_3087.utt,3/sw3087,3087,155,sd,A,77,7,"{C and } he saw it,  /","and/CC he/PRP saw/VBD it/PRP ,/,",,
sw07utt/sw_0758_3087.utt,3/sw3087,3087,156,sd,A,77,8,{C and } he said it was the best thing he'd ever seen -- /,and/CC he/PRP said/VBD it/PRP was/VBD the/DT best/JJS thing/NN he/PRP 'd/MD ever/RB seen/VBN --/:,,
sw07utt/sw_0758_3087.utt,3/sw3087,3087,157,b,B,78,1,Right. /,Right/UH ./.,,
sw07utt/sw_0758_3087.utt,3/sw3087,3087,158,sd^r,A,79,1,-- {C and } he doesn't even like that type of stuff. /,--/: and/CC he/PRP does/VBZ n't/RB even/RB like/VB that/DT type/NN of/IN stuff/NN ./.,,
sw07utt/sw_0758_3087.utt,3/sw3087,3087,159,sv,B,80,1,"{D Well, } I think it's just incredible.  /","Well/UH ,/, I/PRP think/VBP it/PRP 's/BES just/RB incredible/JJ ./.",,
sw07utt/sw_0758_3087.utt,3/sw3087,3087,160,%,B,80,2,"I, - /","I/PRP ,/,",,
sw07utt/sw_0758_3087.utt,3/sw3087,3087,161,sd,B,80,3,"{C and then, } {D you know, } those, {F um, } two guys who wrote LES MIS wrote a new show call MISS SAIGON <<spelled phonetically>>. /","and/CC then/RB ,/, you/PRP know/VBP ,/, those/DT ,/, um/UH ,/, two/CD guys/NNS who/WP wrote/VBD LES/FW MIS/FW wrote/VBD a/DT new/JJ show/NN call/VBN MISS/NNP SAIGON/NNP ./.",,
sw07utt/sw_0758_3087.utt,3/sw3087,3087,162,bh,A,81,1,{F Oh } really. /,Oh/UH really/UH ./.,,
sw07utt/sw_0758_3087.utt,3/sw3087,3087,163,ny,B,82,1,"Yeah,  /","Yeah/UH ,/,",,
sw07utt/sw_0758_3087.utt,3/sw3087,3087,164,sd^e,B,82,2,"it just opened in New York this spring,  /","it/PRP just/RB opened/VBD in/IN New/NNP York/NNP this/DT spring/NN ,/,",,
sw07utt/sw_0758_3087.utt,3/sw3087,3087,165,sd,B,82,3,"{C and } my son and his friend were in a lottery to get tickets to it,  /","and/CC my/PRP$ son/NN and/CC his/PRP$ friend/NN were/VBD in/IN a/DT lottery/NN to/TO get/VB tickets/NNS to/IN it/PRP ,/,",,
sw07utt/sw_0758_3087.utt,3/sw3087,3087,166,sd,B,82,4,{C and } they got  tickets for the opening night. /,and/CC they/PRP got/VBD tickets/NNS for/IN the/DT opening/NN night/NN ./.,,
sw07utt/sw_0758_3087.utt,3/sw3087,3087,167,b,A,83,1,Oh. /,Oh/UH ./.,,
sw07utt/sw_0758_3087.utt,3/sw3087,3087,168,sd,B,84,1,"{C And } they went to it,  /","And/CC they/PRP went/VBD to/IN it/PRP ,/,",,
sw07utt/sw_0758_3087.utt,3/sw3087,3087,169,sd,B,84,2,"{C and } they said [ [ it was, + it was ]  great, + it was great. ] /","and/CC they/PRP said/VBD it/PRP was/VBD ,/, it/PRP was/VBD great/JJ ,/, it/PRP was/VBD great/JJ ./.",,
sw07utt/sw_0758_3087.utt,3/sw3087,3087,170,sd,A,85,1,"{F Oh, } {D see } {D now, } I like that type of stuff.  /","Oh/UH ,/, see/VB now/RB ,/, I/PRP like/VBP that/DT type/NN of/IN stuff/NN ./.",,
sw07utt/sw_0758_3087.utt,3/sw3087,3087,171,sd,A,85,2,{C But } my fiancee doesn't really like  it.  /,But/CC my/PRP$ fiancee/NN does/VBZ n't/RB really/RB like/VB it/PRP ./.,,
sw07utt/sw_0758_3087.utt,3/sw3087,3087,172,sd,A,85,3,"He's more into the New Wave music, /","He/PRP 's/BES more/JJR into/IN the/DT New/NNP Wave/NNP music/NN ,/,",,
sw07utt/sw_0758_3087.utt,3/sw3087,3087,173,b,B,86,1,"Yeah,  /","Yeah/UH ,/,",,
sw07utt/sw_0758_3087.utt,3/sw3087,3087,174,sd,B,86,2,"like Depressed Mode,  /","like/IN Depressed/NNP Mode/NNP ,/,",,
sw07utt/sw_0758_3087.utt,3/sw3087,3087,175,%,B,86,3,"{C and, } -/","and/CC ,/,",,
sw07utt/sw_0758_3087.utt,3/sw3087,3087,176,aa,A,87,1,"Yeah,  /","Yeah/UH ,/,",,
sw07utt/sw_0758_3087.utt,3/sw3087,3087,177,sd,A,87,2,"I guess, I don't know either, {D you know, } /","I/PRP guess/VBP ,/, I/PRP do/VBP n't/RB know/VB either/DT ,/, you/PRP know/VBP ,/,",,
sw07utt/sw_0758_3087.utt,3/sw3087,3087,178,b,B,88,1,"Yeah,  /","Yeah/UH ,/,",,
sw07utt/sw_0758_3087.utt,3/sw3087,3087,179,sd,B,88,2,"I don't too much,  /","I/PRP do/VBP n't/RB too/RB much/JJ ,/,",,
sw07utt/sw_0758_3087.utt,3/sw3087,3087,180,sd,B,88,3,{C but } my younger son  listens to some of that kind of stuff. /,but/CC my/PRP$ younger/JJR son/NN listens/VBZ to/IN some/DT of/IN that/DT kind/NN of/IN stuff/NN ./.,,
sw07utt/sw_0758_3087.utt,3/sw3087,3087,181,h,A,89,1,"{F Oh, } I don't know, {F uh, }  /","Oh/UH ,/, I/PRP do/VBP n't/RB know/VB ,/, uh/UH ,/,",,
sw07utt/sw_0758_3087.utt,3/sw3087,3087,182,sd,A,89,2,"really weird names, {D like } The Dead Milkman, - /","really/RB weird/JJ names/NNS ,/, like/IN The/DT Dead/NNP Milkman/NNP ,/,",,
sw07utt/sw_0758_3087.utt,3/sw3087,3087,183,h,A,89,3,"{C or } [ su-, + ] I don't know. /","or/CC su-/XX ,/, I/PRP do/VBP n't/RB know/VB ./.",,
sw07utt/sw_0758_3087.utt,3/sw3087,3087,184,x,B,90,1,<Laughter>.,,,
sw07utt/sw_0758_3087.utt,3/sw3087,3087,185,sd,A,91,1,"{F Oh, } it's {D you know, } really weird stuff,   he likes,  /","Oh/UH ,/, it/PRP 's/BES you/PRP know/VBP ,/, really/RB weird/JJ stuff/NN ,/, he/PRP likes/VBZ ,/,",,
sw07utt/sw_0758_3087.utt,3/sw3087,3087,186,sd(^q),A,91,2,"{C and } I thought, {F Oh } my gosh, ((   ))  <laughter>. /","and/CC I/PRP thought/VBD ,/, Oh/UH my/PRP$ gosh/UH ,/, MUMBLEx/XX ./.",,
sw07utt/sw_0758_3087.utt,3/sw3087,3087,187,bf,B,92,1,{C So } he listens to New Wave  /,So/RB he/PRP listens/VBZ to/IN New/NNP Wave/NNP,,
sw07utt/sw_0758_3087.utt,3/sw3087,3087,188,bf,B,92,2,{C and } you listen to the oldies. /,and/CC you/PRP listen/VBP to/IN the/DT oldies/NNS ./.,,
sw07utt/sw_0758_3087.utt,3/sw3087,3087,189,aa,A,93,1,Yeah  /,Yeah/UH,,
sw07utt/sw_0758_3087.utt,3/sw3087.pos,3087,190,x,A,93,2,<laughter>.,./.
sw07utt/sw_0758_3087.utt,3/sw3087,3087,191,sv,B,94,1,That's kind --,That/DT 's/BES kind/RB --/:,,
sw07utt/sw_0758_3087.utt,3/sw3087,3087,192,%,A,95,1,"{D Well, } -/","Well/UH ,/,",,
sw07utt/sw_0758_3087.utt,3/sw3087,3087,193,+,B,96,1,-- of different.  /,--/: of/RB different/JJ ./.,,
sw07utt/sw_0758_3087.utt,3/sw3087,3087,194,sv,B,96,2,"{D Well, } that's good though, {D you know. }  /","Well/UH ,/, that/DT 's/BES good/JJ though/RB ,/, you/PRP know/VBP ./.",,
sw07utt/sw_0758_3087.utt,3/sw3087,3087,195,sv,B,96,3,It's good to cover all the bases there. /,It/PRP 's/BES good/JJ to/TO cover/VB all/PDT the/DT bases/NNS there/RB ./.,,
sw07utt/sw_0758_3087.utt,3/sw3087,3087,196,sd,A,97,1,"[ I pretty, + I'll ] listen to anything basically,  except I don't like the real hard metal rock. /","I/PRP pretty/RB ,/, I/PRP 'll/MD listen/VB to/IN anything/NN basically/RB ,/, except/IN I/PRP do/VBP n't/RB like/VB the/DT real/RB hard/JJ metal/NN rock/NN ./.",,
sw07utt/sw_0758_3087.utt,3/sw3087,3087,197,b,B,98,1,Uh-huh. /,Uh-huh/UH ./.,,
sw07utt/sw_0758_3087.utt,3/sw3087,3087,198,sd,A,99,1,I just refuse to listen to that at all.  /,I/PRP just/RB refuse/VBP to/TO listen/VB to/IN that/DT at/IN all/DT ./.,,
sw07utt/sw_0758_3087.utt,3/sw3087,3087,199,sd,A,99,2,I'll even listen to country.  /,I/PRP 'll/MD even/RB listen/VB to/IN country/NN ./.,,
sw07utt/sw_0758_3087.utt,3/sw3087,3087,200,sd,A,99,3,"[ I don't, + I like ] some country. /","I/PRP do/VBP n't/RB ,/, I/PRP like/VBP some/DT country/NN ./.",,
sw07utt/sw_0758_3087.utt,3/sw3087,3087,201,sd,B,100,1,"{D Well, } [ we don't, + now we don't ]  listen to much country,  /","Well/UH ,/, we/PRP do/VBP n't/RB ,/, now/RB we/PRP do/VBP n't/RB listen/VB to/IN much/JJ country/NN ,/,",,
sw07utt/sw_0758_3087.utt,3/sw3087,3087,202,%,B,100,2,"{C but } we just, - /","but/CC we/PRP just/RB ,/,",,
sw07utt/sw_0758_3087.utt,3/sw3087,3087,203,sd,B,100,3,"at the same night we bought that Nat King Cole album,  we bought Garth Brooks' album, No Fences. /","at/IN the/DT same/JJ night/NN we/PRP bought/VBD that/DT Nat/NNP King/NNP Cole/NNP album/NN ,/, we/PRP bought/VBD Garth/NNP Brooks/NNP '/POS album/NN ,/, No/NNP Fences/NNP ./.",,
sw07utt/sw_0758_3087.utt,3/sw3087,3087,204,b,A,101,1,Uh-huh. /,Uh-huh/UH ./.,,
sw07utt/sw_0758_3087.utt,3/sw3087,3087,205,sd,B,102,1,That is excellent.  /,That/DT is/VBZ excellent/JJ ./.,,
sw07utt/sw_0758_3087.utt,3/sw3087,3087,206,ng,B,102,2,"[ [ We, +","We/PRP ,/,",,
sw07utt/sw_0758_3087.utt,3/sw3087,3087,207,qy,A,103,1,Do you like Randy Travis? /,Do/VBP you/PRP like/VB Randy/NNP Travis/NNP ?/.,,
sw07utt/sw_0758_3087.utt,3/sw3087,3087,208,+,B,104,1,"{D Well, } we, ] + I've ] [ never, + never ]  listened.  /","Well/UH ,/, we/PRP ,/, I/PRP 've/VBP never/RB ,/, never/RB listened/VBN ./.",,
sw07utt/sw_0758_3087.utt,3/sw3087,3087,209,sd,B,104,2,"{E I mean, } [ I've, + I've ] probably heard him,  /","I/PRP mean/VBP ,/, I/PRP 've/VBP ,/, I/PRP 've/VBP probably/RB heard/VBN him/PRP ,/,",,
sw07utt/sw_0758_3087.utt,3/sw3087,3087,210,sd,B,104,3,{C but } I've never bought any of his music. /,but/CC I/PRP 've/VBP never/RB bought/VBN any/DT of/IN his/PRP$ music/NN ./.,,
sw07utt/sw_0758_3087.utt,3/sw3087,3087,211,b,A,105,1,Uh-huh. /,Uh-huh/UH ./.,,
sw07utt/sw_0758_3087.utt,3/sw3087,3087,212,sd,B,106,1,"Garth Brooks is probably the only country album we have,  /","Garth/NNP Brooks/NNP is/VBZ probably/RB the/DT only/JJ country/NN album/NN we/PRP have/VBP ,/,",,
sw07utt/sw_0758_3087.utt,3/sw3087,3087,213,sd,B,106,2,"{C or, } {A no wait, } my wife bought an album of Hank Williams' greatest hits. /","or/CC ,/, no/DT wait/NN ,/, my/PRP$ wife/NN bought/VBD an/DT album/NN of/IN Hank/NNP Williams/NNP '/POS greatest/JJS hits/NNS ./.",,
sw07utt/sw_0758_3087.utt,3/sw3087,3087,214,qy,A,107,1,"{F Oh, } Hank Williams Junior? /","Oh/UH ,/, Hank/NNP Williams/NNP Junior/JJ ?/.",,
sw07utt/sw_0758_3087.utt,3/sw3087,3087,215,nn,B,108,1,"Nope,  /","Nope/UH ,/,",,
sw07utt/sw_0758_3087.utt,3/sw3087,3087,216,sd^e,B,108,2,this is Hank Williams --,this/DT is/VBZ Hank/NNP Williams/NNP --/:,,
sw07utt/sw_0758_3087.utt,3/sw3087,3087,217,b,A,109,1,Oh. /,Oh/UH ./.,,
sw07utt/sw_0758_3087.utt,3/sw3087,3087,218,+,B,110,1,"-- senior,  /","--/: senior/JJ ,/,",,
sw07utt/sw_0758_3087.utt,3/sw3087,3087,219,sd,B,110,2,{C so } these are a bunch of old recordings. /,so/RB these/DT are/VBP a/DT bunch/NN of/IN old/JJ recordings/NNS ./.,,
sw07utt/sw_0758_3087.utt,3/sw3087,3087,220,b,A,111,1,Uh-huh. /,Uh-huh/UH ./.,,
sw07utt/sw_0758_3087.utt,3/sw3087,3087,221,sd,B,112,1,She bought that the same night we bought the  Nat King Cole and the Garth Brooks. /,She/PRP bought/VBD that/DT the/DT same/JJ night/NN we/PRP bought/VBD the/DT Nat/NNP King/NNP Cole/NNP and/CC the/DT Garth/NNP Brooks/NNP ./.,,
sw07utt/sw_0758_3087.utt,3/sw3087,3087,222,ba,A,113,1,"{F Oh, } yeah,  /","Oh/UH ,/, yeah/UH ,/,",,
sw07utt/sw_0758_3087.utt,3/sw3087,3087,223,sv,A,113,2,"{D well, } those should be good albums. /","well/UH ,/, those/DT should/MD be/VB good/JJ albums/NNS ./.",,
sw07utt/sw_0758_3087.utt,3/sw3087,3087,224,sd,B,114,1,It is pretty good.  /,It/PRP is/VBZ pretty/RB good/JJ ./.,,
sw07utt/sw_0758_3087.utt,3/sw3087,3087,225,sd,B,114,2,She likes it. /,She/PRP likes/VBZ it/PRP ./.,,
sw07utt/sw_0758_3087.utt,3/sw3087,3087,226,sd,A,115,1,"If you have the chance, -/","If/IN you/PRP have/VBP the/DT chance/NN ,/,",,
sw07utt/sw_0758_3087.utt,3/sw3087,3087,227,sd,B,116,1,"[ It's a little, + it's a little ]  too country for me,  /","It/PRP 's/BES a/DT little/JJ ,/, it/PRP 's/BES a/DT little/JJ too/RB country/NN for/IN me/PRP ,/,",,
sw07utt/sw_0758_3087.utt,3/sw3087,3087,228,sd,B,116,2,"it's a little too, {F uh, } ronky tonk or something. /","it/PRP 's/BES a/DT little/JJ too/RB ,/, uh/UH ,/, ronky/JJ tonk/NN or/CC something/NN ./.",,
sw07utt/sw_0758_3087.utt,3/sw3087,3087,229,b,A,117,1,"Yeah,  /","Yeah/UH ,/,",,
sw07utt/sw_0758_3087.utt,3/sw3087,3087,230,b,A,117,2,uh-huh. /,uh-huh/UH ./.,,
sw07utt/sw_0758_3087.utt,3/sw3087,3087,231,sd,B,118,1,"[ I like, + I like ] the Garth Brooks album a lot. /","I/PRP like/VBP ,/, I/PRP like/VBP the/DT Garth/NNP Brooks/NNP album/NN a/DT lot/NN ./.",,
sw07utt/sw_0758_3087.utt,3/sw3087,3087,232,b,A,119,1,Uh-huh. /,Uh-huh/UH ./.,,
sw07utt/sw_0758_3087.utt,3/sw3087,3087,233,sd,B,120,1,"It's pretty good,  /","It/PRP 's/BES pretty/RB good/JJ ,/,",,
sw07utt/sw_0758_3087.utt,3/sw3087,3087,234,sd^r,B,120,2,it's pretty good. /,it/PRP 's/BES pretty/RB good/JJ ./.,,
sw07utt/sw_0758_3087.utt,3/sw3087,3087,235,h,A,121,1,"{F Um, } I don't know,  /","Um/UH ,/, I/PRP do/VBP n't/RB know/VB ,/,",,
sw07utt/sw_0758_3087.utt,3/sw3087,3087,236,sv,A,121,2,maybe you wouldn't like  Randy Travis.  /,maybe/RB you/PRP would/MD n't/RB like/VB Randy/NNP Travis/NNP ./.,,
sw07utt/sw_0758_3087.utt,3/sw3087,3087,237,sd,A,121,3,He's really country himself -- /,He/PRP 's/BES really/RB country/NN himself/PRP --/:,,
sw07utt/sw_0758_3087.utt,3/sw3087,3087,238,b,B,122,1,Uh-huh. /,Uh-huh/UH ./.,,
sw07utt/sw_0758_3087.utt,3/sw3087,3087,239,sd,A,123,1,"-- {C but, } {F uh, } [ [ I, + {D you know, } I, ] + I ]  really enjoy listening to his music. /","--/: but/CC ,/, uh/UH ,/, I/PRP ,/, you/PRP know/VBP ,/, I/PRP ,/, I/PRP really/RB enjoy/VBP listening/VBG to/IN his/PRP$ music/NN ./.",,
sw07utt/sw_0758_3087.utt,3/sw3087,3087,240,qw,B,124,1,"[ Which album, + which of his albums ]  do you think is the best? /","Which/WDT album/NN ,/, which/WDT of/IN his/PRP$ albums/NNS do/VBP you/PRP think/VB is/VBZ the/DT best/JJS ?/.",,
sw07utt/sw_0758_3087.utt,3/sw3087,3087,241,no,A,125,1,"{F Oh, } I don't know.  /","Oh/UH ,/, I/PRP do/VBP n't/RB know/VB ./.",,
sw07utt/sw_0758_3087.utt,3/sw3087,3087,242,ad,A,125,2,"If I were you, I would get  the Greatest Hits album --","If/IN I/PRP were/VBD you/PRP ,/, I/PRP would/MD get/VB the/DT Greatest/NNP Hits/NNP album/NN --/:",,
sw07utt/sw_0758_3087.utt,3/sw3087,3087,243,b,B,126,1,Okay. /,Okay/UH ./.,,
sw07utt/sw_0758_3087.utt,3/sw3087,3087,244,+,A,127,1,"-- if he had one, because {D you know, } that would have  a mixture of all his, {D you know, } top songs on it. /","--/: if/IN he/PRP had/VBD one/CD ,/, because/IN you/PRP know/VBP ,/, that/DT would/MD have/VB a/DT mixture/NN of/IN all/DT his/PRP$ ,/, you/PRP know/VBP ,/, top/JJ songs/NNS on/IN it/PRP ./.",,
sw07utt/sw_0758_3087.utt,3/sw3087,3087,245,b,B,128,1,Uh-huh. /,Uh-huh/UH ./.,,
sw07utt/sw_0758_3087.utt,3/sw3087,3087,246,sd,A,129,1,"{C But, } {F um, } we have, {A I think, } four records of his.  /","But/CC ,/, um/UH ,/, we/PRP have/VBP ,/, I/PRP think/VBP ,/, four/CD records/NNS of/IN his/PRP$ ./.",,
sw07utt/sw_0758_3087.utt,3/sw3087,3087,247,sd,A,129,2,"I can't, {D you know, } name the names of them off hand -- /","I/PRP ca/MD n't/RB ,/, you/PRP know/VBP ,/, name/VB the/DT names/NNS of/IN them/PRP off/IN hand/NN --/:",,
sw07utt/sw_0758_3087.utt,3/sw3087,3087,248,b,B,130,1,Uh-huh. /,Uh-huh/UH ./.,,
sw07utt/sw_0758_3087.utt,3/sw3087,3087,249,sd,A,131,1,"-- {C but } we have, {A I think, } all his records so far,  /","--/: but/CC we/PRP have/VBP ,/, I/PRP think/VBP ,/, all/DT his/PRP$ records/NNS so/RB far/RB ,/,",,
sw07utt/sw_0758_3087.utt,3/sw3087,3087,250,sd,A,131,2,"{C and }  all my brothers and  sisters listen to them, even the ones that like the heavy metal --","and/CC all/DT my/PRP$ brothers/NNS and/CC sisters/NNS listen/VBP to/IN them/PRP ,/, even/RB the/DT ones/NNS that/WDT like/VBP the/DT heavy/JJ metal/NN --/:",,
sw07utt/sw_0758_3087.utt,3/sw3087,3087,251,b,B,132,1,Uh-huh. /,Uh-huh/UH ./.,,
sw07utt/sw_0758_3087.utt,3/sw3087,3087,252,+,A,133,1,"-- they really enjoy listening to him,  /","--/: they/PRP really/RB enjoy/VBP listening/VBG to/IN him/PRP ,/,",,
sw07utt/sw_0758_3087.utt,3/sw3087,3087,253,%,A,133,2,{C so. } -/,so/RB ./.,,
sw07utt/sw_0758_3087.utt,3/sw3087,3087,254,b,B,134,1,Uh-huh. /,Uh-huh/UH ./.,,
sw07utt/sw_0758_3087.utt,3/sw3087,3087,255,sv,A,135,1,"{D You know, } maybe if you did like Hank Williams and  Garth, {D you know, } maybe you would enjoy [ Tra-, + {F uh, } Randy Travis. ] /","You/PRP know/VBP ,/, maybe/RB if/IN you/PRP did/VBD like/VB Hank/NNP Williams/NNP and/CC Garth/NNP ,/, you/PRP know/VBP ,/, maybe/RB you/PRP would/MD enjoy/VB Tra-/NNP ,/, uh/UH ,/, Randy/NNP Travis/NNP ./.",,
sw07utt/sw_0758_3087.utt,3/sw3087,3087,256,sd,B,136,1,"{D Well, } [ I, + I ] think we'll probably get  [ one, + one ] of his albums, because we do kind of like it,  /","Well/UH ,/, I/PRP ,/, I/PRP think/VBP we/PRP 'll/MD probably/RB get/VB one/CD ,/, one/CD of/IN his/PRP$ albums/NNS ,/, because/IN we/PRP do/VBP kind/RB of/RB like/VB it/PRP ,/,",,
sw07utt/sw_0758_3087.utt,3/sw3087,3087,257,sv,B,136,2,{C but } --,but/CC --/:,,
sw07utt/sw_0758_3087.utt,3/sw3087,3087,258,b,A,137,1,Uh-huh. /,Uh-huh/UH ./.,,
sw07utt/sw_0758_3087.utt,3/sw3087,3087,259,+,B,138,1,"-- {D you know, } it's kind of different. /","--/: you/PRP know/VBP ,/, it/PRP 's/BES kind/RB of/RB different/JJ ./.",,
sw07utt/sw_0758_3087.utt,3/sw3087,3087,260,b,A,139,1,"Yeah, /","Yeah/UH ,/,",,
sw07utt/sw_0758_3087.utt,3/sw3087,3087,261,sv,B,140,1,"{D So, } {C so } it's good. /","So/RB ,/, so/RB it/PRP 's/BES good/JJ ./.",,
sw07utt/sw_0758_3087.utt,3/sw3087,3087,262,qy,A,141,1,"{F Um, } do you know any, {F oh, } - /","Um/UH ,/, do/VBP you/PRP know/VB any/DT ,/, oh/UH ,/,",,
sw07utt/sw_0758_3087.utt,3/sw3087,3087,263,qy,A,141,2,"I was going to say do  you know any other country singers that you would, {D you know, } {E I mean, }  the women, do you like the  ((   )) , -/","I/PRP was/VBD going/VBG to/TO say/VB do/VBP you/PRP know/VB any/DT other/JJ country/NN singers/NNS that/WDT you/PRP would/MD ,/, you/PRP know/VB ,/, I/PRP mean/VBP ,/, the/DT women/NNS ,/, do/VBP you/PRP like/VB the/DT MUMBLEx/XX ,/,",,
sw07utt/sw_0758_3087.utt,3/sw3087,3087,264,ny,B,142,1,"Yeah,  /","Yeah/UH ,/,",,
sw07utt/sw_0758_3087.utt,3/sw3087,3087,265,sd^e,B,142,2,"we do like the  ((   )) , - /","we/PRP do/VBP like/VB the/DT MUMBLEx/XX ,/,",,
sw07utt/sw_0758_3087.utt,3/sw3087,3087,266,sd,B,142,3,in fact we have a  ((   ))  album ... -/,in/IN fact/NN we/PRP have/VBP a/DT MUMBLEx/XX album/NN .../:,,
