swda_filename,ptb_basename,conversation_no,transcript_index,act_tag,caller,utterance_index,subutterance_index,text,pos,trees,ptb_treenumbers
sw07utt/sw_0708_2927.utt,2/sw2927,2927,0,sd,A,1,1,"{D Well, } I'm talking to you from Dallas.  /","Well/UH ,/, I/PRP 'm/VBP talking/VBG to/IN you/PRP from/IN Dallas/NNP ./.",,
sw07utt/sw_0708_2927.utt,2/sw2927,2927,1,qw,A,1,2,What part of the country are you in? /,What/WDT part/NN of/IN the/DT country/NN are/VBP you/PRP in/RB ?/.,,
sw07utt/sw_0708_2927.utt,2/sw2927,2927,2,sd,B,2,1,"<Talking> {F Oh, } {D boy, } this is going to be tough, I'm in Plano <laughter>. /","Oh/UH ,/, boy/UH ,/, this/DT is/VBZ going/VBG to/IN be/VB tough/JJ ,/, I/PRP 'm/VBP in/IN Plano/NNP ./.",,
sw07utt/sw_0708_2927.utt,2/sw2927,2927,3,ad,A,3,1,"<Laughter> {D Well, } we can, {F uh, } complain together (( or swear )) we can complain together about the humidity <laughter>. /","Well/UH ,/, we/PRP can/MD ,/, uh/UH ,/, complain/VB together/RB or/CC swear/VB we/PRP can/MD complain/VB together/RB about/IN the/DT humidity/NN ./.",,
sw07utt/sw_0708_2927.utt,2/sw2927,2927,4,aa,B,4,1,Exactly.  /,Exactly/UH ./.,,
sw07utt/sw_0708_2927.utt,2/sw2927,2927,5,qy^d,B,4,2,I guess the weather hasn't been too different between us. /,I/PRP guess/VBP the/DT weather/NN has/VBZ n't/RB been/VBN too/RB different/JJ between/IN us/PRP ./.,,
sw07utt/sw_0708_2927.utt,2/sw2927,2927,6,nn,A,5,1,"No,  /","No/UH ,/,",,
sw07utt/sw_0708_2927.utt,2/sw2927,2927,7,ng,A,5,2,"I don't think so,  /","I/PRP do/VBP n't/RB think/VB so/RB ,/,",,
sw07utt/sw_0708_2927.utt,2/sw2927,2927,8,ng,A,5,3,"I wouldn't think,  /","I/PRP would/MD n't/RB think/VB ,/,",,
sw07utt/sw_0708_2927.utt,2/sw2927,2927,9,%,A,5,4,yeah.  /,yeah/UH ./.,,
sw07utt/sw_0708_2927.utt,2/sw2927,2927,10,%,A,5,5,"I, -/","I/PRP ,/,",,
sw07utt/sw_0708_2927.utt,2/sw2927,2927,11,%,B,6,1,"W-, - /","W/WDT ,/,",,
sw07utt/sw_0708_2927.utt,2/sw2927,2927,12,qw,B,6,2,what part of Dallas are you from? /,what/WDT part/NN of/IN Dallas/NNP are/VBP you/PRP from/RB ?/.,,
sw07utt/sw_0708_2927.utt,2/sw2927,2927,13,sd,A,7,1,Far north Dallas <laughter>. /,Far/RB north/JJ Dallas/NNP ./.,,
sw07utt/sw_0708_2927.utt,2/sw2927,2927,14,b^m,B,8,1,"{F Oh, } north Dallas. /","Oh/UH ,/, north/JJ Dallas/NNP ./.",,
sw07utt/sw_0708_2927.utt,2/sw2927,2927,15,aa,A,9,1,"Yeah,  /","Yeah/UH ,/,",,
sw07utt/sw_0708_2927.utt,2/sw2927,2927,16,sd,A,9,2,about a half a mile from Plano <laughter>. /,about/RB a/DT half/PDT a/DT mile/NN from/IN Plano/NNP ./.,,
sw07utt/sw_0708_2927.utt,2/sw2927,2927,17,ba,B,10,1,"{D Well, } jeez. /","Well/UH ,/, jeez/UH ./.",,
sw07utt/sw_0708_2927.utt,2/sw2927,2927,18,sd,A,11,1,"# {C So } we're in the, # -/","So/RB we/PRP 're/VBP in/IN the/DT ,/,",,
sw07utt/sw_0708_2927.utt,2/sw2927,2927,19,qy^d,B,12,1,# {D Well } then you've been # getting quite a bit of rain also. /,Well/UH then/RB you/PRP 've/VBP been/VBN getting/VBG quite/RB a/DT bit/NN of/IN rain/NN also/RB ./.,,
sw07utt/sw_0708_2927.utt,2/sw2927,2927,20,ny,A,13,1,"Yeah,  /","Yeah/UH ,/,",,
sw07utt/sw_0708_2927.utt,2/sw2927,2927,21,sd^e,A,13,2,"it's been very, very rainy, I know.  /","it/PRP 's/HVS been/VBN very/RB ,/, very/RB rainy/JJ ,/, I/PRP know/VBP ./.",,
sw07utt/sw_0708_2927.utt,2/sw2927,2927,22,%,A,13,3,{F Oh } -- /,Oh/UH --/:,,
sw07utt/sw_0708_2927.utt,2/sw2927,2927,23,bh,B,14,1,How about that.  /,How/WRB about/IN that/DT ./.,,
sw07utt/sw_0708_2927.utt,2/sw2927,2927,24,qw,B,14,2,How does it compare to the years past? /,How/WRB does/VBZ it/PRP compare/VBP to/IN the/DT years/NNS past/NN ?/.,,
sw07utt/sw_0708_2927.utt,2/sw2927,2927,25,sd,A,15,1,"-- {F um, } I don't know, I haven't lived here, {A let's see, } we [ m-, + ] lived out of state in Wisconsin  /","--/: um/UH ,/, I/PRP do/VBP n't/RB know/VB ,/, I/PRP have/VBP n't/RB lived/VBN here/RB ,/, let/VB 's/PRP see/VB ,/, we/PRP m-/XX ,/, lived/VBD out/IN of/IN state/NN in/IN Wisconsin/NNP",,
sw07utt/sw_0708_2927.utt,2/sw2927,2927,26,sd,A,15,2,"{C and } we just c-, - /","and/CC we/PRP just/RB c-/XX ,/,",,
sw07utt/sw_0708_2927.utt,2/sw2927,2927,27,sd,A,15,3,"we lived here  ten years ago,  /","we/PRP lived/VBD here/RB ten/CD years/NNS ago/RB ,/,",,
sw07utt/sw_0708_2927.utt,2/sw2927,2927,28,sd,A,15,4,"{C and } when we first lived here, [ we l-, + ] we were in Garland, East Richardson,","and/CC when/WRB we/PRP first/RB lived/VBD here/RB ,/, we/PRP l-/XX ,/, we/PRP were/VBD in/IN Garland/NNP ,/, East/NNP Richardson/NNP ,/,",,
sw07utt/sw_0708_2927.utt,2/sw2927,2927,29,b,B,16,1,Uh-huh. /,Uh-huh/UH ./.,,
sw07utt/sw_0708_2927.utt,2/sw2927,2927,30,+,A,17,1,"and, {F um, } doesn't seem like it was quite as humid. /","and/CC ,/, um/UH ,/, does/VBZ n't/RB seem/VB like/IN it/PRP was/VBD quite/RB as/IN humid/JJ ./.",,
sw07utt/sw_0708_2927.utt,2/sw2927,2927,31,b,B,18,1,Oh. /,Oh/UH ./.,,
sw07utt/sw_0708_2927.utt,2/sw2927,2927,32,sd,A,19,1,"{C And, } I don't know, then [ we went, + ] we lived in, {F uh, } Madison, Wisconsin for five years, {F um, } for my husband's [ schooling, a-, +  graduate schooling, ]  /","And/CC ,/, I/PRP do/VBP n't/RB know/VB ,/, then/RB we/PRP went/VBD ,/, we/PRP lived/VBD in/IN ,/, uh/UH ,/, Madison/NNP ,/, Wisconsin/NNP for/IN five/CD years/NNS ,/, um/UH ,/, for/IN my/PRP$ husband/NN 's/POS schooling/NN ,/, a-/XX ,/, graduate/NN schooling/NN ,/,",,
sw07utt/sw_0708_2927.utt,2/sw2927,2927,33,%,A,19,2,"{C and } it just, - /","and/CC it/PRP just/RB ,/,",,
sw07utt/sw_0708_2927.utt,2/sw2927,2927,34,sd,A,19,3,"it's a lot cleaner up there,  /","it/PRP 's/BES a/DT lot/NN cleaner/JJR up/IN there/RB ,/,",,
sw07utt/sw_0708_2927.utt,2/sw2927,2927,35,sd,A,19,4,"{C but, } {F um, }  it's a lot colder too. /","but/CC ,/, um/UH ,/, it/PRP 's/BES a/DT lot/NN colder/JJR too/RB ./.",,
sw07utt/sw_0708_2927.utt,2/sw2927,2927,36,b,B,20,1,Huh.  /,Huh/UH ./.,,
sw07utt/sw_0708_2927.utt,2/sw2927,2927,37,qw,B,20,2,"{D Well, } what brought you guys down to Texas then? /","Well/UH ,/, what/WP brought/VBD you/PRP guys/NNS down/IN to/IN Texas/NNP then/RB ?/.",,
sw07utt/sw_0708_2927.utt,2/sw2927,2927,38,sd,A,21,1,"{F Uh, } his job, he came back to start work again for a different company,  /","Uh/UH ,/, his/PRP$ job/NN ,/, he/PRP came/VBD back/RB to/TO start/VB work/NN again/RB for/IN a/DT different/JJ company/NN ,/,",,
sw07utt/sw_0708_2927.utt,2/sw2927,2927,39,sd(^q),A,21,2,"{C so, }  # said, #","so/RB ,/, said/VBD ,/,",,
sw07utt/sw_0708_2927.utt,2/sw2927,2927,40,bh,B,22,1,# How #  # about that. # /,How/WRB about/IN that/DT ./.,,
sw07utt/sw_0708_2927.utt,2/sw2927,2927,41,+,A,23,1,"# Here, here's # a g-, - /","Here/RB ,/, here/RB 's/BES a/DT g-/XX ,/,",,
sw07utt/sw_0708_2927.utt,2/sw2927,2927,42,^q,A,23,2,here we are again. /,here/RB we/PRP are/VBP again/RB ./.,,
sw07utt/sw_0708_2927.utt,2/sw2927,2927,43,ba,B,24,1,That's great. /,That/DT 's/BES great/JJ ./.,,
sw07utt/sw_0708_2927.utt,2/sw2927,2927,44,sd,A,25,1,"It just seems a little more humid than it, - /","It/PRP just/RB seems/VBZ a/DT little/RB more/RBR humid/JJ than/IN it/PRP ,/,",,
sw07utt/sw_0708_2927.utt,2/sw2927,2927,45,sd,A,25,2,"I don't ever remember, of course, {D you know, } you only remember the good stuff,  /","I/PRP do/VBP n't/RB ever/RB remember/VB ,/, of/IN course/NN ,/, you/PRP know/VBP ,/, you/PRP only/RB remember/VBP the/DT good/JJ stuff/NN ,/,",,
sw07utt/sw_0708_2927.utt,2/sw2927,2927,46,sd,A,25,3,"{C but, } {F um, } I just don't remember the humidity. /","but/CC ,/, um/UH ,/, I/PRP just/RB do/VBP n't/RB remember/VB the/DT humidity/NN ./.",,
sw07utt/sw_0708_2927.utt,2/sw2927,2927,47,b,B,26,1,Right.  /,Right/UH ./.,,
sw07utt/sw_0708_2927.utt,2/sw2927,2927,48,sv,B,26,2,# {D Well } # --,Well/UH --/:,,
sw07utt/sw_0708_2927.utt,2/sw2927,2927,49,sd,A,27,1,"# This # much rain, and this much humidity. /","This/DT much/JJ rain/NN ,/, and/CC this/DT much/JJ humidity/NN ./.",,
sw07utt/sw_0708_2927.utt,2/sw2927,2927,50,+,B,28,1,"-- {D definitely, } I'm sure, the winters are more mild here. /","--/: definitely/UH ,/, I/PRP 'm/VBP sure/JJ ,/, the/DT winters/NNS are/VBP more/RBR mild/JJ here/RB ./.",,
sw07utt/sw_0708_2927.utt,2/sw2927,2927,51,aa,A,29,1,"{F Uh, } yeah,  /","Uh/UH ,/, yeah/UH ,/,",,
sw07utt/sw_0708_2927.utt,2/sw2927,2927,52,sd,A,29,2,they are.  /,they/PRP are/VBP ./.,,
sw07utt/sw_0708_2927.utt,2/sw2927,2927,53,sd,A,29,3,"{D Actually, } though, it was a lot rainier here in the winter, {F uh, } we came back last August. /","Actually/UH ,/, though/RB ,/, it/PRP was/VBD a/DT lot/NN rainier/JJR here/RB in/IN the/DT winter/NN ,/, uh/UH ,/, we/PRP came/VBD back/RB last/JJ August/NNP ./.",,
sw07utt/sw_0708_2927.utt,2/sw2927,2927,54,b,B,30,1,Uh-huh. /,Uh-huh/UH ./.,,
sw07utt/sw_0708_2927.utt,2/sw2927,2927,55,sd,A,31,1,"It's just a lot rainier than I remember it,  all [ th-, + ] through the seasons, {D you know. } /","It/PRP 's/BES just/RB a/DT lot/NN rainier/JJR than/IN I/PRP remember/VBP it/PRP ,/, all/DT th-/IN ,/, through/IN the/DT seasons/NNS ,/, you/PRP know/VBP ./.",,
sw07utt/sw_0708_2927.utt,2/sw2927,2927,56,b,B,32,1,Sure. /,Sure/UH ./.,,
sw07utt/sw_0708_2927.utt,2/sw2927,2927,57,%,A,33,1,"{F Um, } /","Um/UH ,/,",,
sw07utt/sw_0708_2927.utt,2/sw2927,2927,58,sd,B,34,1,"It seems that progressive, - /","It/PRP seems/VBZ that/RB progressive/JJ ,/,",,
sw07utt/sw_0708_2927.utt,2/sw2927,2927,59,sd,B,34,2,"I've, been down here five years, just over five years now, that, every spring and summer seems to get more and  more rainy. /","I/PRP 've/VBP ,/, been/VBN down/RB here/RB five/CD years/NNS ,/, just/RB over/IN five/CD years/NNS now/RB ,/, that/IN ,/, every/DT spring/NN and/CC summer/NN seems/VBZ to/TO get/VB more/JJR and/CC more/RBR rainy/JJ ./.",,
sw07utt/sw_0708_2927.utt,2/sw2927,2927,60,aa,A,35,1,"Yeah,  /","Yeah/UH ,/,",,
sw07utt/sw_0708_2927.utt,2/sw2927,2927,61,sv,A,35,2,{C and } I think it's because it's just getting more crowded and more polluted.  /,and/CC I/PRP think/VBP it/PRP 's/BES because/IN it/PRP 's/BES just/RB getting/VBG more/RBR crowded/JJ and/CC more/RBR polluted/JJ ./.,,
sw07utt/sw_0708_2927.utt,2/sw2927,2927,62,sv,A,35,3,I really do think that's part of it. /,I/PRP really/RB do/VBP think/VB that/DT 's/BES part/NN of/IN it/PRP ./.,,
sw07utt/sw_0708_2927.utt,2/sw2927,2927,63,b,B,36,1,Huh. /,Huh/UH ./.,,
sw07utt/sw_0708_2927.utt,2/sw2927,2927,64,sd,A,37,1,"{F Um, } {F uh, } [ in, + in ] Wisconsin and Minnesota, when they get winters [ it's, + ] {F um, } [ th-, + ] the winters are bad, but not what you hear about.  /","Um/UH ,/, uh/UH ,/, in/IN ,/, in/IN Wisconsin/NNP and/CC Minnesota/NNP ,/, when/WRB they/PRP get/VBP winters/NNS it/PRP 's/BES ,/, um/UH ,/, th-/XX ,/, the/DT winters/NNS are/VBP bad/JJ ,/, but/CC not/RB what/WP you/PRP hear/VBP about/IN ./.",,
sw07utt/sw_0708_2927.utt,2/sw2927,2927,65,sv,A,37,2,"It's just like down here, [ when you hear, + ] when people here think it's  a hundred and six, people up north think it's a hundred and sixty down here. /","It/PRP 's/BES just/RB like/IN down/RB here/RB ,/, when/WRB you/PRP hear/VBP ,/, when/WRB people/NNS here/RB think/VBP it/PRP 's/BES a/DT hundred/CD and/CC six/CD ,/, people/NNS up/IN north/RB think/VBP it/PRP 's/BES a/DT hundred/CD and/CC sixty/CD down/RB here/RB ./.",,
sw07utt/sw_0708_2927.utt,2/sw2927,2927,66,b^m,B,38,1,A hundred and sixty. /,A/DT hundred/CD and/CC sixty/CD ./.,,
sw07utt/sw_0708_2927.utt,2/sw2927,2927,67,sd^r,A,39,1,"Hundre-, - /","Hundre-/CD ,/,",,
sw07utt/sw_0708_2927.utt,2/sw2927,2927,68,sd,A,39,2,I'm making that up. /,I/PRP 'm/VBP making/VBG that/DT up/RP ./.,,
sw07utt/sw_0708_2927.utt,2/sw2927,2927,69,b,B,40,1,"# Uh-huh,  /","Uh-huh/UH ,/,",,
sw07utt/sw_0708_2927.utt,2/sw2927,2927,70,b,B,40,2,right. # /,right/UH ./.,,
sw07utt/sw_0708_2927.utt,2/sw2927,2927,71,sd,A,41,1,"# {D You know, } when # it's only {D like } ninety-five. /","You/PRP know/VBP ,/, when/WRB it/PRP 's/BES only/RB like/IN ninety-five/CD ./.",,
sw07utt/sw_0708_2927.utt,2/sw2927,2927,72,b,B,42,1,Sure. /,Sure/UH ./.,,
sw07utt/sw_0708_2927.utt,2/sw2927,2927,73,sv,A,43,1,"{F Um, } it's just like up there, when you hear it's forty below, it's probably really only five below. /","Um/UH ,/, it/PRP 's/BES just/RB like/IN up/IN there/RB ,/, when/WRB you/PRP hear/VBP it/PRP 's/BES forty/CD below/RB ,/, it/PRP 's/BES probably/RB really/RB only/RB five/CD below/RB ./.",,
sw07utt/sw_0708_2927.utt,2/sw2927,2927,74,b,B,44,1,Right. /,Right/UH ./.,,
sw07utt/sw_0708_2927.utt,2/sw2927,2927,75,sd,A,45,1,"{F Um, } {C and } it's so dry, that [ it's, + it's ]  like going to Ar-, - /","Um/UH ,/, and/CC it/PRP 's/BES so/RB dry/JJ ,/, that/IN it/PRP 's/BES ,/, it/PRP 's/BES like/IN going/VBG to/IN Ar-/NNP ,/,",,
sw07utt/sw_0708_2927.utt,2/sw2927,2927,76,sd,A,45,2,"{D well, } probably what [ y-, + ] Arizona used to be like, {D you know, }","well/UH ,/, probably/RB what/WP y-/XX ,/, Arizona/NNP used/VBD to/TO be/VB like/IN ,/, you/PRP know/VBP ,/,",,
sw07utt/sw_0708_2927.utt,2/sw2927,2927,77,b,B,46,1,Uh-huh. /,Uh-huh/UH ./.,,
sw07utt/sw_0708_2927.utt,2/sw2927,2927,78,+,A,47,1,"it's just dry and cool,  /","it/PRP 's/BES just/RB dry/JJ and/CC cool/JJ ,/,",,
sw07utt/sw_0708_2927.utt,2/sw2927,2927,79,sv,A,47,2,"{C so } [ it's not, + it's not ]  what you think it is. /","so/RB it/PRP 's/BES not/RB ,/, it/PRP 's/BES not/RB what/WP you/PRP think/VBP it/PRP is/VBZ ./.",,
sw07utt/sw_0708_2927.utt,2/sw2927,2927,80,aa,B,48,1,True. /,True/UH ./.,,
sw07utt/sw_0708_2927.utt,2/sw2927,2927,81,ar,A,49,1,"{F Um, } no,  /","Um/UH ,/, no/UH ,/,",,
sw07utt/sw_0708_2927.utt,2/sw2927,2927,82,sd,A,49,2,"there have been times, though, when it gets so frigid that you <laughter>,","there/EX have/VBP been/VBN times/NNS ,/, though/RB ,/, when/WRB it/PRP gets/VBZ so/RB frigid/JJ that/DT you/PRP ,/,",,
sw07utt/sw_0708_2927.utt,2/sw2927,2927,83,x,B,50,1,<Laughter>.,,,
sw07utt/sw_0708_2927.utt,2/sw2927,2927,84,+,A,51,1,you can't stand it.  /,you/PRP ca/MD n't/RB stand/VB it/PRP ./.,,
sw07utt/sw_0708_2927.utt,2/sw2927,2927,85,qw,A,51,2,Where did you move here from? /,Where/WRB did/VBD you/PRP move/VB here/RB from/RB ?/.,,
sw07utt/sw_0708_2927.utt,2/sw2927,2927,86,sd,B,52,1,Colorado. /,Colorado/NNP ./.,,
sw07utt/sw_0708_2927.utt,2/sw2927,2927,87,%,A,53,1,"{D Well, } there, - /","Well/UH ,/, there/EX ,/,",,
sw07utt/sw_0708_2927.utt,2/sw2927,2927,88,sv,A,53,2,"you could talk about [ [ that, + that's, ] +","you/PRP could/MD talk/VB about/IN that/DT ,/, that/DT 's/BES ,/,",,
sw07utt/sw_0708_2927.utt,2/sw2927,2927,89,aa,B,54,1,"# {F Oh } sure, [ [ I, + I'm {F uh, } # ] +","Oh/UH sure/UH ,/, I/PRP ,/, I/PRP 'm/VBP uh/UH ,/,",,
sw07utt/sw_0708_2927.utt,2/sw2927,2927,90,+,A,55,1,"# that's ] a strange state for, # -/","that/DT 's/BES a/DT strange/JJ state/NN for/IN ,/,",,
sw07utt/sw_0708_2927.utt,2/sw2927,2927,91,+,B,56,1,"I'm ] very familiar, - /","I/PRP 'm/VBP very/RB familiar/JJ ,/,",,
sw07utt/sw_0708_2927.utt,2/sw2927,2927,92,sd,B,56,2,my grandparents and all my relatives are from Wisconsin. /,my/PRP$ grandparents/NNS and/CC all/DT my/PRP$ relatives/NNS are/VBP from/IN Wisconsin/NNP ./.,,
sw07utt/sw_0708_2927.utt,2/sw2927,2927,93,bk,A,57,1,"{F Oh, } there you go, okay. /","Oh/UH ,/, there/EX you/PRP go/VBP ,/, okay/UH ./.",,
sw07utt/sw_0708_2927.utt,2/sw2927,2927,94,sd,B,58,1,"{C So, } I'm, {F uh, } quite familiar with how it is  up there,  /","So/RB ,/, I/PRP 'm/VBP ,/, uh/UH ,/, quite/RB familiar/JJ with/IN how/WRB it/PRP is/VBZ up/IN there/RB ,/,",,
sw07utt/sw_0708_2927.utt,2/sw2927,2927,95,%,B,58,2,"{C and } if you, - /","and/CC if/IN you/PRP ,/,",,
sw07utt/sw_0708_2927.utt,2/sw2927,2927,96,sv,B,58,3,"kind of interesting, {F uh, } the people down here typically  don't think it gets above, {D you know, } fifty degrees <laughter>. /","kind/RB of/RB interesting/JJ ,/, uh/UH ,/, the/DT people/NNS down/RB here/RB typically/RB do/VBP n't/RB think/VB it/PRP gets/VBZ above/IN ,/, you/PRP know/VBP ,/, fifty/CD degrees/NNS ./.",,
sw07utt/sw_0708_2927.utt,2/sw2927,2927,97,aa,A,59,1,<Laughter>  This is very true. /,This/DT is/VBZ very/RB true/JJ ./.,,
sw07utt/sw_0708_2927.utt,2/sw2927,2927,98,sd,B,60,1,"{C And } it's always snow, {D you know, }  /","And/CC it/PRP 's/BES always/RB snow/NN ,/, you/PRP know/VBP ,/,",,
sw07utt/sw_0708_2927.utt,2/sw2927,2927,99,%,B,60,2,"{C but, } {F uh, } -/","but/CC ,/, uh/UH ,/,",,
sw07utt/sw_0708_2927.utt,2/sw2927,2927,100,aa,A,61,1,"Yeah,  /","Yeah/UH ,/,",,
sw07utt/sw_0708_2927.utt,2/sw2927,2927,101,aa,A,61,2,"right,  /","right/UH ,/,",,
sw07utt/sw_0708_2927.utt,2/sw2927,2927,102,sd,A,61,3,"{D well } {D actually, } the summers up there, we thought, were the most beautiful time of the year. /","well/UH actually/RB ,/, the/DT summers/NNS up/IN there/RB ,/, we/PRP thought/VBD ,/, were/VBD the/DT most/RBS beautiful/JJ time/NN of/IN the/DT year/NN ./.",,
sw07utt/sw_0708_2927.utt,2/sw2927,2927,103,aa,B,62,1,{F Oh } yes. /,Oh/UH yes/UH ./.,,
sw07utt/sw_0708_2927.utt,2/sw2927,2927,104,sd,A,63,1,"{F Um, } in terms of Colorado, I know my husband likes to  camp and backpack and  all the stuff I don't like, {F um, } /","Um/UH ,/, in/IN terms/NNS of/IN Colorado/NNP ,/, I/PRP know/VBP my/PRP$ husband/NN likes/VBZ to/TO camp/VB and/CC backpack/VB and/CC all/PDT the/DT stuff/NN I/PRP do/VBP n't/RB like/VB ,/, um/UH ,/,",,
sw07utt/sw_0708_2927.utt,2/sw2927,2927,105,x,B,64,1,<Laughter>.,,,
sw07utt/sw_0708_2927.utt,2/sw2927,2927,106,%,A,65,1,"{C but } I'd, - /","but/CC I/PRP 'd/MD ,/,",,
sw07utt/sw_0708_2927.utt,2/sw2927,2927,107,sd,A,65,2,"used to go on, - /","used/VBD to/TO go/VB on/IN ,/,",,
sw07utt/sw_0708_2927.utt,2/sw2927,2927,108,sd,A,65,3,I worked for a mortgage company in Wisconsin  /,I/PRP worked/VBD for/IN a/DT mortgage/NN company/NN in/IN Wisconsin/NNP,,
sw07utt/sw_0708_2927.utt,2/sw2927,2927,109,sd,A,65,4,"{C and } I did a lot of business in, {F uh, } {F um, }  [ Colo-, + ] {D well, } Denver,  /","and/CC I/PRP did/VBD a/DT lot/NN of/IN business/NN in/IN ,/, uh/UH ,/, um/UH ,/, Colo-/NNP ,/, well/UH ,/, Denver/NNP ,/,",,
sw07utt/sw_0708_2927.utt,2/sw2927,2927,110,sd,A,65,5,"{C and } [ that's, + that's ] probably one of the stranger things, when you see the air inversions,","and/CC that/DT 's/BES ,/, that/DT 's/BES probably/RB one/CD of/IN the/DT stranger/JJR things/NNS ,/, when/WRB you/PRP see/VBP the/DT air/NN inversions/NNS ,/,",,
sw07utt/sw_0708_2927.utt,2/sw2927,2927,111,b,B,66,1,Uh-huh. /,Uh-huh/UH ./.,,
sw07utt/sw_0708_2927.utt,2/sw2927,2927,112,+,A,67,1,and then you go into the mountains  /,and/CC then/RB you/PRP go/VBP into/IN the/DT mountains/NNS,,
sw07utt/sw_0708_2927.utt,2/sw2927,2927,113,sd,A,67,2,{C and } it's snowy  /,and/CC it/PRP 's/BES snowy/JJ,,
sw07utt/sw_0708_2927.utt,2/sw2927,2927,114,sd,A,67,3,"{C and } [ col-, + ] {F uh, } it just was a very mixed bag in terms # of Colorado. # /","and/CC col-/XX ,/, uh/UH ,/, it/PRP just/RB was/VBD a/DT very/RB mixed/JJ bag/NN in/IN terms/NNS of/IN Colorado/NNP ./.",,
sw07utt/sw_0708_2927.utt,2/sw2927,2927,115,aa,B,68,1,# {F Oh } sure. #  /,Oh/UH sure/UH ./.,,
sw07utt/sw_0708_2927.utt,2/sw2927,2927,116,sd,B,68,2,"My parents just live, {F uh, } thirty miles south of Denver  /","My/PRP$ parents/NNS just/RB live/VBP ,/, uh/UH ,/, thirty/CD miles/NNS south/JJ of/IN Denver/NNP",,
sw07utt/sw_0708_2927.utt,2/sw2927,2927,117,sd,B,68,3,"{C and } it can be sunny [ and, + and ] no problem in Denver  /","and/CC it/PRP can/MD be/VB sunny/JJ and/CC ,/, and/CC no/DT problem/NN in/IN Denver/NNP",,
sw07utt/sw_0708_2927.utt,2/sw2927,2927,118,sd,B,68,4,{C and }  they'll be having snow <throat_clearing>. /,and/CC they/PRP 'll/MD be/VB having/VBG snow/NN ./.,,
sw07utt/sw_0708_2927.utt,2/sw2927,2927,119,bh,A,69,1,Isn't that strange? /,Is/VBZ n't/RB that/DT strange/JJ ?/.,,
sw07utt/sw_0708_2927.utt,2/sw2927,2927,120,sd,B,70,1,"{C So } it's pretty amazing, it can be that drastic in  just a short distance <throat_clearing>. /","So/RB it/PRP 's/BES pretty/RB amazing/JJ ,/, it/PRP can/MD be/VB that/RB drastic/JJ in/IN just/RB a/DT short/JJ distance/NN ./.",,
sw07utt/sw_0708_2927.utt,2/sw2927,2927,121,aa,A,71,1,"Yeah,  /","Yeah/UH ,/,",,
sw07utt/sw_0708_2927.utt,2/sw2927,2927,122,sd,A,71,2,"{C and then } things like torn-, - /","and/CC then/RB things/NNS like/IN torn-/NNS ,/,",,
sw07utt/sw_0708_2927.utt,2/sw2927,2927,123,qy,A,71,3,"are there tornadoes in Colorado, yes or  n-, I don't, -/","are/VBP there/RB tornadoes/NNS in/IN Colorado/NNP ,/, yes/UH or/CC n-/UH ,/, I/PRP do/VBP n't/RB ,/,",,
sw07utt/sw_0708_2927.utt,2/sw2927,2927,124,na,B,72,1,"{F Uh, } it's getting to be more and more of a possibility. /","Uh/UH ,/, it/PRP 's/BES getting/VBG to/TO be/VB more/JJR and/CC more/JJR of/IN a/DT possibility/NN ./.",,
sw07utt/sw_0708_2927.utt,2/sw2927,2927,125,b,A,73,1,Yeah. /,Yeah/UH ./.,,
sw07utt/sw_0708_2927.utt,2/sw2927,2927,126,sd,B,74,1,"It used to be no problem, just because it was such [ a, + a ] rugged terrain and with trees everywhere,  /","It/PRP used/VBD to/TO be/VB no/DT problem/NN ,/, just/RB because/IN it/PRP was/VBD such/PDT a/DT ,/, a/DT rugged/JJ terrain/NN and/CC with/IN trees/NNS everywhere/RB ,/,",,
sw07utt/sw_0708_2927.utt,2/sw2927,2927,127,sd,B,74,2,"{C but } now,","but/CC now/RB ,/,",,
sw07utt/sw_0708_2927.utt,2/sw2927,2927,128,bf,A,75,1,"# The mountains,  /","The/DT mountains/NNS ,/,",,
sw07utt/sw_0708_2927.utt,2/sw2927,2927,129,%,A,75,2,yeah. # /,yeah/UH ./.,,
sw07utt/sw_0708_2927.utt,2/sw2927,2927,130,+,B,76,1,# as they start to clear # more things out. /,as/IN they/PRP start/VBP to/TO clear/VB more/JJR things/NNS out/RB ./.,,
sw07utt/sw_0708_2927.utt,2/sw2927,2927,131,%,A,77,1,"Even, {E I mean, } - /","Even/RB ,/, I/PRP mean/VBP ,/,",,
sw07utt/sw_0708_2927.utt,2/sw2927,2927,132,sd,A,77,2,"I'm originally from  Pittsburgh, Pennsylvania,  /","I/PRP 'm/VBP originally/RB from/IN Pittsburgh/NNP ,/, Pennsylvania/NNP ,/,",,
sw07utt/sw_0708_2927.utt,2/sw2927,2927,133,sd,A,77,3,"{C and } I can tell you that, {F um, } they've even had, - /","and/CC I/PRP can/MD tell/VB you/PRP that/IN ,/, um/UH ,/, they/PRP 've/VBP even/RB had/VBN ,/,",,
sw07utt/sw_0708_2927.utt,2/sw2927,2927,134,sd,A,77,4,"in eastern  Ohio and western Pennsylvania, they've even had, I'm going to say, mini tornadoes  for lack of a better word. /","in/IN eastern/JJ Ohio/NNP and/CC western/JJ Pennsylvania/NNP ,/, they/PRP 've/VBP even/RB had/VBN ,/, I/PRP 'm/VBP going/VBG to/TO say/VB ,/, mini/GW tornadoes/^NNS for/IN lack/NN of/IN a/DT better/JJR word/NN ./.",,
sw07utt/sw_0708_2927.utt,2/sw2927,2927,135,b,B,78,1,Uh-huh. /,Uh-huh/UH ./.,,
sw07utt/sw_0708_2927.utt,2/sw2927,2927,136,sd,A,79,1,"[ {C And, } + {C and } ] that's just a part of the country that it's rolling hillside.  /","And/CC ,/, and/CC that/DT 's/BES just/RB a/DT part/NN of/IN the/DT country/NN that/WDT it/PRP 's/BES rolling/JJ hillside/NN ./.",,
sw07utt/sw_0708_2927.utt,2/sw2927,2927,137,sd,A,79,2,"That was unheard of, {D you know, } twenty years ago. /","That/DT was/VBD unheard/JJ of/RP ,/, you/PRP know/VBP ,/, twenty/CD years/NNS ago/RB ./.",,
sw07utt/sw_0708_2927.utt,2/sw2927,2927,138,b,B,80,1,Right. /,Right/UH ./.,,
sw07utt/sw_0708_2927.utt,2/sw2927,2927,139,sd,A,81,1,"{F Um, } {C so } I don't know what's happening, if it's, {D you know, }  we are, the greenhouse, I don't really know. /","Um/UH ,/, so/RB I/PRP do/VBP n't/RB know/VB what/WP 's/BES happening/VBG ,/, if/IN it/PRP 's/BES ,/, you/PRP know/VBP ,/, we/PRP are/VBP ,/, the/DT greenhouse/NN ,/, I/PRP do/VBP n't/RB really/RB know/VB ./.",,
sw07utt/sw_0708_2927.utt,2/sw2927,2927,140,aa,B,82,1,"Yeah,  /","Yeah/UH ,/,",,
sw07utt/sw_0708_2927.utt,2/sw2927,2927,141,sd,B,82,2,me neither. /,me/PRP neither/RB ./.,,
sw07utt/sw_0708_2927.utt,2/sw2927,2927,142,sv,A,83,1,"It's just, {D you know. }","It/PRP 's/BES just/RB ,/, you/PRP know/VBP ./.",,
sw07utt/sw_0708_2927.utt,2/sw2927,2927,143,%,B,84,1,"{C But, } -/","But/CC ,/,",,
sw07utt/sw_0708_2927.utt,2/sw2927,2927,144,+,A,85,1,"It's definitely not as, {F um, } - /","It/PRP 's/BES definitely/RB not/RB as/IN ,/, um/UH ,/,",,
sw07utt/sw_0708_2927.utt,2/sw2927,2927,145,sd,A,85,2,"I know I associate the pollution with weather in general,  /","I/PRP know/VBP I/PRP associate/VBP the/DT pollution/NN with/IN weather/NN in/IN general/NN ,/,",,
sw07utt/sw_0708_2927.utt,2/sw2927,2927,146,sd,A,85,3,"{C so } I guess one thing we do miss, is that's a smaller town,  /","so/RB I/PRP guess/VBP one/CD thing/NN we/PRP do/VBP miss/VB ,/, is/VBZ that/DT 's/BES a/DT smaller/JJR town/NN ,/,",,
sw07utt/sw_0708_2927.utt,2/sw2927,2927,147,sd,A,85,4,"{C and } [ it w-, + it was, ] - /","and/CC it/PRP w-/XX ,/, it/PRP was/VBD ,/,",,
sw07utt/sw_0708_2927.utt,2/sw2927,2927,148,sd,A,85,5,"it just seemed a little bit more  pleasant in terms of the atmosphere, {D you know. } /","it/PRP just/RB seemed/VBD a/DT little/JJ bit/NN more/RBR pleasant/JJ in/IN terms/NNS of/IN the/DT atmosphere/NN ,/, you/PRP know/VBP ./.",,
sw07utt/sw_0708_2927.utt,2/sw2927,2927,149,aa,B,86,1,"Sure,  /","Sure/UH ,/,",,
sw07utt/sw_0708_2927.utt,2/sw2927,2927,150,aa^r,B,86,2,sure.  /,sure/UH ./.,,
sw07utt/sw_0708_2927.utt,2/sw2927,2927,151,fc,B,86,3,"{D Well, } it's been good talking to you. /","Well/UH ,/, it/PRP 's/HVS been/VBN good/JJ talking/NN to/IN you/PRP ./.",,
sw07utt/sw_0708_2927.utt,2/sw2927,2927,152,fc,A,87,1,You too. /,You/PRP too/RB ./.,,
sw07utt/sw_0708_2927.utt,2/sw2927,2927,153,fc,B,88,1,# Good-bye </talking>. # /,Good-bye/UH ./.,,
sw07utt/sw_0708_2927.utt,2/sw2927,2927,154,fc,A,89,1,# Okay. # /,Okay/UH ./.,,
sw07utt/sw_0708_2927.utt,2/sw2927,2927,155,fc^r,B,90,1,Good-bye. /,Good-bye/UH ./.,,
sw07utt/sw_0708_2927.utt,2/sw2927,2927,156,fc,A,91,1,Bye-bye. /,Bye-bye/UH ./.,,
