swda_filename,ptb_basename,conversation_no,transcript_index,act_tag,caller,utterance_index,subutterance_index,text,pos,trees,ptb_treenumbers
sw07utt/sw_0777_2122.utt,2/sw2122,2122,0,o,A,1,1,"Okay,  /","Okay/UH ,/,",,
sw07utt/sw_0777_2122.utt,2/sw2122,2122,1,qy,A,1,2,"{D so, } {F uh, } do you own a P C? /","so/UH ,/, uh/UH ,/, do/VBP you/PRP own/VB a/DT P/NN C/NN ?/.",,
sw07utt/sw_0777_2122.utt,2/sw2122,2122,2,nn,B,2,1,"{F Um, } no,  /","Um/UH ,/, no/UH ,/,",,
sw07utt/sw_0777_2122.utt,2/sw2122,2122,3,sd^e,B,2,2,not personally  /,not/RB personally/RB,,
sw07utt/sw_0777_2122.utt,2/sw2122,2122,4,%,B,2,3,"{C but, } -/","but/CC ,/,",,
sw07utt/sw_0777_2122.utt,2/sw2122,2122,5,qy^d,A,3,1,{C But } you have one at work. /,But/CC you/PRP have/VBP one/CD at/IN work/NN ./.,,
sw07utt/sw_0777_2122.utt,2/sw2122,2122,6,ny,B,4,1,"Yes,  /","Yes/UH ,/,",,
sw07utt/sw_0777_2122.utt,2/sw2122,2122,7,ny,B,4,2,"uh-huh,  /","uh-huh/UH ,/,",,
sw07utt/sw_0777_2122.utt,2/sw2122,2122,8,ny,B,4,3,"Yeah,  /","Yeah/UH ,/,",,
sw07utt/sw_0777_2122.utt,2/sw2122,2122,9,sd^e,B,4,4,several <laughter>. /,several/JJ ./.,,
sw07utt/sw_0777_2122.utt,2/sw2122,2122,10,b,A,5,1,"Okay,  /","Okay/UH ,/,",,
sw07utt/sw_0777_2122.utt,2/sw2122,2122,11,sd,A,5,2,"{C and, } now because, {F um, } - /","and/CC ,/, now/RB because/IN ,/, um/UH ,/,",,
sw07utt/sw_0777_2122.utt,2/sw2122,2122,12,sd,A,5,3,"{D see } [ I'm, + I'm ]  doing my, {F uh, } Master's in Computer Science and Computer Engineering. /","see/VB I/PRP 'm/VBP ,/, I/PRP 'm/VBP doing/VBG my/PRP$ ,/, uh/UH ,/, Master/NNP 's/POS in/IN Computer/NNP Science/NNP and/CC Computer/NNP Engineering/NNP ./.",,
sw07utt/sw_0777_2122.utt,2/sw2122,2122,13,b,B,6,1,Uh-huh. /,Uh-huh/UH ./.,,
sw07utt/sw_0777_2122.utt,2/sw2122,2122,14,sd,A,7,1,"[ {C And, } + {F um, } {C and } ] [ I, + I ]  don't have one,  /","And/CC ,/, um/UH ,/, and/CC I/PRP ,/, I/PRP do/VBP n't/RB have/VB one/CD ,/,",,
sw07utt/sw_0777_2122.utt,2/sw2122,2122,15,sd,A,7,2,"{C but } I have to use them,","but/CC I/PRP have/VBP to/TO use/VB them/PRP ,/,",,
sw07utt/sw_0777_2122.utt,2/sw2122,2122,16,b,B,8,1,Right. /,Right/UH ./.,,
sw07utt/sw_0777_2122.utt,2/sw2122,2122,17,+,A,9,1,"{D like } [ during, + especially during ] my undergrad. /","like/UH during/IN ,/, especially/RB during/IN my/PRP$ undergrad/NN ./.",,
sw07utt/sw_0777_2122.utt,2/sw2122,2122,18,b,B,10,1,Uh-huh. /,Uh-huh/UH ./.,,
sw07utt/sw_0777_2122.utt,2/sw2122,2122,19,%,A,11,1,"[ You, + you ]  use, {F um, } - /","You/PRP ,/, you/PRP use/VBP ,/, um/UH ,/,",,
sw07utt/sw_0777_2122.utt,2/sw2122,2122,20,sv,A,11,2,"{D like } your first couple of years  you use personal computers because, {F uh, } {D you know, } the software.  /","like/UH your/PRP$ first/JJ couple/NN of/IN years/NNS you/PRP use/VBP personal/JJ computers/NNS because/IN ,/, uh/UH ,/, you/PRP know/VBP ,/, the/DT software/NN ./.",,
sw07utt/sw_0777_2122.utt,2/sw2122,2122,21,sv,A,11,3,"{D You know, } {D like } it's easier for you to go to and run a program,","You/PRP know/VBP ,/, like/UH it/PRP 's/BES easier/JJR for/IN you/PRP to/TO go/VB to/IN and/CC run/VB a/DT program/NN ,/,",,
sw07utt/sw_0777_2122.utt,2/sw2122,2122,22,b,B,12,1,Uh-huh. /,Uh-huh/UH ./.,,
sw07utt/sw_0777_2122.utt,2/sw2122,2122,23,+,A,13,1,"{D you know, } through the disk,","you/PRP know/VBP ,/, through/IN the/DT disk/NN ,/,",,
sw07utt/sw_0777_2122.utt,2/sw2122,2122,24,b,B,14,1,Uh-huh. /,Uh-huh/UH ./.,,
sw07utt/sw_0777_2122.utt,2/sw2122,2122,25,+,A,15,1,"because, {F um, } the grader can do it at home. /","because/IN ,/, um/UH ,/, the/DT grader/NN can/MD do/VB it/PRP at/IN home/NN ./.",,
sw07utt/sw_0777_2122.utt,2/sw2122,2122,26,b,B,16,1,Yeah. /,Yeah/UH ./.,,
sw07utt/sw_0777_2122.utt,2/sw2122,2122,27,sv,A,17,1,"Then, [ as the, + {D you know, } as you ]  go up higher, {D like } in your senior level, you're doing projects which [ are, + are ] so big,  /","Then/RB ,/, as/IN the/DT ,/, you/PRP know/VBP ,/, as/IN you/PRP go/VBP up/RB higher/RBR ,/, like/IN in/IN your/PRP$ senior/JJ level/NN ,/, you/PRP 're/VBP doing/VBG projects/NNS which/WDT are/VBP ,/, are/VBP so/RB big/JJ ,/,",,
sw07utt/sw_0777_2122.utt,2/sw2122,2122,28,sv,A,17,2,"{C and } you have to have so many people sharing the same data,","and/CC you/PRP have/VBP to/TO have/VB so/RB many/JJ people/NNS sharing/VBG the/DT same/JJ data/NNS ,/,",,
sw07utt/sw_0777_2122.utt,2/sw2122,2122,29,b,B,18,1,Uh-huh. /,Uh-huh/UH ./.,,
sw07utt/sw_0777_2122.utt,2/sw2122,2122,30,+,A,19,1,"that you can't use personal computers,  so you have to use, {D you know, } a main frame. /","that/IN you/PRP ca/MD n't/RB use/VB personal/JJ computers/NNS ,/, so/RB you/PRP have/VBP to/TO use/VB ,/, you/PRP know/VBP ,/, a/DT main/JJ frame/NN ./.",,
sw07utt/sw_0777_2122.utt,2/sw2122,2122,31,aa,B,20,1,"Right,  /","Right/UH ,/,",,
sw07utt/sw_0777_2122.utt,2/sw2122,2122,32,aa^r,B,20,2,right.  /,right/UH ./.,,
sw07utt/sw_0777_2122.utt,2/sw2122,2122,33,%,B,20,3,"Yeah,  /","Yeah/UH ,/,",,
sw07utt/sw_0777_2122.utt,2/sw2122,2122,34,sd,B,20,4,"I know [ I, + {F uh, } I ]  do have [ a, + {F uh, } {D you know, } a ] computer at home,  /","I/PRP know/VBP I/PRP ,/, uh/UH ,/, I/PRP do/VBP have/VB a/DT ,/, uh/UH ,/, you/PRP know/VBP ,/, a/DT computer/NN at/IN home/NN ,/,",,
sw07utt/sw_0777_2122.utt,2/sw2122,2122,35,sd,B,20,5,{C but } it's one that the company has loaned me. /,but/CC it/PRP 's/BES one/CD that/WDT the/DT company/NN has/VBZ loaned/VBN me/PRP ./.,,
sw07utt/sw_0777_2122.utt,2/sw2122,2122,36,bk,A,21,1,"{F Oh, } okay. /","Oh/UH ,/, okay/UH ./.",,
sw07utt/sw_0777_2122.utt,2/sw2122,2122,37,sd,B,22,1,"{C And, } [ that, + that's ] been my situation,  is that, {F uh, } that way I can get in, access our, {F uh, } computers that I have up  here and, {D you know, } do work from home. /","And/CC ,/, that/DT ,/, that/DT 's/HVS been/VBN my/PRP$ situation/NN ,/, is/VBZ that/DT ,/, uh/UH ,/, that/DT way/NN I/PRP can/MD get/VB in/RB ,/, access/NN our/PRP$ ,/, uh/UH ,/, computers/NNS that/WDT I/PRP have/VBP up/IN here/RB and/CC ,/, you/PRP know/VBP ,/, do/VBP work/NN from/IN home/NN ./.",,
sw07utt/sw_0777_2122.utt,2/sw2122,2122,38,qy,A,23,1,"{C But } does it have, {F uh, } {D like, } a disk drive? /","But/CC does/VBZ it/PRP have/VB ,/, uh/UH ,/, like/IN ,/, a/DT disk/NN drive/NN ?/.",,
sw07utt/sw_0777_2122.utt,2/sw2122,2122,39,ny,B,24,1,{F Oh } yeah.  /,Oh/UH yeah/UH ./.,,
sw07utt/sw_0777_2122.utt,2/sw2122,2122,40,ny^r,B,24,2,"Yeah,  /","Yeah/UH ,/,",,
sw07utt/sw_0777_2122.utt,2/sw2122,2122,41,ny^r,B,24,3,"yeah,  /","yeah/UH ,/,",,
sw07utt/sw_0777_2122.utt,2/sw2122,2122,42,ny^r,B,24,4,"yeah, /","yeah/UH ,/,",,
sw07utt/sw_0777_2122.utt,2/sw2122,2122,43,bk,A,25,1,"{F Oh, } okay,  /","Oh/UH ,/, okay/UH ,/,",,
sw07utt/sw_0777_2122.utt,2/sw2122,2122,44,sd,A,25,2,"{C because, } {F uh, } the ones that  we use, [ yo-, + ] {D you know, } are like UNIX base systems. /","because/IN ,/, uh/UH ,/, the/DT ones/NNS that/WDT we/PRP use/VBP ,/, yo-/PRP ,/, you/PRP know/VBP ,/, are/VBP like/IN UNIX/NNP base/NN systems/NNS ./.",,
sw07utt/sw_0777_2122.utt,2/sw2122,2122,45,b,B,26,1,Right.  /,Right/UH ./.,,
sw07utt/sw_0777_2122.utt,2/sw2122,2122,46,b,B,26,2,Uh-huh. /,Uh-huh/UH ./.,,
sw07utt/sw_0777_2122.utt,2/sw2122,2122,47,sd,A,27,1,"{C And, so } they don't have a disk drive. /","And/CC ,/, so/IN they/PRP do/VBP n't/RB have/VB a/DT disk/NN drive/NN ./.",,
sw07utt/sw_0777_2122.utt,2/sw2122,2122,48,b,B,28,1,Right. /,Right/UH ./.,,
sw07utt/sw_0777_2122.utt,2/sw2122,2122,49,sd,A,29,1,"{D You know, } {C so } you can't, - /","You/PRP know/VBP ,/, so/IN you/PRP ca/MD n't/RB ,/,",,
sw07utt/sw_0777_2122.utt,2/sw2122,2122,50,sd,A,29,2,the only way that  you can do it is through a modem. /,the/DT only/JJ way/NN that/WDT you/PRP can/MD do/VB it/PRP is/VBZ through/IN a/DT modem/NN ./.,,
sw07utt/sw_0777_2122.utt,2/sw2122,2122,51,b,B,30,1,Right. /,Right/UH ./.,,
sw07utt/sw_0777_2122.utt,2/sw2122,2122,52,sd,A,31,1,"{C And, } [ you, + {D you know, } you ] just do it that way. /","And/CC ,/, you/PRP ,/, you/PRP know/VBP ,/, you/PRP just/RB do/VBP it/PRP that/DT way/NN ./.",,
sw07utt/sw_0777_2122.utt,2/sw2122,2122,53,b,B,32,1,Yeah. /,Yeah/UH ./.,,
sw07utt/sw_0777_2122.utt,2/sw2122,2122,54,sd,A,33,1,"{C But, } [ that's, + {F uh, } that's ]  the only way that you can get [ to, + through to ] the system,  /","But/CC ,/, that/DT 's/BES ,/, uh/UH ,/, that/DT 's/BES the/DT only/JJ way/NN that/WDT you/PRP can/MD get/VB to/TO ,/, through/IN to/IN the/DT system/NN ,/,",,
sw07utt/sw_0777_2122.utt,2/sw2122,2122,55,sd,A,33,2,you can't store it anywhere. /,you/PRP ca/MD n't/RB store/VB it/PRP anywhere/RB ./.,,
sw07utt/sw_0777_2122.utt,2/sw2122,2122,56,aa,B,34,1,Right.  /,Right/UH ./.,,
sw07utt/sw_0777_2122.utt,2/sw2122,2122,57,aa,B,34,2,"Yeah,  /","Yeah/UH ,/,",,
sw07utt/sw_0777_2122.utt,2/sw2122,2122,58,o,B,34,3,no  /,no/UH,,
sw07utt/sw_0777_2122.utt,2/sw2122,2122,59,sd,B,34,4,"[ [ I, + {F um, } I, ] + I ]  have both, because [ that, + that's ] what I use all the time is UNIX Systems.  {F Um, } versus the DOS.  /","I/PRP ,/, um/UH ,/, I/PRP ,/, I/PRP have/VBP both/DT ,/, because/IN that/DT ,/, that/DT 's/BES what/WP I/PRP use/VBP all/PDT the/DT time/NN is/VBZ UNIX/NNP Systems/NNS ./. Um/UH ,/, versus/IN the/DT DOS/NNP ./.",,
sw07utt/sw_0777_2122.utt,2/sw2122,2122,60,sd,B,34,5,"{C But } then I teach DOS classes, {F uh, } at night. /","But/CC then/RB I/PRP teach/VBP DOS/NNP classes/NNS ,/, uh/UH ,/, at/IN night/NN ./.",,
sw07utt/sw_0777_2122.utt,2/sw2122,2122,61,bk,A,35,1,"{F Oh, } okay. /","Oh/UH ,/, okay/UH ./.",,
sw07utt/sw_0777_2122.utt,2/sw2122,2122,62,b,B,36,1,"Uh-huh,  /","Uh-huh/UH ,/,",,
sw07utt/sw_0777_2122.utt,2/sw2122,2122,63,sd,B,36,2,part time.  /,part/GW time/^RB ./.,,
sw07utt/sw_0777_2122.utt,2/sw2122,2122,64,%,B,36,3,"{C So, } -/","So/RB ,/,",,
sw07utt/sw_0777_2122.utt,2/sw2122,2122,65,bf,A,37,1,{C And then } you also have to do all your  grading on the P  C. /,And/CC then/RB you/PRP also/RB have/VBP to/TO do/VB all/DT your/PRP$ grading/NN on/IN the/DT P/NN C/NN ./.,,
sw07utt/sw_0777_2122.utt,2/sw2122,2122,66,sd,B,38,1,"{D Well, } [ that, + that's ]  the really neat thing, I teach in the continuing education classes, so [ I don't, + {F uh, } I don't ]  have to have [ grad-, + any grades, ] no grade books, so that's great <laughter>. /","Well/UH ,/, that/DT ,/, that/DT 's/BES the/DT really/RB neat/JJ thing/NN ,/, I/PRP teach/VBP in/IN the/DT continuing/JJ education/NN classes/NNS ,/, so/IN I/PRP do/VBP n't/RB ,/, uh/UH ,/, I/PRP do/VBP n't/RB have/VB to/TO have/VB grad-/NNS ,/, any/DT grades/NNS ,/, no/DT grade/NN books/NNS ,/, so/RB that/DT 's/BES great/JJ ./.",,
sw07utt/sw_0777_2122.utt,2/sw2122,2122,67,bk,A,39,1,"{F Oh, } okay. /","Oh/UH ,/, okay/UH ./.",,
sw07utt/sw_0777_2122.utt,2/sw2122,2122,68,o,B,40,1,"{C But, } no,  /","But/CC ,/, no/UH ,/,",,
sw07utt/sw_0777_2122.utt,2/sw2122,2122,69,sd,B,40,2,"I find that I use [ the, + the ]  personal computer a lot though for my WordPerfect,","I/PRP find/VBP that/IN I/PRP use/VBP the/DT ,/, the/DT personal/JJ computer/NN a/DT lot/NN though/IN for/IN my/PRP$ WordPerfect/NNP ,/,",,
sw07utt/sw_0777_2122.utt,2/sw2122,2122,70,b,A,41,1,Okay. /,Okay/UH ./.,,
sw07utt/sw_0777_2122.utt,2/sw2122,2122,71,+,B,42,1,and also for my spread sheets. /,and/CC also/RB for/IN my/PRP$ spread/NN sheets/NNS ./.,,
sw07utt/sw_0777_2122.utt,2/sw2122,2122,72,b,A,43,1,Yeah. /,Yeah/UH ./.,,
sw07utt/sw_0777_2122.utt,2/sw2122,2122,73,sd,B,44,1,"{F Um, } {C so } I think it's extremely helpful and  very useful. /","Um/UH ,/, so/IN I/PRP think/VBP it/PRP 's/BES extremely/RB helpful/JJ and/CC very/RB useful/JJ ./.",,
sw07utt/sw_0777_2122.utt,2/sw2122,2122,74,sd,A,45,1,"{D Well, } {F uh, } for us [ it's, + {F uh, }  {F uh, } {D you know, } it's ] like for doing {D like, } {D you know, }  {D like } resumes,","Well/UH ,/, uh/UH ,/, for/IN us/PRP it/PRP 's/BES ,/, uh/UH ,/, uh/UH ,/, you/PRP know/VBP ,/, it/PRP 's/BES like/IN for/IN doing/VBG like/UH ,/, you/PRP know/VBP ,/, like/UH resumes/NNS ,/,",,
sw07utt/sw_0777_2122.utt,2/sw2122,2122,75,b,B,46,1,Uh-huh. /,Uh-huh/UH ./.,,
sw07utt/sw_0777_2122.utt,2/sw2122,2122,76,+,A,47,1,"and, presentations. /","and/CC ,/, presentations/NNS ./.",,
sw07utt/sw_0777_2122.utt,2/sw2122,2122,77,b,B,48,1,"{F Um, } {F um. } Uh-huh. /","Um/UH ,/, um/UH ./. Uh-huh/UH ./.",,
sw07utt/sw_0777_2122.utt,2/sw2122,2122,78,sd,A,49,1,"We use {D like } for example, a Mackintosh,  which is a lot easier for graphics,","We/PRP use/VBP like/UH for/IN example/NN ,/, a/DT Mackintosh/NNP ,/, which/WDT is/VBZ a/DT lot/NN easier/JJR for/IN graphics/NNS ,/,",,
sw07utt/sw_0777_2122.utt,2/sw2122,2122,79,b,B,50,1,Yeah. /,Yeah/UH ./.,,
sw07utt/sw_0777_2122.utt,2/sw2122,2122,80,+,A,51,1,"[ than the P-, + than ] {D you know, }  the I B M P C's or anything compatible with that. /","than/IN the/DT P-/XX ,/, than/IN you/PRP know/VBP ,/, the/DT I/NNP B/NNP M/NNP P/NN C/NN 's/NNS or/CC anything/NN compatible/JJ with/IN that/DT ./.",,
sw07utt/sw_0777_2122.utt,2/sw2122,2122,81,b,B,52,1,Right. /,Right/UH ./.,,
sw07utt/sw_0777_2122.utt,2/sw2122,2122,82,sd,A,53,1,"[ Due, + due ] to the fact that,  {D well, } {D you know, } [ I, + I ] haven't tested [ the, + the ] P S two yet. /","Due/IN ,/, due/IN to/IN the/DT fact/NN that/IN ,/, well/UH ,/, you/PRP know/VBP ,/, I/PRP ,/, I/PRP have/VBP n't/RB tested/VBN the/DT ,/, the/DT P/NNP S/NNP two/CD yet/RB ./.",,
sw07utt/sw_0777_2122.utt,2/sw2122,2122,83,b,B,54,1,"{F Um, } {F um. } Uh-huh. /","Um/UH ,/, um/UH ./. Uh-huh/UH ./.",,
sw07utt/sw_0777_2122.utt,2/sw2122,2122,84,sd,A,55,1,"{C but } I don't know if the software is as  easily, {D you know, } like you can manage it a lot easier [ than, + than ] the old one. /","but/CC I/PRP do/VBP n't/RB know/VB if/IN the/DT software/NN is/VBZ as/IN easily/RB ,/, you/PRP know/VBP ,/, like/IN you/PRP can/MD manage/VB it/PRP a/DT lot/NN easier/JJR than/IN ,/, than/IN the/DT old/JJ one/NN ./.",,
sw07utt/sw_0777_2122.utt,2/sw2122,2122,85,b,B,56,1,Right. /,Right/UH ./.,,
sw07utt/sw_0777_2122.utt,2/sw2122,2122,86,sd,A,57,1,"The old one you had to go pick a line,  use little arrows to go onto the screen and check where you wanted to start, and where,","The/DT old/JJ one/CD you/PRP had/VBD to/TO go/VB pick/VB a/DT line/NN ,/, use/VB little/JJ arrows/NNS to/TO go/VB onto/IN the/DT screen/NN and/CC check/VB where/WRB you/PRP wanted/VBD to/TO start/VB ,/, and/CC where/WRB ,/,",,
sw07utt/sw_0777_2122.utt,2/sw2122,2122,87,b,B,58,1,Right. /,Right/UH ./.,,
sw07utt/sw_0777_2122.utt,2/sw2122,2122,88,+,A,59,1,"you know, with the mouse you do it, {D you know, } {D like, } a hundred times  faster. /","you/PRP know/VBP ,/, with/IN the/DT mouse/NN you/PRP do/VBP it/PRP ,/, you/PRP know/VBP ,/, like/UH ,/, a/DT hundred/CD times/NNS faster/RBR ./.",,
sw07utt/sw_0777_2122.utt,2/sw2122,2122,89,aa,B,60,1,That's true.  /,That/DT 's/BES true/JJ ./.,,
sw07utt/sw_0777_2122.utt,2/sw2122,2122,90,aa^r,B,60,2,That's true. /,That/DT 's/BES true/JJ ./.,,
sw07utt/sw_0777_2122.utt,2/sw2122,2122,91,sd,A,61,1,"{C And, } {F uh, } you also get, {D you know, } - /","And/CC ,/, uh/UH ,/, you/PRP also/RB get/VBP ,/, you/PRP know/VBP ,/,",,
sw07utt/sw_0777_2122.utt,2/sw2122,2122,92,sd,A,61,2,"when you see it on the Mackintosh with, {D you know, } the one I have, - /","when/WRB you/PRP see/VBP it/PRP on/IN the/DT Mackintosh/NNP with/IN ,/, you/PRP know/VBP ,/, the/DT one/CD I/PRP have/VBP ,/,",,
sw07utt/sw_0777_2122.utt,2/sw2122,2122,93,sd,A,61,3,"that doesn't have any color,  /","that/WDT does/VBZ n't/RB have/VB any/DT color/NN ,/,",,
sw07utt/sw_0777_2122.utt,2/sw2122,2122,94,sd,A,61,4,you can look at it  /,you/PRP can/MD look/VB at/IN it/PRP,,
sw07utt/sw_0777_2122.utt,2/sw2122,2122,95,sd,A,61,5,{C and } that's the way it's going to print out. /,and/CC that/DT 's/BES the/DT way/NN it/PRP 's/BES going/VBG to/TO print/VB out/RP ./.,,
sw07utt/sw_0777_2122.utt,2/sw2122,2122,96,b,B,62,1,Uh-huh. /,Uh-huh/UH ./.,,
sw07utt/sw_0777_2122.utt,2/sw2122,2122,97,sd,A,63,1,"{C And, } especially if you have a laser printer,  it's going to print out the same way as it's on the screen. /","And/CC ,/, especially/RB if/IN you/PRP have/VBP a/DT laser/NN printer/NN ,/, it/PRP 's/BES going/VBG to/TO print/VB out/RP the/IN same/JJ way/NN as/IN it/PRP 's/BES on/IN the/DT screen/NN ./.",,
sw07utt/sw_0777_2122.utt,2/sw2122,2122,98,b,B,64,1,"{F Oh, } Uh-huh. /","Oh/UH ,/, Uh-huh/UH ./.",,
sw07utt/sw_0777_2122.utt,2/sw2122,2122,99,sd,A,65,1,"{C And, so, } [ with, + {D you know, } with ]  the I B M what would happen is, {F uh, } since the software that I had was, it was basically, {D you know, }  you only see part of the page. /","And/CC ,/, so/RB ,/, with/IN ,/, you/PRP know/VBP ,/, with/IN the/DT I/NNP B/NNP M/NNP what/WP would/MD happen/VB is/VBZ ,/, uh/UH ,/, since/IN the/DT software/NN that/WDT I/PRP had/VBD was/VBD ,/, it/PRP was/VBD basically/RB ,/, you/PRP know/VBP ,/, you/PRP only/RB see/VBP part/NN of/IN the/DT page/NN ./.",,
sw07utt/sw_0777_2122.utt,2/sw2122,2122,100,b,B,66,1,Uh-huh. /,Uh-huh/UH ./.,,
sw07utt/sw_0777_2122.utt,2/sw2122,2122,101,sd,A,67,1,"{C And, so, } the whole page [ you, + you ]  never can actually see it, /","And/CC ,/, so/RB ,/, the/DT whole/JJ page/NN you/PRP ,/, you/PRP never/RB can/MD actually/RB see/VB it/PRP ,/,",,
sw07utt/sw_0777_2122.utt,2/sw2122,2122,102,b,B,68,1,Oh. /,Oh/UH ./.,,
sw07utt/sw_0777_2122.utt,2/sw2122,2122,103,sd,A,69,1,you just draw it  /,you/PRP just/RB draw/VBP it/PRP,,
sw07utt/sw_0777_2122.utt,2/sw2122,2122,104,sd,A,69,2,{C and } they have to zoom  out and zoom in  /,and/CC they/PRP have/VBP to/TO zoom/VB out/RP and/CC zoom/VB in/RP,,
sw07utt/sw_0777_2122.utt,2/sw2122,2122,105,sd,A,69,3,"{C and, } {D you know, } it's like, every time that you have to do  something [ is, + ] it's really a pain. /","and/CC ,/, you/PRP know/VBP ,/, it/PRP 's/BES like/IN ,/, every/DT time/NN that/WDT you/PRP have/VBP to/TO do/VB something/NN is/VBZ ,/, it/PRP 's/BES really/RB a/DT pain/NN ./.",,
sw07utt/sw_0777_2122.utt,2/sw2122,2122,106,ba,B,70,1,"What a hassle,  /","What/WP a/DT hassle/NN ,/,",,
sw07utt/sw_0777_2122.utt,2/sw2122,2122,107,b,B,70,2,"yeah,  /","yeah/UH ,/,",,
sw07utt/sw_0777_2122.utt,2/sw2122,2122,108,b^r,B,70,3,yeah. /,yeah/UH ./.,,
sw07utt/sw_0777_2122.utt,2/sw2122,2122,109,sd,A,71,1,"{C And, } also, {D  you know, } it's like  [ for, + for ] presentations,  /","And/CC ,/, also/RB ,/, you/PRP know/VBP ,/, it/PRP 's/BES like/IN for/IN ,/, for/IN presentations/NNS ,/,",,
sw07utt/sw_0777_2122.utt,2/sw2122,2122,110,sd,A,71,2,"it's like if you have to do any statistical data it can be easily  represented [ on a, + on a ] P C. /","it/PRP 's/BES like/IN if/IN you/PRP have/VBP to/TO do/VB any/DT statistical/JJ data/NNS it/PRP can/MD be/VB easily/RB represented/VBN on/IN a/DT ,/, on/IN a/DT P/NN C/NN ./.",,
sw07utt/sw_0777_2122.utt,2/sw2122,2122,111,b,B,72,1,Uh-huh. /,Uh-huh/UH ./.,,
sw07utt/sw_0777_2122.utt,2/sw2122,2122,112,sd^r,A,73,1,"it can be easily represented [ on a, + on a ] P C.  /","it/PRP can/MD be/VB easily/RB represented/VBN on/IN a/DT ,/, on/IN a/DT P/NN C/NN ./.",,
sw07utt/sw_0777_2122.utt,2/sw2122,2122,113,sd,A,73,2,"{D You know, } {D like } years back when you didn't have that you would have to map  out [ all this, + all these ] numbers. /","You/PRP know/VBP ,/, like/UH years/NNS back/RB when/WRB you/PRP did/VBD n't/RB have/VB that/DT you/PRP would/MD have/VB to/TO map/VB out/RP all/PDT this/DT ,/, all/PDT these/DT numbers/NNS ./.",,
sw07utt/sw_0777_2122.utt,2/sw2122,2122,114,b,B,74,1,Yeah. /,Yeah/UH ./.,,
sw07utt/sw_0777_2122.utt,2/sw2122,2122,115,sd,A,75,1,"and get a graph which you weren't sure if it  was okay or not, {D you know. } /","and/CC get/VB a/DT graph/NN which/WDT you/PRP were/VBD n't/RB sure/JJ if/IN it/PRP was/VBD okay/JJ or/CC not/RB ,/, you/PRP know/VBP ./.",,
sw07utt/sw_0777_2122.utt,2/sw2122,2122,116,b,B,76,1,Right.  /,Right/UH ./.,,
sw07utt/sw_0777_2122.utt,2/sw2122,2122,117,b,B,76,2,Yeah. /,Yeah/UH ./.,,
sw07utt/sw_0777_2122.utt,2/sw2122,2122,118,sd,A,77,1,"{C But, } [ with a, + with a ]  new system I can calculate everything so fast,","But/CC ,/, with/IN a/DT ,/, with/IN a/DT new/JJ system/NN I/PRP can/MD calculate/VB everything/NN so/RB fast/RB ,/,",,
sw07utt/sw_0777_2122.utt,2/sw2122,2122,119,b,B,78,1,Uh-huh. /,Uh-huh/UH ./.,,
sw07utt/sw_0777_2122.utt,2/sw2122,2122,120,+,A,79,1,"{D you know, } like for spread sheets. /","you/PRP know/VBP ,/, like/IN for/IN spread/NN sheets/NNS ./.",,
sw07utt/sw_0777_2122.utt,2/sw2122,2122,121,b,B,80,1,Right.  /,Right/UH ./.,,
sw07utt/sw_0777_2122.utt,2/sw2122,2122,122,b^r,B,80,2,Right. /,Right/UH ./.,,
sw07utt/sw_0777_2122.utt,2/sw2122,2122,123,sv,A,81,1,You can see what the trend is over the years. /,You/PRP can/MD see/VB what/WP the/DT trend/NN is/VBZ over/IN the/DT years/NNS ./.,,
sw07utt/sw_0777_2122.utt,2/sw2122,2122,124,b,B,82,1,Yeah.  /,Yeah/UH ./.,,
sw07utt/sw_0777_2122.utt,2/sw2122,2122,125,sd,B,82,2,"{C And, } I love all the windows that  they have out now too, /","And/CC ,/, I/PRP love/VBP all/PDT the/DT windows/NNS that/WDT they/PRP have/VBP out/RP now/RB too/RB ,/,",,
sw07utt/sw_0777_2122.utt,2/sw2122,2122,126,b,A,83,1,"Yeah,  /","Yeah/UH ,/,",,
sw07utt/sw_0777_2122.utt,2/sw2122,2122,127,%,A,83,2,"[ [ that, +","that/DT ,/,",,
sw07utt/sw_0777_2122.utt,2/sw2122,2122,128,sv,B,84,1,they have really simplified things. /,they/PRP have/VBP really/RB simplified/VBN things/NNS ./.,,
sw07utt/sw_0777_2122.utt,2/sw2122,2122,129,+,A,85,1,that ] - /,that/WDT,,
sw07utt/sw_0777_2122.utt,2/sw2122,2122,130,sd,A,85,2,"[ [ [ I, + I ] had a, + I had a ]  program due  /","I/PRP ,/, I/PRP had/VBD a/DT ,/, I/PRP had/VBD a/DT program/NN due/JJ",,
sw07utt/sw_0777_2122.utt,2/sw2122,2122,131,sd,A,85,3,"{C and } {F uh, } [ one, + one ] window I had the  program  /","and/CC uh/UH ,/, one/CD ,/, one/CD window/NN I/PRP had/VBD the/DT program/NN",,
sw07utt/sw_0777_2122.utt,2/sw2122,2122,132,sd,A,85,4,{C and } the other one I had the program running.,and/CC the/DT other/JJ one/NN I/PRP had/VBD the/DT program/NN running/VBG ./.,,
sw07utt/sw_0777_2122.utt,2/sw2122,2122,133,b,B,86,1,Right.  /,Right/UH ./.,,
sw07utt/sw_0777_2122.utt,2/sw2122,2122,134,b^r,B,86,2,Right. /,Right/UH ./.,,
sw07utt/sw_0777_2122.utt,2/sw2122,2122,135,+,A,87,1,"so if there was ever a mistake,  I could easily check, {D you know, }  /","so/RB if/IN there/EX was/VBD ever/RB a/DT mistake/NN ,/, I/PRP could/MD easily/RB check/VB ,/, you/PRP know/VBP ,/,",,
sw07utt/sw_0777_2122.utt,2/sw2122,2122,136,sd(^q),A,87,2,"I could look at the program and say, this is where I made the error. /","I/PRP could/MD look/VB at/IN the/DT program/NN and/CC say/VB ,/, this/DT is/VBZ where/WRB I/PRP made/VBD the/DT error/NN ./.",,
sw07utt/sw_0777_2122.utt,2/sw2122,2122,137,b,B,88,1,Right. /,Right/UH ./.,,
sw07utt/sw_0777_2122.utt,2/sw2122,2122,138,sd(^q),A,89,1,"Instead of saying, where did I make the error? /","Instead/RB of/IN saying/VBG ,/, where/WRB did/VBD I/PRP make/VB the/DT error/NN ?/.",,
sw07utt/sw_0777_2122.utt,2/sw2122,2122,139,b,B,90,1,Uh-huh. /,Uh-huh/UH ./.,,
sw07utt/sw_0777_2122.utt,2/sw2122,2122,140,sd,A,91,1,"{D You know, } go back and forth  /","You/PRP know/VBP ,/, go/VBP back/RB and/CC forth/RB",,
sw07utt/sw_0777_2122.utt,2/sw2122,2122,141,sd,A,91,2,"[ {C and, } + {C and, } ] {D you know, } you always, {D you know, } - /","and/CC ,/, and/CC ,/, you/PRP know/VBP ,/, you/PRP always/RB ,/, you/PRP know/VBP ,/,",,
sw07utt/sw_0777_2122.utt,2/sw2122,2122,142,sd,A,91,3,"the old ones you had to go out of your program,  [ load up, + {F um, } {F uh, } {D well } load up ] the program again,","the/DT old/JJ ones/NNS you/PRP had/VBD to/TO go/VB out/IN of/IN your/PRP$ program/NN ,/, load/VB up/RP ,/, um/UH ,/, uh/UH ,/, well/UH load/VB up/RP the/DT program/NN again/RB ,/,",,
sw07utt/sw_0777_2122.utt,2/sw2122,2122,143,b,B,92,1,Uh-huh. /,Uh-huh/UH ./.,,
sw07utt/sw_0777_2122.utt,2/sw2122,2122,144,+,A,93,1,in this case.  /,in/IN this/DT case/NN ./.,,
sw07utt/sw_0777_2122.utt,2/sw2122,2122,145,sd,A,93,2,"After you load it up change it,  hope that's right,","After/IN you/PRP load/VBP it/PRP up/IN change/VB it/PRP ,/, hope/VBP that/DT 's/BES right/JJ ,/,",,
sw07utt/sw_0777_2122.utt,2/sw2122,2122,146,x,B,94,1,<Laughter>.,,,
sw07utt/sw_0777_2122.utt,2/sw2122,2122,147,+,A,95,1,"get out of that, run the program,","get/VBP out/IN of/IN that/DT ,/, run/VBP the/DT program/NN ,/,",,
sw07utt/sw_0777_2122.utt,2/sw2122,2122,148,b,B,96,1,Yes. /,Yes/UH ./.,,
sw07utt/sw_0777_2122.utt,2/sw2122,2122,149,+,A,97,1,"run, {D uh-huh, }   as long as it took,","run/VB ,/, uh-huh/UH ,/, as/RB long/RB as/IN it/PRP took/VBD ,/,",,
sw07utt/sw_0777_2122.utt,2/sw2122,2122,150,b,B,98,1,Yes. /,Yes/UH ./.,,
sw07utt/sw_0777_2122.utt,2/sw2122,2122,151,+,A,99,1,and then go back and see if that worked or not. /,and/CC then/RB go/VB back/RB and/CC see/VB if/IN that/DT worked/VBD or/CC not/RB ./.,,
sw07utt/sw_0777_2122.utt,2/sw2122,2122,152,b,B,100,1,Yeah. /,Yeah/UH ./.,,
sw07utt/sw_0777_2122.utt,2/sw2122,2122,153,sd,A,101,1,{C But } with windows you can have the  program  /,But/CC with/IN windows/NNS you/PRP can/MD have/VB the/DT program/NN,,
sw07utt/sw_0777_2122.utt,2/sw2122,2122,154,sd,A,101,2,{C and } {D say } it messed up in line fifty-four. /,and/CC say/VB it/PRP messed/VBD up/RP in/IN line/NN fifty-four/CD ./.,,
sw07utt/sw_0777_2122.utt,2/sw2122,2122,155,b,B,102,1,Yeah. /,Yeah/UH ./.,,
sw07utt/sw_0777_2122.utt,2/sw2122,2122,156,sd,A,103,1,"{C So, } you take a look at line fifty-four,  /","So/RB ,/, you/PRP take/VBP a/DT look/NN at/IN line/NN fifty-four/CD ,/,",,
sw07utt/sw_0777_2122.utt,2/sw2122,2122,157,sd,A,103,2,"you take a look at the output at the same time,  /","you/PRP take/VBP a/DT look/NN at/IN the/DT output/NN at/IN the/DT same/JJ time/NN ,/,",,
sw07utt/sw_0777_2122.utt,2/sw2122,2122,158,sd,A,103,3,"{C and } you can see [ that, + ]  where it messed up, because, {D you know } it's like in the old computers, the ones that, {F uh, }  we're using here a couple of years ago, you would always have to have a printout,","and/CC you/PRP can/MD see/VB that/IN ,/, where/WRB it/PRP messed/VBD up/RP ,/, because/IN ,/, you/PRP know/VBP it/PRP 's/BES like/IN in/IN the/DT old/JJ computers/NNS ,/, the/DT ones/NNS that/WDT ,/, uh/UH ,/, we/PRP 're/VBP using/VBG here/RB a/DT couple/NN of/IN years/NNS ago/RB ,/, you/PRP would/MD always/RB have/VB to/TO have/VB a/DT printout/NN ,/,",,
sw07utt/sw_0777_2122.utt,2/sw2122,2122,159,b,B,104,1,Uh-huh. /,Uh-huh/UH ./.,,
sw07utt/sw_0777_2122.utt,2/sw2122,2122,160,+@,A,105,1,"every time that you ran your program,   *[[end of slash unit?]]","every/DT time/NN that/WDT you/PRP ran/VBD your/PRP$ program/NN ,/,",,
sw07utt/sw_0777_2122.utt,2/sw2122,2122,161,b,B,106,1,Yeah. /,Yeah/UH ./.,,
sw07utt/sw_0777_2122.utt,2/sw2122,2122,162,+@,A,107,1,you would need a printout because  everything else was erased in the background. / *[[should have been new slash unit]],you/PRP would/MD need/VB a/DT printout/NN because/IN everything/NN else/RB was/VBD erased/VBN in/IN the/DT background/NN ./.,,
sw07utt/sw_0777_2122.utt,2/sw2122,2122,163,aa,B,108,1,"Yeah,  /","Yeah/UH ,/,",,
sw07utt/sw_0777_2122.utt,2/sw2122,2122,164,aa,B,108,2,"right,  /","right/UH ,/,",,
sw07utt/sw_0777_2122.utt,2/sw2122,2122,165,aa^r,B,108,3,right.  /,right/UH ./.,,
sw07utt/sw_0777_2122.utt,2/sw2122,2122,166,%,B,108,4,"Yeah,  /","Yeah/UH ,/,",,
sw07utt/sw_0777_2122.utt,2/sw2122,2122,167,sd,B,108,5,"I know, [ I, + {F uh, } I ]  remember my college days <laughter>.  And having to do that too. /","I/PRP know/VBP ,/, I/PRP ,/, uh/UH ,/, I/PRP remember/VBP my/PRP$ college/NN days/NNS ./. And/CC having/VBG to/TO do/VB that/DT too/RB ./.",,
sw07utt/sw_0777_2122.utt,2/sw2122,2122,168,qy,A,109,1,"[ [ Di-, + did, ] + did ]  you learn it in computer science? /","Di/VBD ,/, did/VBD ,/, did/VBD you/PRP learn/VB it/PRP in/IN computer/NN science/NN ?/.",,
sw07utt/sw_0777_2122.utt,2/sw2122,2122,169,ny,B,110,1,"{F Oh, } yeah,  /","Oh/UH ,/, yeah/UH ,/,",,
sw07utt/sw_0777_2122.utt,2/sw2122,2122,170,ny,B,110,2,uh-huh.  /,uh-huh/UH ./.,,
sw07utt/sw_0777_2122.utt,2/sw2122,2122,171,sd^e,B,110,3,I sure did. /,I/PRP sure/RB did/VBD ./.,,
sw07utt/sw_0777_2122.utt,2/sw2122,2122,172,qw,A,111,1,"{C And, } when was this. /","And/CC ,/, when/WRB was/VBD this/DT ./.",,
sw07utt/sw_0777_2122.utt,2/sw2122,2122,173,sd,B,112,1,"{F Uh, } I graduated in eighty-six. /","Uh/UH ,/, I/PRP graduated/VBD in/IN eighty-six/CD ./.",,
sw07utt/sw_0777_2122.utt,2/sw2122,2122,174,bk,A,113,1,"{F Oh, } okay. /","Oh/UH ,/, okay/UH ./.",,
sw07utt/sw_0777_2122.utt,2/sw2122,2122,175,b,B,114,1,Yeah.  /,Yeah/UH ./.,,
sw07utt/sw_0777_2122.utt,2/sw2122,2122,176,sd,B,114,2,{C So } it's been fairly recent. /,So/RB it/PRP 's/HVS been/VBN fairly/RB recent/JJ ./.,,
sw07utt/sw_0777_2122.utt,2/sw2122,2122,177,b,A,115,1,"Yeah,  /","Yeah/UH ,/,",,
sw07utt/sw_0777_2122.utt,2/sw2122,2122,178,sd,A,115,2,"I know because, {F uh, } all I know is  that when I came here in eighty-seven, [ they still had, + ] {F uh, }","I/PRP know/VBP because/IN ,/, uh/UH ,/, all/DT I/PRP know/VBP is/VBZ that/IN when/WRB I/PRP came/VBD here/RB in/IN eighty-seven/CD ,/, they/PRP still/RB had/VBD ,/, uh/UH ,/,",,
sw07utt/sw_0777_2122.utt,2/sw2122,2122,179,^2,B,116,1,The cards. /,The/DT cards/NNS ./.,,
sw07utt/sw_0777_2122.utt,2/sw2122,2122,180,+,A,117,1,"it was the last year [ to, + to ] put all your punch cards in. /","it/PRP was/VBD the/DT last/JJ year/NN to/TO ,/, to/TO put/VB all/DT your/PRP$ punch/NN cards/NNS in/RB ./.",,
sw07utt/sw_0777_2122.utt,2/sw2122,2122,181,ba,B,118,1,"{F Oh, } {F oh } dear.  /","Oh/UH ,/, oh/UH dear/UH ./.",,
sw07utt/sw_0777_2122.utt,2/sw2122,2122,182,sd,B,118,2,"I didn't have to bother  with that at all, thank goodness.  /","I/PRP did/VBD n't/RB have/VB to/TO bother/VB with/IN that/DT at/IN all/DT ,/, thank/VB goodness/NN ./.",,
sw07utt/sw_0777_2122.utt,2/sw2122,2122,183,%,B,118,3,Yeah. /,Yeah/UH ./.,,
sw07utt/sw_0777_2122.utt,2/sw2122,2122,184,b,A,119,1,"{C So, } yeah.  /","So/RB ,/, yeah/UH ./.",,
sw07utt/sw_0777_2122.utt,2/sw2122,2122,185,o,A,119,2,"No,  /","No/UH ,/,",,
sw07utt/sw_0777_2122.utt,2/sw2122,2122,186,sd,A,119,3,"{C but } [ it, + it ]  was just sensational because I walked in  /","but/CC it/PRP ,/, it/PRP was/VBD just/RB sensational/JJ because/IN I/PRP walked/VBD in/RB",,
sw07utt/sw_0777_2122.utt,2/sw2122,2122,187,sd(^q),A,119,4,"{C and } they go, {F Oh, } my God, they're still using this. /","and/CC they/PRP go/VBP ,/, Oh/UH ,/, my/PRP$ God/NNP ,/, they/PRP 're/VBP still/RB using/VBG this/DT ./.",,
sw07utt/sw_0777_2122.utt,2/sw2122,2122,188,b,B,120,1,Yes. /,Yes/UH ./.,,
sw07utt/sw_0777_2122.utt,2/sw2122,2122,189,sd,A,121,1,"It was like, this is the last year you can put  your punch cards in and get your program out  /","It/PRP was/VBD like/IN ,/, this/DT is/VBZ the/DT last/JJ year/NN you/PRP can/MD put/VB your/PRP$ punch/NN cards/NNS in/RB and/CC get/VB your/PRP$ program/NN out/RB",,
sw07utt/sw_0777_2122.utt,2/sw2122,2122,190,sd,A,121,2,"{C and, } {D you know } <laughter>,","and/CC ,/, you/PRP know/VBP ,/,",,
sw07utt/sw_0777_2122.utt,2/sw2122,2122,191,ba,B,122,1,"Wow,  /","Wow/UH ,/,",,
sw07utt/sw_0777_2122.utt,2/sw2122,2122,192,ba^r,B,122,2,wow. /,wow/UH ./.,,
sw07utt/sw_0777_2122.utt,2/sw2122,2122,193,+,A,123,1,"You can get a hard copy of it,  /","You/PRP can/MD get/VB a/DT hard/JJ copy/NN of/IN it/PRP ,/,",,
sw07utt/sw_0777_2122.utt,2/sw2122,2122,194,sd,A,123,2,{C and } that's about it. /,and/CC that/DT 's/BES about/RB it/PRP ./.,,
sw07utt/sw_0777_2122.utt,2/sw2122,2122,195,b,B,124,1,"Uh-huh,  /","Uh-huh/UH ,/,",,
sw07utt/sw_0777_2122.utt,2/sw2122,2122,196,ba,B,124,2,wow. /,wow/UH ./.,,
sw07utt/sw_0777_2122.utt,2/sw2122,2122,197,sd,A,125,1,"{C So. } {C But, } {E I mean, } the price of  computers has gone down.  /","So/RB ./. But/CC ,/, I/PRP mean/VBP ,/, the/DT price/NN of/IN computers/NNS has/VBZ gone/VBN down/RB ./.",,
sw07utt/sw_0777_2122.utt,2/sw2122,2122,198,sd,A,125,2,"They said that, {F um, } if the auto industry would have kept the  same trend as the computer industry has ever since, {D you know, } it started,","They/PRP said/VBD that/IN ,/, um/UH ,/, if/IN the/DT auto/NN industry/NN would/MD have/VB kept/VBN the/DT same/JJ trend/NN as/IN the/DT computer/NN industry/NN has/VBZ ever/RB since/IN ,/, you/PRP know/VBP ,/, it/PRP started/VBD ,/,",,
sw07utt/sw_0777_2122.utt,2/sw2122,2122,199,b,B,126,1,Uh-huh. /,Uh-huh/UH ./.,,
sw07utt/sw_0777_2122.utt,2/sw2122,2122,200,+,A,127,1,"they said that, {F uh, } cars would cost  two dollars  /","they/PRP said/VBD that/IN ,/, uh/UH ,/, cars/NNS would/MD cost/VB two/CD dollars/NNS",,
sw07utt/sw_0777_2122.utt,2/sw2122,2122,201,sd,A,127,2,{C and } they would run forever. /,and/CC they/PRP would/MD run/VB forever/RB ./.,,
sw07utt/sw_0777_2122.utt,2/sw2122,2122,202,sv,B,128,1,"{F Oh, } that would be great. /","Oh/UH ,/, that/DT would/MD be/VB great/JJ ./.",,
sw07utt/sw_0777_2122.utt,2/sw2122,2122,203,x,A,129,1,<Laughter>.,,,
sw07utt/sw_0777_2122.utt,2/sw2122,2122,204,x,B,130,1,<Laughter>.,,,
sw07utt/sw_0777_2122.utt,2/sw2122,2122,205,sd,A,131,1,"{C So, } {E I mean } it's like, {D you know, } [ the, + the ]  joke with the Yugo, {D you know, }  /","So/RB ,/, I/PRP mean/VBP it/PRP 's/BES like/IN ,/, you/PRP know/VBP ,/, the/DT ,/, the/DT joke/NN with/IN the/DT Yugo/NNP ,/, you/PRP know/VBP ,/,",,
sw07utt/sw_0777_2122.utt,2/sw2122,2122,206,sd(^q),A,131,2,"it's like,  {D yeah, }  [ yo-, + ] {D you know, } [ like + ]  when your, {F uh, } car runs out of gas just throw it away. /","it/PRP 's/BES like/IN ,/, yeah/UH ,/, yo-/PRP ,/, you/PRP know/VBP ,/, like/IN when/WRB your/PRP$ ,/, uh/UH ,/, car/NN runs/VBZ out/IN of/IN gas/NN just/RB throw/VB it/PRP away/RB ./.",,
sw07utt/sw_0777_2122.utt,2/sw2122,2122,207,b,B,132,1,Uh-huh. /,Uh-huh/UH ./.,,
sw07utt/sw_0777_2122.utt,2/sw2122,2122,208,sv,A,133,1,"{C And, } [ that, + that's ] the way it would be. /","And/CC ,/, that/DT ,/, that/DT 's/BES the/DT way/NN it/PRP would/MD be/VB ./.",,
sw07utt/sw_0777_2122.utt,2/sw2122,2122,209,ba,B,134,1,Wow. /,Wow/UH ./.,,
sw07utt/sw_0777_2122.utt,2/sw2122,2122,210,sd(^q),A,135,1,"It's like {D yeah, }  I think I'll buy a new car  today, {D you know, }  /","It/PRP 's/BES like/IN yeah/UH ,/, I/PRP think/VBP I/PRP 'll/MD buy/VB a/DT new/JJ car/NN today/RB ,/, you/PRP know/VBP ,/,",,
sw07utt/sw_0777_2122.utt,2/sw2122,2122,211,%,A,135,2,"{C so, } -/","so/RB ,/,",,
sw07utt/sw_0777_2122.utt,2/sw2122,2122,212,x,B,136,1,<Laughter>.,,,
sw07utt/sw_0777_2122.utt,2/sw2122,2122,213,b,A,137,1,"Yeah,  /","Yeah/UH ,/,",,
sw07utt/sw_0777_2122.utt,2/sw2122,2122,214,sd,A,137,2,{C but } {E I mean } the price has  really gone down.  /,but/CC I/PRP mean/VBP the/DT price/NN has/VBZ really/RB gone/VBN down/RB ./.,,
sw07utt/sw_0777_2122.utt,2/sw2122,2122,215,sd,A,137,3,"{E I mean, } I B M which, {F uh, } - /","I/PRP mean/VBP ,/, I/NNP B/NNP M/NNP which/WDT ,/, uh/UH ,/,",,
sw07utt/sw_0777_2122.utt,2/sw2122,2122,216,sd,A,137,4,"an I B M P C in {D like } in nineteen eighty-one  it would cost you five thousand dollars, /","an/DT I/NNP B/NNP M/NNP P/NN C/NN in/IN like/UH in/IN nineteen/CD eighty-one/CD it/PRP would/MD cost/VB you/PRP five/CD thousand/CD dollars/NNS ,/,",,
sw07utt/sw_0777_2122.utt,2/sw2122,2122,217,aa,B,138,1,"{F Oh, } sure,  /","Oh/UH ,/, sure/UH ,/,",,
sw07utt/sw_0777_2122.utt,2/sw2122,2122,218,aa^r,B,138,2,"{F oh, } sure. /","oh/UH ,/, sure/UH ./.",,
sw07utt/sw_0777_2122.utt,2/sw2122,2122,219,sd,A,139,1,"{C and } now you can get it, {D you know, }  {D like } for, one thousand dollars, [ because, + {D you know, } because ] of the parts basically. /","and/CC now/RB you/PRP can/MD get/VB it/PRP ,/, you/PRP know/VBP ,/, like/UH for/IN ,/, one/CD thousand/CD dollars/NNS ,/, because/IN ,/, you/PRP know/VBP ,/, because/IN of/IN the/DT parts/NNS basically/RB ./.",,
sw07utt/sw_0777_2122.utt,2/sw2122,2122,220,aa,B,140,1,Right.  /,Right/UH ./.,,
sw07utt/sw_0777_2122.utt,2/sw2122,2122,221,aa,B,140,2,"Yeah,  /","Yeah/UH ,/,",,
sw07utt/sw_0777_2122.utt,2/sw2122,2122,222,sd,B,140,3,"{C and } the two eighty-six  too,  /","and/CC the/DT two/CD eighty-six/CD too/RB ,/,",,
sw07utt/sw_0777_2122.utt,2/sw2122,2122,223,%,B,140,4,"{C so, } yeah. /","so/RB ,/, yeah/UH ./.",,
sw07utt/sw_0777_2122.utt,2/sw2122,2122,224,aa,A,141,1,Yeah.  /,Yeah/UH ./.,,
sw07utt/sw_0777_2122.utt,2/sw2122,2122,225,sd,A,141,2,"The parts and the labor is what  they're charging you,  /","The/DT parts/NNS and/CC the/DT labor/NN is/VBZ what/WP they/PRP 're/VBP charging/VBG you/PRP ,/,",,
sw07utt/sw_0777_2122.utt,2/sw2122,2122,226,sd(^q),A,141,3,"they're not charging you, {D you know, } over pricing,","they/PRP 're/VBP not/RB charging/VBG you/PRP ,/, you/PRP know/VBP ,/, over/GW pricing/^VBG ,/,",,
sw07utt/sw_0777_2122.utt,2/sw2122,2122,227,b,B,142,1,Uh-huh. /,Uh-huh/UH ./.,,
sw07utt/sw_0777_2122.utt,2/sw2122,2122,228,+,A,143,1,"it because it's like, if we sell it for  less, {D you know, } it's like we're losing money, {D you know. } /","it/PRP because/IN it/PRP 's/BES like/IN ,/, if/IN we/PRP sell/VBP it/PRP for/IN less/JJR ,/, you/PRP know/VBP ,/, it/PRP 's/BES like/IN we/PRP 're/VBP losing/VBG money/NN ,/, you/PRP know/VBP ./.",,
sw07utt/sw_0777_2122.utt,2/sw2122,2122,229,b,B,144,1,Right. /,Right/UH ./.,,
sw07utt/sw_0777_2122.utt,2/sw2122,2122,230,sd(^q),A,145,1,It's like we want to sell it to break even at least. /,It/PRP 's/BES like/IN we/PRP want/VBP to/TO sell/VB it/PRP to/TO break/VB even/RP at/IN least/JJS ./.,,
sw07utt/sw_0777_2122.utt,2/sw2122,2122,231,b,B,146,1,Uh-huh. /,Uh-huh/UH ./.,,
sw07utt/sw_0777_2122.utt,2/sw2122,2122,232,sd,A,147,1,"{C And, } I think they stopped producing the I B M P C. /","And/CC ,/, I/PRP think/VBP they/PRP stopped/VBD producing/VBG the/DT I/NNP B/NNP M/NNP P/NN C/NN ./.",,
sw07utt/sw_0777_2122.utt,2/sw2122,2122,233,b,B,148,1,Uh-huh. /,Uh-huh/UH ./.,,
sw07utt/sw_0777_2122.utt,2/sw2122,2122,234,sd,A,149,1,"[ {C And, } + {F uh, } {C and } ]  the, {F uh, } P C Junior  was a total failure,","And/CC ,/, uh/UH ,/, and/CC the/DT ,/, uh/UH ,/, P/NNP C/NNP Junior/NNP was/VBD a/DT total/JJ failure/NN ,/,",,
sw07utt/sw_0777_2122.utt,2/sw2122,2122,235,b,B,150,1,Oh. /,Oh/UH ./.,,
sw07utt/sw_0777_2122.utt,2/sw2122,2122,236,+,A,151,1,to them. /,to/IN them/PRP ./.,,
sw07utt/sw_0777_2122.utt,2/sw2122,2122,237,b,B,152,1,Yeah. /,Yeah/UH ./.,,
sw07utt/sw_0777_2122.utt,2/sw2122,2122,238,sd,A,153,1,"They had, {F uh, } - /","They/PRP had/VBD ,/, uh/UH ,/,",,
sw07utt/sw_0777_2122.utt,2/sw2122,2122,239,sd,A,153,2,"they're trying to get out small computers,  /","they/PRP 're/VBP trying/VBG to/TO get/VB out/RP small/JJ computers/NNS ,/,",,
sw07utt/sw_0777_2122.utt,2/sw2122,2122,240,sd,A,153,3,"{C but, } the only problem was that when they took that one out,  the small computer was the I B M P C <laughter>. /","but/CC ,/, the/DT only/JJ problem/NN was/VBD that/IN when/WRB they/PRP took/VBD that/DT one/NN out/RP ,/, the/DT small/JJ computer/NN was/VBD the/DT I/NNP B/NNP M/NNP P/NN C/NN ./.",,
sw07utt/sw_0777_2122.utt,2/sw2122,2122,241,x,B,154,1,<Laughter>.,,,
sw07utt/sw_0777_2122.utt,2/sw2122,2122,242,sd,A,155,1,"{C And, so, } you couldn't, {D you know, } - /","And/CC ,/, so/RB ,/, you/PRP could/MD n't/RB ,/, you/PRP know/VBP ,/,",,
sw07utt/sw_0777_2122.utt,2/sw2122,2122,243,sd(^q),A,155,2,"it's like, sure bring out.  N-, into the market something that's smaller when [ no-, + nobody ]  uses anything that's smaller than, {D you know, } this, {D you know. } /","it/PRP 's/BES like/IN ,/, sure/UH bring/VB out/RB ./. N-/XX ,/, into/IN the/DT market/NN something/NN that/WDT 's/BES smaller/JJR when/WRB no-/NN ,/, nobody/NN uses/VBZ anything/NN that/WDT 's/BES smaller/JJR than/IN ,/, you/PRP know/VBP ,/, this/DT ,/, you/PRP know/VBP ./.",,
sw07utt/sw_0777_2122.utt,2/sw2122,2122,244,b,B,156,1,Yeah. /,Yeah/UH ./.,,
sw07utt/sw_0777_2122.utt,2/sw2122,2122,245,%,A,157,1,"{C And, so. } -/","And/CC ,/, so/RB ./.",,
sw07utt/sw_0777_2122.utt,2/sw2122,2122,246,b,B,158,1,Oh.,Oh/UH ./.,,
sw07utt/sw_0777_2122.utt,2/sw2122,2122,247,sd,A,159,1,"{C But, } over the past years it's like  I B M has been producing {D like } - /","But/CC ,/, over/IN the/DT past/JJ years/NNS it/PRP 's/BES like/IN I/NNP B/NNP M/NNP has/VBZ been/VBN producing/VBG like/UH",,
sw07utt/sw_0777_2122.utt,2/sw2122,2122,248,sd,A,159,2,every two years they bring out a whole new system.,every/DT two/CD years/NNS they/PRP bring/VBP out/RP a/DT whole/RB new/JJ system/NN ./.,,
sw07utt/sw_0777_2122.utt,2/sw2122,2122,249,+,B,160,1,Uh-huh. /,Uh-huh/UH ./.,,
sw07utt/sw_0777_2122.utt,2/sw2122,2122,250,+,A,161,1,"{D You know, } like the P C X T, A T, and  the P S one, P S two things, {D you know, }  /","You/PRP know/VBP ,/, like/IN the/DT P/NNP C/NNP X/NNP T/NNP ,/, A/NNP T/NNP ,/, and/CC the/DT P/NNP S/NNP one/CD ,/, P/NNP S/NNP two/CD things/NNS ,/, you/PRP know/VBP ,/,",,
sw07utt/sw_0777_2122.utt,2/sw2122,2122,251,sv,A,161,2,{C and so. } It's just that you have to always  compete  /,and/CC so/RB ./. It/PRP 's/BES just/RB that/IN you/PRP have/VBP to/TO always/RB compete/VB,,
sw07utt/sw_0777_2122.utt,2/sw2122,2122,252,sd,A,161,3,"{C and, } {F uh, } Mackintosh took a lot of the market from a lot of schools. /","and/CC ,/, uh/UH ,/, Mackintosh/NNP took/VBD a/DT lot/NN of/IN the/DT market/NN from/IN a/DT lot/NN of/IN schools/NNS ./.",,
sw07utt/sw_0777_2122.utt,2/sw2122,2122,253,b,B,162,1,Yeah. /,Yeah/UH ./.,,
sw07utt/sw_0777_2122.utt,2/sw2122,2122,254,sd,A,163,1,"{C Because } [ of, + of ]  their, {D you know, } - /","Because/IN of/IN ,/, of/IN their/PRP$ ,/, you/PRP know/VBP ,/,",,
sw07utt/sw_0777_2122.utt,2/sw2122,2122,255,sv,A,163,2,you can work with it a lot easier. /,you/PRP can/MD work/VB with/IN it/PRP a/DT lot/NN easier/RBR ./.,,
sw07utt/sw_0777_2122.utt,2/sw2122,2122,256,aa,B,164,1,Yeah.  /,Yeah/UH ./.,,
sw07utt/sw_0777_2122.utt,2/sw2122,2122,257,aa,B,164,2,That's true. /,That/DT 's/BES true/JJ ./.,,
sw07utt/sw_0777_2122.utt,2/sw2122,2122,258,sd,A,165,1,"{C So, } that's what they're trying to do.  /","So/RB ,/, that/DT 's/BES what/WP they/PRP 're/VBP trying/VBG to/TO do/VB ./.",,
sw07utt/sw_0777_2122.utt,2/sw2122,2122,259,ad,A,165,2,"{F Oh, } {D well, }","Oh/UH ,/, well/UH ,/,",,
sw07utt/sw_0777_2122.utt,2/sw2122,2122,260,%,B,166,1,{D Well. } -/,Well/UH ./.,,
sw07utt/sw_0777_2122.utt,2/sw2122,2122,261,+,A,167,1,I'll leave you back to your work. /,I/PRP 'll/MD leave/VB you/PRP back/RB to/IN your/PRP$ work/NN ./.,,
sw07utt/sw_0777_2122.utt,2/sw2122,2122,262,aa,B,168,1,Okay. /,Okay/UH ./.,,
sw07utt/sw_0777_2122.utt,2/sw2122,2122,263,fx,A,169,1,"{C And, } {F uh, } have a good lunch. /","And/CC ,/, uh/UH ,/, have/VBP a/DT good/JJ lunch/NN ./.",,
sw07utt/sw_0777_2122.utt,2/sw2122,2122,264,ft,B,170,1,Thanks.  /,Thanks/UH ./.,,
sw07utt/sw_0777_2122.utt,2/sw2122,2122,265,fc,B,170,2,Bye. /,Bye/UH ./.,,
sw07utt/sw_0777_2122.utt,2/sw2122,2122,266,fc,A,171,1,"All right,  /","All/RB right/JJ ,/,",,
sw07utt/sw_0777_2122.utt,2/sw2122,2122,267,fc,A,171,2,"bye, bye. /","bye/UH ,/, bye/UH ./.",,
