swda_filename,ptb_basename,conversation_no,transcript_index,act_tag,caller,utterance_index,subutterance_index,text,pos,trees,ptb_treenumbers
sw07utt/sw_0745_2387.utt,2/sw2387,2387,0,o,A,1,1,"Okay,  /","Okay/UH ,/,",,
sw07utt/sw_0745_2387.utt,2/sw2387,2387,1,qw,A,1,2,what types of music do you like to listen to? /,what/WDT types/NNS of/IN music/NN do/VBP you/PRP like/VB to/TO listen/VB to/IN ?/.,,
sw07utt/sw_0745_2387.utt,2/sw2387,2387,2,sd,B,2,1,"{D Well, } I primarily listen to classical music  when I have my druthers, partly because I find it more soothing.  /","Well/UH ,/, I/PRP primarily/RB listen/VBP to/IN classical/JJ music/NN when/WRB I/PRP have/VBP my/PRP$ druthers/NNS ,/, partly/RB because/IN I/PRP find/VBP it/PRP more/RBR soothing/JJ ./.",,
sw07utt/sw_0745_2387.utt,2/sw2387,2387,3,sd,B,2,2,"I don't know a lot about classical music so  far as, {F uh, } any background in music,  /","I/PRP do/VBP n't/RB know/VB a/DT lot/NN about/IN classical/JJ music/NN so/RB far/RB as/IN ,/, uh/UH ,/, any/DT background/NN in/IN music/NN ,/,",,
sw07utt/sw_0745_2387.utt,2/sw2387,2387,4,sd,B,2,3,"{C but }  it's [ the  po-, + the music ] I enjoy the most.  /","but/CC it/PRP 's/BES the/DT po-/XX ,/, the/DT music/NN I/PRP enjoy/VBP the/DT most/RBS ./.",,
sw07utt/sw_0745_2387.utt,2/sw2387,2387,5,qo,B,2,4,How about you? /,How/WRB about/IN you/PRP ?/.,,
sw07utt/sw_0745_2387.utt,2/sw2387,2387,6,sd,A,3,1,I like classical music also.  /,I/PRP like/VBP classical/JJ music/NN also/RB ./.,,
sw07utt/sw_0745_2387.utt,2/sw2387,2387,7,%,A,3,2,"I, {F uh, } - /","I/PRP ,/, uh/UH ,/,",,
sw07utt/sw_0745_2387.utt,2/sw2387,2387,8,sd,A,3,3,"like you, I don't know a whole lot about it,  /","like/IN you/PRP ,/, I/PRP do/VBP n't/RB know/VB a/DT whole/JJ lot/NN about/IN it/PRP ,/,",,
sw07utt/sw_0745_2387.utt,2/sw2387,2387,9,sd,A,3,4,"{C and } [ I, + I ]  would like to buy more classical tapes and stuff,  /","and/CC I/PRP ,/, I/PRP would/MD like/VB to/TO buy/VB more/RBR classical/JJ tapes/NNS and/CC stuff/NN ,/,",,
sw07utt/sw_0745_2387.utt,2/sw2387,2387,10,sd,A,3,5,{C but } I'm not sure which composers or which  ((   ))  --,but/CC I/PRP 'm/VBP not/RB sure/JJ which/WDT composers/NNS or/CC which/WDT MUMBLEx/XX --/:,,
sw07utt/sw_0745_2387.utt,2/sw2387,2387,11,b,B,4,1,Right. /,Right/UH ./.,,
sw07utt/sw_0745_2387.utt,2/sw2387,2387,12,+,A,5,1,"-- I really like, - /","--/: I/PRP really/RB like/VBP ,/,",,
sw07utt/sw_0745_2387.utt,2/sw2387,2387,13,sd,A,5,2,{C so } I kind of hesitate --,so/RB I/PRP kind/RB of/RB hesitate/VBP --/:,,
sw07utt/sw_0745_2387.utt,2/sw2387,2387,14,b,B,6,1,Uh-huh. /,Uh-huh/UH ./.,,
sw07utt/sw_0745_2387.utt,2/sw2387,2387,15,+,A,7,1,-- to buy something.  /,--/: to/TO buy/VB something/NN ./.,,
sw07utt/sw_0745_2387.utt,2/sw2387,2387,16,sd,A,7,2,There are certain kinds I like and certain kinds I don't. /,There/EX are/VBP certain/JJ kinds/NNS I/PRP like/VBP and/CC certain/JJ kinds/NNS I/PRP do/VBP n't/RB ./.,,
sw07utt/sw_0745_2387.utt,2/sw2387,2387,17,sd,B,8,1,"I tend to listen to the classical music, {F uh, }  on the radio a lot.  /","I/PRP tend/VBP to/TO listen/VB to/IN the/DT classical/JJ music/NN ,/, uh/UH ,/, on/IN the/DT radio/NN a/DT lot/NN ./.",,
sw07utt/sw_0745_2387.utt,2/sw2387,2387,18,sd,B,8,2,"[ There's, {F uh, } one particular, + {D well } there several ]  stations in this area that play, {F uh, } classical music all the time,  /","There/EX 's/BES ,/, uh/UH ,/, one/CD particular/JJ ,/, well/UH there/EX several/JJ stations/NNS in/IN this/DT area/NN that/WDT play/VBP ,/, uh/UH ,/, classical/JJ music/NN all/PDT the/DT time/NN ,/,",,
sw07utt/sw_0745_2387.utt,2/sw2387,2387,19,sd,B,8,3,"{C but } there's one in particular that is on both A M and F M  so I can listen to it without, {F uh, } worrying.  /","but/CC there/EX 's/BES one/CD in/IN particular/JJ that/WDT is/VBZ on/IN both/DT A/NN M/NN and/CC F/NN M/NN so/IN I/PRP can/MD listen/VB to/IN it/PRP without/IN ,/, uh/UH ,/, worrying/VBG ./.",,
sw07utt/sw_0745_2387.utt,2/sw2387,2387,20,sd,B,8,4,"It's cute, though, because my children, when they get in the car, and I have, {F uh, } the button pushed for that, they always switch it to  something else <laughter>. /","It/PRP 's/BES cute/JJ ,/, though/RB ,/, because/IN my/PRP$ children/NNS ,/, when/WRB they/PRP get/VBP in/IN the/DT car/NN ,/, and/CC I/PRP have/VBP ,/, uh/UH ,/, the/DT button/NN pushed/VBN for/IN that/DT ,/, they/PRP always/RB switch/VBP it/PRP to/IN something/NN else/RB ./.",,
sw07utt/sw_0745_2387.utt,2/sw2387,2387,21,x,A,9,1,<Laughter>.,,,
sw07utt/sw_0745_2387.utt,2/sw2387,2387,22,sd,B,10,1,{C Because } naturally that isn't their taste --,Because/IN naturally/RB that/DT is/VBZ n't/RB their/PRP$ taste/NN --/:,,
sw07utt/sw_0745_2387.utt,2/sw2387,2387,23,b,A,11,1,Yeah. /,Yeah/UH ./.,,
sw07utt/sw_0745_2387.utt,2/sw2387,2387,24,+,B,12,1,-- at this point in time anyway. /,--/: at/IN this/DT point/NN in/IN time/NN anyway/RB ./.,,
sw07utt/sw_0745_2387.utt,2/sw2387,2387,25,b,A,13,1,"Yeah,  /","Yeah/UH ,/,",,
sw07utt/sw_0745_2387.utt,2/sw2387,2387,26,sd,A,13,2,I understand that. /,I/PRP understand/VBP that/DT ./.,,
sw07utt/sw_0745_2387.utt,2/sw2387,2387,27,qy,B,14,1,"[ Are, + are ] you involved in music? /","Are/VBP ,/, are/VBP you/PRP involved/JJ in/IN music/NN ?/.",,
sw07utt/sw_0745_2387.utt,2/sw2387,2387,28,nn,A,15,1,"{F Uh, } no,  /","Uh/UH ,/, no/UH ,/,",,
sw07utt/sw_0745_2387.utt,2/sw2387,2387,29,ng,A,15,2,not really.  /,not/RB really/RB ./.,,
sw07utt/sw_0745_2387.utt,2/sw2387,2387,30,sd,A,15,3,"My husband is,  /","My/PRP$ husband/NN is/VBZ ,/,",,
sw07utt/sw_0745_2387.utt,2/sw2387,2387,31,sd,A,15,4,"{C but } [ not, + ] I do, {F uh, } the world a favor  /","but/CC not/RB ,/, I/PRP do/VBP ,/, uh/UH ,/, the/DT world/NN a/DT favor/NN",,
sw07utt/sw_0745_2387.utt,2/sw2387,2387,32,sd,A,15,5,"{C and } I don't sing aloud,","and/CC I/PRP do/VBP n't/RB sing/VB aloud/RB ,/,",,
sw07utt/sw_0745_2387.utt,2/sw2387,2387,33,x,B,16,1,<Laughter>.,,,
sw07utt/sw_0745_2387.utt,2/sw2387,2387,34,+,A,17,1,to anybody but myself <laughter>. /,to/IN anybody/NN but/CC myself/PRP ./.,,
sw07utt/sw_0745_2387.utt,2/sw2387,2387,35,sd,B,18,1,"<Laughter> {D Well, } my whole family is somewhat  musical, {F um, } and not from training, but just because we sing in our choir  /","Well/UH ,/, my/PRP$ whole/JJ family/NN is/VBZ somewhat/RB musical/JJ ,/, um/UH ,/, and/CC not/RB from/IN training/NN ,/, but/CC just/RB because/IN we/PRP sing/VBP in/IN our/PRP$ choir/NN",,
sw07utt/sw_0745_2387.utt,2/sw2387,2387,36,sd,B,18,2,{C and } my daughter's quite involved and all that sort of thing.  /,and/CC my/PRP$ daughter/NN 's/BES quite/RB involved/JJ and/CC all/PDT that/DT sort/NN of/IN thing/NN ./.,,
sw07utt/sw_0745_2387.utt,2/sw2387,2387,37,sd,B,18,3,"{C So, } {F um, }  I think that one of these days maybe she'll get involved in classical music, too,  because that's usually what happens [ if  you, + ] unless you get into rock,  which isn't her voice style.  /","So/RB ,/, um/UH ,/, I/PRP think/VBP that/IN one/CD of/IN these/DT days/NNS maybe/RB she/PRP 'll/MD get/VB involved/JJ in/IN classical/JJ music/NN ,/, too/RB ,/, because/IN that/DT 's/BES usually/RB what/WP happens/VBZ if/IN you/PRP ,/, unless/IN you/PRP get/VBP into/IN rock/NN ,/, which/WDT is/VBZ n't/RB her/PRP$ voice/NN style/NN ./.",,
sw07utt/sw_0745_2387.utt,2/sw2387,2387,38,%,B,18,4,"{C So, } -/","So/RB ,/,",,
sw07utt/sw_0745_2387.utt,2/sw2387,2387,39,b,A,19,1,"Yeah,  /","Yeah/UH ,/,",,
sw07utt/sw_0745_2387.utt,2/sw2387,2387,40,sd,A,19,2,"[ I, + I ] don't care for rock, at all.  /","I/PRP ,/, I/PRP do/VBP n't/RB care/VB for/IN rock/NN ,/, at/IN all/DT ./.",,
sw07utt/sw_0745_2387.utt,2/sw2387,2387,41,sd,A,19,3,I guess I'm real old fashioned in my musical tastes. /,I/PRP guess/VBP I/PRP 'm/VBP real/RB old/GW fashioned/^JJ in/IN my/PRP$ musical/JJ tastes/NNS ./.,,
sw07utt/sw_0745_2387.utt,2/sw2387,2387,42,ar,B,20,1,"<Laughter> No,  /","No/UH ,/,",,
sw07utt/sw_0745_2387.utt,2/sw2387,2387,43,%,B,20,2,"I, - /","I/PRP ,/,",,
sw07utt/sw_0745_2387.utt,2/sw2387,2387,44,sv,B,20,3,{D well } most of it is not all that exciting in that it is terribly repetitious. /,well/UH most/RBS of/IN it/PRP is/VBZ not/RB all/RB that/RB exciting/JJ in/IN that/DT it/PRP is/VBZ terribly/RB repetitious/JJ ./.,,
sw07utt/sw_0745_2387.utt,2/sw2387,2387,45,aa,A,21,1,Yes. /,Yes/UH ./.,,
sw07utt/sw_0745_2387.utt,2/sw2387,2387,46,sv,B,22,1,It's loud and repetitious without having a great deal of meaning.  /,It/PRP 's/BES loud/JJ and/CC repetitious/JJ without/IN having/VBG a/DT great/JJ deal/NN of/IN meaning/NN ./.,,
sw07utt/sw_0745_2387.utt,2/sw2387,2387,47,sd,B,22,2,Now I do like folk song.  /,Now/RB I/PRP do/VBP like/VB folk/NN song/NN ./.,,
sw07utt/sw_0745_2387.utt,2/sw2387,2387,48,sv,B,22,3,"{F Um, } {C and } there have been some nice folk songs over the years that, {D you know, } kind of still hang around. /","Um/UH ,/, and/CC there/EX have/VBP been/VBN some/DT nice/JJ folk/NN songs/NNS over/IN the/DT years/NNS that/WDT ,/, you/PRP know/VBP ,/, kind/RB of/RB still/JJ hang/VBP around/RB ./.",,
sw07utt/sw_0745_2387.utt,2/sw2387,2387,49,b,A,23,1,Right. /,Right/UH ./.,,
sw07utt/sw_0745_2387.utt,2/sw2387,2387,50,sd,B,24,1,"[ {C But, } + {F um, } {C but, } ] {F uh, } the more popular  music I don't care for, usually. /","But/CC ,/, um/UH ,/, but/CC ,/, uh/UH ,/, the/DT more/RBR popular/JJ music/NN I/PRP do/VBP n't/RB care/VB for/IN ,/, usually/RB ./.",,
sw07utt/sw_0745_2387.utt,2/sw2387,2387,51,b,A,25,1,Yeah. /,Yeah/UH ./.,,
sw07utt/sw_0745_2387.utt,2/sw2387,2387,52,sd,B,26,1,"{F Um, } even when I was a teenager I didn't really like  the music of that period so much because I found I liked, {F um, }  a little bit more melodious music than what was often the popular,","Um/UH ,/, even/RB when/WRB I/PRP was/VBD a/DT teenager/NN I/PRP did/VBD n't/RB really/RB like/VB the/DT music/NN of/IN that/DT period/NN so/RB much/JJ because/IN I/PRP found/VBD I/PRP liked/VBD ,/, um/UH ,/, a/DT little/JJ bit/NN more/RBR melodious/JJ music/NN than/IN what/WP was/VBD often/RB the/DT popular/JJ ,/,",,
sw07utt/sw_0745_2387.utt,2/sw2387,2387,53,b,A,27,1,"Yeah, /","Yeah/UH ,/,",,
sw07utt/sw_0745_2387.utt,2/sw2387,2387,54,+,B,28,1,rock and roll kind of sound. /,rock/NN and/CC roll/NN kind/NN of/IN sound/NN ./.,,
sw07utt/sw_0745_2387.utt,2/sw2387,2387,55,aa,A,29,1,I agree with that too. /,I/PRP agree/VBP with/IN that/DT too/RB ./.,,
sw07utt/sw_0745_2387.utt,2/sw2387,2387,56,sd,B,30,1,"Although now I kind of enjoy hearing the rock and roll,  I guess it makes me think I'm young again <laughter>. /","Although/IN now/RB I/PRP kind/RB of/RB enjoy/VBP hearing/VBG the/DT rock/NN and/CC roll/NN ,/, I/PRP guess/VBP it/PRP makes/VBZ me/PRP think/VB I/PRP 'm/VBP young/JJ again/RB ./.",,
sw07utt/sw_0745_2387.utt,2/sw2387,2387,57,aa,A,31,1,"<Laughter> Yeah,  /","Yeah/UH ,/,",,
sw07utt/sw_0745_2387.utt,2/sw2387,2387,58,sv,A,31,2,now rock and roll seems tame compared to {D like } the New Age and all that stuff. /,now/RB rock/NN and/CC roll/NN seems/VBZ tame/JJ compared/VBN to/IN like/IN the/DT New/NNP Age/NNP and/CC all/PDT that/DT stuff/NN ./.,,
sw07utt/sw_0745_2387.utt,2/sw2387,2387,59,bh,B,32,1,Isn't that the truth?  /,Is/VBZ n't/RB that/DT the/DT truth/NN ?/.,,
sw07utt/sw_0745_2387.utt,2/sw2387,2387,60,sv,B,32,2,It's funny.  /,It/PRP 's/BES funny/JJ ./.,,
sw07utt/sw_0745_2387.utt,2/sw2387,2387,61,sd,B,32,3,"In fact, it's interesting to me that so  many of the songs, - /","In/IN fact/NN ,/, it/PRP 's/BES interesting/JJ to/IN me/PRP that/IN so/RB many/JJ of/IN the/DT songs/NNS ,/,",,
sw07utt/sw_0745_2387.utt,2/sw2387,2387,62,sd,B,32,4,"now I grew up in the late fifties  and early sixties,  /","now/RB I/PRP grew/VBD up/RP in/IN the/DT late/JJ fifties/NNS and/CC early/JJ sixties/NNS ,/,",,
sw07utt/sw_0745_2387.utt,2/sw2387,2387,63,sd,B,32,5,"{C and so }  much of the music that was popular at that time,  has come back. /","and/CC so/RB much/NN of/IN the/DT music/NN that/WDT was/VBD popular/JJ at/IN that/DT time/NN ,/, has/VBZ come/VBN back/RB ./.",,
sw07utt/sw_0745_2387.utt,2/sw2387,2387,64,b,A,33,1,Uh-huh. /,Uh-huh/UH ./.,,
sw07utt/sw_0745_2387.utt,2/sw2387,2387,65,sd,B,34,1,"{C And, } [ you, + you ] don't hear everything all the time,  /","And/CC ,/, you/PRP ,/, you/PRP do/VBP n't/RB hear/VB everything/NN all/PDT the/DT time/NN ,/,",,
sw07utt/sw_0745_2387.utt,2/sw2387,2387,66,sd,B,34,2,"{C but } you hear much of the same music, perhaps a new version of it,  /","but/CC you/PRP hear/VBP much/JJ of/IN the/DT same/JJ music/NN ,/, perhaps/RB a/DT new/JJ version/NN of/IN it/PRP ,/,",,
sw07utt/sw_0745_2387.utt,2/sw2387,2387,67,sd,B,34,3,{C but } it's the same stuff.,but/CC it/PRP 's/BES the/DT same/JJ stuff/NN ./.,,
sw07utt/sw_0745_2387.utt,2/sw2387,2387,68,b,A,35,1,Right. /,Right/UH ./.,,
sw07utt/sw_0745_2387.utt,2/sw2387,2387,69,+,B,36,1,"{F Um, } which is always kind of funny. /","Um/UH ,/, which/WDT is/VBZ always/RB kind/RB of/RB funny/JJ ./.",,
sw07utt/sw_0745_2387.utt,2/sw2387,2387,70,x,A,37,1,<Laughter>.,,,
sw07utt/sw_0745_2387.utt,2/sw2387,2387,71,sd,B,38,1,"{F Um, } {C and } I remember my older sister.  /","Um/UH ,/, and/CC I/PRP remember/VBP my/PRP$ older/JJR sister/NN ./.",,
sw07utt/sw_0745_2387.utt,2/sw2387,2387,72,sd,B,38,2,"I have a sister who's sixteen years older,  /","I/PRP have/VBP a/DT sister/NN who/WP 's/BES sixteen/CD years/NNS older/JJR ,/,",,
sw07utt/sw_0745_2387.utt,2/sw2387,2387,73,sd,B,38,3,"{C and } at the time that I was [ a teenager, +  a late teenager ] I guess, I can't remember the year, SMOKE GETS IN YOUR EYES became popular.  /","and/CC at/IN the/DT time/NN that/WDT I/PRP was/VBD a/DT teenager/NN ,/, a/DT late/JJ teenager/NN I/PRP guess/VBP ,/, I/PRP ca/MD n't/RB remember/VB the/DT year/NN ,/, SMOKE/NN GETS/VBZ IN/IN YOUR/PRP$ EYES/NNS became/VBD popular/JJ ./.",,
sw07utt/sw_0745_2387.utt,2/sw2387,2387,74,sd,B,38,4,I think it was done by maybe the Platters or something. /,I/PRP think/VBP it/PRP was/VBD done/VBN by/IN maybe/RB the/DT Platters/NNPS or/CC something/NN ./.,,
sw07utt/sw_0745_2387.utt,2/sw2387,2387,75,b,A,39,1,Uh-huh. /,Uh-huh/UH ./.,,
sw07utt/sw_0745_2387.utt,2/sw2387,2387,76,%,B,40,1,"Then, - /","Then/RB ,/,",,
sw07utt/sw_0745_2387.utt,2/sw2387,2387,77,sd,B,40,2,{C and } she laughed  /,and/CC she/PRP laughed/VBD,,
sw07utt/sw_0745_2387.utt,2/sw2387,2387,78,sd(^q),B,40,3,"{C and } she said, {D Well, }  {D you know, } when I was a teenager,   that had been, - /","and/CC she/PRP said/VBD ,/, Well/UH ,/, you/PRP know/VBP ,/, when/WRB I/PRP was/VBD a/DT teenager/NN ,/, that/DT had/VBD been/VBN ,/,",,
sw07utt/sw_0745_2387.utt,2/sw2387,2387,79,sd(^q),B,40,4,"{D you know, } some years before,  she said, that was a version of, {D you know, } a song then.  /","you/PRP know/VBP ,/, some/DT years/NNS before/RB ,/, she/PRP said/VBD ,/, that/DT was/VBD a/DT version/NN of/IN ,/, you/PRP know/VBP ,/, a/DT song/NN then/RB ./.",,
sw07utt/sw_0745_2387.utt,2/sw2387,2387,80,sd(^q),B,40,5,"{C And } she said, It's very similar,  /","And/CC she/PRP said/VBD ,/, It/PRP 's/BES very/RB similar/JJ ,/,",,
sw07utt/sw_0745_2387.utt,2/sw2387,2387,81,^q,B,40,6,{C but } they've changed a little bit.  /,but/CC they/PRP 've/VBP changed/VBN a/DT little/JJ bit/NN ./.,,
sw07utt/sw_0745_2387.utt,2/sw2387,2387,82,sd(^q),B,40,7,"She said, I like the original version better.  /","She/PRP said/VBD ,/, I/PRP like/IN the/DT original/JJ version/NN better/RBR ./.",,
sw07utt/sw_0745_2387.utt,2/sw2387,2387,83,sd,B,40,8,"{D Well, } they did it again, about <laughter> two or three years ago,  /","Well/UH ,/, they/PRP did/VBD it/PRP again/RB ,/, about/RB two/CD or/CC three/CD years/NNS ago/RB ,/,",,
sw07utt/sw_0745_2387.utt,2/sw2387,2387,84,sd,B,40,9,{C and } I laughed again.  /,and/CC I/PRP laughed/VBD again/RB ./.,,
sw07utt/sw_0745_2387.utt,2/sw2387,2387,85,sd(^q),B,40,10,"I said, Oh no, here we are <laughter>. /","I/PRP said/VBD ,/, Oh/UH no/UH ,/, here/RB we/PRP are/VBP ./.",,
sw07utt/sw_0745_2387.utt,2/sw2387,2387,86,bf,A,41,1,<Laughter> Crops up every so often. /,Crops/VBZ up/RP every/DT so/RB often/RB ./.,,
sw07utt/sw_0745_2387.utt,2/sw2387,2387,87,aa,B,42,1,"Right,  /","Right/UH ,/,",,
sw07utt/sw_0745_2387.utt,2/sw2387,2387,88,aa,B,42,2,right.  /,right/UH ./.,,
sw07utt/sw_0745_2387.utt,2/sw2387,2387,89,sd,B,42,3,It does indeed. /,It/PRP does/VBZ indeed/RB ./.,,
sw07utt/sw_0745_2387.utt,2/sw2387,2387,90,sd,A,43,1,"I listen to, {F um, } the Christian radio station  when I'm in the car.  /","I/PRP listen/VBP to/IN ,/, um/UH ,/, the/DT Christian/NNP radio/NN station/NN when/WRB I/PRP 'm/VBP in/IN the/DT car/NN ./.",,
sw07utt/sw_0745_2387.utt,2/sw2387,2387,91,sd,A,43,2,K L T Y. /,K/NNP L/NNP T/NNP Y/NNP ./.,,
sw07utt/sw_0745_2387.utt,2/sw2387,2387,92,b,B,44,1,Uh-huh. /,Uh-huh/UH ./.,,
sw07utt/sw_0745_2387.utt,2/sw2387,2387,93,sd,A,45,1,I like to listen to some of that. /,I/PRP like/VBP to/TO listen/VB to/IN some/DT of/IN that/DT ./.,,
sw07utt/sw_0745_2387.utt,2/sw2387,2387,94,aa,B,46,1,"Yes,  /","Yes/UH ,/,",,
sw07utt/sw_0745_2387.utt,2/sw2387,2387,95,sv,B,46,2,"now [ there, + there's ]  some wonderful Christian music when you can find good stations. /","now/RB there/EX ,/, there/EX 's/BES some/DT wonderful/JJ Christian/NNP music/NN when/WRB you/PRP can/MD find/VB good/JJ stations/NNS ./.",,
sw07utt/sw_0745_2387.utt,2/sw2387,2387,96,b,A,47,1,Yeah. /,Yeah/UH ./.,,
sw07utt/sw_0745_2387.utt,2/sw2387,2387,97,sd,B,48,1,"{F Uh, } the [ pro-, + problem ]  that I found, {F um, } in this area is that [ [ the, + there, ] + there ] is inconsistency in the quality --","Uh/UH ,/, the/DT pro-/NN ,/, problem/NN that/WDT I/PRP found/VBD ,/, um/UH ,/, in/IN this/DT area/NN is/VBZ that/IN the/DT ,/, there/EX ,/, there/EX is/VBZ inconsistency/NN in/IN the/DT quality/NN --/:",,
sw07utt/sw_0745_2387.utt,2/sw2387,2387,98,b,A,49,1,Uh-huh. /,Uh-huh/UH ./.,,
sw07utt/sw_0745_2387.utt,2/sw2387,2387,99,+,B,50,1,-- here.  /,--/: here/RB ./.,,
sw07utt/sw_0745_2387.utt,2/sw2387,2387,100,sd,B,50,2,"If you get someone who's very good at selecting, it's okay,  /","If/IN you/PRP get/VBP someone/NN who/WP 's/BES very/RB good/JJ at/IN selecting/NN ,/, it/PRP 's/BES okay/JJ ,/,",,
sw07utt/sw_0745_2387.utt,2/sw2387,2387,101,sd,B,50,3,"{C but } sometimes they kind of get on [ [ a, + a, ] + a ]  binge,  /","but/CC sometimes/RB they/PRP kind/RB of/RB get/VBP on/RP a/DT ,/, a/DT ,/, a/DT binge/NN ,/,",,
sw07utt/sw_0745_2387.utt,2/sw2387,2387,102,sd,B,50,4,"{C and } they play the same sort of thing over and over again, without really necessarily quality. /","and/CC they/PRP play/VBP the/DT same/JJ sort/NN of/IN thing/NN over/RB and/CC over/RB again/RB ,/, without/IN really/RB necessarily/RB quality/NN ./.",,
sw07utt/sw_0745_2387.utt,2/sw2387,2387,103,b,A,51,1,"Yeah,  /","Yeah/UH ,/,",,
sw07utt/sw_0745_2387.utt,2/sw2387,2387,104,qw,A,51,2,where do you live? /,where/WRB do/VBP you/PRP live/VB ?/.,,
sw07utt/sw_0745_2387.utt,2/sw2387,2387,105,sd,B,52,1,"{F Uh, } I live in the, {F uh, } Washington, D C area,   ((   ))  Maryland. /","Uh/UH ,/, I/PRP live/VBP in/IN the/DT ,/, uh/UH ,/, Washington/NNP ,/, D/NNP C/NNP area/NN ,/, MUMBLEx/XX Maryland/NNP ./.",,
sw07utt/sw_0745_2387.utt,2/sw2387,2387,106,sd,A,53,1,"I thought maybe you lived in Dallas, because that's the complaint I make to my husband about the radio station too.  /","I/PRP thought/VBD maybe/RB you/PRP lived/VBD in/IN Dallas/NNP ,/, because/IN that/DT 's/BES the/DT complaint/NN I/PRP make/VBP to/IN my/PRP$ husband/NN about/IN the/DT radio/NN station/NN too/RB ./.",,
sw07utt/sw_0745_2387.utt,2/sw2387,2387,107,sd(^q),A,53,2,"I said, {F Oh, } they're playing one of their ten --","I/PRP said/VBD ,/, Oh/UH ,/, they/PRP 're/VBP playing/VBG one/CD of/IN their/PRP$ ten/CD --/:",,
sw07utt/sw_0745_2387.utt,2/sw2387,2387,108,b,B,54,1,Yes. /,Yes/UH ./.,,
sw07utt/sw_0745_2387.utt,2/sw2387,2387,109,+,A,55,1,-- songs.  /,--/: songs/NNS ./.,,
sw07utt/sw_0745_2387.utt,2/sw2387,2387,110,sv,A,55,2,It seems like every week they pick ten  /,It/PRP seems/VBZ like/IN every/DT week/NN they/PRP pick/VBP ten/CD,,
sw07utt/sw_0745_2387.utt,2/sw2387,2387,111,sv,A,55,3,"{C and } they just play them over and over, /","and/CC they/PRP just/RB play/VBP them/PRP over/RB and/CC over/RB ,/,",,
sw07utt/sw_0745_2387.utt,2/sw2387,2387,112,aa,B,56,1,"Uh-huh,  /","Uh-huh/UH ,/,",,
sw07utt/sw_0745_2387.utt,2/sw2387,2387,113,%,B,56,2,"{C and } [ I, + I, ] {D you know, } - /","and/CC I/PRP ,/, I/PRP ,/, you/PRP know/VBP ,/,",,
sw07utt/sw_0745_2387.utt,2/sw2387,2387,114,sv,B,56,3,there's so much available --,there/EX 's/BES so/RB much/JJ available/JJ --/:,,
sw07utt/sw_0745_2387.utt,2/sw2387,2387,115,b,A,57,1,Yeah. /,Yeah/UH ./.,,
sw07utt/sw_0745_2387.utt,2/sw2387,2387,116,+,B,58,1,-- that I don't understand why they do that. /,--/: that/IN I/PRP do/VBP n't/RB understand/VB why/WRB they/PRP do/VBP that/DT ./.,,
sw07utt/sw_0745_2387.utt,2/sw2387,2387,117,b,A,59,1,Yeah. /,Yeah/UH ./.,,
sw07utt/sw_0745_2387.utt,2/sw2387,2387,118,sd,B,60,1,"{C But, } {F um, } now my children [ have, + have ]  sometimes, - /","But/CC ,/, um/UH ,/, now/RB my/PRP$ children/NNS have/VBP ,/, have/VBP sometimes/RB ,/,",,
sw07utt/sw_0745_2387.utt,2/sw2387,2387,119,sd,B,60,2,"{F um, } they've gone to a few of the concerts and so on of Christian musicians that come  to our youth group at our church.  /","um/UH ,/, they/PRP 've/VBP gone/VBN to/IN a/DT few/NN of/IN the/DT concerts/NNS and/CC so/RB on/RB of/IN Christian/JJ musicians/NNS that/WDT come/VBP to/IN our/PRP$ youth/NN group/NN at/IN our/PRP$ church/NN ./.",,
sw07utt/sw_0745_2387.utt,2/sw2387,2387,120,sd,B,60,3,"[ {C And, } + {F um, } {C and } ]  when they buy a tape or something, sometimes that's fun because it's different and something I've not always heard,  /","And/CC ,/, um/UH ,/, and/CC when/WRB they/PRP buy/VBP a/DT tape/NN or/CC something/NN ,/, sometimes/RB that/DT 's/BES fun/JJ because/IN it/PRP 's/BES different/JJ and/CC something/NN I/PRP 've/VBP not/RB always/RB heard/VBN ,/,",,
sw07utt/sw_0745_2387.utt,2/sw2387,2387,121,sd,B,60,4,"{C and, } {D you know, } I enjoy that. /","and/CC ,/, you/PRP know/VBP ,/, I/PRP enjoy/VBP that/DT ./.",,
sw07utt/sw_0745_2387.utt,2/sw2387,2387,122,aa,A,61,1,Right.  /,Right/UH ./.,,
sw07utt/sw_0745_2387.utt,2/sw2387,2387,123,sd,A,61,2,My husband likes Sandy Patty songs.  /,My/PRP$ husband/NN likes/VBZ Sandy/NNP Patty/NNP songs/NNS ./.,,
sw07utt/sw_0745_2387.utt,2/sw2387,2387,124,sd,A,61,3,He likes to sing those in church.  /,He/PRP likes/VBZ to/TO sing/VB those/DT in/NN church/NN ./.,,
sw07utt/sw_0745_2387.utt,2/sw2387,2387,125,sd*,A,61,4,He'd buy all the sound tracts he could get his hands on --    *[[typo tracks]],He/PRP 'd/MD buy/VB all/PDT the/DT sound/NN tracts/NNS he/PRP could/MD get/VB his/PRP$ hands/NNS on/IN --/:,,
sw07utt/sw_0745_2387.utt,2/sw2387,2387,126,ba,B,62,1,"{F Oh, } wow. /","Oh/UH ,/, wow/UH ./.",,
sw07utt/sw_0745_2387.utt,2/sw2387,2387,127,+,A,63,1,-- if he had the money to. /,--/: if/IN he/PRP had/VBD the/DT money/NN to/TO ./.,,
sw07utt/sw_0745_2387.utt,2/sw2387,2387,128,b,B,64,1,"Yeah,  /","Yeah/UH ,/,",,
sw07utt/sw_0745_2387.utt,2/sw2387,2387,129,ba,B,64,2,that's nice.  /,that/DT 's/BES nice/JJ ./.,,
sw07utt/sw_0745_2387.utt,2/sw2387,2387,130,qy,B,64,3,"{C So, } is your husband a singer? /","So/RB ,/, is/VBZ your/PRP$ husband/NN a/DT singer/NN ?/.",,
sw07utt/sw_0745_2387.utt,2/sw2387,2387,131,na,A,65,1,"{D Well, } just an amateur singer.  /","Well/UH ,/, just/RB an/DT amateur/NN singer/NN ./.",,
sw07utt/sw_0745_2387.utt,2/sw2387,2387,132,sd,A,65,2,He sings in the choir  /,He/PRP sings/VBZ in/IN the/DT choir/NN,,
sw07utt/sw_0745_2387.utt,2/sw2387,2387,133,sd,A,65,3,{C and } he likes to do special music and stuff at church. /,and/CC he/PRP likes/VBZ to/TO do/VB special/JJ music/NN and/CC stuff/NN at/IN church/NN ./.,,
sw07utt/sw_0745_2387.utt,2/sw2387,2387,134,b,B,66,1,Right.  /,Right/UH ./.,,
sw07utt/sw_0745_2387.utt,2/sw2387,2387,135,b,B,66,2,Yeah.  /,Yeah/UH ./.,,
sw07utt/sw_0745_2387.utt,2/sw2387,2387,136,sv,B,66,3,"{D Well, } that's a good thing to do. /","Well/UH ,/, that/DT 's/BES a/DT good/JJ thing/NN to/TO do/VB ./.",,
sw07utt/sw_0745_2387.utt,2/sw2387,2387,137,aa,A,67,1,"Yeah,  /","Yeah/UH ,/,",,
sw07utt/sw_0745_2387.utt,2/sw2387,2387,138,aa^r,A,67,2,"yeah,  /","yeah/UH ,/,",,
sw07utt/sw_0745_2387.utt,2/sw2387,2387,139,sd,A,67,3,I like to hear him sing.  /,I/PRP like/VBP to/TO hear/VB him/PRP sing/VB ./.,,
sw07utt/sw_0745_2387.utt,2/sw2387,2387,140,sd,A,67,4,<<In a very soft voice>> He does a good job. /,He/PRP does/VBZ a/DT good/JJ job/NN ./.,,
sw07utt/sw_0745_2387.utt,2/sw2387,2387,141,ba,B,68,1,"That's nice,  /","That/DT 's/BES nice/JJ ,/,",,
sw07utt/sw_0745_2387.utt,2/sw2387,2387,142,qy,B,68,2,"{F uh, } {D well, } do you have children? /","uh/UH ,/, well/UH ,/, do/VBP you/PRP have/VB children/NNS ?/.",,
sw07utt/sw_0745_2387.utt,2/sw2387,2387,143,nn,A,69,1,"No,  /","No/UH ,/,",,
sw07utt/sw_0745_2387.utt,2/sw2387,2387,144,ng,A,69,2,"not yet,  /","not/RB yet/RB ,/,",,
sw07utt/sw_0745_2387.utt,2/sw2387,2387,145,sd^e,A,69,3,we're expecting a baby in July. /,we/PRP 're/VBP expecting/VBG a/DT baby/NN in/IN July/NNP ./.,,
sw07utt/sw_0745_2387.utt,2/sw2387,2387,146,ba,B,70,1,"{D Well, } wonderful. /","Well/UH ,/, wonderful/JJ ./.",,
sw07utt/sw_0745_2387.utt,2/sw2387,2387,147,sd,A,71,1,"I guess we'll start listening, -/","I/PRP guess/VBP we/PRP 'll/MD start/VB listening/VBG ,/,",,
sw07utt/sw_0745_2387.utt,2/sw2387,2387,148,sv,B,72,1,That'll be a musician. /,That/DT 'll/MD be/VB a/DT musician/NN ./.,,
sw07utt/sw_0745_2387.utt,2/sw2387,2387,149,aa,A,73,1,"Yeah,  /","Yeah/UH ,/,",,
sw07utt/sw_0745_2387.utt,2/sw2387,2387,150,am,A,73,2,maybe so.  /,maybe/RB so/RB ./.,,
sw07utt/sw_0745_2387.utt,2/sw2387,2387,151,sd,A,73,3,We'll start listening to children's music <laughter>. /,We/PRP 'll/MD start/VB listening/VBG to/IN children/NNS 's/POS music/NN ./.,,
sw07utt/sw_0745_2387.utt,2/sw2387,2387,152,sv,B,74,1,"<Laughter> {F Oh, } there's some wonderful Christian, {F uh, } children's tapes.","Oh/UH ,/, there/EX 's/BES some/DT wonderful/JJ Christian/JJ ,/, uh/UH ,/, children/NNS 's/POS tapes/NNS ./.",,
sw07utt/sw_0745_2387.utt,2/sw2387,2387,153,aa,A,75,1,"Yeah,  /","Yeah/UH ,/,",,
sw07utt/sw_0745_2387.utt,2/sw2387,2387,154,sv,A,75,2,there are. /,there/EX are/VBP ./.,,
sw07utt/sw_0745_2387.utt,2/sw2387,2387,155,+,B,76,1,"[ You can, + {F uh, } you can ] get,  /","You/PRP can/MD ,/, uh/UH ,/, you/PRP can/MD get/VB ,/,",,
sw07utt/sw_0745_2387.utt,2/sw2387,2387,156,sd,B,76,2,"{C and } I know  when my children were younger, {F um, } we found a lot of really nice tapes [ that they, + that they ]  liked.  /","and/CC I/PRP know/VBP when/WRB my/PRP$ children/NNS were/VBD younger/JJR ,/, um/UH ,/, we/PRP found/VBD a/DT lot/NN of/IN really/RB nice/JJ tapes/NNS that/WDT they/PRP ,/, that/WDT they/PRP liked/VBD ./.",,
sw07utt/sw_0745_2387.utt,2/sw2387,2387,157,sd,B,76,3,"{F Um, } there was an Agape music group,  /","Um/UH ,/, there/EX was/VBD an/DT Agape/NNP music/NN group/NN ,/,",,
sw07utt/sw_0745_2387.utt,2/sw2387,2387,158,sd,B,76,4,"{C and, } {F um, } [ I, +   some of the songs I ] still find going over in my head over and over again because they were  really, {F um, } very memorable --","and/CC ,/, um/UH ,/, I/PRP ,/, some/DT of/IN the/DT songs/NNS I/PRP still/RB find/VBP going/VBG over/RB in/IN my/PRP$ head/NN over/RB and/CC over/RB again/RB because/IN they/PRP were/VBD really/RB ,/, um/UH ,/, very/RB memorable/JJ --/:",,
sw07utt/sw_0745_2387.utt,2/sw2387,2387,159,b,A,77,1,Uh-huh. /,Uh-huh/UH ./.,,
sw07utt/sw_0745_2387.utt,2/sw2387,2387,160,+,B,78,1,"-- even though my children are now, - /","--/: even/RB though/IN my/PRP$ children/NNS are/VBP now/RB ,/,",,
sw07utt/sw_0745_2387.utt,2/sw2387,2387,161,sd,B,78,2,my youngest is almost sixteen. /,my/PRP$ youngest/JJS is/VBZ almost/RB sixteen/CD ./.,,
sw07utt/sw_0745_2387.utt,2/sw2387,2387,162,b,A,79,1,"{F Oh, } {F uh } <laughter>. /","Oh/UH ,/, uh/UH ./.",,
sw07utt/sw_0745_2387.utt,2/sw2387,2387,163,sd,B,80,1,"{C But } I still find [ some of the same tapes,  I, + {F uh, } some of the same  songs ] from those tapes I enjoy. /","But/CC I/PRP still/RB find/VBP some/DT of/IN the/DT same/JJ tapes/NNS ,/, I/PRP ,/, uh/UH ,/, some/DT of/IN the/DT same/JJ songs/NNS from/IN those/DT tapes/NNS I/PRP enjoy/VBP ./.",,
sw07utt/sw_0745_2387.utt,2/sw2387,2387,164,b,A,81,1,Uh-huh. /,Uh-huh/UH ./.,,
sw07utt/sw_0745_2387.utt,2/sw2387,2387,165,sd,B,82,1,"{F Um, } there's one that's, {F um, }  a little girl singing Practice Makes Perfect. /","Um/UH ,/, there/EX 's/BES one/CD that/WDT 's/BES ,/, um/UH ,/, a/DT little/JJ girl/NN singing/VBG Practice/NNP Makes/NNP Perfect/NNP ./.",,
sw07utt/sw_0745_2387.utt,2/sw2387,2387,166,b,A,83,1,Uh-huh. /,Uh-huh/UH ./.,,
sw07utt/sw_0745_2387.utt,2/sw2387,2387,167,sd,B,84,1,"{C And, } {F uh, } she's playing the piano. /","And/CC ,/, uh/UH ,/, she/PRP 's/BES playing/VBG the/DT piano/NN ./.",,
sw07utt/sw_0745_2387.utt,2/sw2387,2387,168,b,A,85,1,Oh. /,Oh/UH ./.,,
sw07utt/sw_0745_2387.utt,2/sw2387,2387,169,sd,B,86,1,"{C And so } [ she, + she ]  gets the wrong note every now and then. /","And/CC so/RB she/PRP ,/, she/PRP gets/VBZ the/DT wrong/JJ note/NN every/DT now/RB and/CC then/RB ./.",,
sw07utt/sw_0745_2387.utt,2/sw2387,2387,170,x,A,87,1,<Laughter>.,,,
sw07utt/sw_0745_2387.utt,2/sw2387,2387,171,sd,B,88,1,"{C But } then she keeps repeating it, practice makes perfect,  /","But/CC then/RB she/PRP keeps/VBZ repeating/VBG it/PRP ,/, practice/NN makes/VBZ perfect/JJ ,/,",,
sw07utt/sw_0745_2387.utt,2/sw2387,2387,172,sd,B,88,2,"{C and then } {D you know, } talking about that so far as Christian life, too, - /","and/CC then/RB you/PRP know/VBP ,/, talking/VBG about/IN that/DT so/RB far/RB as/IN Christian/NNP life/NN ,/, too/RB ,/,",,
sw07utt/sw_0745_2387.utt,2/sw2387,2387,173,sd,B,88,3,{C and } it's really cute. /,and/CC it/PRP 's/BES really/RB cute/JJ ./.,,
sw07utt/sw_0745_2387.utt,2/sw2387,2387,174,aa,A,89,1,"Yeah,  /","Yeah/UH ,/,",,
sw07utt/sw_0745_2387.utt,2/sw2387,2387,175,sv,A,89,2,that sounds really cute. /,that/DT sounds/VBZ really/RB cute/JJ ./.,,
sw07utt/sw_0745_2387.utt,2/sw2387,2387,176,b,B,90,1,Yeah. /,Yeah/UH ./.,,
sw07utt/sw_0745_2387.utt,2/sw2387,2387,177,sd,A,91,1,"{F Uh, } I tell my husband to sing to my  stomach, because they say that babies can hear quite a lot while they're still in the womb,  /","Uh/UH ,/, I/PRP tell/VBP my/PRP$ husband/NN to/TO sing/VB to/IN my/PRP$ stomach/NN ,/, because/IN they/PRP say/VBP that/IN babies/NNS can/MD hear/VB quite/PDT a/DT lot/NN while/IN they/PRP 're/VBP still/RB in/IN the/DT womb/NN ,/,",,
sw07utt/sw_0745_2387.utt,2/sw2387,2387,178,sd,A,91,2,"{C and } I said, then [ when, + when ] it's born you can hold it --","and/CC I/PRP said/VBD ,/, then/RB when/WRB ,/, when/WRB it/PRP 's/BES born/VBN you/PRP can/MD hold/VB it/PRP --/:",,
sw07utt/sw_0745_2387.utt,2/sw2387,2387,179,aa,B,92,1,"Yeah,  /","Yeah/UH ,/,",,
sw07utt/sw_0745_2387.utt,2/sw2387,2387,180,aa,B,92,2,right. /,right/UH ./.,,
sw07utt/sw_0745_2387.utt,2/sw2387,2387,181,+,A,93,1,-- and sing that again  /,--/: and/CC sing/VB that/DT again/RB,,
sw07utt/sw_0745_2387.utt,2/sw2387,2387,182,sv,A,93,2,"{C and } maybe it'll  comfort her, {D you know, } when she's fussy and stuff. /","and/CC maybe/RB it/PRP 'll/MD comfort/VB her/PRP$ ,/, you/PRP know/VBP ,/, when/WRB she/PRP 's/BES fussy/JJ and/CC stuff/NN ./.",,
sw07utt/sw_0745_2387.utt,2/sw2387,2387,183,aa,B,94,1,"Yeah,  /","Yeah/UH ,/,",,
sw07utt/sw_0745_2387.utt,2/sw2387,2387,184,qy,B,94,2,{D well } do you know something? /,well/UH do/VBP you/PRP know/VB something/NN ?/.,,
sw07utt/sw_0745_2387.utt,2/sw2387,2387,185,qw,A,95,1,What? /,What/WP ?/.,,
sw07utt/sw_0745_2387.utt,2/sw2387,2387,186,sd,B,96,1,"{C Because } I have always played classical  music, {F uh, } or classical style,  /","Because/IN I/PRP have/VBP always/RB played/VBN classical/JJ music/NN ,/, uh/UH ,/, or/CC classical/JJ style/NN ,/,",,
sw07utt/sw_0745_2387.utt,2/sw2387,2387,187,sd,B,96,2,"it's not always classical as, {D you know, } the official, {F uh, }  word might go,  /","it/PRP 's/BES not/RB always/RB classical/JJ as/IN ,/, you/PRP know/VBP ,/, the/DT official/JJ ,/, uh/UH ,/, word/NN might/MD go/VB ,/,",,
sw07utt/sw_0745_2387.utt,2/sw2387,2387,188,sd,B,96,3,"{C but, } {F um, } even when I was pregnant, of course I listened to  that, /","but/CC ,/, um/UH ,/, even/RB when/WRB I/PRP was/VBD pregnant/JJ ,/, of/IN course/NN I/PRP listened/VBD to/IN that/DT ,/,",,
sw07utt/sw_0745_2387.utt,2/sw2387,2387,189,sd,B,96,4,"{C and } when our first child was, {D you know, } an infant, {F um, } of course,  when I was around the house, I played that music, too.  /","and/CC when/WRB our/PRP$ first/JJ child/NN was/VBD ,/, you/PRP know/VBP ,/, an/DT infant/NN ,/, um/UH ,/, of/IN course/NN ,/, when/WRB I/PRP was/VBD around/IN the/DT house/NN ,/, I/PRP played/VBD that/DT music/NN ,/, too/RB ./.",,
sw07utt/sw_0745_2387.utt,2/sw2387,2387,190,sd,B,96,5,"When he first made sounds that you could detect they were in [ the scale, + the music scale. ] /","When/WRB he/PRP first/RB made/VBN sounds/NNS that/WDT you/PRP could/MD detect/VB they/PRP were/VB in/IN the/DT scale/NN ,/, the/DT music/NN scale/NN ./.",,
sw07utt/sw_0745_2387.utt,2/sw2387,2387,191,b,A,97,1,Huh. /,Huh/UH ./.,,
sw07utt/sw_0745_2387.utt,2/sw2387,2387,192,sd,B,98,1,Someone else noticed it -- /,Someone/NN else/RB noticed/VBD it/PRP --/:,,
sw07utt/sw_0745_2387.utt,2/sw2387,2387,193,ba,A,99,1,How strange. /,How/WRB strange/JJ ./.,,
sw07utt/sw_0745_2387.utt,2/sw2387,2387,194,sd(^q),B,100,1,"-- {C and } I said, {D well, } I guess that's true.  /","--/: and/CC I/PRP said/VBD ,/, well/RB ,/, I/PRP guess/VBP that/DT 's/BES true/JJ ./.",,
sw07utt/sw_0745_2387.utt,2/sw2387,2387,195,sd,B,100,2,"{C And } it was somewhat melodious,  /","And/CC it/PRP was/VBD somewhat/RB melodious/JJ ,/,",,
sw07utt/sw_0745_2387.utt,2/sw2387,2387,196,sd,B,100,3,in other words --,in/IN other/JJ words/NNS --/:,,
sw07utt/sw_0745_2387.utt,2/sw2387,2387,197,b,A,101,1,Uh-huh. /,Uh-huh/UH ./.,,
sw07utt/sw_0745_2387.utt,2/sw2387,2387,198,+,B,102,1,-- it wasn't just -- -/,--/: it/PRP was/VBD n't/RB just/RB --/:,,
sw07utt/sw_0745_2387.utt,2/sw2387,2387,199,^2,A,103,1,Babbly. /,Babbly/JJ ./.,,
sw07utt/sw_0745_2387.utt,2/sw2387,2387,200,sd,B,104,1,"-- {D you know, } it was really funny <laughter>. /","--/: you/PRP know/VBP ,/, it/PRP was/VBD really/RB funny/JJ ./.",,
sw07utt/sw_0745_2387.utt,2/sw2387,2387,201,aa,A,105,1,"I'll say, that is <laughter>.  /","I/PRP 'll/MD say/VB ,/, that/DT is/VBZ ./.",,
sw07utt/sw_0745_2387.utt,2/sw2387,2387,202,sv,A,105,2,"{D Well, } we'll have to keep up with that then. /","Well/UH ,/, we/PRP 'll/MD have/VB to/TO keep/VB up/RP with/IN that/DT then/RB ./.",,
sw07utt/sw_0745_2387.utt,2/sw2387,2387,203,aa,B,106,1,"Right,  /","Right/UH ,/,",,
sw07utt/sw_0745_2387.utt,2/sw2387,2387,204,aa^r,B,106,2,right.  /,right/UH ./.,,
sw07utt/sw_0745_2387.utt,2/sw2387,2387,205,sd,B,106,3,"I do think there is probably an influence there, because I noticed that even though popular music, [ the, + the ]  wilder stuff, was around when my older children [ were, + were, ] {D you know, }  [ adolescents, + early adolescents, ] when they first start listening to music on their own --","I/PRP do/VBP think/VB there/EX is/VBZ probably/RB an/DT influence/NN there/RB ,/, because/IN I/PRP noticed/VBD that/IN even/RB though/IN popular/JJ music/NN ,/, the/DT ,/, the/DT wilder/JJ stuff/NN ,/, was/VBD around/RB when/WRB my/PRP$ older/JJR children/NNS were/VBD ,/, were/VBD ,/, you/PRP know/VBP ,/, adolescents/NNS ,/, early/JJ adolescents/NNS ,/, when/WRB they/PRP first/RB start/NN listening/VBG to/IN music/NN on/IN their/PRP$ own/JJ --/:",,
sw07utt/sw_0745_2387.utt,2/sw2387,2387,206,b,A,107,1,Uh-huh. /,Uh-huh/UH ./.,,
sw07utt/sw_0745_2387.utt,2/sw2387,2387,207,+,B,108,1,"-- they first [ get, + ]  ask for a radio of their own, and so on,  /","--/: they/PRP first/RB get/VBP ,/, ask/VB for/IN a/DT radio/NN of/IN their/PRP$ own/JJ ,/, and/CC so/RB on/IN ,/,",,
sw07utt/sw_0745_2387.utt,2/sw2387,2387,208,sd,B,108,2,"{F um, } this same child, {F um, } really listened to more, {F um, } ballady or, {F um, } pleasant sort of songs [ rather than, + and even classical, rather than ]  the real hard rock stuff that so  many other kids listen to. /","um/UH ,/, this/DT same/JJ child/NN ,/, um/UH ,/, really/RB listened/VBD to/IN more/JJR ,/, um/UH ,/, ballady/NN or/CC ,/, um/UH ,/, pleasant/JJ sort/NN of/IN songs/NNS rather/IN than/IN ,/, and/CC even/RB classical/JJ ,/, rather/IN than/IN the/DT real/RB hard/JJ rock/NN stuff/NN that/WDT so/RB many/JJ other/JJ kids/NNS listen/VBP to/IN ./.",,
sw07utt/sw_0745_2387.utt,2/sw2387,2387,209,b,A,109,1,Huh. /,Huh/UH ./.,,
sw07utt/sw_0745_2387.utt,2/sw2387,2387,210,sd,B,110,1,"{C And } [ [ I, + I ] never, + I ]  didn't want to say too much for fear he would think it was wrong and wouldn't do it anymore <laughter>. /","And/CC I/PRP ,/, I/PRP never/RB ,/, I/PRP did/VBD n't/RB want/VB to/TO say/VB too/RB much/JJ for/IN fear/NN he/PRP would/MD think/VB it/PRP was/VBD wrong/JJ and/CC would/MD n't/RB do/VB it/PRP anymore/RB ./.",,
sw07utt/sw_0745_2387.utt,2/sw2387,2387,211,aa,A,111,1,"Right,  /","Right/UH ,/,",,
sw07utt/sw_0745_2387.utt,2/sw2387,2387,212,aa,A,111,2,"yeah,  /","yeah/UH ,/,",,
sw07utt/sw_0745_2387.utt,2/sw2387,2387,213,bf,A,111,3,have something to rebel against <laughter>. -/,have/VBP something/NN to/TO rebel/VB against/IN ./.,,
sw07utt/sw_0745_2387.utt,2/sw2387,2387,214,aa,B,112,1,Right <laughter>.  /,Right/UH ./.,,
sw07utt/sw_0745_2387.utt,2/sw2387,2387,215,sd,B,112,2,"{C But, } {F uh, } then I  must say they all kind of like a variety of music, which is nice,  /","But/CC ,/, uh/UH ,/, then/RB I/PRP must/MD say/VB they/PRP all/DT kind/RB of/RB like/VBP a/DT variety/NN of/IN music/NN ,/, which/WDT is/VBZ nice/JJ ,/,",,
sw07utt/sw_0745_2387.utt,2/sw2387,2387,216,sd,B,112,3,I like that. /,I/PRP like/VBP that/DT ./.,,
sw07utt/sw_0745_2387.utt,2/sw2387,2387,217,b,A,113,1,"Yeah,  /","Yeah/UH ,/,",,
sw07utt/sw_0745_2387.utt,2/sw2387,2387,218,ba,A,113,2,"that's good,  /","that/DT 's/BES good/JJ ,/,",,
sw07utt/sw_0745_2387.utt,2/sw2387,2387,219,%,A,113,3,"yeah,  /","yeah/UH ,/,",,
sw07utt/sw_0745_2387.utt,2/sw2387,2387,220,sv,A,113,4,variety is good. /,variety/NN is/VBZ good/JJ ./.,,
sw07utt/sw_0745_2387.utt,2/sw2387,2387,221,b,B,114,1,Yeah. /,Yeah/UH ./.,,
sw07utt/sw_0745_2387.utt,2/sw2387,2387,222,sv^t,A,115,1,"{D Well, } I guess that covers it.  /","Well/UH ,/, I/PRP guess/VBP that/DT covers/VBZ it/PRP ./.",,
sw07utt/sw_0745_2387.utt,2/sw2387,2387,223,fc,A,115,2,It was real good talking to you. /,It/PRP was/VBD real/RB good/JJ talking/VBG to/IN you/PRP ./.,,
sw07utt/sw_0745_2387.utt,2/sw2387,2387,224,fc,B,116,1,"{D Well, } it was nice talking to you,  /","Well/UH ,/, it/PRP was/VBD nice/JJ talking/NN to/IN you/PRP ,/,",,
sw07utt/sw_0745_2387.utt,2/sw2387,2387,225,fc,B,116,2,{C and } good luck with the baby. /,and/CC good/JJ luck/NN with/IN the/DT baby/NN ./.,,
sw07utt/sw_0745_2387.utt,2/sw2387,2387,226,ft,A,117,1,"{D Well, } thanks,  /","Well/UH ,/, thanks/UH ,/,",,
sw07utt/sw_0745_2387.utt,2/sw2387,2387,227,fc,A,117,2,bye. /,bye/UH ./.,,
sw07utt/sw_0745_2387.utt,2/sw2387,2387,228,fc,B,118,1,Bye-bye. /,Bye-bye/UH ./.,,
