swda_filename,ptb_basename,conversation_no,transcript_index,act_tag,caller,utterance_index,subutterance_index,text,pos,trees,ptb_treenumbers
sw07utt/sw_0790_3002.utt,3/sw3002,3002,0,sd,A,1,1,{D Well } I usually keep up with news by  watching A B C news on television and  reading the papers here the local DALLAS MORNING  NEWS  /,Well/UH I/PRP usually/RB keep/VBP up/RP with/IN news/NN by/IN watching/VBG A/NNP B/NNP C/NNP news/NN on/IN television/NN and/CC reading/VBG the/DT papers/NNS here/RB the/DT local/JJ DALLAS/NNP MORNING/NNP NEWS/NNP,,
sw07utt/sw_0790_3002.utt,3/sw3002,3002,1,sd,A,1,2,{C and then } I also take the WALL STREET JOURNAL. /,and/CC then/RB I/PRP also/RB take/VBP the/DT WALL/NNP STREET/NNP JOURNAL/NNP ./.,,
sw07utt/sw_0790_3002.utt,3/sw3002,3002,2,qy,B,2,1,Do you get a chance to do it at home  /,Do/VBP you/PRP get/VB a/DT chance/NN to/TO do/VB it/PRP at/IN home/NN,,
sw07utt/sw_0790_3002.utt,3/sw3002,3002,3,qrr,B,2,2,{C or }  do you mostly {D like } catch up while you're at work?  /,or/CC do/VBP you/PRP mostly/RB like/UH catch/VB up/RP while/IN you/PRP 're/VBP at/IN work/NN ?/.,,
sw07utt/sw_0790_3002.utt,3/sw3002,3002,4,qy,B,2,3,Do you have a chance to look through the WALL STREET JOURNAL?  /,Do/VBP you/PRP have/VB a/DT chance/NN to/TO look/VB through/IN the/DT WALL/NNP STREET/NNP JOURNAL/NNP ?/.,,
sw07utt/sw_0790_3002.utt,3/sw3002,3002,5,sd,B,2,4,I'm not sure what you do. /,I/PRP 'm/VBP not/RB sure/JJ what/WP you/PRP do/VBP ./.,,
sw07utt/sw_0790_3002.utt,3/sw3002,3002,6,ny,A,3,1,"Yeah,  /","Yeah/UH ,/,",,
sw07utt/sw_0790_3002.utt,3/sw3002,3002,7,%,A,3,2,"[ {D well } I, + {D well } I, ] [ d-, + ] - /","well/UH I/PRP ,/, well/UH I/PRP ,/, d-/XX ,/,",,
sw07utt/sw_0790_3002.utt,3/sw3002,3002,8,sd,A,3,3,at the office I generally catch the WALL STREET JOURNAL at lunchtime. /,at/IN the/DT office/NN I/PRP generally/RB catch/VBP the/DT WALL/NNP STREET/NNP JOURNAL/NNP at/IN lunchtime/NN ./.,,
sw07utt/sw_0790_3002.utt,3/sw3002,3002,9,%,B,4,1,# {F Um. }  # /,Um/UH ./.,,
sw07utt/sw_0790_3002.utt,3/sw3002,3002,10,sd,A,5,1,"# I # use part of my lunch period to, {F uh, }  read the WALL STREET JOURNAL. /","I/PRP use/VBP part/NN of/IN my/PRP$ lunch/NN period/NN to/TO ,/, uh/UH ,/, read/VB the/DT WALL/NNP STREET/NNP JOURNAL/NNP ./.",,
sw07utt/sw_0790_3002.utt,3/sw3002,3002,11,%,B,6,1,"# {D Well } the-, # -/","Well/UH the-/XX ,/,",,
sw07utt/sw_0790_3002.utt,3/sw3002,3002,12,sd,A,7,1,"# Then, {F uh, } # I read the, the newspaper  at home generally in the evening.  /","Then/RB ,/, uh/UH ,/, I/PRP read/VBP the/DT ,/, the/DT newspaper/NN at/IN home/NN generally/RB in/IN the/DT evening/NN ./.",,
sw07utt/sw_0790_3002.utt,3/sw3002,3002,13,sd,A,7,2,I'd rather sleep the extra thirty minutes in the morning. /,I/PRP 'd/MD rather/RB sleep/VB the/DT extra/JJ thirty/CD minutes/NNS in/IN the/DT morning/NN ./.,,
sw07utt/sw_0790_3002.utt,3/sw3002,3002,14,ba,B,8,1,I understand that.  /,I/PRP understand/VBP that/DT ./.,,
sw07utt/sw_0790_3002.utt,3/sw3002,3002,15,sv,B,8,2,{D Well } {C and } you have a  little bit better newspaper.  /,Well/UH and/CC you/PRP have/VBP a/DT little/JJ bit/NN better/JJR newspaper/NN ./.,,
sw07utt/sw_0790_3002.utt,3/sw3002,3002,16,sv,B,8,3,The DALLAS MORNING NEWS is a good paper.  /,The/DT DALLAS/NNP MORNING/NNP NEWS/NNP is/VBZ a/DT good/JJ paper/NN ./.,,
sw07utt/sw_0790_3002.utt,3/sw3002,3002,17,sd,B,8,4,Lubbock is kind of small  /,Lubbock/NNP is/VBZ kind/RB of/RB small/JJ,,
sw07utt/sw_0790_3002.utt,3/sw3002,3002,18,sv,B,8,5,"{C and } the A J -s, {F uh, } kind of dominant.  /","and/CC the/DT A/NNP J/NNP -s/BES ,/, uh/UH ,/, kind/RB of/RB dominant/JJ ./.",,
sw07utt/sw_0790_3002.utt,3/sw3002,3002,19,sv,B,8,6,"There's no competition,  so what you get is what you get.  /","There/EX 's/BES no/DT competition/NN ,/, so/RB what/WP you/PRP get/VBP is/VBZ what/WP you/PRP get/VBP ./.",,
sw07utt/sw_0790_3002.utt,3/sw3002,3002,20,sd,B,8,7,We used to take the paper every day  /,We/PRP used/VBD to/TO take/VB the/DT paper/NN every/DT day/NN,,
sw07utt/sw_0790_3002.utt,3/sw3002,3002,21,sd,B,8,8,{C and } I finally  quit taking it because it stacked up.  /,and/CC I/PRP finally/RB quit/VBD taking/VBG it/PRP because/IN it/PRP stacked/VBD up/RP ./.,,
sw07utt/sw_0790_3002.utt,3/sw3002,3002,22,sd,B,8,9,I never got around to reading it  /,I/PRP never/RB got/VBD around/IN to/IN reading/VBG it/PRP,,
sw07utt/sw_0790_3002.utt,3/sw3002,3002,23,sd,B,8,10,"{C and so } I try to take,  {D you know, } weekend papers, /","and/CC so/RB I/PRP try/VBP to/TO take/VB ,/, you/PRP know/VBP ,/, weekend/NN papers/NNS ,/,",,
sw07utt/sw_0790_3002.utt,3/sw3002,3002,24,b,A,9,1,# Yeah. # /,Yeah/UH ./.,,
sw07utt/sw_0790_3002.utt,3/sw3002,3002,25,sd,B,10,1,"# {C and # then } during the week, I catch up, {D you know, }  on the radio on the way to work or if I'm traveling around at lunch or  on the way home  /","and/CC then/RB during/IN the/DT week/NN ,/, I/PRP catch/VBP up/RP ,/, you/PRP know/VBP ,/, on/IN the/DT radio/NN on/IN the/DT way/NN to/IN work/NN or/CC if/IN I/PRP 'm/VBP traveling/VBG around/RB at/IN lunch/NN or/CC on/IN the/DT way/NN home/NN",,
sw07utt/sw_0790_3002.utt,3/sw3002,3002,26,sd,B,10,2,"{C and } hopefully I'm sitting down by the ten o'clock news to where  I can kind of get a recap on T V, {F uh. } /","and/CC hopefully/RB I/PRP 'm/VBP sitting/VBG down/RB by/IN the/DT ten/CD o'clock/RB news/NN to/IN where/WRB I/PRP can/MD kind/RB of/RB get/VB a/DT recap/NN on/IN T/NN V/NN ,/, uh/UH ./.",,
sw07utt/sw_0790_3002.utt,3/sw3002,3002,27,b,A,11,1,"Yeah,  /","Yeah/UH ,/,",,
sw07utt/sw_0790_3002.utt,3/sw3002,3002,28,sd,A,11,2,"that's, {F uh, } what we do to, - /","that/DT 's/BES ,/, uh/UH ,/, what/WP we/PRP do/VBP to/TO ,/,",,
sw07utt/sw_0790_3002.utt,3/sw3002,3002,29,sd,A,11,3,"[ it, + we're ]  never in home in time to really watch the six o'clock news on television, /","it/PRP ,/, we/PRP 're/VBP never/RB in/IN home/NN in/IN time/NN to/TO really/RB watch/VB the/DT six/CD o'clock/RB news/NN on/IN television/NN ,/,",,
sw07utt/sw_0790_3002.utt,3/sw3002,3002,30,aa,B,12,1,# No <laughter>.  # /,No/UH ./.,,
sw07utt/sw_0790_3002.utt,3/sw3002,3002,31,sd,A,13,1,"# {C so } we # catch the ten o'clock news, /","so/RB we/PRP catch/VBP the/DT ten/CD o'clock/RB news/NN ,/,",,
sw07utt/sw_0790_3002.utt,3/sw3002,3002,32,b,B,14,1,# Yeah  /,Yeah/UH,,
sw07utt/sw_0790_3002.utt,3/sw3002.pos,3002,33,x,B,14,2,<clanging>  <talking>.  #,./.
sw07utt/sw_0790_3002.utt,3/sw3002,3002,34,sd,A,15,1,"# {C But } I catch # the news on the radio coming  to and from work,  /","But/CC I/PRP catch/VBP the/DT news/NN on/IN the/DT radio/NN coming/VBG to/IN and/CC from/IN work/NN ,/,",,
sw07utt/sw_0790_3002.utt,3/sw3002,3002,35,sv,A,15,2,"{C but } radio news [ is, + is ] rather short.  {F Uh, } /","but/CC radio/NN news/NN is/VBZ ,/, is/VBZ rather/RB short/JJ ./. Uh/UH ,/,",,
sw07utt/sw_0790_3002.utt,3/sw3002,3002,36,aa,B,16,1,# It is.  # /,It/PRP is/VBZ ./.,,
sw07utt/sw_0790_3002.utt,3/sw3002,3002,37,sd,A,17,1,"# [ most of # the news stations, + most of the stations ]  here that are not all news stations you get about five minutes on the hour. /","most/JJS of/IN the/DT news/NN stations/NNS ,/, most/JJS of/IN the/DT stations/NNS here/RB that/WDT are/VBP not/RB all/DT news/NN stations/NNS you/PRP get/VBP about/RB five/CD minutes/NNS on/IN the/DT hour/NN ./.",,
sw07utt/sw_0790_3002.utt,3/sw3002,3002,38,b,B,18,1,Uh-huh. /,Uh-huh/UH ./.,,
sw07utt/sw_0790_3002.utt,3/sw3002,3002,39,sd,A,19,1,"{C And } if you catch the news stations, {F uh, }  you don't catch that much in the car. /","And/CC if/IN you/PRP catch/VBP the/DT news/NN stations/NNS ,/, uh/UH ,/, you/PRP do/VBP n't/RB catch/VB that/RB much/JJ in/IN the/DT car/NN ./.",,
sw07utt/sw_0790_3002.utt,3/sw3002,3002,40,bk,B,20,1,"{F Oh, } I see. /","Oh/UH ,/, I/PRP see/VBP ./.",,
sw07utt/sw_0790_3002.utt,3/sw3002,3002,41,b,A,21,1,Yeah  /,Yeah/UH,,
sw07utt/sw_0790_3002.utt,3/sw3002,3002,42,%,A,21,2,"{C but, } {F uh, } -/","but/CC ,/, uh/UH ,/,",,
sw07utt/sw_0790_3002.utt,3/sw3002,3002,43,sd,B,22,1,"[ We-, + {F uh, } it's ]  frustrating to me because [ I really wish that I did have more + <sigh> {A I don't know, {F uh, } what do I want to say? }  I wish that I was around more ] news.  /","We-/XX ,/, uh/UH ,/, it/PRP 's/BES frustrating/JJ to/IN me/PRP because/IN I/PRP really/RB wish/VBP that/IN I/PRP did/VBD have/VBP more/JJR I/PRP do/VBP n't/RB know/VB ,/, uh/UH ,/, what/WP do/VBP I/PRP want/VB to/TO say/VB ?/. I/PRP wish/VBP that/IN I/PRP was/VBD around/IN more/JJR news/NN ./.",,
sw07utt/sw_0790_3002.utt,3/sw3002,3002,44,sd,B,22,2,It's frustrating when I don't know what's going on.  /,It/PRP 's/BES frustrating/JJ when/WRB I/PRP do/VBP n't/RB know/VB what/WP 's/BES going/VBG on/RP ./.,,
sw07utt/sw_0790_3002.utt,3/sw3002,3002,45,sd,B,22,3,I feel like it's hit and miss  /,I/PRP feel/VBP like/IN it/PRP 's/BES hit/NN and/CC miss/NN,,
sw07utt/sw_0790_3002.utt,3/sw3002,3002,46,sd,B,22,4,{C and } I haven't found anything yet that  keeps me there on a constant basis.  /,and/CC I/PRP have/VBP n't/RB found/VBN anything/NN yet/RB that/WDT keeps/VBZ me/PRP there/RB on/IN a/DT constant/JJ basis/NN ./.,,
sw07utt/sw_0790_3002.utt,3/sw3002,3002,47,sd(^q),B,22,5,"Somebody will say, {F oh } did you hear about  this that happened last week  /","Somebody/NN will/MD say/VB ,/, oh/UH did/VBD you/PRP hear/VB about/IN this/DT that/WDT happened/VBD last/JJ week/NN",,
sw07utt/sw_0790_3002.utt,3/sw3002,3002,48,sd,B,22,6,{C and } it might be local  /,and/CC it/PRP might/MD be/VB local/JJ,,
sw07utt/sw_0790_3002.utt,3/sw3002,3002,49,sd,B,22,7,{C and } it might be  national  /,and/CC it/PRP might/MD be/VB national/JJ,,
sw07utt/sw_0790_3002.utt,3/sw3002,3002,50,sd(^q),B,22,8,"{C and } I'm like, no,  I missed that one <laughter>. /","and/CC I/PRP 'm/VBP like/IN ,/, no/UH ,/, I/PRP missed/VBD that/DT one/CD ./.",,
sw07utt/sw_0790_3002.utt,3/sw3002,3002,51,aa,A,23,1,"Yeah,  /","Yeah/UH ,/,",,
sw07utt/sw_0790_3002.utt,3/sw3002,3002,52,sd,A,23,2,I have the same situation.  /,I/PRP have/VBP the/DT same/JJ situation/NN ./.,,
sw07utt/sw_0790_3002.utt,3/sw3002,3002,53,sd,A,23,3,"I tried the news magazines like TIME, NEWSWEEK, U S NEWS and WORLD REPORT, /","I/PRP tried/VBD the/DT news/NN magazines/NNS like/IN TIME/NNP ,/, NEWSWEEK/NNP ,/, U/NNP S/NNP NEWS/NNP and/CC WORLD/NNP REPORT/NNP ,/,",,
sw07utt/sw_0790_3002.utt,3/sw3002,3002,54,b,B,24,1,# Yeah. # /,Yeah/UH ./.,,
sw07utt/sw_0790_3002.utt,3/sw3002,3002,55,sd,A,25,1,# {C and } # they'd just stack up.  /,and/CC they/PRP 'd/MD just/RB stack/VB up/RP ./.,,
sw07utt/sw_0790_3002.utt,3/sw3002,3002,56,sd,A,25,2,I wouldn't find time to read them.  /,I/PRP would/MD n't/RB find/VB time/NN to/TO read/VB them/PRP ./.,,
sw07utt/sw_0790_3002.utt,3/sw3002,3002,57,sv,A,25,3,"You have to have time to sit down and concentrate [ on, + on ]  the stories  /","You/PRP have/VBP to/TO have/VB time/NN to/TO sit/VB down/RB and/CC concentrate/VB on/IN ,/, on/IN the/DT stories/NNS",,
sw07utt/sw_0790_3002.utt,3/sw3002,3002,58,sv,A,25,4,"{C or } [ e-, + ]","or/CC e-/XX ,/,",,
sw07utt/sw_0790_3002.utt,3/sw3002,3002,59,b,B,26,1,# Uh-huh. # /,Uh-huh/UH ./.,,
sw07utt/sw_0790_3002.utt,3/sw3002,3002,60,+,A,27,1,"# all # of a sudden you look and there's  [ three, + {F uh, } three ] weeks worth laying on the coffee table  /","all/DT of/IN a/DT sudden/JJ you/PRP look/VBP and/CC there/EX 's/BES three/CD ,/, uh/UH ,/, three/CD weeks/NNS worth/JJ laying/VBG on/IN the/DT coffee/NN table/NN",,
sw07utt/sw_0790_3002.utt,3/sw3002,3002,61,sv,A,27,2,{C and } you wind up throwing  them out without reading them. /,and/CC you/PRP wind/VBP up/RP throwing/VBG them/PRP out/RP without/IN reading/VBG them/PRP ./.,,
sw07utt/sw_0790_3002.utt,3/sw3002,3002,62,aa,B,28,1,"Yeah,  /","Yeah/UH ,/,",,
sw07utt/sw_0790_3002.utt,3/sw3002,3002,63,aa,B,28,2,that's true. /,that/DT 's/BES true/JJ ./.,,
sw07utt/sw_0790_3002.utt,3/sw3002,3002,64,sv,A,29,1,"{C Because } it's too much trouble to try and  catch up,  /","Because/IN it/PRP 's/BES too/RB much/JJ trouble/NN to/TO try/VB and/CC catch/VB up/RP ,/,",,
sw07utt/sw_0790_3002.utt,3/sw3002,3002,65,sv,A,29,2,{C so } --,so/RB --/:,,
sw07utt/sw_0790_3002.utt,3/sw3002,3002,66,aa,B,30,1,"That's true, /","That/DT 's/BES true/JJ ,/,",,
sw07utt/sw_0790_3002.utt,3/sw3002,3002,67,+,A,31,1,"-- have to depend, - /","--/: have/VBP to/TO depend/VB ,/,",,
sw07utt/sw_0790_3002.utt,3/sw3002,3002,68,sv,A,31,2,"I guess we're becoming more  of a television oriented nation in that I don't think that, {F uh, } my children even read newspapers, other than the T V guide section. /","I/PRP guess/VBP we/PRP 're/VBP becoming/VBG more/JJR of/IN a/DT television/NN oriented/JJ nation/NN in/IN that/IN I/PRP do/VBP n't/RB think/VB that/IN ,/, uh/UH ,/, my/PRP$ children/NNS even/RB read/VBP newspapers/NNS ,/, other/JJ than/IN the/DT T/NN V/NN guide/NN section/NN ./.",,
sw07utt/sw_0790_3002.utt,3/sw3002,3002,69,ba,B,32,1,"{F Uh, } oh no <<said laughingly>>. /","Uh/UH ,/, oh/UH no/UH ./.",,
sw07utt/sw_0790_3002.utt,3/sw3002,3002,70,sd,A,33,1,"There's is all, {F uh, } strictly television news. /","There/EX 's/BES is/VBZ all/DT ,/, uh/UH ,/, strictly/RB television/NN news/NN ./.",,
sw07utt/sw_0790_3002.utt,3/sw3002,3002,71,sd,B,34,1,"A little bit that worries me, because I feel like  the news is so biased. /","A/DT little/JJ bit/NN that/WDT worries/VBP me/PRP ,/, because/IN I/PRP feel/VBP like/IN the/DT news/NN is/VBZ so/RB biased/JJ ./.",,
sw07utt/sw_0790_3002.utt,3/sw3002,3002,72,aa,A,35,1,"{F Oh, } yeah. /","Oh/UH ,/, yeah/UH ./.",,
sw07utt/sw_0790_3002.utt,3/sw3002,3002,73,sd,B,36,1,"{C And } yes,  /","And/CC yes/UH ,/,",,
sw07utt/sw_0790_3002.utt,3/sw3002,3002,74,sd,B,36,2,"they report facts,  /","they/PRP report/VBP facts/NNS ,/,",,
sw07utt/sw_0790_3002.utt,3/sw3002,3002,75,sd,B,36,3,{C and } yes  /,and/CC yes/UH,,
sw07utt/sw_0790_3002.utt,3/sw3002,3002,76,sd,B,36,4,"you can get an idea of what's going on,  /","you/PRP can/MD get/VB an/DT idea/NN of/IN what/WP 's/BES going/VBG on/RP ,/,",,
sw07utt/sw_0790_3002.utt,3/sw3002,3002,77,sd,B,36,5,"{C but, } {D you know, } it's, an, - /","but/CC ,/, you/PRP know/VBP ,/, it/PRP 's/BES ,/, an/DT ,/,",,
sw07utt/sw_0790_3002.utt,3/sw3002,3002,78,sd,B,36,6,{C and } I wish they would  just report the incident and  then leave the commentaries out.  /,and/CC I/PRP wish/VBP they/PRP would/MD just/RB report/VB the/DT incident/NN and/CC then/RB leave/VB the/DT commentaries/NNS out/RP ./.,,
sw07utt/sw_0790_3002.utt,3/sw3002,3002,79,sd(^q),B,36,7,"{C But } so many times you  get, {D well, } {F uh, } this is my opinion of what he meant by that, /","But/CC so/RB many/JJ times/NNS you/PRP get/VBP ,/, well/UH ,/, uh/UH ,/, this/DT is/VBZ my/PRP$ opinion/NN of/IN what/WP he/PRP meant/VBN by/IN that/DT ,/,",,
sw07utt/sw_0790_3002.utt,3/sw3002,3002,80,b,A,37,1,# Yeah. # /,Yeah/UH ./.,,
sw07utt/sw_0790_3002.utt,3/sw3002,3002,81,sd(^q),B,38,1,"# {C and } # I'm like, who are you to judge.  {D You know, } /","and/CC I/PRP 'm/VBP like/IN ,/, who/WP are/VBP you/PRP to/TO judge/VB ./. You/PRP know/VBP ,/,",,
sw07utt/sw_0790_3002.utt,3/sw3002,3002,82,aa,A,39,1,"# Right,  /","Right/UH ,/,",,
sw07utt/sw_0790_3002.utt,3/sw3002,3002,83,sv,A,39,2,it's the same #,it/PRP 's/BES the/DT same/JJ,,
sw07utt/sw_0790_3002.utt,3/sw3002,3002,84,^q,B,40,1,# just report the facts.  # /,just/RB report/VB the/DT facts/NNS ./.,,
sw07utt/sw_0790_3002.utt,3/sw3002,3002,85,+,A,41,1,"thing  with, the news magazines, like TIME  [ and, + and ] the other magazines. /","thing/NN with/IN ,/, the/DT news/NN magazines/NNS ,/, like/IN TIME/NNP and/CC ,/, and/CC the/DT other/JJ magazines/NNS ./.",,
sw07utt/sw_0790_3002.utt,3/sw3002,3002,86,b,B,42,1,Uh-huh. /,Uh-huh/UH ./.,,
sw07utt/sw_0790_3002.utt,3/sw3002,3002,87,sv,A,43,1,"It's hard [ [ to celebr-, + {F uh, } to celebrate, ] + to separate ]  the news from the comment, because,","It/PRP 's/BES hard/JJ to/TO celebr/VB ,/, uh/UH ,/, to/TO celebrate/VB ,/, to/TO separate/VB the/DT news/NN from/IN the/DT comment/NN ,/, because/IN ,/,",,
sw07utt/sw_0790_3002.utt,3/sw3002,3002,88,b,B,44,1,# <Clanging>  Yes.  # /,Yes/UH ./.,,
sw07utt/sw_0790_3002.utt,3/sw3002,3002,89,+,A,45,1,"# in the # way it's presented their opinions is  print, or presented as being the news. /","in/IN the/DT way/NN it/PRP 's/BES presented/VBN their/PRP$ opinions/NNS is/VBZ print/NN ,/, or/CC presented/VBD as/IN being/VBG the/DT news/NN ./.",,
sw07utt/sw_0790_3002.utt,3/sw3002,3002,90,b,B,46,1,Uh-huh. /,Uh-huh/UH ./.,,
sw07utt/sw_0790_3002.utt,3/sw3002,3002,91,sv,A,47,1,{C And so } then you have to try and sort out what  really is the news. /,And/CC so/RB then/RB you/PRP have/VBP to/TO try/VB and/CC sort/VB out/RP what/WP really/RB is/VBZ the/DT news/NN ./.,,
sw07utt/sw_0790_3002.utt,3/sw3002,3002,92,sv,B,48,1,{C And } I feel like they sensationalize things  that shouldn't be sensationalized.  /,And/CC I/PRP feel/VBP like/IN they/PRP sensationalize/VBP things/NNS that/WDT should/MD n't/RB be/VB sensationalized/VBN ./.,,
sw07utt/sw_0790_3002.utt,3/sw3002,3002,93,sv,B,48,2,"I feel like they focus too much on  things that, {A I don't know, } {D you know, } - /","I/PRP feel/VBP like/IN they/PRP focus/VBP too/RB much/JJ on/IN things/NNS that/WDT ,/, I/PRP do/VBP n't/RB know/VB ,/, you/PRP know/VBP ,/,",,
sw07utt/sw_0790_3002.utt,3/sw3002,3002,94,sv,B,48,3,"so  much during the Gulf War, they would ask questions that, {F uh, } you wouldn't want broadcast.  /","so/RB much/JJ during/IN the/DT Gulf/NNP War/NNP ,/, they/PRP would/MD ask/VB questions/NNS that/WDT ,/, uh/UH ,/, you/PRP would/MD n't/RB want/VB broadcast/VB ./.",,
sw07utt/sw_0790_3002.utt,3/sw3002,3002,95,sd(^q),B,48,4,It's  like if you tell us the answer to that you're telling our enemy what your strategy is. /,It/PRP 's/BES like/IN if/IN you/PRP tell/VBP us/PRP the/DT answer/NN to/IN that/DT you/PRP 're/VBP telling/VBG our/PRP$ enemy/NN what/WP your/PRP$ strategy/NN is/VBZ ./.,,
sw07utt/sw_0790_3002.utt,3/sw3002,3002,96,aa,A,49,1,# That's right.  # /,That/DT 's/BES right/JJ ./.,,
sw07utt/sw_0790_3002.utt,3/sw3002,3002,97,sd,B,50,1,# {C But } they # keep asking these questions  /,But/CC they/PRP keep/VBP asking/VBG these/DT questions/NNS,,
sw07utt/sw_0790_3002.utt,3/sw3002,3002,98,sv,B,50,2,"{C and } I thought it was really, {D well } {A I don't know, } asinine actually. /","and/CC I/PRP thought/VBD it/PRP was/VBD really/RB ,/, well/UH I/PRP do/VBP n't/RB know/VB ,/, asinine/JJ actually/RB ./.",,
sw07utt/sw_0790_3002.utt,3/sw3002,3002,99,b,A,51,1,Right. /,Right/UH ./.,,
sw07utt/sw_0790_3002.utt,3/sw3002,3002,100,sv,B,52,1,Stupid. /,Stupid/JJ ./.,,
sw07utt/sw_0790_3002.utt,3/sw3002,3002,101,sv,A,53,1,{D Well } so many of them also come through  /,Well/UH so/RB many/JJ of/IN them/PRP also/RB come/VBP through/RB,,
sw07utt/sw_0790_3002.utt,3/sw3002,3002,102,sv,A,53,2,"{C and } they have discovered that this is the most popular issue of the time.   Whether it be the homeless or, {F uh, } cancer or whatever  /","and/CC they/PRP have/VBP discovered/VBN that/IN this/DT is/VBZ the/DT most/RBS popular/JJ issue/NN of/IN the/DT time/NN ./. Whether/IN it/PRP be/VB the/DT homeless/NNS or/CC ,/, uh/UH ,/, cancer/NN or/CC whatever/WDT",,
sw07utt/sw_0790_3002.utt,3/sw3002,3002,103,sv,A,53,3,"{C and then } they devote, {F uh, }  an inordinate amount of time on the news cast to their personal ax to grind. /","and/CC then/RB they/PRP devote/VBP ,/, uh/UH ,/, an/DT inordinate/JJ amount/NN of/IN time/NN on/IN the/DT news/NN cast/NN to/IN their/PRP$ personal/JJ ax/NN to/TO grind/VB ./.",,
sw07utt/sw_0790_3002.utt,3/sw3002,3002,104,aa,B,54,1,"Uh-huh,  /","Uh-huh/UH ,/,",,
sw07utt/sw_0790_3002.utt,3/sw3002,3002,105,aa,B,54,2,yes. /,yes/UH ./.,,
sw07utt/sw_0790_3002.utt,3/sw3002,3002,106,sv,A,55,1,"# {C And, } {F uh, } {F uh, } #","And/CC ,/, uh/UH ,/, uh/UH ,/,",,
sw07utt/sw_0790_3002.utt,3/sw3002,3002,107,aa,B,56,1,# I agree.  # /,I/PRP agree/VBP ./.,,
sw07utt/sw_0790_3002.utt,3/sw3002,3002,108,+,A,57,1,"particularly the local television.  {F Uh, }  I know the, the Wednesday's Child bit  /","particularly/RB the/DT local/JJ television/NN ./. Uh/UH ,/, I/PRP know/VBP the/DT ,/, the/DT Wednesday/NNP 's/POS Child/NNP bit/NN",,
sw07utt/sw_0790_3002.utt,3/sw3002,3002,109,sv,A,57,2,{C and } they'll take up ten minutes of a newscast and  leave out something.  /,and/CC they/PRP 'll/MD take/VB up/RP ten/CD minutes/NNS of/IN a/DT newscast/NN and/CC leave/VB out/RP something/NN ./.,,
sw07utt/sw_0790_3002.utt,3/sw3002,3002,110,sd,A,57,3,"I'm not saying that's not important, /","I/PRP 'm/VBP not/RB saying/VBG that/DT 's/BES not/RB important/JJ ,/,",,
sw07utt/sw_0790_3002.utt,3/sw3002,3002,111,b,B,58,1,# Yeah. # /,Yeah/UH ./.,,
sw07utt/sw_0790_3002.utt,3/sw3002,3002,112,sv,A,59,1,# {C but } # they leave out a real news issue to  devote to one of their local pet projects. /,but/CC they/PRP leave/VBP out/RP a/DT real/JJ news/NN issue/NN to/TO devote/VB to/IN one/CD of/IN their/PRP$ local/JJ pet/NN projects/NNS ./.,,
sw07utt/sw_0790_3002.utt,3/sw3002,3002,113,aa,B,60,1,"Yeah,  /","Yeah/UH ,/,",,
sw07utt/sw_0790_3002.utt,3/sw3002,3002,114,aa,B,60,2,"that's true,  /","that/DT 's/BES true/JJ ,/,",,
sw07utt/sw_0790_3002.utt,3/sw3002,3002,115,aa^r,B,60,3,"that's true,  /","that/DT 's/BES true/JJ ,/,",,
sw07utt/sw_0790_3002.utt,3/sw3002,3002,116,sd,B,60,4,{C and } it's frustrating. /,and/CC it/PRP 's/BES frustrating/JJ ./.,,
sw07utt/sw_0790_3002.utt,3/sw3002,3002,117,b,A,61,1,"Yeah,  /","Yeah/UH ,/,",,
sw07utt/sw_0790_3002.utt,3/sw3002,3002,118,%,A,61,2,"<laughter>  s-, -/","s-/XX ,/,",,
sw07utt/sw_0790_3002.utt,3/sw3002,3002,119,sd,B,62,1,"{C So } [ I guess, + I guess ] when I get to  listen to the news, [ it's, + it's ] probably television or radio.  /","So/RB I/PRP guess/VBP ,/, I/PRP guess/VBP when/WRB I/PRP get/VBP to/TO listen/VB to/IN the/DT news/NN ,/, it/PRP 's/BES ,/, it/PRP 's/BES probably/RB television/NN or/CC radio/NN ./.",,
sw07utt/sw_0790_3002.utt,3/sw3002,3002,120,sd,B,62,2,I see very little paper  /,I/PRP see/VBP very/RB little/JJ paper/NN,,
sw07utt/sw_0790_3002.utt,3/sw3002,3002,121,sd,B,62,3,"{C but, } [ I, + I ]  don't get to see that as much as I want  /","but/CC ,/, I/PRP ,/, I/PRP do/VBP n't/RB get/VB to/TO see/VB that/DT as/RB much/JJ as/IN I/PRP want/VBP",,
sw07utt/sw_0790_3002.utt,3/sw3002,3002,122,sd,B,62,4,{C and } when I do I'm wondering why  I wanted to see it so bad <laughter>. /,and/CC when/WRB I/PRP do/VBP I/PRP 'm/VBP wondering/VBG why/WRB I/PRP wanted/VBD to/TO see/VB it/PRP so/RB bad/JJ ./.,,
sw07utt/sw_0790_3002.utt,3/sw3002,3002,123,aa,A,63,1,"<Laughter> [ That's, + {D yeah, }  that ]  makes sense.  /","That/DT 's/BES ,/, yeah/UH ,/, that/DT makes/VBZ sense/NN ./.",,
sw07utt/sw_0790_3002.utt,3/sw3002,3002,124,%,A,63,2,"We, {F uh, } again, - /","We/PRP ,/, uh/UH ,/, again/RB ,/,",,
sw07utt/sw_0790_3002.utt,3/sw3002,3002,125,sd,A,63,3,"like I say, by the time I read the newspaper [ it's the, + [ the + ] it's that ]  morning's news from the day before  /","like/IN I/PRP say/VBP ,/, by/IN the/DT time/NN I/PRP read/VBP the/DT newspaper/NN it/PRP 's/BES the/DT ,/, the/DT it/PRP 's/BES that/DT morning/NN 's/POS news/NN from/IN the/DT day/NN before/RB",,
sw07utt/sw_0790_3002.utt,3/sw3002,3002,126,sd,A,63,4,"{C and } I'm reading it in the evening,  /","and/CC I/PRP 'm/VBP reading/VBG it/PRP in/IN the/DT evening/NN ,/,",,
sw07utt/sw_0790_3002.utt,3/sw3002,3002,127,%,A,63,5,{C so. } -/,so/RB ./.,,
sw07utt/sw_0790_3002.utt,3/sw3002,3002,128,b,B,64,1,Yeah. /,Yeah/UH ./.,,
sw07utt/sw_0790_3002.utt,3/sw3002,3002,129,sd,A,65,1,"[ I'm a, + I'm about ]  a day behind most of the time anyway <laughter>. /","I/PRP 'm/VBP a/DT ,/, I/PRP 'm/VBP about/RB a/DT day/NN behind/RB most/RBS of/IN the/DT time/NN anyway/RB ./.",,
sw07utt/sw_0790_3002.utt,3/sw3002,3002,130,aa,B,66,1,"Exactly,  /","Exactly/UH ,/,",,
sw07utt/sw_0790_3002.utt,3/sw3002,3002,131,aa^r,B,66,2,exactly. /,exactly/UH ./.,,
sw07utt/sw_0790_3002.utt,3/sw3002,3002,132,b,A,67,1,Yeah. /,Yeah/UH ./.,,
sw07utt/sw_0790_3002.utt,3/sw3002,3002,133,sd,B,68,1,"{D Well } I'm glad tha-, - /","Well/UH I/PRP 'm/VBP glad/JJ tha-/IN ,/,",,
sw07utt/sw_0790_3002.utt,3/sw3002,3002,134,sd,B,68,2,"it makes me feel like  I'm not alone, though, in the world.  /","it/PRP makes/VBZ me/PRP feel/VB like/IN I/PRP 'm/VBP not/RB alone/RB ,/, though/RB ,/, in/IN the/DT world/NN ./.",,
sw07utt/sw_0790_3002.utt,3/sw3002,3002,135,sd,B,68,3,"[ I, + I ] used to think that I was  probably the only one that just, {A I don't know, }  was running around so much.  /","I/PRP ,/, I/PRP used/VBD to/TO think/VB that/IN I/PRP was/VBD probably/RB the/DT only/RB one/NN that/WDT just/RB ,/, I/PRP do/VBP n't/RB know/VB ,/, was/VBD running/VBG around/RB so/RB much/RB ./.",,
sw07utt/sw_0790_3002.utt,3/sw3002,3002,136,sd,B,68,4,"I look at other, {F uh, } women workers or, men at work,","I/PRP look/VBP at/IN other/JJ ,/, uh/UH ,/, women/NNS workers/NNS or/CC ,/, men/NNS at/IN work/NN ,/,",,
sw07utt/sw_0790_3002.utt,3/sw3002,3002,137,b,A,69,1,# Yeah. # /,Yeah/UH ./.,,
sw07utt/sw_0790_3002.utt,3/sw3002,3002,138,+,B,70,1,# that # have kids and families  /,that/WDT have/VBP kids/NNS and/CC families/NNS,,
sw07utt/sw_0790_3002.utt,3/sw3002,3002,139,sd(^q),B,70,2,"{C and } I'm like, how do they seem so together all the time.  /","and/CC I/PRP 'm/VBP like/IN ,/, how/WRB do/VBP they/PRP seem/VB so/RB together/RB all/PDT the/DT time/NN ./.",,
sw07utt/sw_0790_3002.utt,3/sw3002,3002,140,sd,B,70,3,I always feel like I'm running a rat race. /,I/PRP always/RB feel/VBP like/IN I/PRP 'm/VBP running/VBG a/DT rat/NN race/NN ./.,,
sw07utt/sw_0790_3002.utt,3/sw3002,3002,141,b,A,71,1,"# Yeah,  /","Yeah/UH ,/,",,
sw07utt/sw_0790_3002.utt,3/sw3002,3002,142,%,A,71,2,"[ we, + we, ] # -/","we/PRP ,/, we/PRP ,/,",,
sw07utt/sw_0790_3002.utt,3/sw3002,3002,143,sd,B,72,1,"# {C So, } I guess # news is just part of that  rat race for me. /","So/RB ,/, I/PRP guess/VBP news/NN is/VBZ just/RB part/NN of/IN that/DT rat/NN race/NN for/IN me/PRP ./.",,
sw07utt/sw_0790_3002.utt,3/sw3002,3002,144,aa,A,73,1,"Yeah,  /","Yeah/UH ,/,",,
sw07utt/sw_0790_3002.utt,3/sw3002,3002,145,aa^r,A,73,2,yeah  /,yeah/UH,,
sw07utt/sw_0790_3002.utt,3/sw3002,3002,146,sd,A,73,3,my wife and I feel that we never have  a moment that we can call our own. /,my/PRP$ wife/NN and/CC I/PRP feel/VBP that/IN we/PRP never/RB have/VBP a/DT moment/NN that/WDT we/PRP can/MD call/VB our/PRP$ own/JJ ./.,,
sw07utt/sw_0790_3002.utt,3/sw3002,3002,147,b,B,74,1,# Yeah. # /,Yeah/UH ./.,,
sw07utt/sw_0790_3002.utt,3/sw3002,3002,148,sd,A,75,1,"# It's # always, there's something going on all the  time, {F uh, }  /","It/PRP 's/BES always/RB ,/, there/EX 's/BES something/NN going/VBG on/RP all/PDT the/DT time/NN ,/, uh/UH ,/,",,
sw07utt/sw_0790_3002.utt,3/sw3002,3002,149,sd,A,75,2,"you don't really have time to sit down [ and, + and ]  thoroughly read a newspaper. /","you/PRP do/VBP n't/RB really/RB have/VB time/NN to/TO sit/VB down/RB and/CC ,/, and/CC thoroughly/RB read/VB a/DT newspaper/NN ./.",,
sw07utt/sw_0790_3002.utt,3/sw3002,3002,150,aa,B,76,1,Exactly. /,Exactly/UH ./.,,
sw07utt/sw_0790_3002.utt,3/sw3002,3002,151,sd,A,77,1,As a matter of fact I read the Sunday paper this evening. /,As/IN a/DT matter/NN of/IN fact/NN I/PRP read/VBD the/DT Sunday/NNP paper/NN this/DT evening/NN ./.,,
sw07utt/sw_0790_3002.utt,3/sw3002,3002,152,%,B,78,1,# {D Well. }  # -/,Well/UH ./.,,
sw07utt/sw_0790_3002.utt,3/sw3002,3002,153,sd,A,79,1,# We # had such a busy day yesterday.  /,We/PRP had/VBD such/PDT a/DT busy/JJ day/NN yesterday/RB ./.,,
sw07utt/sw_0790_3002.utt,3/sw3002,3002,154,sd,A,79,2,Didn't find time to even read it. /,Did/VBD n't/RB find/VB time/NN to/TO even/RB read/VB it/PRP ./.,,
sw07utt/sw_0790_3002.utt,3/sw3002,3002,155,b,B,80,1,"Yeah,  /","Yeah/UH ,/,",,
sw07utt/sw_0790_3002.utt,3/sw3002,3002,156,ba,B,80,2,that's incredible too. /,that/DT 's/BES incredible/JJ too/RB ./.,,
sw07utt/sw_0790_3002.utt,3/sw3002,3002,157,b,A,81,1,"# Yeah,  /","Yeah/UH ,/,",,
sw07utt/sw_0790_3002.utt,3/sw3002,3002,158,ad^t,A,81,2,{D well } that's about all then. # /,well/UH that/DT 's/BES about/RB all/DT then/RB ./.,,
sw07utt/sw_0790_3002.utt,3/sw3002,3002,159,fc,B,82,1,# {D Well } I appreciate talking to you. # /,Well/UH I/PRP appreciate/VBP talking/VBG to/IN you/PRP ./.,,
sw07utt/sw_0790_3002.utt,3/sw3002,3002,160,fc,A,83,1,Nice talking with you. /,Nice/JJ talking/VBG with/IN you/PRP ./.,,
sw07utt/sw_0790_3002.utt,3/sw3002,3002,161,fc,B,84,1,Have a good evening. /,Have/VBP a/DT good/JJ evening/NN ./.,,
sw07utt/sw_0790_3002.utt,3/sw3002,3002,162,fc,A,85,1,Same to you. /,Same/JJ to/IN you/PRP ./.,,
sw07utt/sw_0790_3002.utt,3/sw3002,3002,163,fc,B,86,1,Bye-bye. /,Bye-bye/UH ./.,,
sw07utt/sw_0790_3002.utt,3/sw3002,3002,164,fc,A,87,1,Bye. /,Bye/UH ./.,,
