swda_filename,ptb_basename,conversation_no,transcript_index,act_tag,caller,utterance_index,subutterance_index,text,pos,trees,ptb_treenumbers
sw07utt/sw_0726_4443.utt,4/sw4443,4443,0,qy,A,1,1,Do you play? /,Do/VBP you/PRP play/VB ?/.,,
sw07utt/sw_0726_4443.utt,4/sw4443,4443,1,ny,B,2,1,"Yeah,  /","Yeah/UH ,/,",,
sw07utt/sw_0726_4443.utt,4/sw4443,4443,2,sd^e,B,2,2,"I, {F uh, } consider myself a hacker.  /","I/PRP ,/, uh/UH ,/, consider/VBP myself/PRP a/DT hacker/NN ./.",,
sw07utt/sw_0726_4443.utt,4/sw4443,4443,3,qo,B,2,3,How about you? /,How/WRB about/IN you/PRP ?/.,,
sw07utt/sw_0726_4443.utt,4/sw4443,4443,4,ny@,A,3,1,"{F Oh, } yeah?  / *[[Is that really a question mark on what appears to be an answer?]]","Oh/UH ,/, yeah/UH ?/.",,
sw07utt/sw_0726_4443.utt,4/sw4443,4443,5,na,A,3,2,"{D Well, } I'm into it.  {F Uh, } /","Well/UH ,/, I/PRP 'm/VBP into/IN it/PRP ./. Uh/UH ,/,",,
sw07utt/sw_0726_4443.utt,4/sw4443,4443,6,b,B,4,1,"Yeah,  /","Yeah/UH ,/,",,
sw07utt/sw_0726_4443.utt,4/sw4443,4443,7,sd,B,4,2,"{F uh, } I'm not as good as I'd like to  be  /","uh/UH ,/, I/PRP 'm/VBP not/RB as/RB good/JJ as/IN I/PRP 'd/MD like/VB to/TO be/VB",,
sw07utt/sw_0726_4443.utt,4/sw4443,4443,8,%,B,4,3,"{C but } it's a, -/","but/CC it/PRP 's/BES a/DT ,/,",,
sw07utt/sw_0726_4443.utt,4/sw4443,4443,9,qy,A,5,1,Is anybody? /,Is/VBZ anybody/NN ?/.,,
sw07utt/sw_0726_4443.utt,4/sw4443,4443,10,nn,B,6,1,No <laughter>  /,No/UH,,
sw07utt/sw_0726_4443.utt,4/sw4443,4443,11,ng,B,6,2,# I don't think so. # /,I/PRP do/VBP n't/RB think/VB so/RB ./.,,
sw07utt/sw_0726_4443.utt,4/sw4443,4443,12,x,A,7,1,# <Laughter>. #,,,
sw07utt/sw_0726_4443.utt,4/sw4443,4443,13,sd,B,8,1,"{F Uh, } I'd started playing when I was in elementary  school actually.  /","Uh/UH ,/, I/PRP 'd/VBD started/VBN playing/VBG when/WRB I/PRP was/VBD in/IN elementary/JJ school/NN actually/RB ./.",,
sw07utt/sw_0726_4443.utt,4/sw4443,4443,14,sd,B,8,2,# We lived # --,We/PRP lived/VBD --/:,,
sw07utt/sw_0726_4443.utt,4/sw4443,4443,15,bh,A,9,1,# Really? # /,Really/UH ?/.,,
sw07utt/sw_0726_4443.utt,4/sw4443,4443,16,+,B,10,1,-- really close to a par three golf course.  /,--/: really/RB close/RB to/IN a/DT par/NN three/CD golf/NN course/NN ./.,,
sw07utt/sw_0726_4443.utt,4/sw4443,4443,17,sd,B,10,2,{C And } I'd go up there with friends after school a couple of times every week  /,And/CC I/PRP 'd/MD go/VB up/IN there/RB with/IN friends/NNS after/IN school/NN a/DT couple/NN of/IN times/NNS every/DT week/NN,,
sw07utt/sw_0726_4443.utt,4/sw4443,4443,18,sd,B,10,3,{C and then } --,and/CC then/RB --/:,,
sw07utt/sw_0726_4443.utt,4/sw4443,4443,19,ba,A,11,1,"{F Oh, } wow. /","Oh/UH ,/, wow/UH ./.",,
sw07utt/sw_0726_4443.utt,4/sw4443,4443,20,+,B,12,1,"-- [ for, + {F uh, } <sigh> for ] years,  I don't know, after elementary school, all through junior high and stuff, I didn't play cause I think  I just got so  frustrated when I was little [ I'd, + ] my body wasn't, {D you # know } # --","--/: for/IN ,/, uh/UH ,/, for/IN years/NNS ,/, I/PRP do/VBP n't/RB know/VB ,/, after/IN elementary/JJ school/NN ,/, all/RB through/IN junior/JJ high/JJ and/CC stuff/NN ,/, I/PRP did/VBD n't/RB play/VB cause/IN I/PRP think/VBP I/PRP just/RB got/VBD so/RB frustrated/JJ when/WRB I/PRP was/VBD little/JJ I/PRP 'd/VBD ,/, my/PRP$ body/NN was/VBD n't/RB ,/, you/PRP know/VBP --/:",,
sw07utt/sw_0726_4443.utt,4/sw4443,4443,21,b,A,13,1,# Right. # /,Right/UH ./.,,
sw07utt/sw_0726_4443.utt,4/sw4443,4443,22,+,B,14,1,-- physically developed and all that kind of stuff/,--/: physically/RB developed/JJ and/CC all/PDT that/DT kind/NN of/IN stuff/NN,,
sw07utt/sw_0726_4443.utt,4/sw4443,4443,23,sd,B,14,2,{C and then } I'd started picking it up again a couple of years back  /,and/CC then/RB I/PRP 'd/VBD started/VBN picking/VBG it/PRP up/RP again/RB a/DT couple/NN of/IN years/NNS back/RB,,
sw07utt/sw_0726_4443.utt,4/sw4443,4443,24,sd,B,14,3,{C and } I've really  been enjoying it. /,and/CC I/PRP 've/VBP really/RB been/VBN enjoying/VBG it/PRP ./.,,
sw07utt/sw_0726_4443.utt,4/sw4443,4443,25,ba,A,15,1,Super.  /,Super/UH ./.,,
sw07utt/sw_0726_4443.utt,4/sw4443,4443,26,aa,A,15,2,"Yeah,  /","Yeah/UH ,/,",,
sw07utt/sw_0726_4443.utt,4/sw4443,4443,27,sd,A,15,3,that's kind of the way I did it too {D actually. }/,that/DT 's/BES kind/RB of/RB the/DT way/NN I/PRP did/VBD it/PRP too/RB actually/RB ./.,,
sw07utt/sw_0726_4443.utt,4/sw4443,4443,28,sd,A,15,4,"[ I, + I ] played, {F uh, } just a tiny bit when I was real young  /","I/PRP ,/, I/PRP played/VBD ,/, uh/UH ,/, just/RB a/DT tiny/JJ bit/NN when/WRB I/PRP was/VBD real/RB young/JJ",,
sw07utt/sw_0726_4443.utt,4/sw4443,4443,29,sd,A,15,5,"{C and then, } {F uh, } [ I w-, + ] I got on to a team in high school but wasn't very good still.","and/CC then/RB ,/, uh/UH ,/, I/PRP w-/XX ,/, I/PRP got/VBD on/IN to/IN a/DT team/NN in/IN high/JJ school/NN but/CC was/VBD n't/RB very/RB good/JJ still/RB ./.",,
sw07utt/sw_0726_4443.utt,4/sw4443,4443,30,b,B,16,1,Uh-huh. /,Uh-huh/UH ./.,,
sw07utt/sw_0726_4443.utt,4/sw4443,4443,31,+,A,17,1,"[ But, + ] and then quit for awhile  /","But/CC ,/, and/CC then/RB quit/VBD for/IN awhile/RB",,
sw07utt/sw_0726_4443.utt,4/sw4443,4443,32,sd,A,17,2,"{C and } recently  I picked it up, like you say, about a couple of years ago  /","and/CC recently/RB I/PRP picked/VBD it/PRP up/RP ,/, like/IN you/PRP say/VB ,/, about/RB a/DT couple/NN of/IN years/NNS ago/RB",,
sw07utt/sw_0726_4443.utt,4/sw4443,4443,33,sd,A,17,3,"{C and, } {F uh, }  I've been playing, {D you know, } off and on when I can. /","and/CC ,/, uh/UH ,/, I/PRP 've/VBP been/VBN playing/VBG ,/, you/PRP know/VBP ,/, off/RB and/CC on/RB when/WRB I/PRP can/MD ./.",,
sw07utt/sw_0726_4443.utt,4/sw4443,4443,34,b,B,18,1,Right. /,Right/UH ./.,,
sw07utt/sw_0726_4443.utt,4/sw4443,4443,35,sd,A,19,1,Up in Minneapolis it's not too easy to play in the winter # of course # -- /,Up/IN in/IN Minneapolis/NNP it/PRP 's/BES not/RB too/RB easy/JJ to/TO play/VB in/IN the/DT winter/NN of/IN course/NN --/:,,
sw07utt/sw_0726_4443.utt,4/sw4443,4443,36,b,B,20,1,# Uh-huh. # /,Uh-huh/UH ./.,,
sw07utt/sw_0726_4443.utt,4/sw4443,4443,37,sd,A,21,1,-- {C but } I actually live in Florida  /,--/: but/CC I/PRP actually/RB live/VBP in/IN Florida/NNP,,
sw07utt/sw_0726_4443.utt,4/sw4443,4443,38,sd,A,21,2,"{C so, } {F uh } --","so/RB ,/, uh/UH --/:",,
sw07utt/sw_0726_4443.utt,4/sw4443,4443,39,b,B,22,1,Uh-huh. /,Uh-huh/UH ./.,,
sw07utt/sw_0726_4443.utt,4/sw4443,4443,40,+,A,23,1,"-- {F uh, } I'll be going back down there in May and hopefully be picking it up a little more regularly. /","--/: uh/UH ,/, I/PRP 'll/MD be/VB going/VBG back/RB down/IN there/RB in/IN May/NNP and/CC hopefully/RB be/VB picking/VBG it/PRP up/RP a/DT little/RB more/RBR regularly/RB ./.",,
sw07utt/sw_0726_4443.utt,4/sw4443,4443,41,b,B,24,1,Right.  /,Right/UH ./.,,
sw07utt/sw_0726_4443.utt,4/sw4443,4443,42,%,B,24,2,"Th-, - /","Th-/XX ,/,",,
sw07utt/sw_0726_4443.utt,4/sw4443,4443,43,sd,B,24,3,the one factor that really bothers me is the expense of # playing golf. # /,the/DT one/CD factor/NN that/WDT really/RB bothers/VBZ me/PRP is/VBZ the/DT expense/NN of/IN playing/VBG golf/NN ./.,,
sw07utt/sw_0726_4443.utt,4/sw4443,4443,44,aa,A,25,1,# I was going # to say <laughter>. /,I/PRP was/VBD going/VBG to/TO say/VB ./.,,
sw07utt/sw_0726_4443.utt,4/sw4443,4443,45,sv,B,26,1,{E I mean } it's a great game  /,I/PRP mean/VBP it/PRP 's/BES a/DT great/JJ game/NN,,
sw07utt/sw_0726_4443.utt,4/sw4443,4443,46,sv,B,26,2,"{C but } {E I mean } to  play a really nice course, you've got to have a really big wallet # <laughter>, {E I mean. } # /","but/CC I/PRP mean/VBP to/TO play/VB a/DT really/RB nice/JJ course/NN ,/, you/PRP 've/VBP got/VBN to/TO have/VB a/DT really/RB big/JJ wallet/NN ,/, I/PRP mean/VBP ./.",,
sw07utt/sw_0726_4443.utt,4/sw4443,4443,47,aa,A,27,1,"# Yeah,  /","Yeah/UH ,/,",,
sw07utt/sw_0726_4443.utt,4/sw4443,4443,48,sv,A,27,2,"[ that's, + that's ] # true, all too many times. /","that/DT 's/BES ,/, that/DT 's/BES true/JJ ,/, all/RB too/RB many/JJ times/NNS ./.",,
sw07utt/sw_0726_4443.utt,4/sw4443,4443,49,b,B,28,1,Yeah. /,Yeah/UH ./.,,
sw07utt/sw_0726_4443.utt,4/sw4443,4443,50,sd,A,29,1,"Fortunately, {F uh, } down where I live in Florida, there's some golf courses that are pretty reasonable if you know where to look. /","Fortunately/RB ,/, uh/UH ,/, down/IN where/WRB I/PRP live/VBP in/IN Florida/NNP ,/, there/EX 's/BES some/DT golf/NN courses/NNS that/WDT are/VBP pretty/RB reasonable/JJ if/IN you/PRP know/VBP where/WRB to/TO look/VB ./.",,
sw07utt/sw_0726_4443.utt,4/sw4443,4443,51,b,B,30,1,Uh-huh. /,Uh-huh/UH ./.,,
sw07utt/sw_0726_4443.utt,4/sw4443,4443,52,sd,A,31,1,"{F Uh, } one of them is the University of Florida golf course --","Uh/UH ,/, one/CD of/IN them/PRP is/VBZ the/DT University/NNP of/IN Florida/NNP golf/NN course/NN --/:",,
sw07utt/sw_0726_4443.utt,4/sw4443,4443,53,b,B,32,1,Right. /,Right/UH ./.,,
sw07utt/sw_0726_4443.utt,4/sw4443,4443,54,+,A,33,1,-- which is open to the public  /,--/: which/WDT is/VBZ open/JJ to/IN the/DT public/NN,,
sw07utt/sw_0726_4443.utt,4/sw4443,4443,55,sd,A,33,2,"{C and } that's  [ pretty, + pretty ] good. /","and/CC that/DT 's/BES pretty/RB ,/, pretty/RB good/JJ ./.",,
sw07utt/sw_0726_4443.utt,4/sw4443,4443,56,b,B,34,1,Yeah.  /,Yeah/UH ./.,,
sw07utt/sw_0726_4443.utt,4/sw4443,4443,57,sd,B,34,2,"I, {F uh, } attend the Indiana University  /","I/PRP ,/, uh/UH ,/, attend/VBP the/DT Indiana/NNP University/NNP",,
sw07utt/sw_0726_4443.utt,4/sw4443,4443,58,sd,B,34,3,{C and } it's the same way here.  /,and/CC it/PRP 's/BES the/DT same/JJ way/NN here/RB ./.,,
sw07utt/sw_0726_4443.utt,4/sw4443,4443,59,sd,B,34,4,They have a really nice championship style course that --,They/PRP have/VBP a/DT really/RB nice/JJ championship/NN style/NN course/NN that/WDT --/:,,
sw07utt/sw_0726_4443.utt,4/sw4443,4443,60,b,A,35,1,Yeah. /,Yeah/UH ./.,,
sw07utt/sw_0726_4443.utt,4/sw4443,4443,61,+,B,36,1,-- is fairly reasonable to play on. /,--/: is/VBZ fairly/RB reasonable/JJ to/TO play/VB on/IN ./.,,
sw07utt/sw_0726_4443.utt,4/sw4443,4443,62,qy,A,37,1,"Can you get {D like } [ a, + a ]  student discount type of thing #  /","Can/MD you/PRP get/VB like/UH a/DT ,/, a/DT student/NN discount/NN type/NN of/IN thing/NN",,
sw07utt/sw_0726_4443.utt,4/sw4443,4443,63,%,A,37,2,"{C or, } # -/","or/CC ,/,",,
sw07utt/sw_0726_4443.utt,4/sw4443,4443,64,na,B,38,1,"# {F Uh, } a # little bit but not a whole lot.  /","Uh/UH ,/, a/DT little/JJ bit/NN but/CC not/RB a/DT whole/JJ lot/NN ./.",,
sw07utt/sw_0726_4443.utt,4/sw4443,4443,65,sd,B,38,2,"{E I mean } [ I, + ] you'd think you would  /","I/PRP mean/VBP I/PRP ,/, you/PRP 'd/MD think/VB you/PRP would/MD",,
sw07utt/sw_0726_4443.utt,4/sw4443,4443,66,sd,B,38,3,"<laughter> {C but, } {F uh, } you don't #  /","but/CC ,/, uh/UH ,/, you/PRP do/VBP n't/RB",,
sw07utt/sw_0726_4443.utt,4/sw4443,4443,67,%,B,38,4,"{C so. } I, # -/","so/RB ./. I/PRP ,/,",,
sw07utt/sw_0726_4443.utt,4/sw4443,4443,68,b,A,39,1,# Yeah.  /,Yeah/UH ./.,,
sw07utt/sw_0726_4443.utt,4/sw4443,4443,69,qw,A,39,2,"[ [ What, + what, ] + # what ]  are green fees run there? /","What/WP ,/, what/WP ,/, what/WP are/VBP green/NN fees/NNS run/VBP there/RB ?/.",,
sw07utt/sw_0726_4443.utt,4/sw4443,4443,70,sd,B,40,1,"{F Uh, } {D well } they range anywhere from about five bucks for your basic city type course up to fifty, sixty dollars for a  really, really nice course. /","Uh/UH ,/, well/UH they/PRP range/VBP anywhere/RB from/IN about/RB five/CD bucks/NNS for/IN your/PRP$ basic/JJ city/NN type/NN course/NN up/IN to/IN fifty/CD ,/, sixty/CD dollars/NNS for/IN a/DT really/RB ,/, really/RB nice/JJ course/NN ./.",,
sw07utt/sw_0726_4443.utt,4/sw4443,4443,71,bk,A,41,1,Okay.  /,Okay/UH ./.,,
sw07utt/sw_0726_4443.utt,4/sw4443,4443,72,%,A,41,2,"That's, - /","That/DT 's/BES ,/,",,
sw07utt/sw_0726_4443.utt,4/sw4443,4443,73,%,A,41,3,"yeah,  /","yeah/UH ,/,",,
sw07utt/sw_0726_4443.utt,4/sw4443,4443,74,sd,A,41,4,that's about the same I guess as it is in Florida./,that/DT 's/BES about/RB the/DT same/JJ I/PRP guess/VBP as/IN it/PRP is/VBZ in/IN Florida/NNP ./.,,
sw07utt/sw_0726_4443.utt,4/sw4443,4443,75,%,A,41,5,"{C But, } -/","But/CC ,/,",,
sw07utt/sw_0726_4443.utt,4/sw4443,4443,76,b,B,42,1,Uh-huh.  /,Uh-huh/UH ./.,,
sw07utt/sw_0726_4443.utt,4/sw4443,4443,77,sd,B,42,2,My dad is a member of a golf club over in my home town  /,My/PRP$ dad/NN is/VBZ a/DT member/NN of/IN a/DT golf/NN club/NN over/IN in/IN my/PRP$ home/NN town/NN,,
sw07utt/sw_0726_4443.utt,4/sw4443,4443,78,sd,B,42,3,{C and } I can play for free there  /,and/CC I/PRP can/MD play/VB for/IN free/JJ there/RB,,
sw07utt/sw_0726_4443.utt,4/sw4443,4443,79,sd,B,42,4,{C and } it's a pretty nice # course. # /,and/CC it/PRP 's/BES a/DT pretty/RB nice/JJ course/NN ./.,,
sw07utt/sw_0726_4443.utt,4/sw4443,4443,80,b,A,43,1,# Really. #  /,Really/UH ./.,,
sw07utt/sw_0726_4443.utt,4/sw4443,4443,81,ba,A,43,2,"{F Oh, } that's super. /","Oh/UH ,/, that/DT 's/BES super/JJ ./.",,
sw07utt/sw_0726_4443.utt,4/sw4443,4443,82,aa,B,44,1,Yeah.  /,Yeah/UH ./.,,
sw07utt/sw_0726_4443.utt,4/sw4443,4443,83,sd,B,44,2,"{C And } I guess  ((   )) , {D well }  it's free for me # <laughter>. # /","And/CC I/PRP guess/VBP MUMBLEx/XX ,/, well/UH it/PRP 's/BES free/JJ for/IN me/PRP ./.",,
sw07utt/sw_0726_4443.utt,4/sw4443,4443,84,b,A,45,1,"# Yeah,  /","Yeah/UH ,/,",,
sw07utt/sw_0726_4443.utt,4/sw4443,4443,85,b,A,45,2,uh-huh. # /,uh-huh/UH ./.,,
sw07utt/sw_0726_4443.utt,4/sw4443,4443,86,sd,B,46,1,Somebody's paying  /,Somebody/NN 's/BES paying/VBG,,
sw07utt/sw_0726_4443.utt,4/sw4443,4443,87,sd,B,46,2,{C but } not me. /,but/CC not/RB me/PRP ./.,,
sw07utt/sw_0726_4443.utt,4/sw4443,4443,88,ba,A,47,1,"{D Well, } that's the way to do it though. /","Well/UH ,/, that/DT 's/BES the/DT way/NN to/TO do/VB it/PRP though/RB ./.",,
sw07utt/sw_0726_4443.utt,4/sw4443,4443,89,aa,B,48,1,Yeah  /,Yeah/UH,,
sw07utt/sw_0726_4443.utt,4/sw4443.pos,4443,90,x,B,48,2,<laughter>.,./.,,
sw07utt/sw_0726_4443.utt,4/sw4443,4443,91,sv,A,49,1,That's the way to get in some good practice without having to pay for it all the time <laughter>. /,That/DT 's/BES the/DT way/NN to/TO get/VB in/RP some/DT good/JJ practice/NN without/IN having/VBG to/TO pay/VB for/IN it/PRP all/PDT the/DT time/NN ./.,,
sw07utt/sw_0726_4443.utt,4/sw4443,4443,92,aa,B,50,1,"Yeah,  /","Yeah/UH ,/,",,
sw07utt/sw_0726_4443.utt,4/sw4443,4443,93,aa,B,50,2,definitely.  /,definitely/UH ./.,,
sw07utt/sw_0726_4443.utt,4/sw4443,4443,94,sd,B,50,3,"As far as watching golf,  {E I mean, } I can watch it on T V  /","As/RB far/RB as/IN watching/VBG golf/NN ,/, I/PRP mean/VBP ,/, I/PRP can/MD watch/VB it/PRP on/IN T/NN V/NN",,
sw07utt/sw_0726_4443.utt,4/sw4443,4443,95,sv,B,50,4,{C but } it's kind of boring. /,but/CC it/PRP 's/BES kind/RB of/RB boring/JJ ./.,,
sw07utt/sw_0726_4443.utt,4/sw4443,4443,96,b,A,51,1,Yeah. /,Yeah/UH ./.,,
sw07utt/sw_0726_4443.utt,4/sw4443,4443,97,sv,B,52,1,"It's nice to see those  (( [ who + ] )) , guys.  /","It/PRP 's/BES nice/JJ to/TO see/VB those/DT who/WP ,/, guys/NNS ./.",,
sw07utt/sw_0726_4443.utt,4/sw4443,4443,98,sv,B,52,2,"They have such good style that, {F uh } --","They/PRP have/VBP such/JJ good/JJ style/NN that/IN ,/, uh/UH --/:",,
sw07utt/sw_0726_4443.utt,4/sw4443,4443,99,b,A,53,1,Yeah. /,Yeah/UH ./.,,
sw07utt/sw_0726_4443.utt,4/sw4443,4443,100,+,B,54,1,"-- [ it's, + {F uh, } <laughter> it's ] pretty fun to watch. /","--/: it/PRP 's/BES ,/, uh/UH ,/, it/PRP 's/BES pretty/RB fun/JJ to/TO watch/VB ./.",,
sw07utt/sw_0726_4443.utt,4/sw4443,4443,101,sv,A,55,1,They need to get a new photography method. /,They/PRP need/VBP to/TO get/VB a/DT new/JJ photography/NN method/NN ./.,,
sw07utt/sw_0726_4443.utt,4/sw4443,4443,102,x,B,56,1,<Noise>.,,,
sw07utt/sw_0726_4443.utt,4/sw4443,4443,103,sv,A,57,1,{C Because } once the guy hits the ball and they got to try to follow the ball <laughter> --,Because/IN once/RB the/DT guy/NN hits/VBZ the/DT ball/NN and/CC they/PRP got/VBN to/TO try/VB to/TO follow/VB the/DT ball/NN --/:,,
sw07utt/sw_0726_4443.utt,4/sw4443,4443,104,aa,B,58,1,Right.  /,Right/UH ./.,,
sw07utt/sw_0726_4443.utt,4/sw4443,4443,105,aa,B,58,2,# Yeah. # /,Yeah/UH ./.,,
sw07utt/sw_0726_4443.utt,4/sw4443,4443,106,+,A,59,1,"-- # [ that's,  # +   that's  ] a little difficult./","--/: that/DT 's/BES ,/, that/DT 's/BES a/DT little/RB difficult/JJ ./.",,
sw07utt/sw_0726_4443.utt,4/sw4443,4443,107,sv,A,59,2,"I mean, it, [ they do, + they do ] a generally okay job  /","I/PRP mean/VBP ,/, it/PRP ,/, they/PRP do/VBP ,/, they/PRP do/VBP a/DT generally/RB okay/JJ job/NN",,
sw07utt/sw_0726_4443.utt,4/sw4443,4443,108,sv,A,59,3,"{C but } like you said, [ it's, + it's ]  kind of boring # {D actually. } # /","but/CC like/IN you/PRP said/VBD ,/, it/PRP 's/BES ,/, it/PRP 's/BES kind/RB of/RB boring/JJ actually/RB ./.",,
sw07utt/sw_0726_4443.utt,4/sw4443,4443,109,b,B,60,1,# Uh-huh.  /,Uh-huh/UH ./.,,
sw07utt/sw_0726_4443.utt,4/sw4443,4443,110,%,B,60,2,"#  What I really, - /","What/WP I/PRP really/RB ,/,",,
sw07utt/sw_0726_4443.utt,4/sw4443,4443,111,sd,B,60,3,"I, {F uh, } had a chance, - /","I/PRP ,/, uh/UH ,/, had/VBD a/DT chance/NN ,/,",,
sw07utt/sw_0726_4443.utt,4/sw4443,4443,112,sd,B,60,4,they had the P G A tournament up in Indianapolis last year -- /,they/PRP had/VBD the/DT P/NNP G/NNP A/NNP tournament/NN up/IN in/IN Indianapolis/NNP last/JJ year/NN --/:,,
sw07utt/sw_0726_4443.utt,4/sw4443,4443,113,bh,A,61,1,"{F Oh, } yeah? /","Oh/UH ,/, yeah/UH ?/.",,
sw07utt/sw_0726_4443.utt,4/sw4443,4443,114,sd,B,62,1,-- {C and } I was able to go and see one of the rounds of that  /,--/: and/CC I/PRP was/VBD able/JJ to/TO go/VB and/CC see/VB one/CD of/IN the/DT rounds/NNS of/IN that/DT,,
sw07utt/sw_0726_4443.utt,4/sw4443,4443,115,sd,B,62,2,{C and } that was really fun.  /,and/CC that/DT was/VBD really/RB fun/JJ ./.,,
sw07utt/sw_0726_4443.utt,4/sw4443,4443,116,sd,B,62,3,# {E I mean } you knew it # -- /,I/PRP mean/VBP you/PRP knew/VBD it/PRP --/:,,
sw07utt/sw_0726_4443.utt,4/sw4443,4443,117,aa,A,63,1,# Yeah.  /,Yeah/UH ./.,,
sw07utt/sw_0726_4443.utt,4/sw4443,4443,118,sv,A,63,2,I bet that would be  ((   )) . # -/,I/PRP bet/VBP that/DT would/MD be/VB MUMBLEx/XX ./.,,
sw07utt/sw_0726_4443.utt,4/sw4443,4443,119,sd,B,64,1,"-- I never really thought it [ was, + ]  would be that much fun to go to a big golf tournament and watch  /","--/: I/PRP never/RB really/RB thought/VBD it/PRP was/VBD ,/, would/MD be/VB that/RB much/JJ fun/NN to/TO go/VB to/IN a/DT big/JJ golf/NN tournament/NN and/CC watch/VB",,
sw07utt/sw_0726_4443.utt,4/sw4443,4443,120,sd,B,64,2,"{C but, } man, [ it was, + it was ]  something else just to follow those guys around and actually watch them play. /","but/CC ,/, man/UH ,/, it/PRP was/VBD ,/, it/PRP was/VBD something/NN else/RB just/RB to/TO follow/VB those/DT guys/NNS around/RB and/CC actually/RB watch/VB them/PRP play/VB ./.",,
sw07utt/sw_0726_4443.utt,4/sw4443,4443,121,b,A,65,1,Yeah.  /,Yeah/UH ./.,,
sw07utt/sw_0726_4443.utt,4/sw4443,4443,122,b^r,A,65,2,"Yeah,  /","Yeah/UH ,/,",,
sw07utt/sw_0726_4443.utt,4/sw4443,4443,123,sd,A,65,3,I've never been to a tournament.  /,I/PRP 've/VBP never/RB been/VBN to/IN a/DT tournament/NN ./.,,
sw07utt/sw_0726_4443.utt,4/sw4443,4443,124,sv(^q),A,65,4,"{F Uh, } {D you know, } looking at it on T V, you're thinking, man, <laughter>  what a boring thing, # {D you know. } # /","Uh/UH ,/, you/PRP know/VBP ,/, looking/VBG at/IN it/PRP on/IN T/NN V/NN ,/, you/PRP 're/VBP thinking/VBG ,/, man/UH ,/, what/WP a/DT boring/JJ thing/NN ,/, you/PRP know/VBP ./.",,
sw07utt/sw_0726_4443.utt,4/sw4443,4443,125,aa,B,66,1,# Right. # /,Right/UH ./.,,
sw07utt/sw_0726_4443.utt,4/sw4443,4443,126,sv,A,67,1,"{C But, } {F uh, } [ that's, + that's ] wild though.  /","But/CC ,/, uh/UH ,/, that/DT 's/BES ,/, that/DT 's/BES wild/JJ though/RB ./.",,
sw07utt/sw_0726_4443.utt,4/sw4443,4443,127,sd,A,67,2,I'll have to see if I can't get a # chance # --,I/PRP 'll/MD have/VB to/TO see/VB if/IN I/PRP ca/MD n't/RB get/VB a/DT chance/NN --/:,,
sw07utt/sw_0726_4443.utt,4/sw4443,4443,128,%,B,68,1,#  (( You got ))  # -- -/,You/PRP got/VBD --/:,,
sw07utt/sw_0726_4443.utt,4/sw4443,4443,129,+,A,69,1,"-- to go, /","--/: to/TO go/VB ,/,",,
sw07utt/sw_0726_4443.utt,4/sw4443,4443,130,sd,B,70,1,"-- {E I mean } [ it's, + {F uh, } it's ]  a lot more exciting than actually [ w-,  than + ] watching it on T V.  /","--/: I/PRP mean/VBP it/PRP 's/BES ,/, uh/UH ,/, it/PRP 's/BES a/DT lot/NN more/RBR exciting/JJ than/IN actually/RB w/VBG ,/, than/IN watching/VBG it/PRP on/IN T/NN V/NN ./.",,
sw07utt/sw_0726_4443.utt,4/sw4443,4443,131,sd,B,70,2,"{C And } if you pick a group of  golfers and follow them around, {E I mean, } it's just, watching them the whole time instead of like on T V, you get to see them make a tee shot -- /","And/CC if/IN you/PRP pick/VBP a/DT group/NN of/IN golfers/NNS and/CC follow/VB them/PRP around/RB ,/, I/PRP mean/VBP ,/, it/PRP 's/BES just/RB ,/, watching/VBG them/PRP the/DT whole/JJ time/NN instead/IN of/IN like/IN on/IN T/NN V/NN ,/, you/PRP get/VBP to/TO see/VB them/PRP make/VB a/DT tee/NN shot/NN --/:",,
sw07utt/sw_0726_4443.utt,4/sw4443,4443,132,b,A,71,1,Right. /,Right/UH ./.,,
sw07utt/sw_0726_4443.utt,4/sw4443,4443,133,sd,B,72,1,-- {C and then } they go off to some other hole  /,--/: and/CC then/RB they/PRP go/VBP off/IN to/IN some/DT other/JJ hole/NN,,
sw07utt/sw_0726_4443.utt,4/sw4443,4443,134,sd,B,72,2,"{C and } they come back when they're putting, /","and/CC they/PRP come/VBP back/RB when/WRB they/PRP 're/VBP putting/VBG ,/,",,
sw07utt/sw_0726_4443.utt,4/sw4443,4443,135,x,A,73,1,<Laughter>.,,,
sw07utt/sw_0726_4443.utt,4/sw4443,4443,136,sd,B,74,1,"{C but, } {D you know, } it's really something else. /","but/CC ,/, you/PRP know/VBP ,/, it/PRP 's/BES really/RB something/NN else/RB ./.",,
sw07utt/sw_0726_4443.utt,4/sw4443,4443,137,b,A,75,1,"Yeah,  /","Yeah/UH ,/,",,
sw07utt/sw_0726_4443.utt,4/sw4443,4443,138,ba,A,75,2,I can imagine.  /,I/PRP can/MD imagine/VB ./.,,
sw07utt/sw_0726_4443.utt,4/sw4443,4443,139,qw,A,75,3,((   ))   What do you do for a living? /,MUMBLEx/XX What/WP do/VBP you/PRP do/VB for/IN a/DT living/NN ?/.,,
sw07utt/sw_0726_4443.utt,4/sw4443,4443,140,sd,B,76,1,"{F Uh, } I'm a student right now. /","Uh/UH ,/, I/PRP 'm/VBP a/DT student/NN right/RB now/RB ./.",,
sw07utt/sw_0726_4443.utt,4/sw4443,4443,141,bh,A,77,1,"{F Oh, } you are? /","Oh/UH ,/, you/PRP are/VBP ?/.",,
sw07utt/sw_0726_4443.utt,4/sw4443,4443,142,ny,B,78,1,Yeah. /,Yeah/UH ./.,,
sw07utt/sw_0726_4443.utt,4/sw4443,4443,143,qw,A,79,1,"[ Which, + {F uh, } which ] university? /","Which/WDT ,/, uh/UH ,/, which/WDT university/NN ?/.",,
sw07utt/sw_0726_4443.utt,4/sw4443,4443,144,sd,B,80,1,"At, {F uh, } Indiana University. /","At/IN ,/, uh/UH ,/, Indiana/NNP University/NNP ./.",,
sw07utt/sw_0726_4443.utt,4/sw4443,4443,145,bk,A,81,1,Okay.  /,Okay/UH ./.,,
sw07utt/sw_0726_4443.utt,4/sw4443,4443,146,ba,A,81,2,"All right, great.  /","All/GW right/^UH ,/, great/UH ./.",,
sw07utt/sw_0726_4443.utt,4/sw4443,4443,147,qw,A,81,3,What are you going into? /,What/WP are/VBP you/PRP going/VBG into/IN ?/.,,
sw07utt/sw_0726_4443.utt,4/sw4443,4443,148,sd,B,82,1,"{F Uh, } I don't really know.  /","Uh/UH ,/, I/PRP do/VBP n't/RB really/RB know/VB ./.",,
sw07utt/sw_0726_4443.utt,4/sw4443,4443,149,sd,B,82,2,I'm a math computer science major right now. /,I/PRP 'm/VBP a/DT math/NN computer/NN science/NN major/NN right/RB now/RB ./.,,
sw07utt/sw_0726_4443.utt,4/sw4443,4443,150,bk,A,83,1,Okay.  /,Okay/UH ./.,,
sw07utt/sw_0726_4443.utt,4/sw4443,4443,151,qy^g,A,83,2,"Definitely not golf, right # <laughter>? # /","Definitely/RB not/RB golf/NN ,/, right/UH ?/.",,
sw07utt/sw_0726_4443.utt,4/sw4443,4443,152,nn,B,84,1,# No <laughter>. #  /,No/UH ./.,,
sw07utt/sw_0726_4443.utt,4/sw4443,4443,153,%,B,84,2,"I wi-, - /","I/PRP wi-/XX ,/,",,
sw07utt/sw_0726_4443.utt,4/sw4443,4443,154,sv,B,84,3,it'd be nice to be a pro golfer.  /,it/PRP 'd/MD be/VB nice/JJ to/TO be/VB a/DT pro/NN golfer/NN ./.,,
sw07utt/sw_0726_4443.utt,4/sw4443,4443,155,sv,B,84,4,"{E I mean, } it seems like [ that, + that ] would be an okay life #  just to hang out  /","I/PRP mean/VBP ,/, it/PRP seems/VBZ like/IN that/DT ,/, that/WDT would/MD be/VB an/DT okay/JJ life/NN just/RB to/TO hang/VB out/RP",,
sw07utt/sw_0726_4443.utt,4/sw4443,4443,156,%,B,84,5,"{C and, } # -/","and/CC ,/,",,
sw07utt/sw_0726_4443.utt,4/sw4443,4443,157,aa,A,85,1,# Yeah.  /,Yeah/UH ./.,,
sw07utt/sw_0726_4443.utt,4/sw4443,4443,158,sv,A,85,2,"If you're good, # you can really rake in the bucks. /","If/IN you/PRP 're/VBP good/JJ ,/, you/PRP can/MD really/RB rake/VB in/RB the/DT bucks/NNS ./.",,
sw07utt/sw_0726_4443.utt,4/sw4443,4443,159,%,A,85,3,"# Wh-, - /","Wh/WP ,/,",,
sw07utt/sw_0726_4443.utt,4/sw4443,4443,160,qw,A,85,4,[ what was # -- +,what/WP was/VBD --/:,,
sw07utt/sw_0726_4443.utt,4/sw4443,4443,161,b,B,86,1,# <Laughter> Yeah. # /,Yeah/UH ./.,,
sw07utt/sw_0726_4443.utt,4/sw4443,4443,162,+,A,87,1,-- what was ] that movie that they had out?  /,--/: what/WP was/VBD that/DT movie/NN that/WDT they/PRP had/VBD out/RP ?/.,,
sw07utt/sw_0726_4443.utt,4/sw4443,4443,163,%,A,87,2,"Th-, - /","Th-/EX ,/,",,
sw07utt/sw_0726_4443.utt,4/sw4443,4443,164,sd,A,87,3,there was a movie about a professional golfer  /,there/EX was/VBD a/DT movie/NN about/IN a/DT professional/JJ golfer/NN,,
sw07utt/sw_0726_4443.utt,4/sw4443,4443,165,sd,A,87,4,"{C and } # [ I, + I ] # --","and/CC I/PRP ,/, I/PRP --/:",,
sw07utt/sw_0726_4443.utt,4/sw4443,4443,166,b,B,88,1,# Huh. # /,Huh/UH ./.,,
sw07utt/sw_0726_4443.utt,4/sw4443,4443,167,+,A,89,1,-- can't remember.  /,--/: ca/MD n't/RB remember/VB ./.,,
sw07utt/sw_0726_4443.utt,4/sw4443,4443,168,sd,A,89,2,It was on network T V a couple of times. /,It/PRP was/VBD on/IN network/NN T/NN V/NN a/DT couple/NN of/IN times/NNS ./.,,
sw07utt/sw_0726_4443.utt,4/sw4443,4443,169,bh,B,90,1,"{F Oh, } yeah? /","Oh/UH ,/, yeah/UH ?/.",,
sw07utt/sw_0726_4443.utt,4/sw4443,4443,170,ny,A,91,1,Yeah. /,Yeah/UH ./.,,
sw07utt/sw_0726_4443.utt,4/sw4443,4443,171,sv,B,92,1,"{D Well, } {D you know, } it seems like, {D well } you go to work every weekend.  Play, maybe, one, two tournaments a month.  # You come in about tenth,  you'd still # --","Well/UH ,/, you/PRP know/VBP ,/, it/PRP seems/VBZ like/IN ,/, well/UH you/PRP go/VBP to/IN work/NN every/DT weekend/NN ./. Play/VB ,/, maybe/RB ,/, one/CD ,/, two/CD tournaments/NNS a/DT month/NN ./. You/PRP come/VBP in/RB about/RB tenth/JJ ,/, you/PRP 'd/MD still/RB --/:",,
sw07utt/sw_0726_4443.utt,4/sw4443,4443,172,aa,A,93,1,# That's right.  ((   )) . # /,That/DT 's/BES right/JJ ./. MUMBLEx/XX ./.,,
sw07utt/sw_0726_4443.utt,4/sw4443,4443,173,+,B,94,1,-- be doing pretty well. /,--/: be/VB doing/VBG pretty/RB well/RB ./.,,
sw07utt/sw_0726_4443.utt,4/sw4443,4443,174,x,A,95,1,<Laughter>.,,,
sw07utt/sw_0726_4443.utt,4/sw4443,4443,175,%,B,96,1,<Laughter> {C So. } -/,So/RB ./.,,
sw07utt/sw_0726_4443.utt,4/sw4443,4443,176,aa,A,97,1,"Yeah,  /","Yeah/UH ,/,",,
sw07utt/sw_0726_4443.utt,4/sw4443,4443,177,sv,A,97,2,that's a good thing. /,that/DT 's/BES a/DT good/JJ thing/NN ./.,,
sw07utt/sw_0726_4443.utt,4/sw4443,4443,178,b,B,98,1,Yeah. /,Yeah/UH ./.,,
sw07utt/sw_0726_4443.utt,4/sw4443,4443,179,b,A,99,1,"{C But, } {F uh, } yeah.  /","But/CC ,/, uh/UH ,/, yeah/UH ./.",,
sw07utt/sw_0726_4443.utt,4/sw4443,4443,180,sd,A,99,2,"I guess when I get back,  I'm going to school in Florida {D actually. }  /","I/PRP guess/VBP when/WRB I/PRP get/VBP back/RB ,/, I/PRP 'm/VBP going/VBG to/TO school/NN in/IN Florida/NNP actually/RB ./.",,
sw07utt/sw_0726_4443.utt,4/sw4443,4443,181,sd,A,99,3,"{F Uh, } {C and, } fortunately, I've been able  [ to, + to ] play some golf on a student budget which is --","Uh/UH ,/, and/CC ,/, fortunately/RB ,/, I/PRP 've/VBP been/VBN able/JJ to/TO ,/, to/TO play/VB some/DT golf/NN on/IN a/DT student/NN budget/NN which/WDT is/VBZ --/:",,
sw07utt/sw_0726_4443.utt,4/sw4443,4443,182,b,B,100,1,Uh-huh. /,Uh-huh/UH ./.,,
sw07utt/sw_0726_4443.utt,4/sw4443,4443,183,+,A,101,1,"-- <Noise> real helpful, {D you know. }  /","--/: real/RB helpful/JJ ,/, you/PRP know/VBP ./.",,
sw07utt/sw_0726_4443.utt,4/sw4443,4443,184,sv,A,101,2,"{C But, }  [ it, + it's ] unfortunate, {D you know. }  /","But/CC ,/, it/PRP ,/, it/PRP 's/BES unfortunate/JJ ,/, you/PRP know/VBP ./.",,
sw07utt/sw_0726_4443.utt,4/sw4443,4443,185,sd,A,101,3,You hear about Japan.,You/PRP hear/VBP about/IN Japan/NNP ./.,,
sw07utt/sw_0726_4443.utt,4/sw4443,4443,186,b,B,102,1,Right <laughter>. /,Right/UH ./.,,
sw07utt/sw_0726_4443.utt,4/sw4443,4443,187,+,A,103,1,"I guess, {D you know, } [ it's, + it's ] like two hundred fifty dollar minimum or  three hundred dollar minimum just [ to, + {D like } to ]  practice even  ((   )) . /","I/PRP guess/VBP ,/, you/PRP know/VBP ,/, it/PRP 's/BES ,/, it/PRP 's/BES like/IN two/CD hundred/CD fifty/CD dollar/NN minimum/NN or/CC three/CD hundred/CD dollar/NN minimum/NN just/RB to/TO ,/, like/IN to/TO practice/VB even/RB MUMBLEx/XX ./.",,
sw07utt/sw_0726_4443.utt,4/sw4443,4443,188,b,B,104,1,Yeah.  /,Yeah/UH ./.,,
sw07utt/sw_0726_4443.utt,4/sw4443,4443,189,sd,B,104,2,{C And } those fees to join a club.  /,And/CC those/DT fees/NNS to/TO join/VB a/DT club/NN ./.,,
sw07utt/sw_0726_4443.utt,4/sw4443,4443,190,sv,B,104,3,{D Like } a million dollars or whatever is just -- -/,Like/IN a/DT million/CD dollars/NNS or/CC whatever/WDT is/VBZ just/RB --/:,,
sw07utt/sw_0726_4443.utt,4/sw4443,4443,191,b,A,105,1,Yeah. /,Yeah/UH ./.,,
sw07utt/sw_0726_4443.utt,4/sw4443,4443,192,sv,B,106,1,-- that is out of control. /,--/: that/DT is/VBZ out/IN of/IN control/NN ./.,,
sw07utt/sw_0726_4443.utt,4/sw4443,4443,193,x,A,107,1,<Laughter>.,,,
sw07utt/sw_0726_4443.utt,4/sw4443,4443,194,sv,B,108,1,"<Laughter> {E I mean } you'd really want to <noise>,  really be liking your golf. /","I/PRP mean/VBP you/PRP 'd/MD really/RB want/VB to/TO ,/, really/RB be/VB liking/VBG your/PRP$ golf/NN ./.",,
sw07utt/sw_0726_4443.utt,4/sw4443,4443,195,aa,A,109,1,Yeah.  /,Yeah/UH ./.,,
sw07utt/sw_0726_4443.utt,4/sw4443,4443,196,sd,A,109,2,"I guess they have those, {F uh, }  driving ranges that are actually stacked one on top of # the other. # /","I/PRP guess/VBP they/PRP have/VBP those/DT ,/, uh/UH ,/, driving/NN ranges/NNS that/WDT are/VBP actually/RB stacked/VBN one/CD on/IN top/NN of/IN the/DT other/NN ./.",,
sw07utt/sw_0726_4443.utt,4/sw4443,4443,197,b,B,110,1,# Yeah  /,Yeah/UH,,
sw07utt/sw_0726_4443.utt,4/sw4443,4443,198,sd,B,110,2,"<laughter>, # I saw one of those on T V.  /",",/, I/PRP saw/VBD one/CD of/IN those/DT on/JJ T/NN V/NN ./.",,
sw07utt/sw_0726_4443.utt,4/sw4443,4443,199,sv,B,110,3,That is pretty # wild. # /,That/DT is/VBZ pretty/RB wild/JJ ./.,,
sw07utt/sw_0726_4443.utt,4/sw4443,4443,200,b,A,111,1,Yeah.  /,Yeah/UH ./.,,
sw07utt/sw_0726_4443.utt,4/sw4443,4443,201,b^r,A,111,2,"Yeah,  /","Yeah/UH ,/,",,
sw07utt/sw_0726_4443.utt,4/sw4443,4443,202,sd,A,111,3,"[ I, + I ]  played, {F uh, } {F uh, } eighteen holes with some Japanese guys [ in, + in ] Gainesville, as a matter of fact.  /","I/PRP ,/, I/PRP played/VBD ,/, uh/UH ,/, uh/UH ,/, eighteen/CD holes/NNS with/IN some/DT Japanese/JJ guys/NNS in/IN ,/, in/IN Gainesville/NNP ,/, as/IN a/DT matter/NN of/IN fact/NN ./.",,
sw07utt/sw_0726_4443.utt,4/sw4443,4443,203,sd,A,111,4,{C And } it was really wild.  /,And/CC it/PRP was/VBD really/RB wild/JJ ./.,,
sw07utt/sw_0726_4443.utt,4/sw4443,4443,204,sd,A,111,5,They were into it. /,They/PRP were/VBD into/IN it/PRP ./.,,
sw07utt/sw_0726_4443.utt,4/sw4443,4443,205,b,B,112,1,Yeah. /,Yeah/UH ./.,,
sw07utt/sw_0726_4443.utt,4/sw4443,4443,206,sd,A,113,1,"{D You know, } they kicked our butt all the way to, -/","You/PRP know/VBP ,/, they/PRP kicked/VBD our/PRP$ butt/NN all/PDT the/DT way/NN to/IN ,/,",,
