swda_filename,ptb_basename,conversation_no,transcript_index,act_tag,caller,utterance_index,subutterance_index,text,pos,trees,ptb_treenumbers
sw06utt/sw_0688_2181.utt,2/sw2181,2181,0,o,A,1,1,"<Beep> Yes,  /","Yes/UH ,/,",,
sw06utt/sw_0688_2181.utt,2/sw2181,2181,1,sd,A,1,2,I saw HOME ALONE with  some friends just a couple days ago.  /,I/PRP saw/VBD HOME/NN ALONE/JJ with/IN some/DT friends/NNS just/RB a/DT couple/NN days/NNS ago/RB ./.,,
sw06utt/sw_0688_2181.utt,2/sw2181,2181,2,sd,A,1,3,"I wanted to see it, {F uh, } because there  was, {F uh, } much recommended,","I/PRP wanted/VBD to/TO see/VB it/PRP ,/, uh/UH ,/, because/IN there/EX was/VBD ,/, uh/UH ,/, much/JJ recommended/VBN ,/,",,
sw06utt/sw_0688_2181.utt,2/sw2181,2181,3,x,B,2,1,<Laughter>.,,,
sw06utt/sw_0688_2181.utt,2/sw2181,2181,4,+,A,3,1,for months and months and months  /,for/IN months/NNS and/CC months/NNS and/CC months/NNS,,
sw06utt/sw_0688_2181.utt,2/sw2181,2181,5,sd,A,3,2,"{C and } it was [ a, +  a ] genre that I wasn't in the least bit interested in,  /","and/CC it/PRP was/VBD a/DT ,/, a/DT genre/NN that/WDT I/PRP was/VBD n't/RB in/IN the/DT least/JJS bit/NN interested/JJ in/IN ,/,",,
sw06utt/sw_0688_2181.utt,2/sw2181,2181,6,sd,A,3,3,"{C and } I usually, when I hear about a movie that's supposed to be very good --","and/CC I/PRP usually/RB ,/, when/WRB I/PRP hear/VBP about/IN a/DT movie/NN that/WDT 's/BES supposed/VBN to/TO be/VB very/RB good/JJ --/:",,
sw06utt/sw_0688_2181.utt,2/sw2181,2181,7,b,B,4,1,Uh-huh. /,Uh-huh/UH ./.,,
sw06utt/sw_0688_2181.utt,2/sw2181,2181,8,+,A,5,1,"-- even if it's in a genre I don't like, - /","--/: even/RB if/IN it/PRP 's/BES in/IN a/DT genre/NN I/PRP do/VBP n't/RB like/VB ,/,",,
sw06utt/sw_0688_2181.utt,2/sw2181,2181,9,sd,A,5,2,"I figure, {D well, } I should go see it, because if this is, {D you know, }  the best of the genre and I should know about it, or something like that -- /","I/PRP figure/VBP ,/, well/UH ,/, I/PRP should/MD go/VB see/VB it/PRP ,/, because/IN if/IN this/DT is/VBZ ,/, you/PRP know/VBP ,/, the/DT best/JJS of/IN the/DT genre/NN and/CC I/PRP should/MD know/VB about/IN it/PRP ,/, or/CC something/NN like/IN that/DT --/:",,
sw06utt/sw_0688_2181.utt,2/sw2181,2181,10,b,B,6,1,"Yeah,  /","Yeah/UH ,/,",,
sw06utt/sw_0688_2181.utt,2/sw2181,2181,11,b,B,6,2,"right, uh-huh. /","right/UH ,/, uh-huh/UH ./.",,
sw06utt/sw_0688_2181.utt,2/sw2181,2181,12,sd(^q),A,7,1,"-- {C and } I usually come away  thinking, no I really don't like this show <laughter>. /","--/: and/CC I/PRP usually/RB come/VBP away/RB thinking/VBG ,/, no/UH I/PRP really/RB do/VBP n't/RB like/VB this/DT show/NN ./.",,
sw06utt/sw_0688_2181.utt,2/sw2181,2181,13,b,B,8,1,"<Laughter> Yeah,  /","Yeah/UH ,/,",,
sw06utt/sw_0688_2181.utt,2/sw2181,2181,14,sd,B,8,2,"[ [ [ I, +  I, ] +  I, ] +   I ] feel that way when movies are {D like } blown up, out of proportion, {D you know -- } /","I/PRP ,/, I/PRP ,/, I/PRP ,/, I/PRP feel/VBP that/DT way/NN when/WRB movies/NNS are/VBP like/IN blown/VBN up/RP ,/, out/IN of/IN proportion/NN ,/, you/PRP know/VBP --/:",,
sw06utt/sw_0688_2181.utt,2/sw2181,2181,15,b,A,9,1,Yeah. /,Yeah/UH ./.,,
sw06utt/sw_0688_2181.utt,2/sw2181,2181,16,sd,B,10,1,"-- usually people tell you how good  they are,  /","--/: usually/RB people/NNS tell/VBP you/PRP how/WRB good/JJ they/PRP are/VBP ,/,",,
sw06utt/sw_0688_2181.utt,2/sw2181,2181,17,sd,B,10,2,"{C and } you always, {D you know, } end up with expectations too high or whatever, /","and/CC you/PRP always/RB ,/, you/PRP know/VBP ,/, end/VBP up/RP with/IN expectations/NNS too/RB high/JJ or/CC whatever/WP ,/,",,
sw06utt/sw_0688_2181.utt,2/sw2181,2181,18,b,A,11,1,"Yeah,  /","Yeah/UH ,/,",,
sw06utt/sw_0688_2181.utt,2/sw2181,2181,19,b^r,A,11,2,yeah. /,yeah/UH ./.,,
sw06utt/sw_0688_2181.utt,2/sw2181,2181,20,b,B,12,1,Right. /,Right/UH ./.,,
sw06utt/sw_0688_2181.utt,2/sw2181,2181,21,sd,A,13,1,"{D Well, } [ the, +   the  ] problem  I had with the movie was the problem I've had with a lot of, {F uh, } I guess, Hollywood movies --","Well/UH ,/, the/DT ,/, the/DT problem/NN I/PRP had/VBD with/IN the/DT movie/NN was/VBD the/DT problem/NN I/PRP 've/VBP had/VBN with/IN a/DT lot/NN of/IN ,/, uh/UH ,/, I/PRP guess/VBP ,/, Hollywood/NNP movies/NNS --/:",,
sw06utt/sw_0688_2181.utt,2/sw2181,2181,22,b,B,14,1,Uh-huh. /,Uh-huh/UH ./.,,
sw06utt/sw_0688_2181.utt,2/sw2181,2181,23,+,A,15,1,"-- which is [ they are, +  it's a formula movie,  /","--/: which/WDT is/VBZ they/PRP are/VBP ,/, it/PRP 's/BES a/DT formula/NN movie/NN ,/,",,
sw06utt/sw_0688_2181.utt,2/sw2181,2181,24,sv,A,15,2,and they're ] making the movie according to certain formula that's a good formula -- /,and/CC they/PRP 're/VBP making/VBG the/DT movie/NN according/VBG to/IN certain/JJ formula/NN that/WDT 's/BES a/DT good/JJ formula/NN --/:,,
sw06utt/sw_0688_2181.utt,2/sw2181,2181,25,b,B,16,1,Uh-huh. /,Uh-huh/UH ./.,,
sw06utt/sw_0688_2181.utt,2/sw2181,2181,26,sv,A,17,1,"-- {C but } they seem to fall short  [ of, +  of ] being really creative with a lot of things,  /","--/: but/CC they/PRP seem/VBP to/TO fall/VB short/JJ of/IN ,/, of/IN being/VBG really/RB creative/JJ with/IN a/DT lot/NN of/IN things/NNS ,/,",,
sw06utt/sw_0688_2181.utt,2/sw2181,2181,27,sd,A,17,2,{E I mean -- },I/PRP mean/VBP --/:,,
sw06utt/sw_0688_2181.utt,2/sw2181,2181,28,b,B,18,1,"Yeah,  /","Yeah/UH ,/,",,
sw06utt/sw_0688_2181.utt,2/sw2181,2181,29,b,B,18,2,uh-huh. /,uh-huh/UH ./.,,
sw06utt/sw_0688_2181.utt,2/sw2181,2181,30,+,A,19,1,"-- here's the situation of this kid  at home, {D you know, }  /","--/: here/RB 's/BES the/DT situation/NN of/IN this/DT kid/NN at/IN home/NN ,/, you/PRP know/VBP ,/,",,
sw06utt/sw_0688_2181.utt,2/sw2181,2181,31,sd,A,19,2,it's a classic slapstick situation with these bungling burglars trying to get in -- /,it/PRP 's/BES a/DT classic/JJ slapstick/NN situation/NN with/IN these/DT bungling/VBG burglars/NNS trying/VBG to/TO get/VB in/IN --/:,,
sw06utt/sw_0688_2181.utt,2/sw2181,2181,32,aa,B,20,1,Right. /,Right/UH ./.,,
sw06utt/sw_0688_2181.utt,2/sw2181,2181,33,sv,A,21,1,"-- {C and, } {D you know, } he did some  clever things,  /","--/: and/CC ,/, you/PRP know/VBP ,/, he/PRP did/VBD some/DT clever/JJ things/NNS ,/,",,
sw06utt/sw_0688_2181.utt,2/sw2181,2181,34,sv,A,21,2,"{C but } given the size of the house and how clever the kid was, it seems  to me they could have done a lot more, {E I mean, } {D you know, } basically  stepping on things and yelling in pain -- /","but/CC given/VBN the/DT size/NN of/IN the/DT house/NN and/CC how/WRB clever/JJ the/DT kid/NN was/VBD ,/, it/PRP seems/VBZ to/IN me/PRP they/PRP could/MD have/VB done/VBN a/DT lot/NN more/JJR ,/, I/PRP mean/VBP ,/, you/PRP know/VBP ,/, basically/RB stepping/VBG on/IN things/NNS and/CC yelling/VBG in/IN pain/NN --/:",,
sw06utt/sw_0688_2181.utt,2/sw2181,2181,35,b,B,22,1,Yeah  /,Yeah/UH,,
sw06utt/sw_0688_2181.utt,2/sw2181.pos,2181,36,x,B,22,2,<laughter>.,./.
sw06utt/sw_0688_2181.utt,2/sw2181,2181,37,sv,A,23,1,-- {C and } it seems to me they could  have been a lot more creative stuff used. /,--/: and/CC it/PRP seems/VBZ to/IN me/PRP they/PRP could/MD have/VB been/VBN a/DT lot/NN more/RBR creative/JJ stuff/NN used/VBN ./.,,
sw06utt/sw_0688_2181.utt,2/sw2181,2181,38,b,B,24,1,Yeah.  /,Yeah/UH ./.,,
sw06utt/sw_0688_2181.utt,2/sw2181,2181,39,sd,B,24,2,"I was very surprised that did  do a slapstick movie, because that's, {F uh, } not really the way comedies are right now -- /","I/PRP was/VBD very/RB surprised/VBN that/IN did/VBD do/VBP a/DT slapstick/NN movie/NN ,/, because/IN that/DT 's/BES ,/, uh/UH ,/, not/RB really/RB the/DT way/NN comedies/NNS are/VBP right/RB now/RB --/:",,
sw06utt/sw_0688_2181.utt,2/sw2181,2181,40,b,A,25,1,Uh-huh. /,Uh-huh/UH ./.,,
sw06utt/sw_0688_2181.utt,2/sw2181,2181,41,sv,B,26,1,"-- {D you know, } all the comedies are  more like jokes and, {D you know, } gags and  stuff like that -- /","--/: you/PRP know/VBP ,/, all/PDT the/DT comedies/NNS are/VBP more/JJR like/IN jokes/NNS and/CC ,/, you/PRP know/VBP ,/, gags/NNS and/CC stuff/NN like/IN that/DT --/:",,
sw06utt/sw_0688_2181.utt,2/sw2181,2181,42,b,A,27,1,"Uh-huh,  /","Uh-huh/UH ,/,",,
sw06utt/sw_0688_2181.utt,2/sw2181,2181,43,b^r,A,27,2,uh-huh. /,uh-huh/UH ./.,,
sw06utt/sw_0688_2181.utt,2/sw2181,2181,44,sv,B,28,1,-- there's not as much slapstick anymore. /,--/: there/EX 's/BES not/RB as/IN much/JJ slapstick/NN anymore/RB ./.,,
sw06utt/sw_0688_2181.utt,2/sw2181,2181,45,sd,A,29,1,"{D Well, } I guess it was [ a, +  {F uh, } a ]  very successful movie financially,  /","Well/UH ,/, I/PRP guess/VBP it/PRP was/VBD a/DT ,/, uh/UH ,/, a/DT very/RB successful/JJ movie/NN financially/RB ,/,",,
sw06utt/sw_0688_2181.utt,2/sw2181,2181,46,sv,A,29,2,{C so } --,so/RB --/:,,
sw06utt/sw_0688_2181.utt,2/sw2181,2181,47,b,B,30,1,Uh-huh. /,Uh-huh/UH ./.,,
sw06utt/sw_0688_2181.utt,2/sw2181,2181,48,+,A,31,1,-- we may see more slapstick. /,--/: we/PRP may/MD see/VB more/JJR slapstick/NN ./.,,
sw06utt/sw_0688_2181.utt,2/sw2181,2181,49,aa,B,32,1,"Yeah,  /","Yeah/UH ,/,",,
sw06utt/sw_0688_2181.utt,2/sw2181,2181,50,sv,B,32,2,"[ tha-, +  {D well, } that's ] true,  /","tha-/DT ,/, well/UH ,/, that/DT 's/BES true/JJ ,/,",,
sw06utt/sw_0688_2181.utt,2/sw2181,2181,51,sv,B,32,3,it's very cheap to make a slapstick movie. /,it/PRP 's/BES very/RB cheap/JJ to/TO make/VB a/DT slapstick/NN movie/NN ./.,,
sw06utt/sw_0688_2181.utt,2/sw2181,2181,52,aa,A,33,1,"Yeah,  /","Yeah/UH ,/,",,
sw06utt/sw_0688_2181.utt,2/sw2181,2181,53,sv,A,33,2,"[ it  is, + it is, ]  /","it/PRP is/VBZ ,/, it/PRP is/VBZ ,/,",,
sw06utt/sw_0688_2181.utt,2/sw2181,2181,54,sd,A,33,3,"{C and } I guess you don't have to,   {C but, } {D you know, } if you look at {F oh, } - /","and/CC I/PRP guess/VBP you/PRP do/VBP n't/RB have/VB to/TO ,/, but/CC ,/, you/PRP know/VBP ,/, if/IN you/PRP look/VBP at/IN oh/UH ,/,",,
sw06utt/sw_0688_2181.utt,2/sw2181,2181,55,qy,A,33,4,have you ever seen any of the  ((   ))  movies? /,have/VBP you/PRP ever/RB seen/VBD any/DT of/IN the/DT MUMBLEx/XX movies/NNS ?/.,,
sw06utt/sw_0688_2181.utt,2/sw2181,2181,56,br,B,34,1,Excuse me? /,Excuse/VB me/PRP ?/.,,
sw06utt/sw_0688_2181.utt,2/sw2181,2181,57,sd,A,35,1,The French movies that  ((   )) . -/,The/DT French/JJ movies/NNS that/WDT MUMBLEx/XX ./.,,
sw06utt/sw_0688_2181.utt,2/sw2181,2181,58,nn,B,36,1,"No,  /","No/UH ,/,",,
sw06utt/sw_0688_2181.utt,2/sw2181,2181,59,ng,B,36,2,"not really,  /","not/RB really/RB ,/,",,
sw06utt/sw_0688_2181.utt,2/sw2181,2181,60,sd,B,36,3,"the last movie I  saw I guess, {F uh, } was, {F uh, } {F uh, } the one about [ the French, +  the Frenchman ]  that leaves and comes back, and he's someone different.   /","the/DT last/JJ movie/NN I/PRP saw/VBD I/PRP guess/VBP ,/, uh/UH ,/, was/VBD ,/, uh/UH ,/, uh/UH ,/, the/DT one/NN about/IN the/DT French/NNP ,/, the/DT Frenchman/NNP that/WDT leaves/VBZ and/CC comes/VBZ back/RB ,/, and/CC he/PRP 's/BES someone/NN different/JJ ./.",,
sw06utt/sw_0688_2181.utt,2/sw2181,2181,61,%,B,36,4,"{F Um, } he's, {F uh, } - /","Um/UH ,/, he/PRP 's/BES ,/, uh/UH ,/,",,
sw06utt/sw_0688_2181.utt,2/sw2181,2181,62,sd,B,36,5,"{F well, } it's about a man, {F uh, } that, {F uh, } leaves his home and comes back to his wife,  /","well/UH ,/, it/PRP 's/BES about/IN a/DT man/NN ,/, uh/UH ,/, that/WDT ,/, uh/UH ,/, leaves/VBZ his/PRP$ home/NN and/CC comes/VBZ back/RB to/IN his/PRP$ wife/NN ,/,",,
sw06utt/sw_0688_2181.utt,2/sw2181,2181,63,sd,B,36,6,{C and } his wife's all excited  /,and/CC his/PRP$ wife/NN 's/BES all/DT excited/VBN,,
sw06utt/sw_0688_2181.utt,2/sw2181,2181,64,sd,B,36,7,"{C but } the guy that comes back is not her original husband,  /","but/CC the/DT guy/NN that/WDT comes/VBZ back/RB is/VBZ not/RB her/PRP$ original/JJ husband/NN ,/,",,
sw06utt/sw_0688_2181.utt,2/sw2181,2181,65,sv,B,36,8,"{C but, } {F um. }","but/CC ,/, um/UH ./.",,
sw06utt/sw_0688_2181.utt,2/sw2181,2181,66,%,A,37,1,{F Um. } /,Um/UH ./.,,
sw06utt/sw_0688_2181.utt,2/sw2181,2181,67,+,B,38,1,"O'Gear <<phonetically spelled>>,  {F um, } I'm sure you've heard of it,  /","O'Gear/NNP ,/, um/UH ,/, I/PRP 'm/VBP sure/JJ you/PRP 've/VBP heard/VBN of/IN it/PRP ,/,",,
sw06utt/sw_0688_2181.utt,2/sw2181,2181,68,sv,B,38,2,"it was a very famous, {F uh, } popular movie.  /","it/PRP was/VBD a/DT very/RB famous/JJ ,/, uh/UH ,/, popular/JJ movie/NN ./.",,
sw06utt/sw_0688_2181.utt,2/sw2181,2181,69,sd,B,38,3,"Norman Gray,  /","Norman/NNP Gray/NNP ,/,",,
sw06utt/sw_0688_2181.utt,2/sw2181,2181,70,sd,B,38,4,Norman Gear. /,Norman/NNP Gear/NNP ./.,,
sw06utt/sw_0688_2181.utt,2/sw2181,2181,71,ar,A,39,1,"No,  /","No/UH ,/,",,
sw06utt/sw_0688_2181.utt,2/sw2181,2181,72,sd,A,39,2,"I'm not with you so far, /","I/PRP 'm/VBP not/RB with/IN you/PRP so/RB far/RB ,/,",,
sw06utt/sw_0688_2181.utt,2/sw2181,2181,73,sd,B,40,1,"{F Oh, } shoot, I'm going to hit myself  after I hang up.  /","Oh/UH ,/, shoot/UH ,/, I/PRP 'm/VBP going/VBG to/TO hit/VB myself/PRP after/IN I/PRP hang/VBP up/RP ./.",,
sw06utt/sw_0688_2181.utt,2/sw2181,2181,74,sd,B,40,2,I'll remember the name. /,I/PRP 'll/MD remember/VB the/DT name/NN ./.,,
sw06utt/sw_0688_2181.utt,2/sw2181,2181,75,x,A,41,1,<Laughter>.,,,
sw06utt/sw_0688_2181.utt,2/sw2181,2181,76,sd,B,42,1,"{C But, } {F uh, } anyway, that was a French movie -- /","But/CC ,/, uh/UH ,/, anyway/UH ,/, that/DT was/VBD a/DT French/JJ movie/NN --/:",,
sw06utt/sw_0688_2181.utt,2/sw2181,2181,77,b,A,43,1,Uh-huh. /,Uh-huh/UH ./.,,
sw06utt/sw_0688_2181.utt,2/sw2181,2181,78,sd,B,44,1,"-- [ it was, +  {F um, } that was ]  the last one I saw downtown,  /","--/: it/PRP was/VBD ,/, um/UH ,/, that/DT was/VBD the/DT last/JJ one/NN I/PRP saw/VBD downtown/RB ,/,",,
sw06utt/sw_0688_2181.utt,2/sw2181,2181,79,sd,B,44,2,{C but } I live in D C --,but/CC I/PRP live/VBP in/IN D/NNP C/NNP --/:,,
sw06utt/sw_0688_2181.utt,2/sw2181,2181,80,b,A,45,1,Uh-huh. /,Uh-huh/UH ./.,,
sw06utt/sw_0688_2181.utt,2/sw2181,2181,81,+,B,46,1,"-- {D well, } {D actually }  Falls Church, Virginia, outside the city -- /","--/: well/UH ,/, actually/UH Falls/NNP Church/NNP ,/, Virginia/NNP ,/, outside/IN the/DT city/NN --/:",,
sw06utt/sw_0688_2181.utt,2/sw2181,2181,82,b,A,47,1,Uh-huh. /,Uh-huh/UH ./.,,
sw06utt/sw_0688_2181.utt,2/sw2181,2181,83,sd,B,48,1,"-- [ {C and, } + {F uh, } {C so } ]  a lot of times they have [ [ the, +  the, ] +   the, ] international films downtown -- /","--/: and/CC ,/, uh/UH ,/, so/RB a/DT lot/NN of/IN times/NNS they/PRP have/VBP the/DT ,/, the/DT ,/, the/DT ,/, international/JJ films/NNS downtown/RB --/:",,
sw06utt/sw_0688_2181.utt,2/sw2181,2181,84,b,A,49,1,"{F Oh, } yeah. /","Oh/UH ,/, yeah/UH ./.",,
sw06utt/sw_0688_2181.utt,2/sw2181,2181,85,sv,B,50,1,"-- [ {C but, } + {F uh, } {C so } ]  this, {F uh, } French I guess are into the slapsti-,  /","--/: but/CC ,/, uh/UH ,/, so/RB this/DT ,/, uh/UH ,/, French/JJ I/PRP guess/VBP are/VBP into/IN the/DT slapsti-/NN ,/,",,
sw06utt/sw_0688_2181.utt,2/sw2181,2181,86,sv,B,50,2,"I guess they would like Jerry Lewis, too. /","I/PRP guess/VBP they/PRP would/MD like/IN Jerry/NNP Lewis/NNP ,/, too/RB ./.",,
sw06utt/sw_0688_2181.utt,2/sw2181,2181,87,%,A,51,1,"[ They have, +  they have ] a  ((   )) - /","They/PRP have/VBP ,/, they/PRP have/VBP a/DT MUMBLEx/XX",,
sw06utt/sw_0688_2181.utt,2/sw2181,2181,88,sd,A,51,2,"Yes they like your Lewis much to the chagrin [ of sophisticated Am-, +    ((   ))  of sophisticated American ] everywhere. /","Yes/UH they/PRP like/VBP your/PRP$ Lewis/NNP much/JJ to/IN the/DT chagrin/NN of/IN sophisticated/JJ Am-/NNP ,/, MUMBLEx/XX of/IN sophisticated/JJ American/NNP everywhere/RB ./.",,
sw06utt/sw_0688_2181.utt,2/sw2181,2181,89,b,B,52,1,Right. /,Right/UH ./.,,
sw06utt/sw_0688_2181.utt,2/sw2181,2181,90,sd,A,53,1,"{C But } they have this one guy  ((   ))   who does slapstick comedy,  /","But/CC they/PRP have/VBP this/DT one/CD guy/NN MUMBLEx/XX who/WP does/VBZ slapstick/NN comedy/NN ,/,",,
sw06utt/sw_0688_2181.utt,2/sw2181,2181,91,sv,A,53,2,"{C and } there's something about it that's so innovative,  {D you know, }  /","and/CC there/EX 's/BES something/NN about/IN it/PRP that/DT 's/BES so/RB innovative/JJ ,/, you/PRP know/VBP ,/,",,
sw06utt/sw_0688_2181.utt,2/sw2181,2181,92,sd,A,53,3,"he'll have trouble picking up his hat, or catching his umbrella blowing  in the wind, or something,  /","he/PRP 'll/MD have/VB trouble/NN picking/VBG up/RP his/PRP$ hat/NN ,/, or/CC catching/VBG his/PRP$ umbrella/NN blowing/VBG in/IN the/DT wind/NN ,/, or/CC something/NN ,/,",,
sw06utt/sw_0688_2181.utt,2/sw2181,2181,93,sv,A,53,4,"{C but } there's something about it [ that just, +   it isn't just ] slapstick,  /","but/CC there/EX 's/BES something/NN about/IN it/PRP that/WDT just/RB ,/, it/PRP is/VBZ n't/RB just/RB slapstick/NN ,/,",,
sw06utt/sw_0688_2181.utt,2/sw2181,2181,94,sv,A,53,5,there's something about the human character in it -- /,there/EX 's/BES something/NN about/IN the/DT human/JJ character/NN in/IN it/PRP --/:,,
sw06utt/sw_0688_2181.utt,2/sw2181,2181,95,b,B,54,1,"{F Oh, } uh-huh. /","Oh/UH ,/, uh-huh/UH ./.",,
sw06utt/sw_0688_2181.utt,2/sw2181,2181,96,sd,A,55,1,"-- {C and } that's what I find lacking  in a lot of, {D you know, } like HOME ALONE.  /","--/: and/CC that/DT 's/BES what/WP I/PRP find/VBP lacking/VBG in/IN a/DT lot/NN of/IN ,/, you/PRP know/VBP ,/, like/IN HOME/NN ALONE/JJ ./.",,
sw06utt/sw_0688_2181.utt,2/sw2181,2181,97,sv,A,55,2,There was a lot of the human character when  he was home alone and he was trying --,There/EX was/VBD a/DT lot/NN of/IN the/DT human/JJ character/NN when/WRB he/PRP was/VBD home/RB alone/JJ and/CC he/PRP was/VBD trying/VBG --/:,,
sw06utt/sw_0688_2181.utt,2/sw2181,2181,98,b,B,56,1,Right. /,Right/UH ./.,,
sw06utt/sw_0688_2181.utt,2/sw2181,2181,99,+,A,57,1,--  ((   )) - /,--/: MUMBLEx/XX,,
sw06utt/sw_0688_2181.utt,2/sw2181,2181,100,sv,A,57,2,"{C and } there was a lot  of human character there,  /","and/CC there/EX was/VBD a/DT lot/NN of/IN human/JJ character/NN there/RB ,/,",,
sw06utt/sw_0688_2181.utt,2/sw2181,2181,101,sv,A,57,3,"{C but } when it was, the real slapstick moments, him versus the criminals  kind of thing, it just sort of lost the human element --","but/CC when/WRB it/PRP was/VBD ,/, the/DT real/JJ slapstick/NN moments/NNS ,/, him/PRP versus/IN the/DT criminals/NNS kind/NN of/IN thing/NN ,/, it/PRP just/RB sort/RB of/RB lost/VBD the/DT human/JJ element/NN --/:",,
sw06utt/sw_0688_2181.utt,2/sw2181,2181,102,b,B,58,1,Uh-huh. /,Uh-huh/UH ./.,,
sw06utt/sw_0688_2181.utt,2/sw2181,2181,103,+,A,59,1,-- and became purely a caricature -- /,--/: and/CC became/VBD purely/RB a/DT caricature/NN --/:,,
sw06utt/sw_0688_2181.utt,2/sw2181,2181,104,b,B,60,1,Right. /,Right/UH ./.,,
sw06utt/sw_0688_2181.utt,2/sw2181,2181,105,qy,A,61,1,-- does that make since to you? /,--/: does/VBZ that/DT make/VBP since/IN to/IN you/PRP ?/.,,
sw06utt/sw_0688_2181.utt,2/sw2181,2181,106,ny,B,62,1,"Yeah,  /","Yeah/UH ,/,",,
sw06utt/sw_0688_2181.utt,2/sw2181,2181,107,ny,B,62,2,"uh-huh,  /","uh-huh/UH ,/,",,
sw06utt/sw_0688_2181.utt,2/sw2181,2181,108,ny,B,62,3,"yeah,  /","yeah/UH ,/,",,
sw06utt/sw_0688_2181.utt,2/sw2181,2181,109,sd^e,B,62,4,"I see what  you're saying,  /","I/PRP see/VBP what/WP you/PRP 're/VBP saying/VBG ,/,",,
sw06utt/sw_0688_2181.utt,2/sw2181,2181,110,bf,B,62,5,"there's less character development, [ rather +  just [ [ the, +  the, ] +   the ] funniness of the gag,","there/EX 's/BES less/JJR character/NN development/NN ,/, rather/RB just/RB the/DT ,/, the/DT ,/, the/DT funniness/NN of/IN the/DT gag/NN ,/,",,
sw06utt/sw_0688_2181.utt,2/sw2181,2181,111,aa,A,63,1,"# Yeah,  /","Yeah/UH ,/,",,
sw06utt/sw_0688_2181.utt,2/sw2181,2181,112,aa^r,A,63,2,yeah. # /,yeah/UH ./.,,
sw06utt/sw_0688_2181.utt,2/sw2181,2181,113,+,B,64,1,# rather ] than # -- -/,rather/IN than/IN --/:,,
sw06utt/sw_0688_2181.utt,2/sw2181,2181,114,qy,A,65,1,# Did you go with kids though? # /,Did/VBD you/PRP go/VBP with/IN kids/NNS though/RB ?/.,,
sw06utt/sw_0688_2181.utt,2/sw2181,2181,115,bf,B,66,1,"-- # {C and } how it fits with the character # , right. /","--/: and/CC how/WRB it/PRP fits/VBZ with/IN the/DT character/NN ,/, right/UH ./.",,
sw06utt/sw_0688_2181.utt,2/sw2181,2181,116,qy^m,A,67,1,Did you go with kids? /,Did/VBD you/PRP go/VBP with/IN kids/NNS ?/.,,
sw06utt/sw_0688_2181.utt,2/sw2181,2181,117,br,B,68,1,Excuse me? /,Excuse/VB me/PRP ?/.,,
sw06utt/sw_0688_2181.utt,2/sw2181,2181,118,qy,A,69,1,Did you take kids along? /,Did/VBD you/PRP take/VBP kids/NNS along/RP ?/.,,
sw06utt/sw_0688_2181.utt,2/sw2181,2181,119,nn,B,70,1,"No,  /","No/UH ,/,",,
sw06utt/sw_0688_2181.utt,2/sw2181,2181,120,sd^e,B,70,2,"we went, {F uh, } without the  kids,  /","we/PRP went/VBD ,/, uh/UH ,/, without/IN the/DT kids/NNS ,/,",,
sw06utt/sw_0688_2181.utt,2/sw2181,2181,121,sd,B,70,3,"it's was a night  [ out, +  away ] from the children. /","it/PRP 's/BES was/VBD a/DT night/NN out/IN ,/, away/RB from/IN the/DT children/NNS ./.",,
sw06utt/sw_0688_2181.utt,2/sw2181,2181,122,sd,A,71,1,"{F Oh, } I would have liked to have  a kid with me, I think, preferably someone seven or eight --","Oh/UH ,/, I/PRP would/MD have/VB liked/VBN to/TO have/VB a/DT kid/NN with/IN me/PRP ,/, I/PRP think/VBP ,/, preferably/RB someone/NN seven/CD or/CC eight/CD --/:",,
sw06utt/sw_0688_2181.utt,2/sw2181,2181,123,b,B,72,1,Oh. /,Oh/UH ./.,,
sw06utt/sw_0688_2181.utt,2/sw2181,2181,124,+,A,73,1,"-- [ just, +  just ] to get a sense  for, {D you know, } [ how, +  how ] it affected them.","--/: just/RB ,/, just/RB to/TO get/VB a/DT sense/NN for/IN ,/, you/PRP know/VBP ,/, how/WRB ,/, how/WRB it/PRP affected/VBD them/PRP ./.",,
sw06utt/sw_0688_2181.utt,2/sw2181,2181,125,x,B,74,1,<Laughter>.,,,
sw06utt/sw_0688_2181.utt,2/sw2181,2181,126,+,A,75,1,especially to come home  /,especially/RB to/TO come/VB home/RB,,
sw06utt/sw_0688_2181.utt,2/sw2181,2181,127,sd,A,75,2,"{C and, }  {D you know, }  ((   ))  I would have gotten in trouble the next day,  /","and/CC ,/, you/PRP know/VBP ,/, MUMBLEx/XX I/PRP would/MD have/VB gotten/VBN in/IN trouble/NN the/DT next/JJ day/NN ,/,",,
sw06utt/sw_0688_2181.utt,2/sw2181,2181,128,sd,A,75,3,I'm sure. /,I/PRP 'm/VBP sure/JJ ./.,,
sw06utt/sw_0688_2181.utt,2/sw2181,2181,129,b,B,76,1,"Uh-huh,  /","Uh-huh/UH ,/,",,
sw06utt/sw_0688_2181.utt,2/sw2181,2181,130,aa,B,76,2,"yeah,  /","yeah/UH ,/,",,
sw06utt/sw_0688_2181.utt,2/sw2181,2181,131,sv,B,76,3,"[ that, +  that's ]  true.  /","that/DT ,/, that/DT 's/BES true/JJ ./.",,
sw06utt/sw_0688_2181.utt,2/sw2181,2181,132,sd,B,76,4,"[ I, +  I ] was thinking about that too,  /","I/PRP ,/, I/PRP was/VBD thinking/VBG about/IN that/DT too/RB ,/,",,
sw06utt/sw_0688_2181.utt,2/sw2181,2181,133,sd,B,76,5,"I saw that, {F um, }  /","I/PRP saw/VBD that/IN ,/, um/UH ,/,",,
sw06utt/sw_0688_2181.utt,2/sw2181,2181,134,sd,B,76,6,"that's why I watched another silly  movie, {F um, } {F um, } with my cousin, was {F uh, } {F uh, } the one about [ the, +  {F um, } the ] turtles, /","that/DT 's/BES why/WRB I/PRP watched/VBD another/DT silly/JJ movie/NN ,/, um/UH ,/, um/UH ,/, with/IN my/PRP$ cousin/NN ,/, was/VBD uh/UH ,/, uh/UH ,/, the/DT one/NN about/IN the/DT ,/, um/UH ,/, the/DT turtles/NNS ,/,",,
sw06utt/sw_0688_2181.utt,2/sw2181,2181,135,^2,A,77,1,"{F Oh, } TEENAGE MUTANT NINJA TURTLES. /","Oh/UH ,/, TEENAGE/NN MUTANT/JJ NINJA/NN TURTLES/NNS ./.",,
sw06utt/sw_0688_2181.utt,2/sw2181,2181,136,aa,B,78,1,Right -- /,Right/UH --/:,,
sw06utt/sw_0688_2181.utt,2/sw2181,2181,137,b,A,79,1,Uh-huh. /,Uh-huh/UH ./.,,
sw06utt/sw_0688_2181.utt,2/sw2181,2181,138,b,B,80,1,"-- yeah,  /","--/: yeah/UH ,/,",,
sw06utt/sw_0688_2181.utt,2/sw2181,2181,139,sd,B,80,2,"I saw that with my cousin,   just to see what, {D you know, } what the kids are into -- /","I/PRP saw/VBD that/DT with/IN my/PRP$ cousin/NN ,/, just/RB to/TO see/VB what/WP ,/, you/PRP know/VBP ,/, what/WP the/DT kids/NNS are/VBP into/IN --/:",,
sw06utt/sw_0688_2181.utt,2/sw2181,2181,140,qy^d,A,81,1,"{C And } your cousin's a kid, /","And/CC your/PRP$ cousin/NN 's/BES a/DT kid/NN ,/,",,
sw06utt/sw_0688_2181.utt,2/sw2181,2181,141,%,B,82,1,"-- {C and } that is,  /","--/: and/CC that/DT is/VBZ ,/,",,
sw06utt/sw_0688_2181.utt,2/sw2181,2181,142,ny,B,82,2,"yeah,  /","yeah/UH ,/,",,
sw06utt/sw_0688_2181.utt,2/sw2181,2181,143,sd^e,B,82,3,he's a little -- -/,he/PRP 's/BES a/DT little/JJ --/:,,
sw06utt/sw_0688_2181.utt,2/sw2181,2181,144,b,A,83,1,Uh-huh. /,Uh-huh/UH ./.,,
sw06utt/sw_0688_2181.utt,2/sw2181,2181,145,b,B,84,1,"-- yeah,  /","--/: yeah/UH ,/,",,
sw06utt/sw_0688_2181.utt,2/sw2181,2181,146,%,B,84,2,"he's,  /","he/PRP 's/BES ,/,",,
sw06utt/sw_0688_2181.utt,2/sw2181,2181,147,sv,B,84,3,"{D anyway, }  {C and } that was just excessively violent.  /","anyway/UH ,/, and/CC that/DT was/VBD just/RB excessively/RB violent/JJ ./.",,
sw06utt/sw_0688_2181.utt,2/sw2181,2181,148,sd,B,84,4,I was worried -- /,I/PRP was/VBD worried/VBN --/:,,
sw06utt/sw_0688_2181.utt,2/sw2181,2181,149,b,A,85,1,"Yeah,  /","Yeah/UH ,/,",,
sw06utt/sw_0688_2181.utt,2/sw2181,2181,150,ba,A,85,2,isn't it amazing. /,is/VBZ n't/RB it/PRP amazing/JJ ./.,,
sw06utt/sw_0688_2181.utt,2/sw2181,2181,151,sv(^q),B,86,1,"-- it's like golly,  /","--/: it/PRP 's/BES like/IN golly/UH ,/,",,
sw06utt/sw_0688_2181.utt,2/sw2181,2181,152,^q,B,86,2,if kids start imitating that --,if/IN kids/NNS start/VBP imitating/VBG that/DT --/:,,
sw06utt/sw_0688_2181.utt,2/sw2181,2181,153,b,A,87,1,Yeah. /,Yeah/UH ./.,,
sw06utt/sw_0688_2181.utt,2/sw2181,2181,154,+,B,88,1,"-- they'll knock each others blocks off, /","--/: they/PRP 'll/MD knock/VB each/DT others/JJ blocks/NNS off/RP ,/,",,
sw06utt/sw_0688_2181.utt,2/sw2181,2181,155,b,A,89,1,"Yeah,  /","Yeah/UH ,/,",,
sw06utt/sw_0688_2181.utt,2/sw2181,2181,156,sd,A,89,2,it was all bloodless -- /,it/PRP was/VBD all/DT bloodless/JJ --/:,,
sw06utt/sw_0688_2181.utt,2/sw2181,2181,157,b,B,90,1,Uh-huh. /,Uh-huh/UH ./.,,
sw06utt/sw_0688_2181.utt,2/sw2181,2181,158,sd,A,91,1,-- {C and } the good guys can get hit all day long -- /,--/: and/CC the/DT good/JJ guys/NNS can/MD get/VB hit/VB all/DT day/NN long/JJ --/:,,
sw06utt/sw_0688_2181.utt,2/sw2181,2181,159,b,B,92,1,Uh-huh. /,Uh-huh/UH ./.,,
sw06utt/sw_0688_2181.utt,2/sw2181,2181,160,sd,A,93,1,-- {C and } they have to shake it off -- /,--/: and/CC they/PRP have/VBP to/TO shake/VB it/PRP off/RP --/:,,
sw06utt/sw_0688_2181.utt,2/sw2181,2181,161,b,B,94,1,Yeah. /,Yeah/UH ./.,,
sw06utt/sw_0688_2181.utt,2/sw2181,2181,162,sd,A,95,1,"-- [ they don't, +  they don't, ]  {D you know, } get, {F uh, } epileptics, that sort of thing from getting hit on their head -- /","--/: they/PRP do/VBP n't/RB ,/, they/PRP do/VBP n't/RB ,/, you/PRP know/VBP ,/, get/VB ,/, uh/UH ,/, epileptics/NNS ,/, that/DT sort/NN of/IN thing/NN from/IN getting/VBG hit/VBN on/IN their/PRP$ head/NN --/:",,
sw06utt/sw_0688_2181.utt,2/sw2181,2181,163,b,B,96,1,Right. /,Right/UH ./.,,
sw06utt/sw_0688_2181.utt,2/sw2181,2181,164,sv,A,97,1,"-- {D you know, } it's a little disturbing  the violence in these films,  /","--/: you/PRP know/VBP ,/, it/PRP 's/BES a/DT little/JJ disturbing/VBG the/DT violence/NN in/IN these/DT films/NNS ,/,",,
sw06utt/sw_0688_2181.utt,2/sw2181,2181,165,sd,A,97,2,partly ((   ))  it's supposed to be a little bit  more okay because it's comic book --,partly/RB MUMBLEx/XX it/PRP 's/BES supposed/VBN to/TO be/VB a/DT little/JJ bit/NN more/RBR okay/JJ because/IN it/PRP 's/BES comic/JJ book/NN --/:,,
sw06utt/sw_0688_2181.utt,2/sw2181,2181,166,b,B,98,1,Uh-huh. /,Uh-huh/UH ./.,,
sw06utt/sw_0688_2181.utt,2/sw2181,2181,167,+,A,99,1,"-- on the other hand it makes it seem like, - /","--/: on/IN the/DT other/JJ hand/NN it/PRP makes/VBZ it/PRP seem/VBP like/IN ,/,",,
sw06utt/sw_0688_2181.utt,2/sw2181,2181,168,sd,A,99,2,"I read an article one time talking about even the quote unquote  realistic movies, don't have very realistic upsets of the violence.  /","I/PRP read/VBP an/DT article/NN one/CD time/NN talking/VBG about/IN even/RB the/DT quote/VB unquote/VB realistic/JJ movies/NNS ,/, do/VBP n't/RB have/VB very/RB realistic/JJ upsets/NNS of/IN the/DT violence/NN ./.",,
sw06utt/sw_0688_2181.utt,2/sw2181,2181,169,sd,A,99,3,"The violence can seem very realistic,  /","The/DT violence/NN can/MD seem/VB very/RB realistic/JJ ,/,",,
sw06utt/sw_0688_2181.utt,2/sw2181,2181,170,sd,A,99,4,{C but } the aftermath is usually not there. /,but/CC the/DT aftermath/NN is/VBZ usually/RB not/RB there/RB ./.,,
sw06utt/sw_0688_2181.utt,2/sw2181,2181,171,b,B,100,1,Right. /,Right/UH ./.,,
sw06utt/sw_0688_2181.utt,2/sw2181,2181,172,sd,A,101,1,"{C So } you see people who are severely  injured, very, very badly, lose control of body functions -- /","So/RB you/PRP see/VBP people/NNS who/WP are/VBP severely/RB injured/VBN ,/, very/RB ,/, very/RB badly/RB ,/, lose/VBP control/NN of/IN body/NN functions/NNS --/:",,
sw06utt/sw_0688_2181.utt,2/sw2181,2181,173,b,B,102,1,Uh-huh. /,Uh-huh/UH ./.,,
sw06utt/sw_0688_2181.utt,2/sw2181,2181,174,sd,A,103,1,"-- they thrash around,  /","--/: they/PRP thrash/VBP around/RB ,/,",,
sw06utt/sw_0688_2181.utt,2/sw2181,2181,175,sd,A,103,2,"they scream,  {D you know, } {F uh, }  /","they/PRP scream/VBP ,/, you/PRP know/VBP ,/, uh/UH ,/,",,
sw06utt/sw_0688_2181.utt,2/sw2181,2181,176,sv,A,103,3,"it's just a very, very bad thing,  /","it/PRP 's/BES just/RB a/DT very/RB ,/, very/RB bad/JJ thing/NN ,/,",,
sw06utt/sw_0688_2181.utt,2/sw2181,2181,177,sv,A,103,4,"{C and } they never present that,  /","and/CC they/PRP never/RB present/JJ that/DT ,/,",,
sw06utt/sw_0688_2181.utt,2/sw2181,2181,178,sv,A,103,5,"even the movies that want to show violence as real, they don't really show  you what happens with that real violence -- /","even/RB the/DT movies/NNS that/WDT want/VBP to/TO show/VB violence/NN as/IN real/JJ ,/, they/PRP do/VBP n't/RB really/RB show/VBP you/PRP what/WP happens/VBZ with/IN that/DT real/JJ violence/NN --/:",,
sw06utt/sw_0688_2181.utt,2/sw2181,2181,179,b,B,104,1,Uh-huh. /,Uh-huh/UH ./.,,
sw06utt/sw_0688_2181.utt,2/sw2181,2181,180,h,A,105,1,-- {C and } I'm not really sure how I feel about that. /,--/: and/CC I/PRP 'm/VBP not/RB really/RB sure/JJ how/WRB I/PRP feel/VBP about/IN that/DT ./.,,
sw06utt/sw_0688_2181.utt,2/sw2181,2181,181,b,B,106,1,Uh-huh. /,Uh-huh/UH ./.,,
sw06utt/sw_0688_2181.utt,2/sw2181,2181,182,sd,A,107,1,"{F Uh, } on the one hand I'd like  it to be a warning,  /","Uh/UH ,/, on/IN the/DT one/CD hand/NN I/PRP 'd/MD like/VB it/PRP to/TO be/VB a/DT warning/NN ,/,",,
sw06utt/sw_0688_2181.utt,2/sw2181,2181,183,sd(^q),A,107,2,"on the other hand I wouldn't want people who currently get sort  of enjoy their violence fixes from these movies to start thinking gee,  now we want to see the aftermath all the time either. /","on/IN the/DT other/JJ hand/NN I/PRP would/MD n't/RB want/VB people/NNS who/WP currently/RB get/VB sort/RB of/RB enjoy/VBP their/PRP$ violence/NN fixes/VBZ from/IN these/DT movies/NNS to/TO start/VB thinking/VBG gee/UH ,/, now/RB we/PRP want/VBP to/TO see/VB the/DT aftermath/NN all/PDT the/DT time/NN either/RB ./.",,
sw06utt/sw_0688_2181.utt,2/sw2181,2181,184,sv,B,108,1,"You're right,  /","You/PRP 're/VBP right/JJ ,/,",,
sw06utt/sw_0688_2181.utt,2/sw2181,2181,185,aa,B,108,2,"uh-huh,  /","uh-huh/UH ,/,",,
sw06utt/sw_0688_2181.utt,2/sw2181,2181,186,aa,B,108,3,"yeah,  /","yeah/UH ,/,",,
sw06utt/sw_0688_2181.utt,2/sw2181,2181,187,sv,B,108,4,it's true. /,it/PRP 's/BES true/JJ ./.,,
sw06utt/sw_0688_2181.utt,2/sw2181,2181,188,%,A,109,1,{C But } - /,But/CC,,
sw06utt/sw_0688_2181.utt,2/sw2181,2181,189,b,A,109,2,"yeah,  /","yeah/UH ,/,",,
sw06utt/sw_0688_2181.utt,2/sw2181,2181,190,sv,A,109,3,"TEENAGE MUTANT NINJA  TURTLES was sort of the same way,  /","TEENAGE/NN MUTANT/JJ NINJA/NN TURTLES/NNS was/VBD sort/RB of/RB the/DT same/JJ way/NN ,/,",,
sw06utt/sw_0688_2181.utt,2/sw2181,2181,191,sv,A,109,4,"[ [ they, +  I guess they  figured, ] +  {E I mean, } they know ]   what they're doing,  /","they/PRP ,/, I/PRP guess/VBP they/PRP figured/VBD ,/, I/PRP mean/VBP ,/, they/PRP know/VBP what/WP they/PRP 're/VBP doing/VBG ,/,",,
sw06utt/sw_0688_2181.utt,2/sw2181,2181,192,sd,A,109,5,"{C and } [ they make the movies good enough, +   {A I guess I'm a bit of a snob, }   they make the movies good enough ] to be successful -- /","and/CC they/PRP make/VBP the/DT movies/NNS good/JJ enough/RB ,/, I/PRP guess/VBP I/PRP 'm/VBP a/DT bit/NN of/IN a/DT snob/NN ,/, they/PRP make/VBP the/DT movies/NNS good/JJ enough/RB to/TO be/VB successful/JJ --/:",,
sw06utt/sw_0688_2181.utt,2/sw2181,2181,193,b,B,110,1,Uh-huh. /,Uh-huh/UH ./.,,
sw06utt/sw_0688_2181.utt,2/sw2181,2181,194,sv,A,111,1,"-- [ {C and then } they don't, +   {C and } [ they, +  {C but } they ] could ] make them better, {D you know -- } /","--/: and/CC then/RB they/PRP do/VBP n't/RB ,/, and/CC they/PRP ,/, but/CC they/PRP could/MD make/VB them/PRP better/JJR ,/, you/PRP know/VBP --/:",,
sw06utt/sw_0688_2181.utt,2/sw2181,2181,195,b,B,112,1,Uh-huh. /,Uh-huh/UH ./.,,
sw06utt/sw_0688_2181.utt,2/sw2181,2181,196,sv,A,113,1,"-- they could try to make, - /","--/: they/PRP could/MD try/VB to/TO make/VB ,/,",,
sw06utt/sw_0688_2181.utt,2/sw2181,2181,197,sv,A,113,2,"{E I mean, } as far as I was concerned, TEENAGE MUTANT NINJA TURTLES could have been a classic of world theater -- /","I/PRP mean/VBP ,/, as/RB far/RB as/IN I/PRP was/VBD concerned/VBN ,/, TEENAGE/NN MUTANT/JJ NINJA/NN TURTLES/NNS could/MD have/VB been/VBN a/DT classic/NN of/IN world/NN theater/NN --/:",,
sw06utt/sw_0688_2181.utt,2/sw2181,2181,198,b,B,114,1,<Laughter> Really. /,Really/UH ./.,,
sw06utt/sw_0688_2181.utt,2/sw2181,2181,199,sv,A,115,1,"--  ((   )) , it could have been,  {D you know, } - /","--/: MUMBLEx/XX ,/, it/PRP could/MD have/VB been/VBN ,/, you/PRP know/VBP ,/,",,
sw06utt/sw_0688_2181.utt,2/sw2181,2181,200,sv,A,115,2,"[ it was, +  it was ] innovative, {F uh, } a completely new approach to making a movie  in a lot of ways,  /","it/PRP was/VBD ,/, it/PRP was/VBD innovative/JJ ,/, uh/UH ,/, a/DT completely/RB new/JJ approach/NN to/TO making/VBG a/DT movie/NN in/IN a/DT lot/NN of/IN ways/NNS ,/,",,
sw06utt/sw_0688_2181.utt,2/sw2181,2181,201,sv,A,115,3,"{C and } yet it ended up not being anything particularly memorable,  because [ the, +  the ] story was stupid,  [ and, + and ] then  things like that,  /","and/CC yet/RB it/PRP ended/VBD up/RP not/RB being/VBG anything/NN particularly/RB memorable/JJ ,/, because/IN the/DT ,/, the/DT story/NN was/VBD stupid/JJ ,/, and/CC ,/, and/CC then/RB things/NNS like/IN that/DT ,/,",,
sw06utt/sw_0688_2181.utt,2/sw2181,2181,202,sd,A,115,4,"{C and } they built up,  /","and/CC they/PRP built/VBD up/RP ,/,",,
sw06utt/sw_0688_2181.utt,2/sw2181,2181,203,sd,A,115,5,"[ I remember feeling annoyed, + {A again, I didn't have a kid with me, }  {C and } I remember feeling annoyed ] that they had this whole thing about the Master and  the passing of wisdom, [ the, + ] from older to younger generation,  /","I/PRP remember/VBP feeling/VBG annoyed/JJ ,/, again/RB ,/, I/PRP did/VBD n't/RB have/VB a/DT kid/NN with/IN me/PRP ,/, and/CC I/PRP remember/VBP feeling/VBG annoyed/VBN that/IN they/PRP had/VBD this/DT whole/JJ thing/NN about/IN the/DT Master/NNP and/CC the/DT passing/NN of/IN wisdom/NN ,/, the/DT ,/, from/IN older/JJR to/IN younger/JJR generation/NN ,/,",,
sw06utt/sw_0688_2181.utt,2/sw2181,2181,204,sv,A,115,6,"[ it was, +  it was ] a classic Greek, {D you know, } {D you know, } a sort of, European mess  going back three thousand years that they're playing with -- /","it/PRP was/VBD ,/, it/PRP was/VBD a/DT classic/JJ Greek/JJ ,/, you/PRP know/VBP ,/, you/PRP know/VBP ,/, a/DT sort/NN of/IN ,/, European/JJ mess/NN going/VBG back/RB three/CD thousand/CD years/NNS that/WDT they/PRP 're/VBP playing/VBG with/IN --/:",,
sw06utt/sw_0688_2181.utt,2/sw2181,2181,205,b,B,116,1,Uh-huh. /,Uh-huh/UH ./.,,
sw06utt/sw_0688_2181.utt,2/sw2181,2181,206,%,A,117,1,"-- {F um, } {C and } he had to  ((   )) , - /","--/: um/UH ,/, and/CC he/PRP had/VBD to/TO MUMBLEx/XX ,/,",,
sw06utt/sw_0688_2181.utt,2/sw2181,2181,207,sd(^q),A,117,2,"{C and } he told them, [ remember +   ((   )) , remember, ] you were united, you can succeed, individually you will fail -- /","and/CC he/PRP told/VBD them/PRP ,/, remember/VB MUMBLEx/XX ,/, remember/VB ,/, you/PRP were/VBD united/VBN ,/, you/PRP can/MD succeed/VB ,/, individually/RB you/PRP will/MD fail/VB --/:",,
sw06utt/sw_0688_2181.utt,2/sw2181,2181,208,b,B,118,1,"Yeah,  /","Yeah/UH ,/,",,
sw06utt/sw_0688_2181.utt,2/sw2181,2181,209,b,B,118,2,"right,  /","right/UH ,/,",,
sw06utt/sw_0688_2181.utt,2/sw2181,2181,210,b^r,B,118,3,right. /,right/UH ./.,,
sw06utt/sw_0688_2181.utt,2/sw2181,2181,211,sd,A,119,1,"-- {C and then } there was a big  climactic fight scene,  /","--/: and/CC then/RB there/EX was/VBD a/DT big/JJ climactic/JJ fight/NN scene/NN ,/,",,
sw06utt/sw_0688_2181.utt,2/sw2181,2181,212,sd,A,119,2,"{C and } they didn't remember that, /","and/CC they/PRP did/VBD n't/RB remember/VB that/DT ,/,",,
sw06utt/sw_0688_2181.utt,2/sw2181,2181,213,x,B,120,1,<Laughter>.,,,
sw06utt/sw_0688_2181.utt,2/sw2181,2181,214,sd,A,121,1,"they didn't fight together,  /","they/PRP did/VBD n't/RB fight/VB together/RB ,/,",,
sw06utt/sw_0688_2181.utt,2/sw2181,2181,215,sd,A,121,2,"they fought individually,  /","they/PRP fought/VBD individually/RB ,/,",,
sw06utt/sw_0688_2181.utt,2/sw2181,2181,216,sd,A,121,3,"{C and } they failed individually,  /","and/CC they/PRP failed/VBD individually/RB ,/,",,
sw06utt/sw_0688_2181.utt,2/sw2181,2181,217,sd,A,121,4,"{C and } then that was it,  /","and/CC then/RB that/WDT was/VBD it/PRP ,/,",,
sw06utt/sw_0688_2181.utt,2/sw2181,2181,218,sd,A,121,5,then they had to have the Master beat him -- /,then/RB they/PRP had/VBD to/TO have/VB the/DT Master/NNP beat/VB him/PRP --/:,,
sw06utt/sw_0688_2181.utt,2/sw2181,2181,219,b,B,122,1,Right. /,Right/UH ./.,,
sw06utt/sw_0688_2181.utt,2/sw2181,2181,220,sd,A,123,1,"-- [ {C and } the Master should, + according to the classic myth, the sort of Joseph Campbell type myth, [ he, +  the Master ] should ]  have died at the end --","--/: and/CC the/DT Master/NNP should/MD ,/, according/VBG to/IN the/DT classic/JJ myth/NN ,/, the/DT sort/NN of/IN Joseph/NNP Campbell/NNP type/NN myth/NN ,/, he/PRP ,/, the/DT Master/NNP should/MD have/VB died/VBN at/IN the/DT end/NN --/:",,
sw06utt/sw_0688_2181.utt,2/sw2181,2181,221,b,B,124,1,Right. /,Right/UH ./.,,
sw06utt/sw_0688_2181.utt,2/sw2181,2181,222,+,A,125,1,"-- because [ the, +  the ]  lesson was passed to the young generation  /","--/: because/IN the/DT ,/, the/DT lesson/NN was/VBD passed/VBN to/IN the/DT young/JJ generation/NN",,
sw06utt/sw_0688_2181.utt,2/sw2181,2181,223,sd,A,125,2,{C and } the older generation is not needed  /,and/CC the/DT older/JJR generation/NN is/VBZ not/RB needed/VBN,,
sw06utt/sw_0688_2181.utt,2/sw2181,2181,224,sd,A,125,3,"{C and } is  reborn to the younger generation,  /","and/CC is/VBZ reborn/VBN to/IN the/DT younger/JJR generation/NN ,/,",,
sw06utt/sw_0688_2181.utt,2/sw2181,2181,225,sd,A,125,4,"[ [ [ {C and }  on + {C and }  on ] + {C and } on, ] +  {C and } ] all this wonderful mess -- /","and/CC on/IN and/CC on/IN and/CC on/IN ,/, and/CC all/PDT this/DT wonderful/JJ mess/NN --/:",,
sw06utt/sw_0688_2181.utt,2/sw2181,2181,226,b,B,126,1,Uh-huh. /,Uh-huh/UH ./.,,
sw06utt/sw_0688_2181.utt,2/sw2181,2181,227,sd,A,127,1,"-- {C and } it still would have  been every bit as accessible a movie for the kids if they had included all this stuff that,  I, {D anyway } as an intellectual adult would appreciate,  /","--/: and/CC it/PRP still/RB would/MD have/VB been/VBN every/DT bit/NN as/IN accessible/JJ a/DT movie/NN for/IN the/DT kids/NNS if/IN they/PRP had/VBD included/VBN all/PDT this/DT stuff/NN that/WDT ,/, I/PRP ,/, anyway/RB as/IN an/DT intellectual/JJ adult/NN would/MD appreciate/VB ,/,",,
sw06utt/sw_0688_2181.utt,2/sw2181,2181,228,sv,A,127,2,"it wouldn't have hurt the movie to do that,  /","it/PRP would/MD n't/RB have/VB hurt/VBN the/DT movie/NN to/TO do/VB that/DT ,/,",,
sw06utt/sw_0688_2181.utt,2/sw2181,2181,229,sv,A,127,3,"{C and } it would have make it, {F uh, } broadened the  audience that it could have been targeted for, I thought -- /","and/CC it/PRP would/MD have/VB make/VB it/PRP ,/, uh/UH ,/, broadened/VBD the/DT audience/NN that/WDT it/PRP could/MD have/VB been/VBN targeted/VBN for/IN ,/, I/PRP thought/VBD --/:",,
sw06utt/sw_0688_2181.utt,2/sw2181,2181,230,b,B,128,1,Uh-huh. /,Uh-huh/UH ./.,,
sw06utt/sw_0688_2181.utt,2/sw2181,2181,231,sd,A,129,1,"-- {C but, } [ [ I, +  {F uh, } I'm   truly enough, ] +  {D you know, } I'm truly ] an intellectual snob,","--/: but/CC ,/, I/PRP ,/, uh/UH ,/, I/PRP 'm/VBP truly/RB enough/RB ,/, you/PRP know/VBP ,/, I/PRP 'm/VBP truly/RB an/DT intellectual/JJ snob/NN ,/,",,
sw06utt/sw_0688_2181.utt,2/sw2181,2181,232,x,B,130,1,<Laughter>.,,,
sw06utt/sw_0688_2181.utt,2/sw2181,2181,233,+,A,131,1,"to be going to these kinds of movies,  /","to/TO be/VB going/VBG to/IN these/DT kinds/NNS of/IN movies/NNS ,/,",,
sw06utt/sw_0688_2181.utt,2/sw2181,2181,234,sv,A,131,2,"I realize that.  {E I mean, } to go to these movies and expect them to be, {D you know, }  other than [ just, +  just ] good entertainment --","I/PRP realize/VBP that/DT ./. I/PRP mean/VBP ,/, to/TO go/VB to/IN these/DT movies/NNS and/CC expect/VB them/PRP to/TO be/VB ,/, you/PRP know/VBP ,/, other/JJ than/IN just/RB ,/, just/RB good/JJ entertainment/NN --/:",,
sw06utt/sw_0688_2181.utt,2/sw2181,2181,235,b,B,132,1,Right. /,Right/UH ./.,,
sw06utt/sw_0688_2181.utt,2/sw2181,2181,236,+,A,133,1,-- kind of thing. /,--/: kind/NN of/IN thing/NN ./.,,
sw06utt/sw_0688_2181.utt,2/sw2181,2181,237,sv,B,134,1,That's true.  /,That/DT 's/BES true/JJ ./.,,
sw06utt/sw_0688_2181.utt,2/sw2181,2181,238,aa,B,134,2,"Yeah,  /","Yeah/UH ,/,",,
sw06utt/sw_0688_2181.utt,2/sw2181,2181,239,sv,B,134,3,"there's  not too many [ that are, +  {F uh, } that are ] good just [ on their, + ] {D you know, } [ that, +  that ]  you wouldn't want to change something,  /","there/EX 's/BES not/RB too/RB many/JJ that/WDT are/VBP ,/, uh/UH ,/, that/WDT are/VBP good/JJ just/RB on/IN their/PRP$ ,/, you/PRP know/VBP ,/, that/IN ,/, that/IN you/PRP would/MD n't/RB want/VB to/TO change/VB something/NN ,/,",,
sw06utt/sw_0688_2181.utt,2/sw2181,2181,240,sv,B,134,4,"{C and } there's always something that, {F uh, } -/","and/CC there/EX 's/BES always/RB something/NN that/WDT ,/, uh/UH ,/,",,
sw06utt/sw_0688_2181.utt,2/sw2181,2181,241,b,A,135,1,"Yeah,  /","Yeah/UH ,/,",,
sw06utt/sw_0688_2181.utt,2/sw2181,2181,242,b^r,A,135,2,yeah. /,yeah/UH ./.,,
sw06utt/sw_0688_2181.utt,2/sw2181,2181,243,b,B,136,1,Uh-huh. /,Uh-huh/UH ./.,,
sw06utt/sw_0688_2181.utt,2/sw2181,2181,244,sd,A,137,1,"[ [ [ [ I, +  I, ] +  I, ] +  I'm  very, ] +  I'm ] very critical,  /","I/PRP ,/, I/PRP ,/, I/PRP ,/, I/PRP 'm/VBP very/RB ,/, I/PRP 'm/VBP very/RB critical/JJ ,/,",,
sw06utt/sw_0688_2181.utt,2/sw2181,2181,245,sd,A,137,2,"[ [ I, +  I, ] +  I'm ] actually originally from Hollywood,  /","I/PRP ,/, I/PRP ,/, I/PRP 'm/VBP actually/RB originally/RB from/IN Hollywood/NNP ,/,",,
sw06utt/sw_0688_2181.utt,2/sw2181,2181,246,%,A,137,3,"{C and } [ [ then, +  then, ] +  then -- ] -/","and/CC then/RB ,/, then/RB ,/, then/RB --/:",,
sw06utt/sw_0688_2181.utt,2/sw2181,2181,247,ba@,B,138,1,"{F Oh, } really.","Oh/UH ,/, really/UH ./.",,
sw06utt/sw_0688_2181.utt,2/sw2181,2181,248,sd,A,139,1,-- {C and } my father works in films  /,--/: and/CC my/PRP$ father/NN works/VBZ in/IN films/NNS,,
sw06utt/sw_0688_2181.utt,2/sw2181,2181,249,%,A,139,2,"{C and } such, - /","and/CC such/JJ ,/,",,
sw06utt/sw_0688_2181.utt,2/sw2181,2181,250,sd,A,139,3,"{C and } I [ tend to, +  tend  to ] be hypercritical --","and/CC I/PRP tend/VBP to/TO ,/, tend/VBP to/TO be/VB hypercritical/JJ --/:",,
sw06utt/sw_0688_2181.utt,2/sw2181,2181,251,+@,B,140,1,Uh-huh. /,Uh-huh/UH ./.,,
sw06utt/sw_0688_2181.utt,2/sw2181,2181,252,+,A,141,1,"-- of these things,  /","--/: of/IN these/DT things/NNS ,/,",,
sw06utt/sw_0688_2181.utt,2/sw2181,2181,253,sd,A,141,2,"{C and then, } [ perhaps, +  perhaps ] it's unfair, because  [ [ I, +  I, ] +  I ] must admit I enjoy these movies -- /","and/CC then/RB ,/, perhaps/RB ,/, perhaps/RB it/PRP 's/BES unfair/JJ ,/, because/IN I/PRP ,/, I/PRP ,/, I/PRP must/MD admit/VB I/PRP enjoy/VBP these/DT movies/NNS --/:",,
sw06utt/sw_0688_2181.utt,2/sw2181,2181,254,b,B,142,1,"Yeah,  /","Yeah/UH ,/,",,
sw06utt/sw_0688_2181.utt,2/sw2181,2181,255,b,B,142,2,right. /,right/UH ./.,,
sw06utt/sw_0688_2181.utt,2/sw2181,2181,256,sv,A,143,1,"-- {C and } that's what they're for,  /","--/: and/CC that/DT 's/BES what/WP they/PRP 're/VBP for/IN ,/,",,
sw06utt/sw_0688_2181.utt,2/sw2181,2181,257,sd,A,143,2,"{C but } I [ don't, +  don't ] remember them,  /","but/CC I/PRP do/VBP n't/RB ,/, do/VBP n't/RB remember/VB them/PRP ,/,",,
sw06utt/sw_0688_2181.utt,2/sw2181,2181,258,sd,A,143,3,"{C and } [ [ I think it's, +  I think, ] +  I can think ]  of movies I have less fun during  /","and/CC I/PRP think/VBP it/PRP 's/BES ,/, I/PRP think/VBP ,/, I/PRP can/MD think/VB of/IN movies/NNS I/PRP have/VBP less/JJR fun/NN during/IN",,
sw06utt/sw_0688_2181.utt,2/sw2181,2181,259,sd,A,143,4,"{C and then } after the movie's over, I remember it so terribly well --","and/CC then/RB after/IN the/DT movie/NN 's/BES over/IN ,/, I/PRP remember/VBP it/PRP so/RB terribly/RB well/RB --/:",,
sw06utt/sw_0688_2181.utt,2/sw2181,2181,260,b,B,144,1,Uh-huh. /,Uh-huh/UH ./.,,
sw06utt/sw_0688_2181.utt,2/sw2181,2181,261,+,A,145,1,"-- because [ it, +  it ] had [ some, +   some ] meaning to me or something. /","--/: because/IN it/PRP ,/, it/PRP had/VBD some/DT ,/, some/DT meaning/NN to/IN me/PRP or/CC something/NN ./.",,
sw06utt/sw_0688_2181.utt,2/sw2181,2181,262,aa,B,146,1,"Right,  /","Right/UH ,/,",,
sw06utt/sw_0688_2181.utt,2/sw2181,2181,263,aa,B,146,2,"exactly,  /","exactly/UH ,/,",,
sw06utt/sw_0688_2181.utt,2/sw2181,2181,264,aa,B,146,3,"yeah,  /","yeah/UH ,/,",,
sw06utt/sw_0688_2181.utt,2/sw2181,2181,265,sd,B,146,4,"[ [ there, +   there, ] +  there ] are several movies that hit home like that.  /","there/EX ,/, there/EX ,/, there/EX are/VBP several/JJ movies/NNS that/WDT hit/VBD home/NN like/IN that/DT ./.",,
sw06utt/sw_0688_2181.utt,2/sw2181,2181,266,sd,B,146,5,"Of course the ones I always  remember are [ the, +  the ] older ones -- /","Of/IN course/NN the/DT ones/NNS I/PRP always/RB remember/VBP are/VBP the/DT ,/, the/DT older/JJR ones/NNS --/:",,
sw06utt/sw_0688_2181.utt,2/sw2181,2181,267,b,A,147,1,Uh-huh. /,Uh-huh/UH ./.,,
sw06utt/sw_0688_2181.utt,2/sw2181,2181,268,sd,B,148,1,"-- I always like the musicals, and {F uh, }","--/: I/PRP always/RB like/VBP the/DT musicals/NNS ,/, and/CC uh/UH ,/,",,
sw06utt/sw_0688_2181.utt,2/sw2181,2181,269,b,A,149,1,"Yeah,  /","Yeah/UH ,/,",,
sw06utt/sw_0688_2181.utt,2/sw2181,2181,270,b^r,A,149,2,"# yeah,  /","yeah/UH ,/,",,
sw06utt/sw_0688_2181.utt,2/sw2181,2181,271,%,A,149,3,"they leave, # -/","they/PRP leave/VBP ,/,",,
sw06utt/sw_0688_2181.utt,2/sw2181,2181,272,+,B,150,1,"# those ones, that just stick # in your head. /","those/DT ones/NNS ,/, that/WDT just/RB stick/VBP in/IN your/PRP$ head/NN ./.",,
sw06utt/sw_0688_2181.utt,2/sw2181,2181,273,aa,A,151,1,"yeah,  /","yeah/UH ,/,",,
sw06utt/sw_0688_2181.utt,2/sw2181,2181,274,sd,A,151,2,"[ they leave, +  they leave ]  some songs with you,  /","they/PRP leave/VBP ,/, they/PRP leave/VBP some/DT songs/NNS with/IN you/PRP ,/,",,
sw06utt/sw_0688_2181.utt,2/sw2181,2181,275,h,A,151,3,I don't know what it is -- /,I/PRP do/VBP n't/RB know/VB what/WP it/PRP is/VBZ --/:,,
sw06utt/sw_0688_2181.utt,2/sw2181,2181,276,b,B,152,1,Uh-huh. /,Uh-huh/UH ./.,,
sw06utt/sw_0688_2181.utt,2/sw2181,2181,277,%,A,153,1,"-- {C but } it just, - /","--/: but/CC it/PRP just/RB ,/,",,
sw06utt/sw_0688_2181.utt,2/sw2181,2181,278,h,A,153,2,"{E I mean, }  I don't know if this is old fart talking here --","I/PRP mean/VBP ,/, I/PRP do/VBP n't/RB know/VB if/IN this/DT is/VBZ old/JJ fart/NN talking/VBG here/RB --/:",,
sw06utt/sw_0688_2181.utt,2/sw2181,2181,279,ar,B,154,1,"No,  /","No/UH ,/,",,
sw06utt/sw_0688_2181.utt,2/sw2181,2181,280,am,B,154,2,it could be. /,it/PRP could/MD be/VB ./.,,
sw06utt/sw_0688_2181.utt,2/sw2181,2181,281,+,A,155,1,"-- or something, because I'm not that old <laughter>, /","--/: or/CC something/NN ,/, because/IN I/PRP 'm/VBP not/RB that/DT old/JJ ,/,",,
sw06utt/sw_0688_2181.utt,2/sw2181,2181,282,x,B,156,1,<Laughter>.,,,
sw06utt/sw_0688_2181.utt,2/sw2181,2181,283,sv,A,157,1,"((   ))  {D you know, } those old  movies seemed to have had something --","MUMBLEx/XX you/PRP know/VBP ,/, those/DT old/JJ movies/NNS seemed/VBD to/TO have/VB had/VBN something/NN --/:",,
sw06utt/sw_0688_2181.utt,2/sw2181,2181,284,b,B,158,1,Uh-huh. /,Uh-huh/UH ./.,,
sw06utt/sw_0688_2181.utt,2/sw2181,2181,285,+,A,159,1,"-- [ that, +  {F uh, } that ]  was memorable somehow,  /","--/: that/WDT ,/, uh/UH ,/, that/WDT was/VBD memorable/JJ somehow/RB ,/,",,
sw06utt/sw_0688_2181.utt,2/sw2181,2181,286,sd,A,159,2,I don't know what it was. /,I/PRP do/VBP n't/RB know/VB what/WP it/PRP was/VBD ./.,,
sw06utt/sw_0688_2181.utt,2/sw2181,2181,287,b,B,160,1,"{F Um. }  Okay,  /","Um/UH ./. Okay/UH ,/,",,
sw06utt/sw_0688_2181.utt,2/sw2181,2181,288,fc,B,160,2,"{D well, } I guess I got to get going, /","well/UH ,/, I/PRP guess/VBP I/PRP got/VBD to/TO get/VB going/VBG ,/,",,
sw06utt/sw_0688_2181.utt,2/sw2181,2181,289,fc,A,161,1,"Okay,  /","Okay/UH ,/,",,
sw06utt/sw_0688_2181.utt,2/sw2181,2181,290,fc,A,161,2,"{D well, } {F um, } thanks  for hearing me rap, I guess <laughter>. /","well/UH ,/, um/UH ,/, thanks/UH for/IN hearing/VBG me/PRP rap/VB ,/, I/PRP guess/VBP ./.",,
sw06utt/sw_0688_2181.utt,2/sw2181,2181,291,fc,B,162,1,"<Laughter> Got to go take care of the children, /","Got/VBD to/TO go/VB take/VB care/NN of/IN the/DT children/NNS ,/,",,
sw06utt/sw_0688_2181.utt,2/sw2181,2181,292,fc,A,163,1,"All right,  /","All/RB right/JJ ,/,",,
sw06utt/sw_0688_2181.utt,2/sw2181,2181,293,fc,A,163,2,nice talking with you. /,nice/JJ talking/VBG with/IN you/PRP ./.,,
sw06utt/sw_0688_2181.utt,2/sw2181,2181,294,fc,B,164,1,"Yeah,  /","Yeah/UH ,/,",,
sw06utt/sw_0688_2181.utt,2/sw2181,2181,295,fc,B,164,2,nice talking with you.  /,nice/JJ talking/VBG with/IN you/PRP ./.,,
sw06utt/sw_0688_2181.utt,2/sw2181,2181,296,qy,B,164,3,"Are you calling from Texas, by the way? /","Are/VBP you/PRP calling/VBG from/IN Texas/NNP ,/, by/IN the/DT way/NN ?/.",,
sw06utt/sw_0688_2181.utt,2/sw2181,2181,297,nn,A,165,1,"No,  /","No/UH ,/,",,
sw06utt/sw_0688_2181.utt,2/sw2181,2181,298,sd^e,A,165,2,I'm in California  ((   )) . /,I/PRP 'm/VBP in/IN California/NNP MUMBLEx/XX ./.,,
sw06utt/sw_0688_2181.utt,2/sw2181,2181,299,bk,B,166,1,"{F Oh, } okay,  /","Oh/UH ,/, okay/UH ,/,",,
sw06utt/sw_0688_2181.utt,2/sw2181,2181,300,sd,B,166,2,the first person I've  talked to outside of Texas. /,the/DT first/JJ person/NN I/PRP 've/VBP talked/VBN to/IN outside/IN of/IN Texas/NNP ./.,,
sw06utt/sw_0688_2181.utt,2/sw2181,2181,301,b,A,167,1,"Yeah,  /","Yeah/UH ,/,",,
sw06utt/sw_0688_2181.utt,2/sw2181,2181,302,sd,A,167,2,"there must be Texas people,  as near as I can tell.  /","there/EX must/MD be/VB Texas/NNP people/NNS ,/, as/RB near/RB as/IN I/PRP can/MD tell/VB ./.",,
sw06utt/sw_0688_2181.utt,2/sw2181,2181,303,%,A,167,3,{D Well. } -/,Well/UH ./.,,
sw06utt/sw_0688_2181.utt,2/sw2181,2181,304,b,B,168,1,"Yeah,  /","Yeah/UH ,/,",,
sw06utt/sw_0688_2181.utt,2/sw2181,2181,305,b,B,168,2,"okay,  /","okay/UH ,/,",,
sw06utt/sw_0688_2181.utt,2/sw2181,2181,306,ft,B,168,3,"{D well, } thank you very much. /","well/UH ,/, thank/VB you/PRP very/RB much/RB ./.",,
sw06utt/sw_0688_2181.utt,2/sw2181,2181,307,bd,A,169,1,"Okay,  /","Okay/UH ,/,",,
sw06utt/sw_0688_2181.utt,2/sw2181,2181,308,sd,A,169,2,"{D well, } I'm from the  ((   )) . -/","well/UH ,/, I/PRP 'm/VBP from/IN the/DT MUMBLEx/XX ./.",,
sw06utt/sw_0688_2181.utt,2/sw2181,2181,309,fc,B,170,1,Bye-bye. /,Bye-bye/UH ./.,,
sw06utt/sw_0688_2181.utt,2/sw2181,2181,310,fc,A,171,1,"All right,  /","All/RB right/JJ ,/,",,
sw06utt/sw_0688_2181.utt,2/sw2181,2181,311,fc,A,171,2,bye-bye. /,bye-bye/UH ./.,,
