swda_filename,ptb_basename,conversation_no,transcript_index,act_tag,caller,utterance_index,subutterance_index,text,pos,trees,ptb_treenumbers
sw06utt/sw_0697_2514.utt,2/sw2514,2514,0,o,A,1,1,"Okay,  /","Okay/UH ,/,",,
sw06utt/sw_0697_2514.utt,2/sw2514,2514,1,qy,A,1,2,"Dee, are you familiar  with the Latin American policies? /","Dee/NNP ,/, are/VBP you/PRP familiar/JJ with/IN the/DT Latin/JJ American/JJ policies/NNS ?/.",,
sw06utt/sw_0697_2514.utt,2/sw2514,2514,2,ny,B,2,1,"Yeah,  /","Yeah/UH ,/,",,
sw06utt/sw_0697_2514.utt,2/sw2514,2514,3,sv^e,B,2,2,"to a point,  /","to/IN a/DT point/NN ,/,",,
sw06utt/sw_0697_2514.utt,2/sw2514,2514,4,sv,B,2,3,it's not my best subject. /,it/PRP 's/BES not/RB my/PRP$ best/JJS subject/NN ./.,,
sw06utt/sw_0697_2514.utt,2/sw2514,2514,5,b,A,3,1,"Really,  /","Really/UH ,/,",,
sw06utt/sw_0697_2514.utt,2/sw2514,2514,6,aa,A,3,2,yeah  /,yeah/UH,,
sw06utt/sw_0697_2514.utt,2/sw2514,2514,7,sv,A,3,3,"it's not mine either,  /","it/PRP 's/BES not/RB mine/PRP either/RB ,/,",,
sw06utt/sw_0697_2514.utt,2/sw2514,2514,8,sv,A,3,4,"{C but, } {F uh, } [ I know, +  I know ] our policy, - /","but/CC ,/, uh/UH ,/, I/PRP know/VBP ,/, I/PRP know/VBP our/PRP$ policy/NN ,/,",,
sw06utt/sw_0697_2514.utt,2/sw2514,2514,9,sd,A,3,5,"like  in Nicaragua, I am familiar with that <throat_clearing>  because we have, {F uh, } some friends that live on the Nicaraguan border  /","like/IN in/IN Nicaragua/NNP ,/, I/PRP am/VBP familiar/JJ with/IN that/DT because/IN we/PRP have/VBP ,/, uh/UH ,/, some/DT friends/NNS that/WDT live/VBP on/IN the/DT Nicaraguan/JJ border/NN",,
sw06utt/sw_0697_2514.utt,2/sw2514,2514,10,sd,A,3,6,{C and } they are missionaries there  /,and/CC they/PRP are/VBP missionaries/NNS there/RB,,
sw06utt/sw_0697_2514.utt,2/sw2514,2514,11,sd,A,3,7,"{C and } [ they, +  they ] live there  /","and/CC they/PRP ,/, they/PRP live/VBP there/RB",,
sw06utt/sw_0697_2514.utt,2/sw2514,2514,12,sd,A,3,8,"{C and } they have to travel by boat forty-five minutes to get to their car and stuff,  /","and/CC they/PRP have/VBP to/TO travel/VB by/IN boat/NN forty-five/CD minutes/NNS to/TO get/VB to/IN their/PRP$ car/NN and/CC stuff/NN ,/,",,
sw06utt/sw_0697_2514.utt,2/sw2514,2514,13,sd,A,3,9,"{C and } {F uh, } I know that they helped a lot of those Sandanistas refugees coming across  the border  /","and/CC uh/UH ,/, I/PRP know/VBP that/IN they/PRP helped/VBD a/DT lot/NN of/IN those/DT Sandanistas/NNP refugees/NNS coming/VBG across/IN the/DT border/NN",,
sw06utt/sw_0697_2514.utt,2/sw2514,2514,14,sd,A,3,10,{C and } they housed them and stuff.  /,and/CC they/PRP housed/VBD them/PRP and/CC stuff/NN ./.,,
sw06utt/sw_0697_2514.utt,2/sw2514,2514,15,sd,A,3,11,"They have been down there about  three years now,  /","They/PRP have/VBP been/VBN down/IN there/RB about/RB three/CD years/NNS now/RB ,/,",,
sw06utt/sw_0697_2514.utt,2/sw2514,2514,16,sd,A,3,12,"{C and } they wrote that it's kind of weird <laughter>,  /","and/CC they/PRP wrote/VBD that/IN it/PRP 's/BES kind/RB of/RB weird/JJ ,/,",,
sw06utt/sw_0697_2514.utt,2/sw2514,2514,17,sd,A,3,13,"they have bats in their roof,  /","they/PRP have/VBP bats/NNS in/IN their/PRP$ roof/NN ,/,",,
sw06utt/sw_0697_2514.utt,2/sw2514,2514,18,sd,A,3,14,{C but } the bats eat the bad spiders  /,but/CC the/DT bats/NNS eat/VBP the/DT bad/JJ spiders/NNS,,
sw06utt/sw_0697_2514.utt,2/sw2514,2514,19,sd,A,3,15,"{C so } they  leave the bats, {D you know. }  /","so/RB they/PRP leave/VBP the/DT bats/NNS ,/, you/PRP know/VBP ./.",,
sw06utt/sw_0697_2514.utt,2/sw2514,2514,20,%,A,3,16,{C So. } -/,So/RB ./.,,
sw06utt/sw_0697_2514.utt,2/sw2514,2514,21,b,B,4,1,Yeah.  /,Yeah/UH ./.,,
sw06utt/sw_0697_2514.utt,2/sw2514,2514,22,sv,B,4,2,"It's a [ whole, +  whole ]  different culture  /","It/PRP 's/BES a/DT whole/RB ,/, whole/RB different/JJ culture/NN",,
sw06utt/sw_0697_2514.utt,2/sw2514,2514,23,sd,B,4,3,"{C or, }","or/CC ,/,",,
sw06utt/sw_0697_2514.utt,2/sw2514,2514,24,b,A,5,1,Uh-huh. /,Uh-huh/UH ./.,,
sw06utt/sw_0697_2514.utt,2/sw2514,2514,25,+,B,6,1,"[ It, +  it's ] weird down there  because there's always lizards and things running around that people live there,  /","It/PRP ,/, it/PRP 's/BES weird/JJ down/IN there/RB because/IN there/EX 's/BES always/RB lizards/NNS and/CC things/NNS running/VBG around/IN that/DT people/NNS live/VBP there/RB ,/,",,
sw06utt/sw_0697_2514.utt,2/sw2514,2514,26,sd,B,6,2,"[ they just, +   they ] take it for granted  /","they/PRP just/RB ,/, they/PRP take/VBP it/PRP for/IN granted/VBN",,
sw06utt/sw_0697_2514.utt,2/sw2514,2514,27,sd,B,6,3,"{C and } it's like we go down there on vacation,  /","and/CC it/PRP 's/BES like/IN we/PRP go/VBP down/IN there/RB on/IN vacation/NN ,/,",,
sw06utt/sw_0697_2514.utt,2/sw2514,2514,28,sd(^q),B,6,4,"it's like  {F oh, } how can these people live with these lizards and {D like } bats in their house? /","it/PRP 's/BES like/IN oh/UH ,/, how/WRB can/MD these/DT people/NNS live/VB with/IN these/DT lizards/NNS and/CC like/IN bats/NNS in/IN their/PRP$ house/NN ?/.",,
sw06utt/sw_0697_2514.utt,2/sw2514,2514,29,b,A,7,1,Yeah.  /,Yeah/UH ./.,,
sw06utt/sw_0697_2514.utt,2/sw2514,2514,30,sv,A,7,2,"I think their policy with  them that though, is, {F uh, } - /","I/PRP think/VBP their/PRP$ policy/NN with/IN them/PRP that/WDT though/RB ,/, is/VBZ ,/, uh/UH ,/,",,
sw06utt/sw_0697_2514.utt,2/sw2514,2514,31,h,A,7,3,"I don't know,  /","I/PRP do/VBP n't/RB know/VB ,/,",,
sw06utt/sw_0697_2514.utt,2/sw2514,2514,32,sv,A,7,4,"I think, - /","I/PRP think/VBP ,/,",,
sw06utt/sw_0697_2514.utt,2/sw2514,2514,33,sv,A,7,5,"I wish we would have just, - /","I/PRP wish/VBP we/PRP would/MD have/VB just/RB ,/,",,
sw06utt/sw_0697_2514.utt,2/sw2514,2514,34,sv,A,7,6,I'm not that up on the policy of ways.  /,I/PRP 'm/VBP not/RB that/RB up/IN on/IN the/DT policy/NN of/IN ways/NNS ./.,,
sw06utt/sw_0697_2514.utt,2/sw2514,2514,35,sv,A,7,7,"I know that's kind of old,  /","I/PRP know/VBP that/DT 's/BES kind/RB of/RB old/JJ ,/,",,
sw06utt/sw_0697_2514.utt,2/sw2514,2514,36,h,A,7,8,"{C but } I don't know,  /","but/CC I/PRP do/VBP n't/RB know/VB ,/,",,
sw06utt/sw_0697_2514.utt,2/sw2514,2514,37,sv,A,7,9,"[ I just, +  I'm ] glad that the Sandanistas aren't in power anymore because I think that they were <throat_clearing> very wicked.   And, {F uh, } probably some of the biggest drug dealers that the world has probably ever seen,  /","I/PRP just/RB ,/, I/PRP 'm/VBP glad/JJ that/IN the/DT Sandanistas/NNP are/VBP n't/RB in/IN power/NN anymore/RB because/IN I/PRP think/VBP that/IN they/PRP were/VBD very/RB wicked/JJ ./. And/CC ,/, uh/UH ,/, probably/RB some/DT of/IN the/DT biggest/JJS drug/NN dealers/NNS that/WDT the/DT world/NN has/VBZ probably/RB ever/RB seen/VBN ,/,",,
sw06utt/sw_0697_2514.utt,2/sw2514,2514,38,sv,A,7,10,"{C and } I feel like most of the leaders in Latin America are probably, - /","and/CC I/PRP feel/VBP like/IN most/JJS of/IN the/DT leaders/NNS in/IN Latin/JJ America/NNP are/VBP probably/RB ,/,",,
sw06utt/sw_0697_2514.utt,2/sw2514,2514,39,sv,A,7,11,"you would be safe to say that they were just very very, {D you know, } big into drugs. /","you/PRP would/MD be/VB safe/JJ to/TO say/VB that/IN they/PRP were/VBD just/RB very/RB very/RB ,/, you/PRP know/VBP ,/, big/JJ into/IN drugs/NNS ./.",,
sw06utt/sw_0697_2514.utt,2/sw2514,2514,40,sv,B,8,1,"Very very corrupt, like the Panamanians [ are, + were ] very corrupt. /","Very/RB very/RB corrupt/JJ ,/, like/IN the/DT Panamanians/NNPS are/VBP ,/, were/VBD very/RB corrupt/JJ ./.",,
sw06utt/sw_0697_2514.utt,2/sw2514,2514,41,b,A,9,1,Right. /,Right/UH ./.,,
sw06utt/sw_0697_2514.utt,2/sw2514,2514,42,sd,B,10,1,"The thing about it though is the  Panamanians is, a lot of servicemen down there.  /","The/DT thing/NN about/IN it/PRP though/RB is/VBZ the/DT Panamanians/NNPS is/VBZ ,/, a/DT lot/NN of/IN servicemen/NNS down/IN there/RB ./.",,
sw06utt/sw_0697_2514.utt,2/sw2514,2514,43,sd,B,10,2,"[ A lot of, +  a lot of ]  American servicemen are involved, /","A/DT lot/NN of/IN ,/, a/DT lot/NN of/IN American/JJ servicemen/NNS are/VBP involved/VBN ,/,",,
sw06utt/sw_0697_2514.utt,2/sw2514,2514,44,b,A,11,1,Uh-huh. /,Uh-huh/UH ./.,,
sw06utt/sw_0697_2514.utt,2/sw2514,2514,45,sd,B,12,1,"{C because } I guess there was a [ big, +   big, ] {F uh, } scam [ that, +  that ] all these guys up.  /","because/IN I/PRP guess/VBP there/EX was/VBD a/DT big/JJ ,/, big/JJ ,/, uh/UH ,/, scam/NN that/WDT ,/, that/WDT all/PDT these/DT guys/NNS up/RP ./.",,
sw06utt/sw_0697_2514.utt,2/sw2514,2514,46,sd,B,12,2,"Thousands of servicemen,","Thousands/NNS of/IN servicemen/NNS ,/,",,
sw06utt/sw_0697_2514.utt,2/sw2514,2514,47,b,A,13,1,Uh-huh. /,Uh-huh/UH ./.,,
sw06utt/sw_0697_2514.utt,2/sw2514,2514,48,+,B,14,1,got caught for running a drug ring. /,got/VBD caught/VBN for/IN running/VBG a/DT drug/NN ring/NN ./.,,
sw06utt/sw_0697_2514.utt,2/sw2514,2514,49,b,A,15,1,Yeah. /,Yeah/UH ./.,,
sw06utt/sw_0697_2514.utt,2/sw2514,2514,50,sv,B,16,1,"{C So, } [ it's, +  it's ] like  everybody is into it,  /","So/RB ,/, it/PRP 's/BES ,/, it/PRP 's/BES like/IN everybody/NN is/VBZ into/IN it/PRP ,/,",,
sw06utt/sw_0697_2514.utt,2/sw2514,2514,51,sv,B,16,2,it's just greed.,it/PRP 's/BES just/RB greed/NN ./.,,
sw06utt/sw_0697_2514.utt,2/sw2514,2514,52,b^r,A,17,1,Yeah. /,Yeah/UH ./.,,
sw06utt/sw_0697_2514.utt,2/sw2514,2514,53,+,B,18,1,Human greed.  /,Human/JJ greed/NN ./.,,
sw06utt/sw_0697_2514.utt,2/sw2514,2514,54,sd,B,18,2,"Interestingly  ((   ))  in Honduras,","Interestingly/RB MUMBLEx/XX in/IN Honduras/NNP ,/,",,
sw06utt/sw_0697_2514.utt,2/sw2514,2514,55,b,A,19,1,Uh-huh. /,Uh-huh/UH ./.,,
sw06utt/sw_0697_2514.utt,2/sw2514,2514,56,+,B,20,1,It's very pro-American. /,It/PRP 's/BES very/RB pro-American/JJ ./.,,
sw06utt/sw_0697_2514.utt,2/sw2514,2514,57,b^r,A,21,1,Uh-huh. /,Uh-huh/UH ./.,,
sw06utt/sw_0697_2514.utt,2/sw2514,2514,58,%,B,22,1,"{C And } [ we have +  I, ] - /","And/CC we/PRP have/VBP I/PRP ,/,",,
sw06utt/sw_0697_2514.utt,2/sw2514,2514,59,sd,B,22,2,"my girlfriend used to, {F uh, } be in the  Navy  /","my/PRP$ girlfriend/NN used/VBN to/TO ,/, uh/UH ,/, be/VB in/IN the/DT Navy/NNP",,
sw06utt/sw_0697_2514.utt,2/sw2514,2514,60,sd,B,22,3,"{C and } she was [ based, + {F uh, } based ] in Panama. /","and/CC she/PRP was/VBD based/VBN ,/, uh/UH ,/, based/VBN in/IN Panama/NNP ./.",,
sw06utt/sw_0697_2514.utt,2/sw2514,2514,61,b^r,A,23,1,Uh-huh. /,Uh-huh/UH ./.,,
sw06utt/sw_0697_2514.utt,2/sw2514,2514,62,sd,B,24,1,"In Honduras, very, {F uh, } {F uh, } pro-American. -/","In/IN Honduras/NNP ,/, very/RB ,/, uh/UH ,/, uh/UH ,/, pro-American/JJ ./.",,
sw06utt/sw_0697_2514.utt,2/sw2514,2514,63,b^r,A,25,1,Uh-huh. /,Uh-huh/UH ./.,,
sw06utt/sw_0697_2514.utt,2/sw2514,2514,64,sd,B,26,1,"{C And } there's a lot of men,  I don't know how many American, {F uh, }  /","And/CC there/EX 's/BES a/DT lot/NN of/IN men/NNS ,/, I/PRP do/VBP n't/RB know/VB how/WRB many/JJ American/NNP ,/, uh/UH ,/,",,
sw06utt/sw_0697_2514.utt,2/sw2514,2514,65,sd,B,26,2,"soldiers are there,  /","soldiers/NNS are/VBP there/RB ,/,",,
sw06utt/sw_0697_2514.utt,2/sw2514,2514,66,sd,B,26,3,{C but } there's a lot.  /,but/CC there/EX 's/BES a/DT lot/NN ./.,,
sw06utt/sw_0697_2514.utt,2/sw2514,2514,67,%,B,26,4,"{E I mean, }  they, {F uh, } - /","I/PRP mean/VBP ,/, they/PRP ,/, uh/UH ,/,",,
sw06utt/sw_0697_2514.utt,2/sw2514,2514,68,sv,B,26,5,"{C and } [ you can't, +  the American government you can't ] trust them either,  because you think, you don't know how corrupt they are. {E I mean } they keep people  in power like the Shah of Iran and,","and/CC you/PRP ca/MD n't/RB ,/, the/DT American/JJ government/NN you/PRP ca/MD n't/RB trust/VB them/PRP either/RB ,/, because/IN you/PRP think/VBP ,/, you/PRP do/VBP n't/RB know/VB how/WRB corrupt/JJ they/PRP are/VBP ./. I/PRP mean/VBP they/PRP keep/VBP people/NNS in/IN power/NN like/IN the/DT Shah/NNP of/IN Iran/NNP and/CC ,/,",,
sw06utt/sw_0697_2514.utt,2/sw2514,2514,69,b^r,A,27,1,Uh-huh. /,Uh-huh/UH ./.,,
sw06utt/sw_0697_2514.utt,2/sw2514,2514,70,+,B,28,1,"things like that,  /","things/NNS like/IN that/DT ,/,",,
sw06utt/sw_0697_2514.utt,2/sw2514,2514,71,sv,B,28,2,"{E I mean, } it's  the lesser of two evils,  /","I/PRP mean/VBP ,/, it/PRP 's/BES the/DT lesser/JJR of/IN two/CD evils/NNS ,/,",,
sw06utt/sw_0697_2514.utt,2/sw2514,2514,72,sv,B,28,3,they will probably say this is the lesser of two evils. /,they/PRP will/MD probably/RB say/VB this/DT is/VBZ the/DT lesser/JJR of/IN two/CD evils/NNS ./.,,
sw06utt/sw_0697_2514.utt,2/sw2514,2514,73,b,A,29,1,Yeah. /,Yeah/UH ./.,,
sw06utt/sw_0697_2514.utt,2/sw2514,2514,74,sv,B,30,1,{C But } I don't know how corrupt  the Honduran government is.  /,But/CC I/PRP do/VBP n't/RB know/VB how/WRB corrupt/JJ the/DT Honduran/JJ government/NN is/VBZ ./.,,
sw06utt/sw_0697_2514.utt,2/sw2514,2514,75,%,B,30,2,"{C But } the, -/","But/CC the/DT ,/,",,
sw06utt/sw_0697_2514.utt,2/sw2514,2514,76,b,A,31,1,"Yeah,  /","Yeah/UH ,/,",,
sw06utt/sw_0697_2514.utt,2/sw2514,2514,77,sv,A,31,2,"they need to have more checks and  balances in their government <throat_clearing> to get rid of the corruption.  But I think first though,  /","they/PRP need/VBP to/TO have/VB more/JJR checks/NNS and/CC balances/NNS in/IN their/PRP$ government/NN to/TO get/VB rid/VBN of/IN the/DT corruption/NN ./. But/CC I/PRP think/VBP first/JJ though/RB ,/,",,
sw06utt/sw_0697_2514.utt,2/sw2514,2514,78,h,A,31,3,"I don't know,  /","I/PRP do/VBP n't/RB know/VB ,/,",,
sw06utt/sw_0697_2514.utt,2/sw2514,2514,79,sv,A,31,4,"[ they need to, +  I think they need the ]  repentance on the leadership of the different nations for all [ their, +   {F uh, } {D you know } the ] atrocities that they commit and the drug dealings,  [ and + ] [ in the, +   just in the ] drug crimes,  /","they/PRP need/VBP to/TO ,/, I/PRP think/VBP they/PRP need/VBP the/DT repentance/NN on/IN the/DT leadership/NN of/IN the/DT different/JJ nations/NNS for/IN all/DT their/PRP$ ,/, uh/UH ,/, you/PRP know/VBP the/DT atrocities/NNS that/WDT they/PRP commit/VBP and/CC the/DT drug/NN dealings/NNS ,/, and/CC in/IN the/DT ,/, just/RB in/IN the/DT drug/NN crimes/NNS ,/,",,
sw06utt/sw_0697_2514.utt,2/sw2514,2514,80,sv,A,31,5,"{C because } I feel like a lot of the leadership in those  nations are so engrossed in the drug crimes that until they repent or  they are moved from power, that {D you know, } - /","because/IN I/PRP feel/VBP like/IN a/DT lot/NN of/IN the/DT leadership/NN in/IN those/DT nations/NNS are/VBP so/RB engrossed/JJ in/IN the/DT drug/NN crimes/NNS that/IN until/IN they/PRP repent/VBP or/CC they/PRP are/VBP moved/VBN from/IN power/NN ,/, that/IN you/PRP know/VBP ,/,",,
sw06utt/sw_0697_2514.utt,2/sw2514,2514,81,sv,A,31,6,"because there are so many of them that  the next one to come up, if you just knock one off and then have another one,  /","because/IN there/EX are/VBP so/RB many/JJ of/IN them/PRP that/WDT the/DT next/JJ one/NN to/TO come/VB up/IN ,/, if/IN you/PRP just/RB knock/VBP one/CD off/RP and/CC then/RB have/VBP another/DT one/CD ,/,",,
sw06utt/sw_0697_2514.utt,2/sw2514,2514,82,sv,A,31,7,"{C and } I know a lot of those nations, there's, {F uh, } Brazil, I know, is  like forty percent evangelical Christian. Not just go to church but,  {D you know, } really on fire for God,  /","and/CC I/PRP know/VBP a/DT lot/NN of/IN those/DT nations/NNS ,/, there/EX 's/BES ,/, uh/UH ,/, Brazil/NNP ,/, I/PRP know/VBP ,/, is/VBZ like/RB forty/CD percent/NN evangelical/JJ  Christian/JJ ./.  Not/RB just/RB go/VBP to/IN church/NN but/CC ,/, you/PRP know/VBP ,/, really/RB on/IN fire/NN for/IN God/NNP ,/,",,
sw06utt/sw_0697_2514.utt,2/sw2514,2514,83,sv,A,31,8,"{C and } they are just surpassing [ America, +   Latin America ] by the drugs.  /","and/CC they/PRP are/VBP just/RB surpassing/VBG America/NNP ,/, Latin/NNP America/NNP by/IN the/DT drugs/NNS ./.",,
sw06utt/sw_0697_2514.utt,2/sw2514,2514,84,sv,A,31,9,"{D You know, } it's just incomprehensible,  /","You/PRP know/VBP ,/, it/PRP 's/BES just/RB incomprehensible/JJ ,/,",,
sw06utt/sw_0697_2514.utt,2/sw2514,2514,85,sv,A,31,10,"[ {C and, } +   {F uh, } {C so } ] [ I just think that, +   I think that ] God is going to honor that and that he is going to put  in some good leadership,  /","and/CC ,/, uh/UH ,/, so/RB I/PRP just/RB think/VBP that/IN ,/, I/PRP think/VBP that/IN God/NNP is/VBZ going/VBG to/TO honor/VB that/DT and/CC that/IN he/PRP is/VBZ going/VBG to/TO put/VB in/IN some/DT good/JJ leadership/NN ,/,",,
sw06utt/sw_0697_2514.utt,2/sw2514,2514,86,sv,A,31,11,"{C and } I know, the president of, I believe Costa Rica is a Christian.  /","and/CC I/PRP know/VBP ,/, the/DT president/NN of/IN ,/, I/PRP believe/VBP Costa/NNP Rica/NNP is/VBZ a/DT Christian/NNP ./.",,
sw06utt/sw_0697_2514.utt,2/sw2514,2514,87,sv,A,31,12,"{C And } [ he goes to, +  no Guatemala, because he goes to ] virgo church  in Guatemala City.  /","And/CC he/PRP goes/VBZ to/IN ,/, no/DT Guatemala/NNP ,/, because/IN he/PRP goes/VBZ to/IN virgo/NN church/NN in/IN Guatemala/NNP City/NNP ./.",,
sw06utt/sw_0697_2514.utt,2/sw2514,2514,88,sv,A,31,13,The church is in real close relationship with him.  /,The/DT church/NN is/VBZ in/IN real/RB close/JJ relationship/NN with/IN him/PRP ./.,,
sw06utt/sw_0697_2514.utt,2/sw2514,2514,89,sd,A,31,14,{C And } he is a former president of Guatemala.  /,And/CC he/PRP is/VBZ a/DT former/JJ president/NN of/IN Guatemala/NNP ./.,,
sw06utt/sw_0697_2514.utt,2/sw2514,2514,90,sd,A,31,15,He's an elder at virgo church  /,He/PRP 's/BES an/DT elder/JJR at/IN virgo/NN church/NN,,
sw06utt/sw_0697_2514.utt,2/sw2514,2514,91,sv,A,31,16,"{C and, } {D you know }  [ that, +  that ] God is doing something  /","and/CC ,/, you/PRP know/VBP that/IN ,/, that/IN God/NNP is/VBZ doing/VBG something/NN",,
sw06utt/sw_0697_2514.utt,2/sw2514,2514,92,sv,A,31,17,{C and } he is raising up some leaders  /,and/CC he/PRP is/VBZ raising/VBG up/RP some/DT leaders/NNS,,
sw06utt/sw_0697_2514.utt,2/sw2514,2514,93,sd,A,31,18,"{C  and } the people want him back as president bad,  /","and/CC the/DT people/NNS want/VBP him/PRP back/RB as/IN president/NN bad/JJ ,/,",,
sw06utt/sw_0697_2514.utt,2/sw2514,2514,94,sd,A,31,19,{C but } they have a rule in Guatemala  that he can't have another term  /,but/CC they/PRP have/VBP a/DT rule/NN in/IN Guatemala/NNP that/IN he/PRP ca/MD n't/RB have/VB another/DT term/NN,,
sw06utt/sw_0697_2514.utt,2/sw2514,2514,95,sv,A,31,20,"{C and so }  [ the, +  the ] people are trying to override  that, {E I mean } not just the Christians, but all the people because they see when a  righteous man is in authority, the people rejoice. /","and/CC so/RB the/DT ,/, the/DT people/NNS are/VBP trying/VBG to/TO override/VB that/DT ,/, I/PRP mean/VBP not/RB just/RB the/DT Christians/NNPS ,/, but/CC all/PDT the/DT people/NNS because/IN they/PRP see/VBP when/WRB a/DT righteous/JJ man/NN is/VBZ in/IN authority/NN ,/, the/DT people/NNS rejoice/VBP ./.",,
sw06utt/sw_0697_2514.utt,2/sw2514,2514,96,b,B,32,1,"Yeah,  /","Yeah/UH ,/,",,
sw06utt/sw_0697_2514.utt,2/sw2514,2514,97,ba,B,32,2,good.  /,good/UH ./.,,
sw06utt/sw_0697_2514.utt,2/sw2514,2514,98,sv,B,32,3,"{D See, } that's the thing,  /","See/UH ,/, that/DT 's/BES the/DT thing/NN ,/,",,
sw06utt/sw_0697_2514.utt,2/sw2514,2514,99,%,B,32,4,"[ that +  it's ] going, have to, -/","that/IN it/PRP 's/BES going/VBG ,/, have/VBP to/TO ,/,",,
sw06utt/sw_0697_2514.utt,2/sw2514,2514,100,b,A,33,1,Yeah. /,Yeah/UH ./.,,
sw06utt/sw_0697_2514.utt,2/sw2514,2514,101,sv,B,34,1,"that's the undoing of everything,  /","that/DT 's/BES the/DT undoing/NN of/IN everything/NN ,/,",,
sw06utt/sw_0697_2514.utt,2/sw2514,2514,102,%,B,34,2,"{C and } it's the, - /","and/CC it/PRP 's/BES the/DT ,/,",,
sw06utt/sw_0697_2514.utt,2/sw2514,2514,103,sv,B,34,3,"we have no morals, when we, talk about the crime and all that in the city,  /","we/PRP have/VBP no/DT morals/NNS ,/, when/WRB we/PRP ,/, talk/VB about/IN the/DT crime/NN and/CC all/DT that/DT in/IN the/DT city/NN ,/,",,
sw06utt/sw_0697_2514.utt,2/sw2514,2514,104,sv,B,34,4,it's just the kids have no morals. /,it/PRP 's/BES just/RB the/DT kids/NNS have/VBP no/DT morals/NNS ./.,,
sw06utt/sw_0697_2514.utt,2/sw2514,2514,105,b,A,35,1,Right. /,Right/UH ./.,,
sw06utt/sw_0697_2514.utt,2/sw2514,2514,106,sv,B,36,1,"That's the thing that will eventually,  {D you know, } - /","That/DT 's/BES the/DT thing/NN that/WDT will/MD eventually/RB ,/, you/PRP know/VBP ,/,",,
sw06utt/sw_0697_2514.utt,2/sw2514,2514,107,sv,B,36,2,if anyone is going to be saved. -/,if/IN anyone/NN is/VBZ going/VBG to/TO be/VB saved/VBN ./.,,
sw06utt/sw_0697_2514.utt,2/sw2514,2514,108,b,A,37,1,Uh-huh. /,Uh-huh/UH ./.,,
sw06utt/sw_0697_2514.utt,2/sw2514,2514,109,sv,B,38,1,It is having a good moral background.  /,It/PRP is/VBZ having/VBG a/DT good/JJ moral/JJ background/NN ./.,,
sw06utt/sw_0697_2514.utt,2/sw2514,2514,110,sv,B,38,2,"{C And } it's funny you mention Costa Rica, because [ they are just, +  they are ]  one of the most successful and peaceful countries,","And/CC it/PRP 's/BES funny/JJ you/PRP mention/VBP Costa/NNP Rica/NNP ,/, because/IN they/PRP are/VBP just/RB ,/, they/PRP are/VBP one/CD of/IN the/DT most/RBS successful/JJ and/CC peaceful/JJ countries/NNS ,/,",,
sw06utt/sw_0697_2514.utt,2/sw2514,2514,111,b,A,39,1,"Uh-huh,  /","Uh-huh/UH ,/,",,
sw06utt/sw_0697_2514.utt,2/sw2514,2514,112,b,A,39,2,yeah. /,yeah/UH ./.,,
sw06utt/sw_0697_2514.utt,2/sw2514,2514,113,+,B,40,1,in Central America.  /,in/IN Central/NNP America/NNP ./.,,
sw06utt/sw_0697_2514.utt,2/sw2514,2514,114,sd,B,40,2,"{C So, } I was  reading an article in the, {F uh, } National Geographic  /","So/RB ,/, I/PRP was/VBD reading/VBG an/DT article/NN in/IN the/DT ,/, uh/UH ,/, National/NNP Geographic/NNP",,
sw06utt/sw_0697_2514.utt,2/sw2514,2514,115,h,B,40,3,"{C and, } I don't know,  /","and/CC ,/, I/PRP do/VBP n't/RB know/VB ,/,",,
sw06utt/sw_0697_2514.utt,2/sw2514,2514,116,sv,B,40,4,"I don't think they have any more money than any of the other countries, /","I/PRP do/VBP n't/RB think/VB they/PRP have/VB any/DT more/JJR money/NN than/IN any/DT of/IN the/DT other/JJ countries/NNS ,/,",,
sw06utt/sw_0697_2514.utt,2/sw2514,2514,117,b,A,41,1,Uh-huh. /,Uh-huh/UH ./.,,
sw06utt/sw_0697_2514.utt,2/sw2514,2514,118,sd,B,42,1,"they don't have oil or anything,  /","they/PRP do/VBP n't/RB have/VB oil/NN or/CC anything/NN ,/,",,
sw06utt/sw_0697_2514.utt,2/sw2514,2514,119,sd,B,42,2,{C and } they don't have big tourism.  /,and/CC they/PRP do/VBP n't/RB have/VB big/JJ tourism/NN ./.,,
sw06utt/sw_0697_2514.utt,2/sw2514,2514,120,sv,B,42,3,{C So } maybe it is their faith that enables them to keep the crime out. /,So/RB maybe/RB it/PRP is/VBZ their/PRP$ faith/NN that/WDT enables/VBZ them/PRP to/TO keep/VB the/DT crime/NN out/RB ./.,,
sw06utt/sw_0697_2514.utt,2/sw2514,2514,121,b^r,A,43,1,Uh-huh.  /,Uh-huh/UH ./.,,
sw06utt/sw_0697_2514.utt,2/sw2514,2514,122,sd,A,43,2,"I know that Costa Rica,  they don't allow anybody [ to come that, + {F uh, } to come any, ] {F uh, }  [ what do you call, +  what do you call ] immigrants?   /","I/PRP know/VBP that/IN Costa/NNP Rica/NNP ,/, they/PRP do/VBP n't/RB allow/VB anybody/NN to/TO come/VB that/WDT ,/, uh/UH ,/, to/TO come/VB any/DT ,/, uh/UH ,/, what/WDT do/VBP you/PRP call/VB ,/, what/WDT do/VBP you/PRP call/VB immigrants/NNS ?/.",,
sw06utt/sw_0697_2514.utt,2/sw2514,2514,123,sd,A,43,3,They don't allow anything like that  /,They/PRP do/VBP n't/RB allow/VB anything/NN like/IN that/DT,,
sw06utt/sw_0697_2514.utt,2/sw2514,2514,124,sd,A,43,4,like  I could not go to Costa Rica and live as an American citizen.  /,like/NN I/PRP could/MD not/RB go/VB to/IN Costa/NNP Rica/NNP and/CC live/VB as/IN an/DT American/JJ citizen/NN ./.,,
sw06utt/sw_0697_2514.utt,2/sw2514,2514,125,sd,A,43,5,They would not permit  me to live there to work.  /,They/PRP would/MD not/RB permit/VB me/PRP to/TO live/VB there/RB to/TO work/VB ./.,,
sw06utt/sw_0697_2514.utt,2/sw2514,2514,126,sd,A,43,6,They wouldn't.  /,They/PRP would/MD n't/RB ./.,,
sw06utt/sw_0697_2514.utt,2/sw2514,2514,127,sd,A,43,7,Their jobs are there for Costa Ricans.  /,Their/PRP$ jobs/NNS are/VBP there/RB for/IN Costa/NNP Ricans/NNS ./.,,
sw06utt/sw_0697_2514.utt,2/sw2514,2514,128,sd,A,43,8,"They don't allow people to move in, like less nations, {D you know, } /","They/PRP do/VBP n't/RB allow/VB people/NNS to/TO move/VB in/IN ,/, like/IN less/JJR nations/NNS ,/, you/PRP know/VBP ,/,",,
sw06utt/sw_0697_2514.utt,2/sw2514,2514,129,qy^d,B,44,1,"[ They don't, +  they don't ]  probably take a lot of refugees from other countries either. /","They/PRP do/VBP n't/RB ,/, they/PRP do/VBP n't/RB probably/RB take/VB a/DT lot/NN of/IN refugees/NNS from/IN other/JJ countries/NNS either/RB ./.",,
sw06utt/sw_0697_2514.utt,2/sw2514,2514,130,sd,A,45,1,take the job.  /,take/VB the/DT job/NN ./.,,
sw06utt/sw_0697_2514.utt,2/sw2514,2514,131,nn,A,45,2,No  /,No/UH,,
sw06utt/sw_0697_2514.utt,2/sw2514,2514,132,sd^e,A,45,3,they don't take any.  /,they/PRP do/VBP n't/RB take/VB any/DT ./.,,
sw06utt/sw_0697_2514.utt,2/sw2514,2514,133,sd,A,45,4,{E I mean } I couldn't even go there.  /,I/PRP mean/VBP I/PRP could/MD n't/RB even/RB go/VB there/RB ./.,,
sw06utt/sw_0697_2514.utt,2/sw2514,2514,134,sd,A,45,5,"My husband had to receive all this special  permission to go,  /","My/PRP$ husband/NN had/VBD to/TO receive/VB all/PDT this/DT special/JJ permission/NN to/TO go/VB ,/,",,
sw06utt/sw_0697_2514.utt,2/sw2514,2514,135,sd,A,45,6,"{C so } even with, {F uh, } {D you know, }  in, {F uh, } inner company,  {D you know, } transfer, or something,  /","so/RB even/RB with/IN ,/, uh/UH ,/, you/PRP know/VBP ,/, in/IN ,/, uh/UH ,/, inner/JJ company/NN ,/, you/PRP know/VBP ,/, transfer/NN ,/, or/CC something/NN ,/,",,
sw06utt/sw_0697_2514.utt,2/sw2514,2514,136,sd,A,45,7,"{C and } I have another friend in, {F uh, } Costa Rica that, - /","and/CC I/PRP have/VBP another/DT friend/NN in/IN ,/, uh/UH ,/, Costa/NNP Rica/NNP that/WDT ,/,",,
sw06utt/sw_0697_2514.utt,2/sw2514,2514,137,sd,A,45,8,she was born there.  /,she/PRP was/VBD born/VBN there/RB ./.,,
sw06utt/sw_0697_2514.utt,2/sw2514,2514,138,sd,A,45,9,She's Costa Rican.  /,She/PRP 's/BES Costa/JJ Rican/JJ ./.,,
sw06utt/sw_0697_2514.utt,2/sw2514,2514,139,sv,A,45,10,I guess I do know a little bit.  /,I/PRP guess/VBP I/PRP do/VBP know/VB a/DT little/JJ bit/NN ./.,,
sw06utt/sw_0697_2514.utt,2/sw2514,2514,140,sd,A,45,11,I went to Mexico City one time and  stayed.  /,I/PRP went/VBD to/IN Mexico/NNP City/NNP one/CD time/NN and/CC stayed/VBD ./.,,
sw06utt/sw_0697_2514.utt,2/sw2514,2514,141,sd,A,45,12,I have been there twice and stayed  /,I/PRP have/VBP been/VBN there/RB twice/RB and/CC stayed/VBD,,
sw06utt/sw_0697_2514.utt,2/sw2514,2514,142,sv,A,45,13,"{C and, } [ that, +  aw, that ] was just really sad.  /","and/CC ,/, that/DT ,/, aw/UH ,/, that/DT was/VBD just/RB really/RB sad/JJ ./.",,
sw06utt/sw_0697_2514.utt,2/sw2514,2514,143,sd,A,45,14,"{C But, } a lot of it though  is their debt.  /","But/CC ,/, a/DT lot/NN of/IN it/PRP though/RB is/VBZ their/PRP$ debt/NN ./.",,
sw06utt/sw_0697_2514.utt,2/sw2514,2514,144,sv,A,45,15,"I think that we should not loan them anymore money,  /","I/PRP think/VBP that/IN we/PRP should/MD not/RB loan/VB them/PRP anymore/RB money/NN ,/,",,
sw06utt/sw_0697_2514.utt,2/sw2514,2514,145,sv,A,45,16,"that if we still   want to give them money, give them money, quit loaning it to them.  /","that/IN if/IN we/PRP still/RB want/VBP to/TO give/VB them/PRP money/NN ,/, give/VB them/PRP money/NN ,/, quit/VB loaning/VBG it/PRP to/IN them/PRP ./.",,
sw06utt/sw_0697_2514.utt,2/sw2514,2514,146,sv,A,45,17,You're not going to get it back.  /,You/PRP 're/VBP not/RB going/VBG to/TO get/VB it/PRP back/RB ./.,,
sw06utt/sw_0697_2514.utt,2/sw2514,2514,147,sv,A,45,18,Don't be indebted to anybody.  /,Do/VBP n't/RB be/VB indebted/JJ to/IN anybody/NN ./.,,
sw06utt/sw_0697_2514.utt,2/sw2514,2514,148,sv,A,45,19,Don't be the loaner or  borrower.  /,Do/VBP n't/RB be/VB the/DT loaner/NN or/CC borrower/NN ./.,,
sw06utt/sw_0697_2514.utt,2/sw2514,2514,149,sv,A,45,20,It's just not good.  /,It/PRP 's/BES just/RB not/RB good/JJ ./.,,
sw06utt/sw_0697_2514.utt,2/sw2514,2514,150,sv,A,45,21,"[ We need to, +  if we feel like we need to ]  give them money then give it to them,  /","We/PRP need/VBP to/TO ,/, if/IN we/PRP feel/VBP like/IN we/PRP need/VBP to/TO give/VB them/PRP money/NN then/RB give/VB it/PRP to/IN them/PRP ,/,",,
sw06utt/sw_0697_2514.utt,2/sw2514,2514,151,sv,A,45,22,{C but } quit loaning all the money out.  /,but/CC quit/VB loaning/VBG all/PDT the/DT money/NN out/RP ./.,,
sw06utt/sw_0697_2514.utt,2/sw2514,2514,152,sv,A,45,23,"Which I don't think we are loaning anymore now,  /","Which/WDT I/PRP do/VBP n't/RB think/VB we/PRP are/VBP loaning/VBG anymore/RB now/RB ,/,",,
sw06utt/sw_0697_2514.utt,2/sw2514,2514,153,sv,A,45,24,{C but } that's how we got into a problem.  /,but/CC that/DT 's/BES how/WRB we/PRP got/VBD into/IN a/DT problem/NN ./.,,
sw06utt/sw_0697_2514.utt,2/sw2514,2514,154,%,A,45,25,"If we got, the, - /","If/IN we/PRP got/VBD ,/, the/DT ,/,",,
sw06utt/sw_0697_2514.utt,2/sw2514,2514,155,sv,A,45,26,"[ we have, +  we went ] in the hole by us loaning them all of these  billions of dollars.  /","we/PRP have/VBP ,/, we/PRP went/VBD in/IN the/DT hole/NN by/IN us/PRP loaning/VBG them/PRP all/DT of/IN these/DT billions/NNS of/IN dollars/NNS ./.",,
sw06utt/sw_0697_2514.utt,2/sw2514,2514,156,sv,A,45,27,"That's common sense,  /","That/DT 's/BES common/JJ sense/NN ,/,",,
sw06utt/sw_0697_2514.utt,2/sw2514,2514,157,sv,A,45,28,you could just look at it   and say they're not going to be able to pay us back. /,you/PRP could/MD just/RB look/VB at/IN it/PRP and/CC say/VB they/PRP 're/VBP not/RB going/VBG to/TO be/VB able/JJ to/TO pay/VB us/PRP back/RB ./.,,
sw06utt/sw_0697_2514.utt,2/sw2514,2514,158,b,B,46,1,Yeah  /,Yeah/UH,,
sw06utt/sw_0697_2514.utt,2/sw2514,2514,159,sd,B,46,2,"also, {F uh, } {F uh, }  Mexico, {F uh, } we will loan the money in {F uh, } - /","also/RB ,/, uh/UH ,/, uh/UH ,/, Mexico/NNP ,/, uh/UH ,/, we/PRP will/MD loan/VB the/DT money/NN in/IN uh/UH ,/,",,
sw06utt/sw_0697_2514.utt,2/sw2514,2514,160,sv,B,46,3,"a lot of [ the higher, +  the higher ] people,","a/DT lot/NN of/IN the/DT higher/JJR ,/, the/DT higher/JJR people/NNS ,/,",,
sw06utt/sw_0697_2514.utt,2/sw2514,2514,161,b,A,47,1,Uh-huh. /,Uh-huh/UH ./.,,
sw06utt/sw_0697_2514.utt,2/sw2514,2514,162,+,B,48,1,"were just stealing it and,","were/VBD just/RB stealing/VBG it/PRP and/CC ,/,",,
sw06utt/sw_0697_2514.utt,2/sw2514,2514,163,b,A,49,1,Right. /,Right/UH ./.,,
sw06utt/sw_0697_2514.utt,2/sw2514,2514,164,+,B,50,1,"building these beautiful homes,","building/VBG these/DT beautiful/JJ homes/NNS ,/,",,
sw06utt/sw_0697_2514.utt,2/sw2514,2514,165,b,A,51,1,Uh-huh. /,Uh-huh/UH ./.,,
sw06utt/sw_0697_2514.utt,2/sw2514,2514,166,+,B,52,1,and nice ranches and things. /,and/CC nice/JJ ranches/NNS and/CC things/NNS ./.,,
sw06utt/sw_0697_2514.utt,2/sw2514,2514,167,x,A,53,1,((   )) . -/,MUMBLEx/XX ./.,,
sw06utt/sw_0697_2514.utt,2/sw2514,2514,168,sv,B,54,1,"{C So } [ we are, +  we're ] suckers. /","So/RB we/PRP are/VBP ,/, we/PRP 're/VBP suckers/NNS ./.",,
sw06utt/sw_0697_2514.utt,2/sw2514,2514,169,b,A,55,1,"Yeah,  /","Yeah/UH ,/,",,
sw06utt/sw_0697_2514.utt,2/sw2514,2514,170,sv,A,55,2,"[ [ we, +   we   are, ] +   it's like we are ] partly responsible for their problems by loaning them all that money,  /","we/PRP ,/, we/PRP are/VBP ,/, it/PRP 's/BES like/IN we/PRP are/VBP partly/RB responsible/JJ for/IN their/PRP$ problems/NNS by/IN loaning/VBG them/PRP all/PDT that/DT money/NN ,/,",,
sw06utt/sw_0697_2514.utt,2/sw2514,2514,171,sv,A,55,3,that was really stupid on our part to even loan it to them.  /,that/WDT was/VBD really/RB stupid/JJ on/IN our/PRP$ part/NN to/TO even/VB loan/VB it/PRP to/IN them/PRP ./.,,
sw06utt/sw_0697_2514.utt,2/sw2514,2514,172,sv,A,55,4,You don't loan money to people like  that.  /,You/PRP do/VBP n't/RB loan/VB money/NN to/IN people/NNS like/IN that/DT ./.,,
sw06utt/sw_0697_2514.utt,2/sw2514,2514,173,sv,A,55,5,"{E I mean if } you feel like you need to give them something to help  them out, fine,  /","I/PRP mean/VBP if/IN you/PRP feel/VBP like/IN you/PRP need/VBP to/TO give/VB them/PRP something/NN to/TO help/VB them/PRP out/RP ,/, fine/JJ ,/,",,
sw06utt/sw_0697_2514.utt,2/sw2514,2514,174,sv,A,55,6,"{C but } you don't go making billions of dollars of loans in,  to people that you can just look at the situation, /","but/CC you/PRP do/VBP n't/RB go/VB making/VBG billions/NNS of/IN dollars/NNS of/IN loans/NNS in/IN ,/, to/IN people/NNS that/WDT you/PRP can/MD just/RB look/VB at/IN the/DT situation/NN ,/,",,
sw06utt/sw_0697_2514.utt,2/sw2514,2514,175,sv,B,56,1,They know they're not going to pay it back. /,They/PRP know/VBP they/PRP 're/VBP not/RB going/VBG to/TO pay/VB it/PRP back/RB ./.,,
sw06utt/sw_0697_2514.utt,2/sw2514,2514,176,b,A,57,1,"Yeah,  /","Yeah/UH ,/,",,
sw06utt/sw_0697_2514.utt,2/sw2514,2514,177,sv,A,57,2,"and know that they are going  to be capable of paying us back,  /","and/CC know/VB that/IN they/PRP are/VBP going/VBG to/TO be/VB capable/JJ of/IN paying/VBG us/PRP back/RB ,/,",,
sw06utt/sw_0697_2514.utt,2/sw2514,2514,178,sv,A,57,3,{C and } that puts a bondage on them.  /,and/CC that/DT puts/VBZ a/DT bondage/NN on/IN them/PRP ./.,,
sw06utt/sw_0697_2514.utt,2/sw2514,2514,179,sv,A,57,4,"It makes,  {D you know, } pressure on the nation, and  on the people, and on the leadership, and  makes their inflation go up,  /","It/PRP makes/VBZ ,/, you/PRP know/VBP ,/, pressure/NN on/IN the/DT nation/NN ,/, and/CC on/IN the/DT people/NNS ,/, and/CC on/IN the/DT leadership/NN ,/, and/CC makes/VBZ their/PRP$ inflation/NN go/NN up/RP ,/,",,
sw06utt/sw_0697_2514.utt,2/sw2514,2514,180,sv,A,57,5,{C and } it's just a big mess. /,and/CC it/PRP 's/BES just/RB a/DT big/JJ mess/NN ./.,,
sw06utt/sw_0697_2514.utt,2/sw2514,2514,181,qy,B,58,1,"Did you go to Mexico City, {F uh, }  anywhere near when the earthquake hit. /","Did/VBD you/PRP go/VBP to/IN Mexico/NNP City/NNP ,/, uh/UH ,/, anywhere/RB near/RB when/WRB the/DT earthquake/NN hit/VBD ./.",,
sw06utt/sw_0697_2514.utt,2/sw2514,2514,182,nn,A,59,1,"No,  /","No/UH ,/,",,
sw06utt/sw_0697_2514.utt,2/sw2514,2514,183,sd^e,A,59,2,"{C but } I knew people,  /","but/CC I/PRP knew/VBD people/NNS ,/,",,
sw06utt/sw_0697_2514.utt,2/sw2514,2514,184,sd,A,59,3,"I was there before that,  /","I/PRP was/VBD there/RB before/IN that/DT ,/,",,
sw06utt/sw_0697_2514.utt,2/sw2514,2514,185,sd,A,59,4,"{C but } I knew people,  /","but/CC I/PRP knew/VBD people/NNS ,/,",,
sw06utt/sw_0697_2514.utt,2/sw2514,2514,186,sd,A,59,5,"I got a letter from a friend of mine that I had met there,  [ [ that +  who, ] +  who ] the apartment building was destroyed  /","I/PRP got/VBD a/DT letter/NN from/IN a/DT friend/NN of/IN mine/PRP that/WDT I/PRP had/VBD met/VBN there/RB ,/, that/IN who/WP ,/, who/WP the/DT apartment/NN building/NN was/VBD destroyed/VBN",,
sw06utt/sw_0697_2514.utt,2/sw2514,2514,187,sd,A,59,6,"{C and } they were  living in a tent,  /","and/CC they/PRP were/VBD living/VBG in/IN a/DT tent/NN ,/,",,
sw06utt/sw_0697_2514.utt,2/sw2514,2514,188,sv,A,59,7,"{C so } it's kind of weird, {D you know. }  /","so/RB it/PRP 's/BES kind/RB of/RB weird/JJ ,/, you/PRP know/VBP ./.",,
sw06utt/sw_0697_2514.utt,2/sw2514,2514,189,sd,A,59,8,"To these people who were on  U S dive, the Mexican diving, we went to the pool together, and watched them dive and  all this,  /","To/IN these/DT people/NNS who/WP were/VBD on/IN U/NNP S/NNP dive/NN ,/, the/DT Mexican/JJ diving/NN ,/, we/PRP went/VBD to/IN the/DT pool/NN together/RB ,/, and/CC watched/VBD them/PRP dive/VBP and/CC all/PDT this/DT ,/,",,
sw06utt/sw_0697_2514.utt,2/sw2514,2514,190,sd,A,59,9,"{C so } they were {D you know, } just normal people, weren't squatters or  poor people or anything that, {F uh, } - /","so/RB they/PRP were/VBD you/PRP know/VBP ,/, just/RB normal/JJ people/NNS ,/, were/VBD n't/RB squatters/NNS or/CC poor/JJ people/NNS or/CC anything/NN that/WDT ,/, uh/UH ,/,",,
sw06utt/sw_0697_2514.utt,2/sw2514,2514,191,sd,A,59,10,"[ I did, +  I knew ] all of my friends there,  /","I/PRP did/VBD ,/, I/PRP knew/VBD all/DT of/IN my/PRP$ friends/NNS there/RB ,/,",,
sw06utt/sw_0697_2514.utt,2/sw2514,2514,192,sd,A,59,11,"{C but } none of them that I know of, got killed in it.  /","but/CC none/NN of/IN them/PRP that/WDT I/PRP know/VBP of/IN ,/, got/VBD killed/VBN in/IN it/PRP ./.",,
sw06utt/sw_0697_2514.utt,2/sw2514,2514,193,sd,A,59,12,"{C But, } {F uh, } they're  all Christians though.  /","But/CC ,/, uh/UH ,/, they/PRP 're/VBP all/DT Christians/NNPS though/RB ./.",,
sw06utt/sw_0697_2514.utt,2/sw2514,2514,194,sv,A,59,13,God really protected them.  /,God/NNP really/RB protected/VBD them/PRP ./.,,
sw06utt/sw_0697_2514.utt,2/sw2514,2514,195,sv,A,59,14,See that broke out a  revival in Mexico City.  That C B S news and A B C never told you about.  /,See/UH that/DT broke/VBD out/RP a/DT revival/NN in/IN Mexico/NNP City/NNP ./. That/DT C/NNP B/NNP S/NNP news/NN and/CC A/NNP B/NNP C/NNP never/RB told/VBD you/PRP about/IN ./.,,
sw06utt/sw_0697_2514.utt,2/sw2514,2514,196,sv,A,59,15,"There's been a real revival in Mexico City since that earthquake, because [ there's a lot  of, +  {D you know } there's a lot of ] sin in those nations and [ [ a [ lot, +  lots ] of witchcraft, +  a lot of witchcraft. ] +  A whole lot of witchcraft. ]","There/EX 's/HVS been/VBN a/DT real/JJ revival/NN in/IN Mexico/NNP City/NNP since/IN that/DT earthquake/NN ,/, because/IN there/EX 's/BES a/DT lot/NN of/IN ,/, you/PRP know/VBP there/EX 's/BES a/DT lot/NN of/IN sin/NN in/IN those/DT nations/NNS and/CC a/DT lot/NN ,/, lots/NNS of/IN witchcraft/NN ,/, a/DT lot/NN of/IN witchcraft/NN ./. A/DT whole/JJ lot/NN of/IN witchcraft/NN ./.",,
sw06utt/sw_0697_2514.utt,2/sw2514,2514,197,ba,B,60,1,"{F Oh, } I can imagine. /","Oh/UH ,/, I/PRP can/MD imagine/VB ./.",,
sw06utt/sw_0697_2514.utt,2/sw2514,2514,198,+,A,61,1,"So, a lot of it in the name of Christianity. /","So/RB ,/, a/DT lot/NN of/IN it/PRP in/IN the/DT name/NN of/IN Christianity/NNP ./.",,
sw06utt/sw_0697_2514.utt,2/sw2514,2514,199,bh,B,62,1,"{F Oh, } really. /","Oh/UH ,/, really/UH ./.",,
sw06utt/sw_0697_2514.utt,2/sw2514,2514,200,ny,A,63,1,"{F Oh, } yeah.  /","Oh/UH ,/, yeah/UH ./.",,
sw06utt/sw_0697_2514.utt,2/sw2514,2514,201,sd^e,A,63,2,"There's a lot, {D you know } - /","There/EX 's/BES a/DT lot/NN ,/, you/PRP know/VBP",,
sw06utt/sw_0697_2514.utt,2/sw2514,2514,202,sd,A,63,3,"they call themselves Christians,  /","they/PRP call/VBP themselves/PRP Christians/NNPS ,/,",,
sw06utt/sw_0697_2514.utt,2/sw2514,2514,203,sv,A,63,4,"{C but } {D you know } they are over there doing witchcraft and  stuff, and just a whole lot of the generational things too, like the Mayans and  the Incas.  /","but/CC you/PRP know/VBP they/PRP are/VBP over/IN there/RB doing/VBG witchcraft/NN and/CC stuff/NN ,/, and/CC just/RB a/DT whole/JJ lot/NN of/IN the/DT generational/JJ things/NNS too/RB ,/, like/IN the/DT Mayans/NNPS and/CC the/DT Incas/NNPS ./.",,
sw06utt/sw_0697_2514.utt,2/sw2514,2514,204,sv,A,63,5,You can't find a trace of them because God totally destroyed  them for how wicked they were.  /,You/PRP ca/MD n't/RB find/VB a/DT trace/NN of/IN them/PRP because/IN God/NNP totally/RB destroyed/VBD them/PRP for/IN how/WRB wicked/JJ they/PRP were/VBD ./.,,
sw06utt/sw_0697_2514.utt,2/sw2514,2514,205,sv,A,63,6,"{C And } yet, they are revered and honored and  almost worshiped by  /","And/CC yet/RB ,/, they/PRP are/VBP revered/VBN and/CC honored/VBN and/CC almost/RB worshiped/VBN by/IN",,
sw06utt/sw_0697_2514.utt,2/sw2514,2514,206,sv,A,63,7,"{C so } many people, - /","so/RB many/JJ people/NNS ,/,",,
sw06utt/sw_0697_2514.utt,2/sw2514,2514,207,sv,A,63,8,"even now in America, {D you know, }  we wouldn't know the truth with all of Indian groups that were totally removed from  the face of the earth, because of how wicked they were.  /","even/RB now/RB in/IN America/NNP ,/, you/PRP know/VBP ,/, we/PRP would/MD n't/RB know/VB the/DT truth/NN with/IN all/DT of/IN Indian/NNP groups/NNS that/WDT were/VBD totally/RB removed/VBN from/IN the/DT face/NN of/IN the/DT earth/NN ,/, because/IN of/IN how/WRB wicked/JJ they/PRP were/VBD ./.",,
sw06utt/sw_0697_2514.utt,2/sw2514,2514,208,sd,A,63,9,I've been down to the  pyramids  /,I/PRP 've/VBP been/VBN down/IN to/IN the/DT pyramids/NNS,,
sw06utt/sw_0697_2514.utt,2/sw2514,2514,209,sd,A,63,10,"{C and } I have climbed to the top of the pyramid where they used to take  a beating heart out of a young thirteen year old boy,  /","and/CC I/PRP have/VBP climbed/VBN to/IN the/DT top/NN of/IN the/DT pyramid/NN where/WRB they/PRP used/VBD to/TO take/VB a/DT beating/VBG heart/NN out/IN of/IN a/DT young/JJ thirteen/CD year/NN old/JJ boy/NN ,/,",,
sw06utt/sw_0697_2514.utt,2/sw2514,2514,210,sd,A,63,11,"{C and } they hold it  up to the sun God,  /","and/CC they/PRP hold/VBP it/PRP up/IN to/IN the/DT sun/NN God/NNP ,/,",,
sw06utt/sw_0697_2514.utt,2/sw2514,2514,211,sv,A,63,12,{C and } that's pretty of heavy duty. /,and/CC that/DT 's/BES pretty/RB of/IN heavy/JJ duty/NN ./.,,
sw06utt/sw_0697_2514.utt,2/sw2514,2514,212,b,B,64,1,"Yeah,  /","Yeah/UH ,/,",,
sw06utt/sw_0697_2514.utt,2/sw2514,2514,213,qy,B,64,2,"[ is, + is ] there still blood  stains on the altar  /","is/VBZ ,/, is/VBZ there/EX still/JJ blood/NN stains/NNS on/IN the/DT altar/NN",,
sw06utt/sw_0697_2514.utt,2/sw2514,2514,214,qrr,B,64,3,{C or } has it worn away through the years? /,or/CC has/VBZ it/PRP worn/VBN away/RB through/IN the/DT years/NNS ?/.,,
sw06utt/sw_0697_2514.utt,2/sw2514,2514,215,ng,A,65,1,I don't think so.  /,I/PRP do/VBP n't/RB think/VB so/RB ./.,,
sw06utt/sw_0697_2514.utt,2/sw2514,2514,216,sd,A,65,2,The little box is  black on the top of the pyramid in the sun.  /,The/DT little/JJ box/NN is/VBZ black/JJ on/IN the/DT top/NN of/IN the/DT pyramid/NN in/IN the/DT sun/NN ./.,,
sw06utt/sw_0697_2514.utt,2/sw2514,2514,217,sd,A,65,3,"It's black,  /","It/PRP 's/BES black/JJ ,/,",,
sw06utt/sw_0697_2514.utt,2/sw2514,2514,218,%,A,65,4,{C so } - /,so/RB,,
sw06utt/sw_0697_2514.utt,2/sw2514,2514,219,%,A,65,5,"yeah,  /","yeah/UH ,/,",,
sw06utt/sw_0697_2514.utt,2/sw2514,2514,220,sv,A,65,6,"you can't really tell,  /","you/PRP ca/MD n't/RB really/RB tell/VB ,/,",,
sw06utt/sw_0697_2514.utt,2/sw2514,2514,221,sv,A,65,7,"{C but } it was kind of weird, {D you know,  /","but/CC it/PRP was/VBD kind/RB of/RB weird/JJ ,/, you/PRP know/VBP ,/,",,
sw06utt/sw_0697_2514.utt,2/sw2514,2514,222,sv(^q),A,65,8,"} you think, wow there is  where they did sacrifices to false Gods. /","you/PRP think/VBP ,/, wow/UH there/EX is/VBZ where/WRB they/PRP did/VBD sacrifices/NNS to/IN false/JJ Gods/NNP ./.",,
sw06utt/sw_0697_2514.utt,2/sw2514,2514,223,qy,B,66,1,"Do you get spooked, you feel,  /","Do/VBP you/PRP get/VBP spooked/VBN ,/, you/PRP feel/VBP ,/,",,
sw06utt/sw_0697_2514.utt,2/sw2514,2514,224,qrr,B,66,2,{C or }  do you get butterflies in your stomach when you go there?  /,or/CC do/VBP you/PRP get/VB butterflies/NNS in/IN your/PRP$ stomach/NN when/WRB you/PRP go/VBP there/RB ?/.,,
sw06utt/sw_0697_2514.utt,2/sw2514,2514,225,%,B,66,3,"{C Because, } -/","Because/RB ,/,",,
sw06utt/sw_0697_2514.utt,2/sw2514,2514,226,na,A,67,1,"{F Uh, } at that time, I kind of did.  /","Uh/UH ,/, at/IN that/DT time/NN ,/, I/PRP kind/RB of/RB did/VBD ./.",,
sw06utt/sw_0697_2514.utt,2/sw2514,2514,227,sv,A,67,2,"It really impressed me, just {D you know, }  feeling  /","It/PRP really/RB impressed/VBD me/PRP ,/, just/RB you/PRP know/VBP ,/, feeling/NN",,
sw06utt/sw_0697_2514.utt,2/sw2514,2514,228,sd,A,67,3,"{C but } I wasn't a Christian  when I went there,  /","but/CC I/PRP was/VBD n't/RB a/DT Christian/NNP when/WRB I/PRP went/VBD there/RB ,/,",,
sw06utt/sw_0697_2514.utt,2/sw2514,2514,229,sv,A,67,4,"{C but, } {F uh, } I think that a lot of [ those, +  those ] {D you know, }  generational things - /","but/CC ,/, uh/UH ,/, I/PRP think/VBP that/IN a/DT lot/NN of/IN those/DT ,/, those/DT you/PRP know/VBP ,/, generational/JJ things/NNS",,
sw06utt/sw_0697_2514.utt,2/sw2514,2514,230,sv,A,67,5,"I think, that God sees I'm praying, {D you know, }  /","I/PRP think/VBP ,/, that/IN God/NNP sees/VBZ I/PRP 'm/VBP praying/VBG ,/, you/PRP know/VBP ,/,",,
sw06utt/sw_0697_2514.utt,2/sw2514,2514,231,sv,A,67,6,"that keeps the  Christians that are beginning to rise up there to be able to pray, because that  does affect that things, {D you know, } in your background. /","that/WDT keeps/VBZ the/DT Christians/NNPS that/WDT are/VBP beginning/VBG to/TO rise/VB up/RP there/RB to/TO be/VB able/JJ to/TO pray/VB ,/, because/IN that/DT does/VBZ affect/VB that/IN things/NNS ,/, you/PRP know/VBP ,/, in/IN your/PRP$ background/NN ./.",,
