swda_filename,ptb_basename,conversation_no,transcript_index,act_tag,caller,utterance_index,subutterance_index,text,pos,trees,ptb_treenumbers
sw11utt/sw_1114_2262.utt,2/sw2262,2262,0,sd,A,1,1,"{D Well, } [ I, + {F um, } I ] haven't really lived in a lot of big cities.  /","Well/UH ,/, I/PRP ,/, um/UH ,/, I/PRP have/VBP n't/RB really/RB lived/VBD in/IN a/DT lot/NN of/IN big/JJ cities/NNS ./.",,
sw11utt/sw_1114_2262.utt,2/sw2262,2262,1,sd,A,1,2,"{E I mean, } I'm living in Dallas now.  /","I/PRP mean/VBP ,/, I/PRP 'm/VBP living/VBG in/IN Dallas/NNP now/RB ./.",,
sw11utt/sw_1114_2262.utt,2/sw2262,2262,2,sd,A,1,3,"Plano is outside of Dallas,  /","Plano/NNP is/VBZ outside/IN of/IN Dallas/NNP ,/,",,
sw11utt/sw_1114_2262.utt,2/sw2262,2262,3,sd,A,1,4,"[ {C but, } + {F um, } {C so } ] I don't really have a lot of experience with air pollution. /","but/CC ,/, um/UH ,/, so/IN I/PRP do/VBP n't/RB really/RB have/VB a/DT lot/NN of/IN experience/NN with/IN air/NN pollution/NN ./.",,
sw11utt/sw_1114_2262.utt,2/sw2262,2262,4,b,B,2,1,Huh-uh. /,Huh-uh/UH ./.,,
sw11utt/sw_1114_2262.utt,2/sw2262,2262,5,sd,A,3,1,"{C But, } I know when I lived down in Houston, on the outskirts of Houston, there were some towns like Pasadena that had oil refineries, /","But/CC ,/, I/PRP know/VBP when/WRB I/PRP lived/VBD down/IN in/IN Houston/NNP ,/, on/IN the/DT outskirts/NNS of/IN Houston/NNP ,/, there/EX were/VBD some/DT towns/NNS like/IN Pasadena/NNP that/WDT had/VBD oil/NN refineries/NNS ,/,",,
sw11utt/sw_1114_2262.utt,2/sw2262,2262,6,b,B,4,1,Huh-uh. /,Huh-uh/UH ./.,,
sw11utt/sw_1114_2262.utt,2/sw2262,2262,7,sd,A,5,1,"{C And, } {F um, } if you would drive by there, {D like } on your way to the beach or  something,","And/CC ,/, um/UH ,/, if/IN you/PRP would/MD drive/VB by/IN there/RB ,/, like/UH on/IN your/PRP$ way/NN to/IN the/DT beach/NN or/CC something/NN ,/,",,
sw11utt/sw_1114_2262.utt,2/sw2262,2262,8,b,B,6,1,Huh-uh. /,Huh-uh/UH ./.,,
sw11utt/sw_1114_2262.utt,2/sw2262,2262,9,+,A,7,1,"there would just be  (( dumping ))  this huge amounts of smoke,","there/EX would/MD just/RB be/VB dumping/VBG this/DT huge/JJ amounts/NNS of/IN smoke/NN ,/,",,
sw11utt/sw_1114_2262.utt,2/sw2262,2262,10,b,B,8,1,Huh-uh. /,Huh-uh/UH ./.,,
sw11utt/sw_1114_2262.utt,2/sw2262,2262,11,+,A,9,1,into the air  /,into/IN the/DT air/NN,,
sw11utt/sw_1114_2262.utt,2/sw2262,2262,12,sd,A,9,2,{C and } it always smelled really bad.  /,and/CC it/PRP always/RB smelled/VBD really/RB bad/JJ ./.,,
sw11utt/sw_1114_2262.utt,2/sw2262,2262,13,sd,A,9,3,"We know  that, that was really, really, really bad for the atmosphere.  /","We/PRP know/VBP that/IN ,/, that/DT was/VBD really/RB ,/, really/RB ,/, really/RB bad/JJ for/IN the/DT atmosphere/NN ./.",,
sw11utt/sw_1114_2262.utt,2/sw2262,2262,14,qo,A,9,4,What have you got up there? /,What/WP have/VBP you/PRP got/VBN up/IN there/RB ?/.,,
sw11utt/sw_1114_2262.utt,2/sw2262,2262,15,sd,B,10,1,"{D Well, }  [ I, +  I ] live out in the country, /","Well/UH ,/, I/PRP ,/, I/PRP live/VBP out/IN in/IN the/DT country/NN ,/,",,
sw11utt/sw_1114_2262.utt,2/sw2262,2262,16,b,A,11,1,Huh-uh. /,Huh-uh/UH ./.,,
sw11utt/sw_1114_2262.utt,2/sw2262,2262,17,sv,B,12,1,{C so } that part is good.  /,so/RB that/DT part/NN is/VBZ good/JJ ./.,,
sw11utt/sw_1114_2262.utt,2/sw2262,2262,18,sd,B,12,2,"{F Uh, } we're maybe one hundred miles from Pittsburgh,  /","Uh/UH ,/, we/PRP 're/VBP maybe/RB one/CD hundred/CD miles/NNS from/IN Pittsburgh/NNP ,/,",,
sw11utt/sw_1114_2262.utt,2/sw2262,2262,19,sd,B,12,3,"which has a lot of pollution from their plants, /","which/WDT has/VBZ a/DT lot/NN of/IN pollution/NN from/IN their/PRP$ plants/NNS ,/,",,
sw11utt/sw_1114_2262.utt,2/sw2262,2262,20,b,A,13,1,Huh-uh. /,Huh-uh/UH ./.,,
sw11utt/sw_1114_2262.utt,2/sw2262,2262,21,sd,B,14,1,{C and } right now in our area we're fighting against a toxic waste incinerator. /  *[[sp: we're]],and/CC right/RB now/RB in/IN our/PRP$ area/NN we/PRP 're/VBP fighting/VBG against/IN a/DT toxic/JJ waste/NN incinerator/NN ./.,,
sw11utt/sw_1114_2262.utt,2/sw2262,2262,22,ba,A,15,1,"{F Oh, } no. /","Oh/UH ,/, no/UH ./.",,
sw11utt/sw_1114_2262.utt,2/sw2262,2262,23,sd,B,16,1,"{C And, } {F uh, } it won't be too for from where we live.  /  *[[sp: far]]","And/CC ,/, uh/UH ,/, it/PRP wo/MD n't/RB be/VB too/RB for/^RB from/IN where/WRB we/PRP live/VBP ./.",,
sw11utt/sw_1114_2262.utt,2/sw2262,2262,24,sd,B,16,2,"{C And } everybody really has been, {D you know, } fighting against it, because [ we, + we ] do not want it.  /","And/CC everybody/NN really/RB has/VBZ been/VBN ,/, you/PRP know/VBP ,/, fighting/VBG against/IN it/PRP ,/, because/IN we/PRP ,/, we/PRP do/VBP not/RB want/VB it/PRP ./.",,
sw11utt/sw_1114_2262.utt,2/sw2262,2262,25,sd,B,16,3,"{D Well, } we don't want one any place <laughter>, /","Well/UH ,/, we/PRP do/VBP n't/RB want/VB one/CD any/DT place/NN ,/,",,
sw11utt/sw_1114_2262.utt,2/sw2262,2262,26,ba,A,17,1,Sure. /,Sure/UH ./.,,
sw11utt/sw_1114_2262.utt,2/sw2262,2262,27,sd,B,18,1,"we would like the, {F uh, } industry to do more to take care of the waste products before they turn to incineration, because we feel that, {F uh, } the small percentage that they're going to be putting into the air is too much.   /","we/PRP would/MD like/VB the/DT ,/, uh/UH ,/, industry/NN to/TO do/VB more/JJR to/TO take/VB care/NN of/IN the/DT waste/NN products/NNS before/IN they/PRP turn/VBP to/IN incineration/NN ,/, because/IN we/PRP feel/VBP that/IN ,/, uh/UH ,/, the/DT small/JJ percentage/NN that/WDT they/PRP 're/VBP going/VBG to/TO be/VB putting/VBG into/IN the/DT air/NN is/VBZ too/RB much/JJ ./.",,
sw11utt/sw_1114_2262.utt,2/sw2262,2262,28,o@,B,18,2,"{D You know, }   *[[slash error]]","You/PRP know/VBP ,/,",,
sw11utt/sw_1114_2262.utt,2/sw2262,2262,29,aa,A,19,1,Yeah.  /,Yeah/UH ./.,,
sw11utt/sw_1114_2262.utt,2/sw2262,2262,30,sv,A,19,2,"[ It's just, + {E I mean, } it's just ] so bad that there is just so much going into the air  /","It/PRP 's/BES just/RB ,/, I/PRP mean/VBP ,/, it/PRP 's/BES just/RB so/RB bad/JJ that/IN there/EX is/VBZ just/RB so/RB much/JJ going/NN into/IN the/DT air/NN",,
sw11utt/sw_1114_2262.utt,2/sw2262,2262,31,sv,A,19,3,"[ {C and, } +","and/CC ,/,",,
sw11utt/sw_1114_2262.utt,2/sw2262,2262,32,+,B,20,1,Huh-uh. /,Huh-uh/UH ./.,,
sw11utt/sw_1114_2262.utt,2/sw2262,2262,33,+*,A,21,1,"{C and } ] the little bit you say that there putting in here and there, and  everywhere, it all adds up. /  *[[there -> they're]]","and/CC the/DT little/JJ bit/NN you/PRP say/VBP that/WDT there/^PRP^VBP putting/VBG in/IN here/RB and/CC there/EX ,/,  and/CC everywhere/RB ,/, it/PRP all/DT adds/VBZ up/RB ./.",,
sw11utt/sw_1114_2262.utt,2/sw2262,2262,34,b,B,22,1,Huh-uh. /,Huh-uh/RB ./.,,
sw11utt/sw_1114_2262.utt,2/sw2262,2262,35,sv,A,23,1,{C Plus } all the problems in the Middle East.  /,Plus/CC all/PDT the/DT problems/NNS in/IN the/DT Middle/NNP East/NNP ./.,,
sw11utt/sw_1114_2262.utt,2/sw2262,2262,36,sd,A,23,2,"With all that smoke and, -/","With/IN all/PDT that/DT smoke/NN and/CC ,/,",,
sw11utt/sw_1114_2262.utt,2/sw2262,2262,37,sv,B,24,1,"{F Oh, } that has to be terrible over there. /","Oh/UH ,/, that/WDT has/VBZ to/TO be/VB terrible/JJ over/IN there/RB ./.",,
sw11utt/sw_1114_2262.utt,2/sw2262,2262,38,aa,A,25,1,Yeah.  /,Yeah/UH ./.,,
sw11utt/sw_1114_2262.utt,2/sw2262,2262,39,qh,A,25,2,"{C So } it's just, {F um, } why are we doing this to ourselves <laughter>. /","So/RB it/PRP 's/BES just/RB ,/, um/UH ,/, why/WRB are/VBP we/PRP doing/VBG this/DT to/IN ourselves/PRP ./.",,
sw11utt/sw_1114_2262.utt,2/sw2262,2262,40,b,B,26,1,Huh-uh. /,Huh-uh/UH ./.,,
sw11utt/sw_1114_2262.utt,2/sw2262,2262,41,sd,A,27,1,"I just don't know,  /","I/PRP just/RB do/VBP n't/RB know/VB ,/,",,
sw11utt/sw_1114_2262.utt,2/sw2262,2262,42,sd,A,27,2,"{C but, } {F um, } [ I, + ] {D you know, } what really amazes me about, {D like } that Pasadena area and the oil refineries,","but/CC ,/, um/UH ,/, I/PRP ,/, you/PRP know/VBP ,/, what/WP really/RB amazes/VBZ me/PRP about/IN ,/, like/UH that/DT Pasadena/NNP area/NN and/CC the/DT oil/NN refineries/NNS ,/,",,
sw11utt/sw_1114_2262.utt,2/sw2262,2262,43,b,B,28,1,Huh-uh. /,Huh-uh/UH ./.,,
sw11utt/sw_1114_2262.utt,2/sw2262,2262,44,+,A,29,1,is that there would be houses and people living just really close to it. /,is/VBZ that/IN there/EX would/MD be/VB houses/NNS and/CC people/NNS living/VBG just/RB really/RB close/RB to/IN it/PRP ./.,,
sw11utt/sw_1114_2262.utt,2/sw2262,2262,45,b,B,30,1,Yeah. /,Yeah/UH ./.,,
sw11utt/sw_1114_2262.utt,2/sw2262,2262,46,sd,A,31,1,"{E I mean, } between the freeway and the oil refinery, you would see a neighborhood. /","I/PRP mean/VBP ,/, between/IN the/DT freeway/NN and/CC the/DT oil/NN refinery/NN ,/, you/PRP would/MD see/VB a/DT neighborhood/NN ./.",,
sw11utt/sw_1114_2262.utt,2/sw2262,2262,47,b,B,32,1,Huh-uh. /,Huh-uh/UH ./.,,
sw11utt/sw_1114_2262.utt,2/sw2262,2262,48,sv(^q),A,33,1,"{C and } you just thought, {D well, } it's obvious that there's a lot going up in the air there,  /","and/CC you/PRP just/RB thought/VBD ,/, well/UH ,/, it/PRP 's/BES obvious/JJ that/IN there/EX 's/BES a/DT lot/NN going/VBG up/IN in/IN the/DT air/NN there/RB ,/,",,
sw11utt/sw_1114_2262.utt,2/sw2262,2262,49,sv,A,33,2,"{C and } what comes up, must come down <laughter>. /","and/CC what/WP comes/VBZ up/RB ,/, must/MD come/VB down/RB ./.",,
sw11utt/sw_1114_2262.utt,2/sw2262,2262,50,b,B,34,1,Yeah.  /,Yeah/UH ./.,,
sw11utt/sw_1114_2262.utt,2/sw2262,2262,51,b^r,B,34,2,Yeah. /,Yeah/UH ./.,,
sw11utt/sw_1114_2262.utt,2/sw2262,2262,52,x,A,35,1,((   )) .,MUMBLEx/XX ./.,,
sw11utt/sw_1114_2262.utt,2/sw2262,2262,53,sd,B,36,1,"[ Breathing it, + we're breathing it ] all the time. /","Breathing/VBG it/PRP ,/, we/PRP 're/VBP breathing/VBG it/PRP all/PDT the/DT time/NN ./.",,
sw11utt/sw_1114_2262.utt,2/sw2262,2262,54,b,A,37,1,Yes.   /,Yes/UH ./.,,
sw11utt/sw_1114_2262.utt,2/sw2262,2262,55,%,A,37,2,"[ {C And, } + {C and } ] how, if they have all of those, {F um, } - /","And/CC ,/, and/CC how/WRB ,/, if/IN they/PRP have/VBP all/DT of/IN those/DT ,/, um/UH ,/,",,
sw11utt/sw_1114_2262.utt,2/sw2262,2262,56,sd,A,37,3,"toxicity, {E I mean, } [ it, + ] there's signs around saying how dangerous it is  /","toxicity/NN ,/, I/PRP mean/VBP ,/, it/PRP ,/, there/EX 's/BES signs/NNS around/IN saying/VBG how/WRB dangerous/JJ it/PRP is/VBZ",,
sw11utt/sw_1114_2262.utt,2/sw2262,2262,57,sv,A,37,4,{C and } here you are living ... /,and/CC here/RB you/PRP are/VBP living/VBG .../:,,
sw11utt/sw_1114_2262.utt,2/sw2262,2262,58,b,B,38,1,Huh-uh <laughter>. /,Huh-uh/UH ./.,,
sw11utt/sw_1114_2262.utt,2/sw2262,2262,59,x,A,39,1,<Laughter>.,,,
sw11utt/sw_1114_2262.utt,2/sw2262,2262,60,x,B,40,1,<Laughter>.,,,
sw11utt/sw_1114_2262.utt,2/sw2262,2262,61,sv,A,41,1,That just doesn't make too much sense. /,That/DT just/RB does/VBZ n't/RB make/VB too/RB much/JJ sense/NN ./.,,
sw11utt/sw_1114_2262.utt,2/sw2262,2262,62,aa,B,42,1,No.   /,No/DT ./.,,
sw11utt/sw_1114_2262.utt,2/sw2262,2262,63,sv,B,42,2,"{C And } I figure we're paying to take care of this toxic waste, no matter who does it.   /","And/CC I/PRP figure/VBP we/PRP 're/VBP paying/VBG to/TO take/VB care/NN of/IN this/DT toxic/JJ waste/NN ,/, no/DT matter/NN who/WP does/VBZ it/PRP ./.",,
sw11utt/sw_1114_2262.utt,2/sw2262,2262,64,%@,B,42,3,"[ {C So, } +    *[[slash error]]","So/UH ,/,",,
sw11utt/sw_1114_2262.utt,2/sw2262,2262,65,b,A,43,1,Huh-uh. /,Huh-uh/RB ./.,,
sw11utt/sw_1114_2262.utt,2/sw2262,2262,66,+,B,44,1,"{C and } ] they have shown, some of the industries have been real good at, {F uh, } {F uh, } doing their part in, {F uh, } reducing the amount that they have, /  *[[sd]]","and/CC they/PRP have/VBP shown/VBN ,/, some/DT of/IN the/DT industries/NNS have/VBP been/VBN real/RB good/JJ at/IN ,/, uh/UH ,/, uh/UH ,/, doing/VBG their/PRP$ part/NN in/IN ,/, uh/UH ,/, reducing/VBG the/DT amount/NN that/WDT they/PRP have/VBP ,/,",,
sw11utt/sw_1114_2262.utt,2/sw2262,2262,67,b,A,45,1,Huh-uh. /,Huh-uh/UH ./.,,
sw11utt/sw_1114_2262.utt,2/sw2262,2262,68,sd,B,46,1,"{F Uh, } they've reused some of it, {F uh, }  /","Uh/UH ,/, they/PRP 've/VBP reused/VBN some/DT of/IN it/PRP ,/, uh/UH ,/,",,
sw11utt/sw_1114_2262.utt,2/sw2262,2262,69,sd,B,46,2,"it can be recycled, a lot of their things, /","it/PRP can/MD be/VB recycled/VBN ,/, a/DT lot/NN of/IN their/PRP$ things/NNS ,/,",,
sw11utt/sw_1114_2262.utt,2/sw2262,2262,70,b,A,47,1,Huh-uh. /,Huh-uh/UH ./.,,
sw11utt/sw_1114_2262.utt,2/sw2262,2262,71,sd,B,48,1,"{C and } that they've shown, that [ it, + {F uh, } to begin with, apparently it ] does cost more, /","and/CC that/IN they/PRP 've/VBP shown/VBN ,/, that/IN it/PRP ,/, uh/UH ,/, to/TO begin/VB with/IN ,/, apparently/RB it/PRP does/VBZ cost/VB more/JJR ,/,",,
sw11utt/sw_1114_2262.utt,2/sw2262,2262,72,b,A,49,1,Huh-uh. /,Huh-uh/UH ./.,,
sw11utt/sw_1114_2262.utt,2/sw2262,2262,73,sd,B,50,1,"{C but, } once they get started, [ it's really, + it saves ] them money in the end,  /","but/CC ,/, once/RB they/PRP get/VBP started/VBD ,/, it/PRP 's/BES really/RB ,/, it/PRP saves/VBZ them/PRP money/NN in/IN the/DT end/NN ,/,",,
sw11utt/sw_1114_2262.utt,2/sw2262,2262,74,sd,B,50,2,{C and } it cuts down on the end product that has to be dealt with some other way. /,and/CC it/PRP cuts/VBZ down/RB on/IN the/DT end/NN product/NN that/WDT has/VBZ to/TO be/VB dealt/VBN with/IN some/DT other/JJ way/NN ./.,,
sw11utt/sw_1114_2262.utt,2/sw2262,2262,75,b,A,51,1,Huh-uh. /,Huh-uh/UH ./.,,
sw11utt/sw_1114_2262.utt,2/sw2262,2262,76,%,B,52,1,"{C And } if they would all, - /","And/CC if/IN they/PRP would/MD all/DT ,/,",,
sw11utt/sw_1114_2262.utt,2/sw2262,2262,77,sd,B,52,2,"[ that's what, + that's what ] we want done.  /","that/DT 's/BES what/WP ,/, that/DT 's/BES what/WP we/PRP want/VBP done/VBN ./.",,
sw11utt/sw_1114_2262.utt,2/sw2262,2262,78,sd,B,52,3,"[ Is, + ] we want industry to take, {D you know, } more responsibility in taking care of it. /","Is/VBZ ,/, we/PRP want/VBP industry/NN to/TO take/VB ,/, you/PRP know/VBP ,/, more/JJR responsibility/NN in/IN taking/VBG care/NN of/IN it/PRP ./.",,
sw11utt/sw_1114_2262.utt,2/sw2262,2262,79,sv,A,53,1,"{D Well, } {F um, } individual companies and things are so selfish, /","Well/UH ,/, um/UH ,/, individual/JJ companies/NNS and/CC things/NNS are/VBP so/RB selfish/JJ ,/,",,
sw11utt/sw_1114_2262.utt,2/sw2262,2262,80,b,B,54,1,Huh-uh. /,Huh-uh/UH ./.,,
sw11utt/sw_1114_2262.utt,2/sw2262,2262,81,sv,A,55,1,"{C And } their desires to save a few dollars [ and, + and ] that  /","And/CC their/PRP$ desires/NNS to/TO save/VB a/DT few/JJ dollars/NNS and/CC ,/, and/CC that/IN",,
sw11utt/sw_1114_2262.utt,2/sw2262,2262,82,sv,A,55,2,"they don't care about the environmental impact,","they/PRP do/VBP n't/RB care/VB about/IN the/DT environmental/JJ impact/NN ,/,",,
sw11utt/sw_1114_2262.utt,2/sw2262,2262,83,b,B,56,1,Huh-uh. /,Huh-uh/UH ./.,,
sw11utt/sw_1114_2262.utt,2/sw2262,2262,84,+,A,57,1,that they make. /,that/WDT they/PRP make/VBP ./.,,
sw11utt/sw_1114_2262.utt,2/sw2262,2262,85,sv,B,58,1,they're greedy.  /,they/PRP 're/VBP greedy/JJ ./.,,
sw11utt/sw_1114_2262.utt,2/sw2262,2262,86,sv,B,58,2,"It's money, is what is.  /","It/PRP 's/BES money/NN ,/, is/VBZ what/WP is/VBZ ./.",,
sw11utt/sw_1114_2262.utt,2/sw2262,2262,87,sv,B,58,3,"[ It's, + it's ] the money /","It/PRP 's/BES ,/, it/PRP 's/BES the/DT money/NN",,
sw11utt/sw_1114_2262.utt,2/sw2262,2262,88,aa,A,59,1,Yes. /,Yes/UH ./.,,
sw11utt/sw_1114_2262.utt,2/sw2262,2262,89,sv,B,60,1,They're making fantastic amounts on these things  /,They/PRP 're/VBP making/VBG fantastic/JJ amounts/NNS on/IN these/DT things/NNS,,
sw11utt/sw_1114_2262.utt,2/sw2262,2262,90,sv,B,60,2,"{C and, } {F uh, } even the incinerator, the money and the income that they're going to make off this, is, {D you know, } just astronomical. /","and/CC ,/, uh/UH ,/, even/RB the/DT incinerator/NN ,/, the/DT money/NN and/CC the/DT income/NN that/WDT they/PRP 're/VBP going/VBG to/TO make/VB off/IN this/DT ,/, is/VBZ ,/, you/PRP know/VBP ,/, just/RB astronomical/JJ ./.",,
sw11utt/sw_1114_2262.utt,2/sw2262,2262,91,b,A,61,1,Huh-uh.  /,Huh-uh/RB ./.,,
sw11utt/sw_1114_2262.utt,2/sw2262,2262,92,qy,A,61,2,"{D Well, } have you ever visited, {F um, } {D like } Los Angeles or any place [ that's ever, + it's kind of known, ] that it has, {F uh, } pollution in it's air? /","Well/UH ,/, have/VBP you/PRP ever/RB visited/VBD ,/, um/UH ,/, like/IN Los/NNP Angeles/NNP or/CC any/DT place/NN that/WDT 's/BES ever/RB ,/, it/PRP 's/BES kind/RB of/RB known/VBN ,/, that/IN it/PRP has/VBZ ,/, uh/UH ,/, pollution/NN in/IN it/PRP 's/POS air/NN ?/.",,
sw11utt/sw_1114_2262.utt,2/sw2262,2262,93,ng,B,62,1,"We've never been,  /","We/PRP 've/VBP never/RB been/VBN ,/,",,
sw11utt/sw_1114_2262.utt,2/sw2262,2262,94,sd,B,62,2,"we went as far [ as, + as, ] {F uh, } {D like } Las Vegas,","we/PRP went/VBD as/RB far/RB as/IN ,/, as/IN ,/, uh/UH ,/, like/IN Las/NNP Vegas/NNP ,/,",,
sw11utt/sw_1114_2262.utt,2/sw2262,2262,95,b,A,63,1,Huh-uh. /,Huh-uh/UH ./.,,
sw11utt/sw_1114_2262.utt,2/sw2262,2262,96,+,B,64,1,"<Laughter> and Yellow Stone Park, /","and/CC Yellow/NNP Stone/NNP Park/NNP ,/,",,
sw11utt/sw_1114_2262.utt,2/sw2262,2262,97,b,A,65,1,Huh-uh. /,Huh-uh/UH ./.,,
sw11utt/sw_1114_2262.utt,2/sw2262,2262,98,sd,B,66,1,"[ We did go, + we should have gone ] the whole way over,  /","We/PRP did/VBD go/VB ,/, we/PRP should/MD have/VB gone/VBN the/DT whole/JJ way/NN over/IN ,/,",,
sw11utt/sw_1114_2262.utt,2/sw2262,2262,99,sd,B,66,2,{C but } we didn't. /,but/CC we/PRP did/VBD n't/RB ./.,,
sw11utt/sw_1114_2262.utt,2/sw2262,2262,100,x,A,67,1,((   )) .,MUMBLEx/XX ./.,,
sw11utt/sw_1114_2262.utt,2/sw2262,2262,101,sd,B,68,1,"{C But, } I understand that,  /","But/CC ,/, I/PRP understand/VBP that/DT ,/,",,
sw11utt/sw_1114_2262.utt,2/sw2262,2262,102,sd,B,68,2,we have an aunt that lives out there  /,we/PRP have/VBP an/DT aunt/NN that/WDT lives/VBZ out/IN there/RB,,
sw11utt/sw_1114_2262.utt,2/sw2262,2262,103,sd,B,68,3,"{C and, }","and/CC ,/,",,
sw11utt/sw_1114_2262.utt,2/sw2262,2262,104,b,A,69,1,Huh-uh. /,Huh-uh/UH ./.,,
sw11utt/sw_1114_2262.utt,2/sw2262,2262,105,+,B,70,1,"When she was visiting here, she would look up at the stars  /","When/WRB she/PRP was/VBD visiting/VBG here/RB ,/, she/PRP would/MD look/VB up/RP at/IN the/DT stars/NNS",,
sw11utt/sw_1114_2262.utt,2/sw2262,2262,106,sd,B,70,2,{C and } she said how wonderful it was to be able to look into the sky and see some of the things that she saw. /,and/CC she/PRP said/VBD how/WRB wonderful/JJ it/PRP was/VBD to/TO be/VB able/JJ to/TO look/VB into/IN the/DT sky/NN and/CC see/VB some/DT of/IN the/DT things/NNS that/WDT she/PRP saw/VBD ./.,,
sw11utt/sw_1114_2262.utt,2/sw2262,2262,107,b,A,71,1,Huh-uh. /,Huh-uh/UH ./.,,
sw11utt/sw_1114_2262.utt,2/sw2262,2262,108,sd,B,72,1,"She said they couldn't see those things out there,","She/PRP said/VBD they/PRP could/MD n't/RB see/VB those/DT things/NNS out/IN there/RB ,/,",,
sw11utt/sw_1114_2262.utt,2/sw2262,2262,109,b,A,73,1,Huh-uh. /,Huh-uh/UH ./.,,
sw11utt/sw_1114_2262.utt,2/sw2262,2262,110,+,B,74,1,because of the smog and everything. /,because/IN of/IN the/DT smog/NN and/CC everything/NN ./.,,
sw11utt/sw_1114_2262.utt,2/sw2262,2262,111,ba,A,75,1,That's so awful.  /,That/DT 's/BES so/RB awful/JJ ./.,,
sw11utt/sw_1114_2262.utt,2/sw2262,2262,112,qh,A,75,2,"{D Well, } what about in New York.  /","Well/UH ,/, what/WP about/IN in/IN New/NNP York/NNP ./.",,
sw11utt/sw_1114_2262.utt,2/sw2262,2262,113,qy^d,A,75,3,"I guess you've gone that way, maybe. /","I/PRP guess/VBP you/PRP 've/VBP gone/VBN that/DT way/NN ,/, maybe/RB ./.",,
sw11utt/sw_1114_2262.utt,2/sw2262,2262,114,nn,B,76,1,No.  /,No/UH ./.,,
sw11utt/sw_1114_2262.utt,2/sw2262,2262,115,sd^e,B,76,2,Never been in New York <laughter>. /,Never/RB been/VBN in/IN New/NNP York/NNP ./.,,
sw11utt/sw_1114_2262.utt,2/sw2262,2262,116,x,A,77,1,<Laughter>.,,,
sw11utt/sw_1114_2262.utt,2/sw2262,2262,117,sd,B,78,1,I don't want to go there <laughter>. /,I/PRP do/VBP n't/RB want/VB to/TO go/VB there/RB ./.,,
sw11utt/sw_1114_2262.utt,2/sw2262,2262,118,ba,A,79,1,<Laughter> Pretty funny. /,Pretty/RB funny/JJ ./.,,
sw11utt/sw_1114_2262.utt,2/sw2262,2262,119,qy,B,80,1,Have you been there? /,Have/VBP you/PRP been/VBN there/RB ?/.,,
sw11utt/sw_1114_2262.utt,2/sw2262,2262,120,na,A,81,1,"{D Well, } I've been to New York.  /","Well/UH ,/, I/PRP 've/VBP been/VBN to/TO New/NNP York/NNP ./.",,
sw11utt/sw_1114_2262.utt,2/sw2262,2262,121,sd,A,81,2,I have relatives that direction. /,I/PRP have/VBP relatives/NNS that/DT direction/NN ./.,,
sw11utt/sw_1114_2262.utt,2/sw2262,2262,122,b,B,82,1,Oh. /,Oh/UH ./.,,
sw11utt/sw_1114_2262.utt,2/sw2262,2262,123,%,A,83,1,"We have, - /","We/PRP have/VBP ,/,",,
sw11utt/sw_1114_2262.utt,2/sw2262,2262,124,%,A,83,2,"it's, {F um, } - /","it/PRP 's/BES ,/, um/UH ,/,",,
sw11utt/sw_1114_2262.utt,2/sw2262,2262,125,qy@,A,83,3,(( where you are ))  /  *[[slash error; one utt with 4]],where/WRB you/PRP are/VBP,,
sw11utt/sw_1114_2262.utt,2/sw2262,2262,126,qy,A,83,4,"is it close to Phoenixville, Pennsylvania? /","is/VBZ it/PRP close/RB to/IN Phoenixville/NNP ,/, Pennsylvania/NNP ?/.",,
sw11utt/sw_1114_2262.utt,2/sw2262,2262,127,nn,B,84,1,"{F Um, } no,  /","Um/UH ,/, no/UH ,/,",,
sw11utt/sw_1114_2262.utt,2/sw2262,2262,128,sd^e,B,84,2,I never heard of that one. /,I/PRP never/RB heard/VBD of/IN that/DT one/CD ./.,,
sw11utt/sw_1114_2262.utt,2/sw2262,2262,129,sd,A,85,1,{C Because } I have family there  /,Because/IN I/PRP have/VBP family/NN there/RB,,
sw11utt/sw_1114_2262.utt,2/sw2262,2262,130,%,A,85,2,"{C and, } -/","and/CC ,/,",,
sw11utt/sw_1114_2262.utt,2/sw2262,2262,131,sd,B,86,1,"We're near Pittsburgh, Clarion University. /","We/PRP 're/VBP near/RB Pittsburgh/NNP ,/, Clarion/NNP University/NNP ./.",,
sw11utt/sw_1114_2262.utt,2/sw2262,2262,132,b,A,87,1,"{F Oh, } huh-uh.  /","Oh/UH ,/, huh-uh/UH ./.",,
sw11utt/sw_1114_2262.utt,2/sw2262,2262,133,ba,A,87,2,It's pretty neat. /,It/PRP 's/BES pretty/RB neat/JJ ./.,,
sw11utt/sw_1114_2262.utt,2/sw2262,2262,134,sd,B,88,1,"[ It's, + it's ] kind of northwest part of Pennsylvania. /","It/PRP 's/BES ,/, it/PRP 's/BES kind/RB of/RB northwest/JJ part/NN of/IN Pennsylvania/NNP ./.",,
sw11utt/sw_1114_2262.utt,2/sw2262,2262,135,ba,A,89,1,That's beautiful country up that way.  /,That/DT 's/BES beautiful/JJ country/NN up/IN that/DT way/NN ./.,,
sw11utt/sw_1114_2262.utt,2/sw2262,2262,136,sd,A,89,2,"I know,  /","I/PRP know/VBP ,/,",,
sw11utt/sw_1114_2262.utt,2/sw2262,2262,137,sd,A,89,3,"it's, {F um, } very lush and  pretty,","it/PRP 's/BES ,/, um/UH ,/, very/RB lush/JJ and/CC pretty/RB ,/,",,
sw11utt/sw_1114_2262.utt,2/sw2262,2262,138,o@,B,90,1,Huh-uh.   *[[slash error]],Huh-uh/UH ./.,,
sw11utt/sw_1114_2262.utt,2/sw2262,2262,139,+,A,91,1,"[ Up in the, + back in the ] east.  /","Up/IN in/IN the/DT ,/, back/RB in/IN the/DT east/NN ./.",,
sw11utt/sw_1114_2262.utt,2/sw2262,2262,140,sd,A,91,2,"It's really, -/","It/PRP 's/BES really/RB ,/,",,
sw11utt/sw_1114_2262.utt,2/sw2262,2262,141,+@,B,92,1,You sound very young.  / *[[slash error should be sv]],You/PRP sound/VBP very/RB young/JJ ./.,,
sw11utt/sw_1114_2262.utt,2/sw2262,2262,142,qy,B,92,2,Are you a young person? /,Are/VBP you/PRP a/DT young/JJ person/NN ?/.,,
sw11utt/sw_1114_2262.utt,2/sw2262,2262,143,no,A,93,1,"{D Well, } I'm thirty-one. /","Well/UH ,/, I/PRP 'm/VBP thirty-one/CD ./.",,
sw11utt/sw_1114_2262.utt,2/sw2262,2262,144,b^m,B,94,1,Thirty-one.  /,Thirty-one/CD ./.,,
sw11utt/sw_1114_2262.utt,2/sw2262,2262,145,sd,B,94,2,"[ You're, + you're ] young <laughter>. /","You/PRP 're/VBP ,/, you/PRP 're/VBP young/JJ ./.",,
sw11utt/sw_1114_2262.utt,2/sw2262,2262,146,x,A,95,1,<Laughter>.,,,
sw11utt/sw_1114_2262.utt,2/sw2262,2262,147,x,B,96,1,<Laughter>.,,,
sw11utt/sw_1114_2262.utt,2/sw2262,2262,148,sv,A,97,1,Seems kind of old to me. /,Seems/VBZ kind/RB of/RB old/JJ to/IN me/PRP ./.,,
sw11utt/sw_1114_2262.utt,2/sw2262,2262,149,nn,B,98,1,"No,  /","No/UH ,/,",,
sw11utt/sw_1114_2262.utt,2/sw2262,2262,150,sd^e,B,98,2,you're young.  /,you/PRP 're/VBP young/JJ ./.,,
sw11utt/sw_1114_2262.utt,2/sw2262,2262,151,sd,B,98,3,"You have a lot of life yet, /","You/PRP have/VBP a/DT lot/NN of/IN life/NN yet/RB ,/,",,
sw11utt/sw_1114_2262.utt,2/sw2262,2262,152,x,A,99,1,<Laughter>.,,,
sw11utt/sw_1114_2262.utt,2/sw2262,2262,153,%,B,100,1,"[ {C and, } + {C and } ] these, - /","and/CC ,/, and/CC these/DT ,/,",,
sw11utt/sw_1114_2262.utt,2/sw2262,2262,154,sd(^q),B,100,2,"we have some people who say, {D well, } this isn't going to affect me, this air pollution, /","we/PRP have/VBP some/DT people/NNS who/WP say/VBP ,/, well/UH ,/, this/DT is/VBZ n't/RB going/VBG to/TO affect/VB me/PRP ,/, this/DT air/NN pollution/NN ,/,",,
sw11utt/sw_1114_2262.utt,2/sw2262,2262,155,b,A,101,1,Huh-uh. /,Huh-uh/UH ./.,,
sw11utt/sw_1114_2262.utt,2/sw2262,2262,156,sd,B,102,1,"{F uh, } older people,  /","uh/UH ,/, older/JJR people/NNS ,/,",,
sw11utt/sw_1114_2262.utt,2/sw2262,2262,157,sd,B,102,2,"{C or } they think they're far enough away from something,","or/CC they/PRP think/VBP they/PRP 're/VBP far/RB enough/RB away/RB from/IN something/NN ,/,",,
sw11utt/sw_1114_2262.utt,2/sw2262,2262,158,b,A,103,1,Huh-uh. /,Huh-uh/UH ./.,,
sw11utt/sw_1114_2262.utt,2/sw2262,2262,159,+,B,104,1,"that it's, - /","that/IN it/PRP 's/BES ,/,",,
sw11utt/sw_1114_2262.utt,2/sw2262,2262,160,sv,B,104,2,{C and } they don't realize these things are going to affect everybody.   /,and/CC they/PRP do/VBP n't/RB realize/VB these/DT things/NNS are/VBP going/VBG to/TO affect/VB everybody/NN ./.,,
sw11utt/sw_1114_2262.utt,2/sw2262,2262,161,sv,B,104,3,{C And } if you're older it's not going to affect you that way.  /,And/CC if/IN you/PRP 're/VBP older/JJR it/PRP 's/BES not/RB going/VBG to/TO affect/VB you/PRP that/DT way/NN ./.,,
sw11utt/sw_1114_2262.utt,2/sw2262,2262,162,sv,B,104,4,"You have grandchildren,  /","You/PRP have/VBP grandchildren/NNS ,/,",,
sw11utt/sw_1114_2262.utt,2/sw2262,2262,163,sv,B,104,5,"you have children, {F uh, } /","you/PRP have/VBP children/NNS ,/, uh/UH ,/,",,
sw11utt/sw_1114_2262.utt,2/sw2262,2262,164,aa,A,105,1,Yes. /,Yes/UH ./.,,
sw11utt/sw_1114_2262.utt,2/sw2262,2262,165,sv,B,106,1,"Nieces, nephews, whatever, friends.  /","Nieces/NNP ,/, nephews/NNS ,/, whatever/WDT ,/, friends/NNS ./.",,
sw11utt/sw_1114_2262.utt,2/sw2262,2262,166,sv,B,106,2,"{F Uh, } everybody is going to be affected by it. /","Uh/UH ,/, everybody/NN is/VBZ going/VBG to/TO be/VB affected/VBN by/IN it/PRP ./.",,
sw11utt/sw_1114_2262.utt,2/sw2262,2262,167,aa,A,107,1,That's really true.  /,That/DT 's/BES really/RB true/JJ ./.,,
sw11utt/sw_1114_2262.utt,2/sw2262,2262,168,sv,A,107,2,"{C And } we all, {D you know, } need to be willing to help pay a little bit.  {D Like, }  /","And/CC we/PRP all/DT ,/, you/PRP know/VBP ,/, need/VBP to/TO be/VB willing/JJ to/TO help/VB pay/VB a/DT little/JJ bit/NN ./. Like/IN ,/,",,
sw11utt/sw_1114_2262.utt,2/sw2262,2262,169,sd,A,107,3,"I've heard some people, {F uh, } grumble about their, {F uh, } cars passing their emission tests,","I/PRP 've/VBP heard/VBN some/DT people/NNS ,/, uh/UH ,/, grumble/VBP about/IN their/PRP$ ,/, uh/UH ,/, cars/NNS passing/VBG their/PRP$ emission/NN tests/NNS ,/,",,
sw11utt/sw_1114_2262.utt,2/sw2262,2262,170,b,B,108,1,Huh-uh. /,Huh-uh/UH ./.,,
sw11utt/sw_1114_2262.utt,2/sw2262,2262,171,+,A,109,1,"and things,  /","and/CC things/NNS ,/,",,
sw11utt/sw_1114_2262.utt,2/sw2262,2262,172,sd,A,109,2,"{C and } [ how they've had to, + how it's ] more expensive and things. /","and/CC how/WRB they/PRP 've/VBP had/VBD to/TO ,/, how/WRB it/PRP 's/BES more/RBR expensive/JJ and/CC things/NNS ./.",,
sw11utt/sw_1114_2262.utt,2/sw2262,2262,173,b,B,110,1,Huh-uh. /,Huh-uh/UH ./.,,
sw11utt/sw_1114_2262.utt,2/sw2262,2262,174,sv,A,111,1,"{C And } I thought, {D well, } it's so much better. /","And/CC I/PRP thought/VBD ,/, well/UH ,/, it/PRP 's/BES so/RB much/RB better/JJR ./.",,
sw11utt/sw_1114_2262.utt,2/sw2262,2262,175,sd,B,112,1,"They say it has really made a difference, though. /","They/PRP say/VBP it/PRP has/VBZ really/RB made/VBN a/DT difference/NN ,/, though/RB ./.",,
sw11utt/sw_1114_2262.utt,2/sw2262,2262,176,b,A,113,1,Huh-uh. /,Huh-uh/UH ./.,,
sw11utt/sw_1114_2262.utt,2/sw2262,2262,177,sd,B,114,1,"{D Now, } {D see, } we don't have that here, yet. /","Now/UH ,/, see/UH ,/, we/PRP do/VBP n't/RB have/VB that/DT here/RB ,/, yet/RB ./.",,
sw11utt/sw_1114_2262.utt,2/sw2262,2262,178,qy^d,A,115,1,"{F Oh, } you don't. /","Oh/UH ,/, you/PRP do/VBP n't/RB ./.",,
sw11utt/sw_1114_2262.utt,2/sw2262,2262,179,nn,B,116,1,"No,  /","No/UH ,/,",,
sw11utt/sw_1114_2262.utt,2/sw2262,2262,180,sd^e,B,116,2,"we don't have that testing in that down here, yet. /","we/PRP do/VBP n't/RB have/VB that/DT testing/NN in/IN that/DT down/RB here/RB ,/, yet/RB ./.",,
sw11utt/sw_1114_2262.utt,2/sw2262,2262,181,b,A,117,1,Huh-uh. /,Huh-uh/UH ./.,,
sw11utt/sw_1114_2262.utt,2/sw2262,2262,182,%,B,118,1,"{C But } they, - /","But/CC they/PRP ,/,",,
sw11utt/sw_1114_2262.utt,2/sw2262,2262,183,sd,B,118,2,"I have read [ [ that, + that, ] + that ] it has really helped where [ the problem is greater, + where the population is greater, ] /","I/PRP have/VBP read/VBN that/IN ,/, that/IN ,/, that/IN it/PRP has/VBZ really/RB helped/VBN where/WRB the/DT problem/NN is/VBZ greater/JJR ,/, where/WRB the/DT population/NN is/VBZ greater/JJR ,/,",,
sw11utt/sw_1114_2262.utt,2/sw2262,2262,184,b,A,119,1,Huh-uh. /,Huh-uh/UH ./.,,
sw11utt/sw_1114_2262.utt,2/sw2262,2262,185,sd,B,120,1,{C and } that it has made a difference. /,and/CC that/IN it/PRP has/VBZ made/VBN a/DT difference/NN ./.,,
sw11utt/sw_1114_2262.utt,2/sw2262,2262,186,sv,A,121,1,"{D Well, } I really think it must.  /","Well/UH ,/, I/PRP really/RB think/VBP it/PRP must/MD ./.",,
sw11utt/sw_1114_2262.utt,2/sw2262,2262,187,sv,A,121,2,"I think every, - /","I/PRP think/VBP every/DT ,/,",,
sw11utt/sw_1114_2262.utt,2/sw2262,2262,188,qh,A,121,3,"{E I mean, } {D well, } think about how many automobiles there are. /","I/PRP mean/VBP ,/, well/UH ,/, think/VB about/IN how/WRB many/JJ automobiles/NNS there/EX are/VBP ./.",,
sw11utt/sw_1114_2262.utt,2/sw2262,2262,189,b,B,122,1,Huh-uh.  /,Huh-uh/UH ./.,,
sw11utt/sw_1114_2262.utt,2/sw2262,2262,190,b,B,122,2,Huh-uh. /,Huh-uh/UH ./.,,
sw11utt/sw_1114_2262.utt,2/sw2262,2262,191,sv,A,123,1,"{C And } each is putting out, - /","And/CC each/DT is/VBZ putting/VBG out/RP ,/,",,
sw11utt/sw_1114_2262.utt,2/sw2262,2262,192,sd,A,123,2,"{D like } we have a car,  /","like/UH we/PRP have/VBP a/DT car/NN ,/,",,
sw11utt/sw_1114_2262.utt,2/sw2262,2262,193,sd,A,123,3,"[ an older, + one of our cars is an older ] car, /","an/DT older/JJR ,/, one/CD of/IN our/PRP$ cars/NNS is/VBZ an/DT older/JJR car/NN ,/,",,
sw11utt/sw_1114_2262.utt,2/sw2262,2262,194,b,B,124,1,Huh-uh. /,Huh-uh/UH ./.,,
sw11utt/sw_1114_2262.utt,2/sw2262,2262,195,sd,A,125,1,"{C and } every time you start it, from the tail pipe, it makes a black spot,","and/CC every/DT time/NN you/PRP start/VBP it/PRP ,/, from/IN the/DT tail/NN pipe/NN ,/, it/PRP makes/VBZ a/DT black/JJ spot/NN ,/,",,
sw11utt/sw_1114_2262.utt,2/sw2262,2262,196,b,B,126,1,Huh-uh. /,Huh-uh/UH ./.,,
sw11utt/sw_1114_2262.utt,2/sw2262,2262,197,+,A,127,1,"on the cement, /","on/IN the/DT cement/NN ,/,",,
sw11utt/sw_1114_2262.utt,2/sw2262,2262,198,b,B,128,1,Huh-uh. /,Huh-uh/UH ./.,,
sw11utt/sw_1114_2262.utt,2/sw2262,2262,199,sd,A,129,1,"{C And } you know [ that, + that ] is a sign. /","And/CC you/PRP know/VBP that/IN ,/, that/DT is/VBZ a/DT sign/NN ./.",,
sw11utt/sw_1114_2262.utt,2/sw2262,2262,200,^2,B,130,1,"Something is coming out,  /","Something/NN is/VBZ coming/VBG out/RB ,/,",,
sw11utt/sw_1114_2262.utt,2/sw2262,2262,201,b,B,130,2,# yeah. # /,yeah/UH ./.,,
sw11utt/sw_1114_2262.utt,2/sw2262,2262,202,aa,A,131,1,# Yeah.  /,Yeah/UH ./.,,
sw11utt/sw_1114_2262.utt,2/sw2262,2262,203,sv,A,131,2,"#  {C And } [ that's, + all cars are doing that. ] /","And/CC that/DT 's/BES ,/, all/DT cars/NNS are/VBP doing/VBG that/DT ./.",,
sw11utt/sw_1114_2262.utt,2/sw2262,2262,204,b,B,132,1,Yeah. /,Yeah/UH ./.,,
sw11utt/sw_1114_2262.utt,2/sw2262,2262,205,sv,A,133,1,{C And } it's really polluting the air. /,And/CC it/PRP 's/BES really/RB polluting/VBG the/DT air/NN ./.,,
sw11utt/sw_1114_2262.utt,2/sw2262,2262,206,b,B,134,1,Yeah.  /,Yeah/UH ./.,,
sw11utt/sw_1114_2262.utt,2/sw2262,2262,207,qh,B,134,2,"If you have to put a price on it.  Which is more valuable, life or  paying a little more. /","If/IN you/PRP have/VBP to/TO put/VB a/DT price/NN on/IN it/PRP ./. Which/WDT is/VBZ more/RBR valuable/JJ ,/, life/NN or/CC paying/VBG a/DT little/RB more/JJR ./.",,
sw11utt/sw_1114_2262.utt,2/sw2262,2262,208,b,A,135,1,Huh-uh.  /,Huh-uh/UH ./.,,
sw11utt/sw_1114_2262.utt,2/sw2262,2262,209,sv,A,135,2,"{C And } [ it's also, + it's causing ] of lot of the real terrible suffering like cancer,","And/CC it/PRP 's/BES also/RB ,/, it/PRP 's/BES causing/VBG of/IN lot/NN of/IN the/DT real/RB terrible/JJ suffering/NN like/IN cancer/NN ,/,",,
sw11utt/sw_1114_2262.utt,2/sw2262,2262,210,b,B,136,1,# Huh-uh. # /,Huh-uh/UH ./.,,
sw11utt/sw_1114_2262.utt,2/sw2262,2262,211,+,A,137,1,"# and things, # /","and/CC things/NNS ,/,",,
sw11utt/sw_1114_2262.utt,2/sw2262,2262,212,b,B,138,1,Huh-uh. /,Huh-uh/UH ./.,,
sw11utt/sw_1114_2262.utt,2/sw2262,2262,213,sv,A,139,1,"We sure wouldn't want,","We/PRP sure/JJ would/MD n't/RB want/VB ,/,",,
sw11utt/sw_1114_2262.utt,2/sw2262,2262,214,b,B,140,1,Huh-uh. /,Huh-uh/UH ./.,,
sw11utt/sw_1114_2262.utt,2/sw2262,2262,215,+,A,141,1,so much more people suffering from that. /,so/RB much/RB more/JJR people/NNS suffering/VBG from/IN that/DT ./.,,
sw11utt/sw_1114_2262.utt,2/sw2262,2262,216,b,B,142,1,Yeah.  /,Yeah/UH ./.,,
sw11utt/sw_1114_2262.utt,2/sw2262,2262,217,sv,B,142,2,"{C And } like I said, I think you have to pay for it no matter what you do you with it, because it's industry.  /","And/CC like/IN I/PRP said/VBD ,/, I/PRP think/VBP you/PRP have/VBP to/TO pay/VB for/IN it/PRP no/DT matter/NN what/WP you/PRP do/VBP you/PRP with/IN it/PRP ,/, because/IN it/PRP 's/BES industry/NN ./.",,
sw11utt/sw_1114_2262.utt,2/sw2262,2262,218,sv,B,142,3,We're paying industry to make the products  /,We/PRP 're/VBP paying/VBG industry/NN to/TO make/VB the/DT products/NNS,,
sw11utt/sw_1114_2262.utt,2/sw2262,2262,219,sv,B,142,4,"{C and, }","and/CC ,/,",,
sw11utt/sw_1114_2262.utt,2/sw2262,2262,220,b,A,143,1,Huh-uh. /,Huh-uh/UH ./.,,
sw11utt/sw_1114_2262.utt,2/sw2262,2262,221,+,B,144,1,"we're helping pay for there making these end products that are,","we/PRP 're/VBP helping/VBG pay/VB for/IN there/^PRP^VBP  making/VBG these/DT end/NN products/NNS that/WDT are/VBP ,/,",,
sw11utt/sw_1114_2262.utt,2/sw2262,2262,222,b,A,145,1,Huh-uh. /,Huh-uh/UH ./.,,
sw11utt/sw_1114_2262.utt,2/sw2262,2262,223,+,B,146,1,toxic waste.  /,toxic/JJ waste/NN ./.,,
sw11utt/sw_1114_2262.utt,2/sw2262,2262,224,sv,B,146,2,"Then, we have to pay for them to pay somebody to carry it away someplace,  /","Then/RB ,/, we/PRP have/VBP to/TO pay/VB for/IN them/PRP to/TO pay/VB somebody/NN to/TO carry/VB it/PRP away/RB someplace/RB ,/,",,
sw11utt/sw_1114_2262.utt,2/sw2262,2262,225,sv,B,146,3,then they put it in the dump some place  /,then/RB they/PRP put/VBP it/PRP in/IN the/DT dump/NN some/DT place/NN,,
sw11utt/sw_1114_2262.utt,2/sw2262,2262,226,sv,B,146,4,"{C and } they find out, {D well, } this dump doesn't work  /","and/CC they/PRP find/VBP out/RP ,/, well/UH ,/, this/DT dump/NN does/VBZ n't/RB work/VB",,
sw11utt/sw_1114_2262.utt,2/sw2262,2262,227,sv,B,146,5,{C so } we have to clean this up and move it someplace else.  /,so/RB we/PRP have/VBP to/TO clean/VB this/DT up/RP and/CC move/VB it/PRP someplace/RB else/RB ./.,,
sw11utt/sw_1114_2262.utt,2/sw2262,2262,228,sv,B,146,6,We end up paying for it again.  /,We/PRP end/VBP up/RP paying/VBG for/IN it/PRP again/RB ./.,,
sw11utt/sw_1114_2262.utt,2/sw2262,2262,229,sv,B,146,7,Now we're going to end up paying for it again by having it burned in these large incinerators. /,Now/RB we/PRP 're/VBP going/VBG to/TO end/VB up/RP paying/VBG for/IN it/PRP again/RB by/IN having/VBG it/PRP burned/VBD in/IN these/DT large/JJ incinerators/NNS ./.,,
sw11utt/sw_1114_2262.utt,2/sw2262,2262,230,b,A,147,1,Huh-uh. /,Huh-uh/UH ./.,,
sw11utt/sw_1114_2262.utt,2/sw2262,2262,231,sv,B,148,1,{C And } we're paying to have our air polluted and our water streams polluted. /,And/CC we/PRP 're/VBP paying/VBG to/TO have/VB our/PRP$ air/NN polluted/VBN and/CC our/PRP$ water/NN streams/NNS polluted/VBN ./.,,
sw11utt/sw_1114_2262.utt,2/sw2262,2262,232,ba,A,149,1,Pretty sad. /,Pretty/RB sad/JJ ./.,,
sw11utt/sw_1114_2262.utt,2/sw2262,2262,233,%,B,150,1,"{C Or } the, - /","Or/CC the/DT ,/,",,
sw11utt/sw_1114_2262.utt,2/sw2262,2262,234,sd,B,150,2,"[ where they want to put, + the one area they want to put ] the incinerator is right in the middle of [ the Clarion, + the two water  (( sheds )) that feed Clarion river. ] /","where/WRB they/PRP want/VBP to/TO put/VB ,/, the/DT one/CD area/NN they/PRP want/VBP to/TO put/VB the/DT incinerator/NN is/VBZ right/RB in/IN the/DT middle/NN of/IN the/DT Clarion/NNP ,/, the/DT two/CD water/NN sheds/VBZ that/WDT feed/VBP Clarion/NNP river/NN ./.",,
sw11utt/sw_1114_2262.utt,2/sw2262,2262,235,ba,A,151,1,"{F Oh, } no. /","Oh/UH ,/, no/UH ./.",,
sw11utt/sw_1114_2262.utt,2/sw2262,2262,236,sv,B,152,1,"{C And, } {D you know, } it just boggles our mind that they can consider even putting it there, because,","And/CC ,/, you/PRP know/VBP ,/, it/PRP just/RB boggles/VBZ our/PRP$ mind/NN that/IN they/PRP can/MD consider/VB even/RB putting/VBG it/PRP there/RB ,/, because/IN ,/,",,
sw11utt/sw_1114_2262.utt,2/sw2262,2262,237,b,A,153,1,Huh-uh. /,Huh-uh/UH ./.,,
sw11utt/sw_1114_2262.utt,2/sw2262,2262,238,+,B,154,1,"if that water gets contaminated, it will go on down to Pittsburgh.  /","if/IN that/DT water/NN gets/VBZ contaminated/JJ ,/, it/PRP will/MD go/VB on/IN down/RB to/IN Pittsburgh/NNP ./.",,
sw11utt/sw_1114_2262.utt,2/sw2262,2262,239,%,B,154,2,"It will, {D you know, }  /","It/PRP will/MD ,/, you/PRP know/VB ,/,",,
sw11utt/sw_1114_2262.utt,2/sw2262,2262,240,sv,B,154,3,it affects so many people. /,it/PRP affects/VBZ so/RB many/JJ people/NNS ./.,,
sw11utt/sw_1114_2262.utt,2/sw2262,2262,241,b,A,155,1,Huh-uh. /,Huh-uh/UH ./.,,
sw11utt/sw_1114_2262.utt,2/sw2262,2262,242,sv,B,156,1,{C And } it's just hard to think that they could allow them to do things like  this. /,And/CC it/PRP 's/BES just/RB hard/RB to/TO think/VB that/IN they/PRP could/MD allow/VB them/PRP to/TO do/VB things/NNS like/IN this/DT ./.,,
sw11utt/sw_1114_2262.utt,2/sw2262,2262,243,aa,A,157,1,No.  /,No/DT ./.,,
sw11utt/sw_1114_2262.utt,2/sw2262,2262,244,aa,A,157,2,No.  /,No/DT ./.,,
sw11utt/sw_1114_2262.utt,2/sw2262,2262,245,sv,A,157,3,It's scary <laughter>. /,It/PRP 's/BES scary/JJ ./.,,
sw11utt/sw_1114_2262.utt,2/sw2262,2262,246,b,B,158,1,Huh-uh. /,Huh-uh/UH ./.,,
sw11utt/sw_1114_2262.utt,2/sw2262,2262,247,sv,A,159,1,It's scary. /,It/PRP 's/BES scary/JJ ./.,,
sw11utt/sw_1114_2262.utt,2/sw2262,2262,248,aa,B,160,1,It really is. /,It/PRP really/RB is/VBZ ./.,,
sw11utt/sw_1114_2262.utt,2/sw2262,2262,249,b,A,161,1,Huh-uh.  /,Huh-uh/UH ./.,,
sw11utt/sw_1114_2262.utt,2/sw2262,2262,250,sv,A,161,2,It's really awful.  /,It/PRP 's/BES really/RB awful/JJ ./.,,
sw11utt/sw_1114_2262.utt,2/sw2262,2262,251,fc,A,161,3,"{D Well, } I've really enjoyed the conversation.  /","Well/UH ,/, I/PRP 've/VBP really/RB enjoyed/VBD the/DT conversation/NN ./.",,
sw11utt/sw_1114_2262.utt,2/sw2262,2262,252,fc,A,161,4,It's helped me to think more about some issues that I need to be thinking more about <laughter>. /,It/PRP 's/HVS helped/VBD me/PRP to/TO think/VB more/JJR about/IN some/DT issues/NNS that/WDT I/PRP need/VBP to/TO be/VB thinking/VBG more/JJR about/RB ./.,,
sw11utt/sw_1114_2262.utt,2/sw2262,2262,253,fc,B,162,1,It is really a concern. /,It/PRP is/VBZ really/RB a/DT concern/NN ./.,,
sw11utt/sw_1114_2262.utt,2/sw2262,2262,254,fc,A,163,1,Huh-uh. /,Huh-uh/UH ./.,,
sw11utt/sw_1114_2262.utt,2/sw2262,2262,255,fc@,B,164,1,"{D So, }    *[[slash error]]","So/UH ,/,",,
sw11utt/sw_1114_2262.utt,2/sw2262,2262,256,fc,A,165,1,"{C And } [ it's, + ] instead of waiting until it directly affects me, like you say,","And/CC it/PRP 's/BES ,/, instead/IN of/IN waiting/VBG until/IN it/PRP directly/RB affects/VBZ me/PRP ,/, like/IN you/PRP say/VBP ,/,",,
sw11utt/sw_1114_2262.utt,2/sw2262,2262,257,+,B,166,1,Huh-uh. /,Huh-uh/UH ./.,,
sw11utt/sw_1114_2262.utt,2/sw2262,2262,258,+,A,167,1,it's important to be involved ahead of time.  /,it/PRP 's/BES important/JJ to/TO be/VB involved/JJ ahead/RB of/IN time/NN ./.,,
sw11utt/sw_1114_2262.utt,2/sw2262,2262,259,fc,A,167,2,"{D Well, } you have a good day. /","Well/UH ,/, you/PRP have/VBP a/DT good/JJ day/NN ./.",,
sw11utt/sw_1114_2262.utt,2/sw2262,2262,260,fc,B,168,1,"{D Well, } you, too. /","Well/UH ,/, you/PRP ,/, too/RB ./.",,
sw11utt/sw_1114_2262.utt,2/sw2262,2262,261,fc,A,169,1,Thank you. /,Thank/VBP you/PRP ./.,,
sw11utt/sw_1114_2262.utt,2/sw2262,2262,262,fc,B,170,1,Huh-uh. /,Huh-uh/UH ./.,,
sw11utt/sw_1114_2262.utt,2/sw2262,2262,263,fc,A,171,1,# Bye-bye. # /,Bye-bye/UH ./.,,
sw11utt/sw_1114_2262.utt,2/sw2262,2262,264,fc,B,172,1,# Bye. # /,Bye/UH ./.,,
