swda_filename,ptb_basename,conversation_no,transcript_index,act_tag,caller,utterance_index,subutterance_index,text,pos,trees,ptb_treenumbers
sw08utt/sw_0863_2709.utt,2/sw2709,2709,0,x,A,1,1,<Child>.,,,
sw08utt/sw_0863_2709.utt,2/sw2709,2709,1,sd,B,2,1,"{D Well, } I'll tell you why I feel so, - /","Well/UH ,/, I/PRP 'll/MD tell/VB you/PRP why/WRB I/PRP feel/VBP so/RB ,/,",,
sw08utt/sw_0863_2709.utt,2/sw2709,2709,2,sd^t,B,2,2,I feel strongly about this topic.  /,I/PRP feel/VBP strongly/RB about/IN this/DT topic/NN ./.,,
sw08utt/sw_0863_2709.utt,2/sw2709,2709,3,sd,B,2,3,I don't know a whole lot about the immigration laws.  /,I/PRP do/VBP n't/RB know/VB a/DT whole/JJ lot/NN about/IN the/DT immigration/NN laws/NNS ./.,,
sw08utt/sw_0863_2709.utt,2/sw2709,2709,4,sd,B,2,4,"{C But } I do know that in the, where I live and I teach school, there are so many Orientals that have come here  /","But/CC I/PRP do/VBP know/VB that/IN in/IN the/DT ,/, where/WRB I/PRP live/VBP and/CC I/PRP teach/VBP school/NN ,/, there/EX are/VBP so/RB many/JJ Orientals/NNPS that/WDT have/VBP come/VBN here/RB",,
sw08utt/sw_0863_2709.utt,2/sw2709,2709,5,sd,B,2,5,"{C and } there's a lot of Mexican people too.  Which is not, neither here nor there,  /","and/CC there/EX 's/BES a/DT lot/NN of/IN Mexican/JJ people/NNS too/RB ./. Which/WDT is/VBZ not/RB ,/, neither/DT here/RB nor/CC there/RB ,/,",,
sw08utt/sw_0863_2709.utt,2/sw2709,2709,6,sv,B,2,6,"{C but } the fact is that all the Orientals that are here are very affluent, {F uh, } very wise in money matters and [ have ta-, + have taken ] over a lot of businesses, <laughter>  /","but/CC the/DT fact/NN is/VBZ that/IN all/PDT the/DT Orientals/NNPS that/WDT are/VBP here/RB are/VBP very/RB affluent/JJ ,/, uh/UH ,/, very/RB wise/JJ in/IN money/NN matters/NNS and/CC have/VBP ta-/XX ,/, have/VBP taken/VBN over/IN a/DT lot/NN of/IN businesses/NNS ,/,",,
sw08utt/sw_0863_2709.utt,2/sw2709,2709,7,%,B,2,7,"{C and } have, - /","and/CC have/VBP ,/,",,
sw08utt/sw_0863_2709.utt,2/sw2709,2709,8,%,B,2,8,"<child_talking> {D Really, } ki-, - /","Really/UH ,/, ki-/XX ,/,",,
sw08utt/sw_0863_2709.utt,2/sw2709,2709,9,sv,B,2,9,it's kind of scary because they're so bright.  /,it/PRP 's/BES kind/RB of/RB scary/JJ because/IN they/PRP 're/VBP so/RB bright/JJ ./.,,
sw08utt/sw_0863_2709.utt,2/sw2709,2709,10,sv,B,2,10,"[ They're, + ] all the kids that I have that are Oriental are really far above the American kids.  /","They/PRP 're/VBP ,/, all/PDT the/DT kids/NNS that/WDT I/PRP have/VBP that/WDT are/VBP Oriental/JJ are/VBP really/RB far/RB above/IN the/DT American/JJ kids/NNS ./.",,
sw08utt/sw_0863_2709.utt,2/sw2709,2709,11,%,B,2,11,"{C And } they, - /","And/CC they/PRP ,/,",,
sw08utt/sw_0863_2709.utt,2/sw2709,2709,12,sv,B,2,12,"{C and } [ the, + the ] parents are unbelievable because they are just on the way up.  /","and/CC the/DT ,/, the/DT parents/NNS are/VBP unbelievable/JJ because/IN they/PRP are/VBP just/RB on/IN the/DT way/NN up/RB ./.",,
sw08utt/sw_0863_2709.utt,2/sw2709,2709,13,sv,B,2,13,{C And } money is their main goal.  /,And/CC money/NN is/VBZ their/PRP$ main/JJ goal/NN ./.,,
sw08utt/sw_0863_2709.utt,2/sw2709,2709,14,sv,B,2,14,"{C And } [ it's k-, + it ] really is kind of scary <laughter> because [ there's, + there's ] just oodles of them.  /","And/CC it/PRP 's/BES k-/XX ,/, it/PRP really/RB is/VBZ kind/RB of/RB scary/JJ because/IN there/EX 's/BES ,/, there/EX 's/BES just/RB oodles/NNS of/IN them/PRP ./.",,
sw08utt/sw_0863_2709.utt,2/sw2709,2709,15,sv,B,2,15,{C And } you can not believe the businesses and corporations that have been taken over by Orientals.  /,And/CC you/PRP can/MD not/RB believe/VB the/DT businesses/NNS and/CC corporations/NNS that/WDT have/VBP been/VBN taken/VBN over/RP by/IN Orientals/NNPS ./.,,
sw08utt/sw_0863_2709.utt,2/sw2709,2709,16,sv,B,2,16,"{C And } [ it's k-, + it's kind ] of scares me, not that I don't want them here and not that I don't appreciate the fact [ that, + {D you know, } that ] they have rights too.  /","And/CC it/PRP 's/BES k-/XX ,/, it/PRP 's/BES kind/RB of/RB scares/VBZ me/PRP ,/, not/RB that/IN I/PRP do/VBP n't/RB want/VB them/PRP here/RB and/CC not/RB that/IN I/PRP do/VBP n't/RB appreciate/VB the/DT fact/NN that/IN ,/, you/PRP know/VBP ,/, that/IN they/PRP have/VBP rights/NNS too/RB ./.",,
sw08utt/sw_0863_2709.utt,2/sw2709,2709,17,sv,B,2,17,"{C But } <sigh> on the other hand, you feel like almost [ they're, + they're ] invading us to the point where they're going to take over </Child>. /","But/CC on/IN the/DT other/JJ hand/NN ,/, you/PRP feel/VBP like/IN almost/RB they/PRP 're/VBP ,/, they/PRP 're/VBP invading/VBG us/PRP to/IN the/DT point/NN where/WRB they/PRP 're/VBP going/VBG to/TO take/VB over/RP ./.",,
sw08utt/sw_0863_2709.utt,2/sw2709,2709,18,aa,A,3,1,Right.  /,Right/UH ./.,,
sw08utt/sw_0863_2709.utt,2/sw2709,2709,19,sd(^q),A,3,2,"{D Actually } my son once said [ that, + that, ] perhaps, {F uh, } what we should do [ is, + is ] buy a little square of land some place in the Midwest.  /","Actually/UH my/PRP$ son/NN once/RB said/VBD that/IN ,/, that/IN ,/, perhaps/RB ,/, uh/UH ,/, what/WP we/PRP should/MD do/VB is/VBZ ,/, is/VBZ buy/VB a/DT little/JJ square/NN of/IN land/NN some/DT place/NN in/IN the/DT Midwest/NNP ./.",,
sw08utt/sw_0863_2709.utt,2/sw2709,2709,20,sv,A,3,3,"[ {C And, } + {C and } ] that might be the solution <laughter>. /","And/CC ,/, and/CC that/DT might/MD be/VB the/DT solution/NN ./.",,
sw08utt/sw_0863_2709.utt,2/sw2709,2709,21,aa,B,4,1,"I think probably that's,","I/PRP think/VBP probably/RB that/DT 's/BES ,/,",,
sw08utt/sw_0863_2709.utt,2/sw2709,2709,22,x,A,5,1,<Laughter>.,,,
sw08utt/sw_0863_2709.utt,2/sw2709,2709,23,+@,B,6,1,a good idea.,a/DT good/JJ idea/NN ./.,,
sw08utt/sw_0863_2709.utt,2/sw2709,2709,24,b,A,7,1,Uh-huh. /,Uh-huh/UH ./.,,
sw08utt/sw_0863_2709.utt,2/sw2709,2709,25,+@,B,8,1,"Because I lived in Iowa [ for, + for ] about <child_talking> ten years before I came here.  /","Because/IN I/PRP lived/VBD in/IN Iowa/NNP for/IN ,/, for/IN about/RB ten/CD years/NNS before/IN I/PRP came/VBD here/RB ./.",,
sw08utt/sw_0863_2709.utt,2/sw2709,2709,26,sd,B,8,2,"{C And } I was born in Ohio, /","And/CC I/PRP was/VBD born/VBN in/IN Ohio/NNP ,/,",,
sw08utt/sw_0863_2709.utt,2/sw2709,2709,27,b,A,9,1,# Uh-huh. # /,Uh-huh/UH ./.,,
sw08utt/sw_0863_2709.utt,2/sw2709,2709,28,%,B,10,1,"# {C so } # [ it, + it ] really - /","so/RB it/PRP ,/, it/PRP really/RB",,
sw08utt/sw_0863_2709.utt,2/sw2709,2709,29,sd,B,10,2,"{C and } [ there is, + there are ] a lot of Mexican people here because we're so close to the border. /","and/CC there/EX is/VBZ ,/, there/EX are/VBP a/DT lot/NN of/IN Mexican/JJ people/NNS here/RB because/IN we/PRP 're/VBP so/RB close/RB to/IN the/DT border/NN ./.",,
sw08utt/sw_0863_2709.utt,2/sw2709,2709,30,b,A,11,1,Uh-huh. /,Uh-huh/UH ./.,,
sw08utt/sw_0863_2709.utt,2/sw2709,2709,31,sd,B,12,1,"[ {C And, } + {C and } ] they are wonderful people  /","And/CC ,/, and/CC they/PRP are/VBP wonderful/JJ people/NNS",,
sw08utt/sw_0863_2709.utt,2/sw2709,2709,32,sd,B,12,2,"[ {C and, } + {C and } ] [ I'm not, + <child> {D you know, } I don't ] want to deny them their rights.  /","and/CC ,/, and/CC I/PRP 'm/VBP not/RB ,/, you/PRP know/VBP ,/, I/PRP do/VBP n't/RB want/VB to/TO deny/VB them/PRP their/PRP$ rights/NNS ./.",,
sw08utt/sw_0863_2709.utt,2/sw2709,2709,33,sv,B,12,3,"Just that you, you feel like when you were born and raised here and you worked [ re-, + ] very hard to make this country what it is, {F uh, } it scares you when you feel like somebody's taking over.  /","Just/RB that/IN you/PRP ,/, you/PRP feel/VBP like/IN when/WRB you/PRP were/VBD born/VBN and/CC raised/VBN here/RB and/CC you/PRP worked/VBD re-/XX ,/, very/RB hard/JJ to/TO make/VB this/DT country/NN what/WP it/PRP is/VBZ ,/, uh/UH ,/, it/PRP scares/VBZ you/PRP when/WRB you/PRP feel/VBP like/IN somebody/NN 's/BES taking/VBG over/RP ./.",,
sw08utt/sw_0863_2709.utt,2/sw2709,2709,34,sv,B,12,4,"{C And } a lot of these people plan one day to go back, {D you know, } [ to, + to ] Vietnam or to, {D you know, } Taiwan or wherever they're from.  And take with them a lot of American dollars plus a lot of power in American [ [ com-, + com-, ] + companies. ]  /","And/CC a/DT lot/NN of/IN these/DT people/NNS plan/VBP one/CD day/NN to/TO go/VB back/RB ,/, you/PRP know/VBP ,/, to/IN ,/, to/IN Vietnam/NNP or/CC to/IN ,/, you/PRP know/VBP ,/, Taiwan/NNP or/CC wherever/WRB they/PRP 're/VBP from/RB ./. And/CC take/VB with/IN them/PRP a/DT lot/NN of/IN American/JJ dollars/NNS plus/CC a/DT lot/NN of/IN power/NN in/IN American/NNP com-/XX ,/, com-/XX ,/, companies/NNS ./.",,
sw08utt/sw_0863_2709.utt,2/sw2709,2709,35,sv,B,12,5,{C And } it's kind of scary <Laughter>. /,And/CC it/PRP 's/BES kind/RB of/RB scary/JJ ./.,,
sw08utt/sw_0863_2709.utt,2/sw2709,2709,36,b,A,13,1,"# Uh-huh,  /","Uh-huh/UH ,/,",,
sw08utt/sw_0863_2709.utt,2/sw2709,2709,37,b^r,A,13,2,uh-huh. # /,uh-huh/UH ./.,,
sw08utt/sw_0863_2709.utt,2/sw2709,2709,38,h,B,14,1,"# {C And, } {D you know, } # I don't know,  /","And/CC ,/, you/PRP know/VBP ,/, I/PRP do/VBP n't/RB know/VB ,/,",,
sw08utt/sw_0863_2709.utt,2/sw2709,2709,39,sd,B,14,2,"I don't know the immigration laws [ that, + {F uh, } that ] - /","I/PRP do/VBP n't/RB know/VB the/DT immigration/NN laws/NNS that/RB ,/, uh/UH ,/, that/RB",,
sw08utt/sw_0863_2709.utt,2/sw2709,2709,40,h,B,14,3,"{D well } {C and } I do not,  /","well/RB and/CC I/PRP do/VBP not/RB ,/,",,
sw08utt/sw_0863_2709.utt,2/sw2709,2709,41,sd,B,14,4,{C and } in fact I don't know them at all.  /,and/CC in/IN fact/NN I/PRP do/VBP n't/RB know/VB them/PRP at/IN all/DT ./.,,
sw08utt/sw_0863_2709.utt,2/sw2709,2709,42,sd,B,14,5,"I don't know how many people they allow in the United States per year or if there's even a, - /","I/PRP do/VBP n't/RB know/VB how/WRB many/JJ people/NNS they/PRP allow/VBP in/IN the/DT United/NNP States/NNPS per/IN year/NN or/CC if/IN there/EX 's/BES even/RB a/DT ,/,",,
sw08utt/sw_0863_2709.utt,2/sw2709,2709,43,sd,B,14,6,I don't even know if there is a number that they allow in anymore.  /,I/PRP do/VBP n't/RB even/RB know/VB if/IN there/EX is/VBZ a/DT number/NN that/WDT they/PRP allow/VBP in/IN anymore/RB ./.,,
sw08utt/sw_0863_2709.utt,2/sw2709,2709,44,qy,B,14,7,Do you know anything about # that? # /,Do/VBP you/PRP know/VBP anything/NN about/IN that/DT ?/.,,
sw08utt/sw_0863_2709.utt,2/sw2709,2709,45,nn,A,15,1,"# No,  /","No/UH ,/,",,
sw08utt/sw_0863_2709.utt,2/sw2709,2709,46,sd^e,A,15,2,"# I don't,  /","I/PRP do/VBP n't/RB ,/,",,
sw08utt/sw_0863_2709.utt,2/sw2709,2709,47,h,A,15,3,I don't know.  /,I/PRP do/VBP n't/RB know/VB ./.,,
sw08utt/sw_0863_2709.utt,2/sw2709,2709,48,sd,A,15,4,I lived in the Middle East for sometime  /,I/PRP lived/VBD in/IN the/DT Middle/NNP East/NNP for/IN sometime/RB,,
sw08utt/sw_0863_2709.utt,2/sw2709,2709,49,sd,A,15,5,"{C and } [ I, + I ] --","and/CC I/PRP ,/, I/PRP --/:",,
sw08utt/sw_0863_2709.utt,2/sw2709,2709,50,b,B,16,1,# Oh. # /,Oh/UH ./.,,
sw08utt/sw_0863_2709.utt,2/sw2709,2709,51,+,A,17,1,"-- # do # believe there must have been some sort of quota system because, {F uh, } <lipsmack> I know a lot of people that [ were, + in a sense,  [ not, + ]  {A qualified is the wrong word, }  [ but + ] certainly were ] deserving to come. /","--/: do/VBP believe/VB there/EX must/MD have/VB been/VBN some/DT sort/NN of/IN quota/NN system/NN because/IN ,/, uh/UH ,/, I/PRP know/VBP a/DT lot/NN of/IN people/NNS that/WDT were/VBD ,/, in/IN a/DT sense/NN ,/, not/RB ,/, qualified/JJ is/VBZ the/DT wrong/JJ word/NN ,/, but/CC certainly/RB were/VBD deserving/JJ to/TO come/VB ./.",,
sw08utt/sw_0863_2709.utt,2/sw2709,2709,52,b,B,18,1,# Uh-huh. # /,Uh-huh/UH ./.,,
sw08utt/sw_0863_2709.utt,2/sw2709,2709,53,sv,A,19,1,# {C And } #  it seemed to take them a long time  /,And/CC it/PRP seemed/VBD to/TO take/VB them/PRP a/DT long/JJ time/NN,,
sw08utt/sw_0863_2709.utt,2/sw2709,2709,54,sd,A,19,2,"[ {C or, } + {C or } ] there was a lot of uncertainty as to whether they would be able to come <lipsmack>. /","or/CC ,/, or/CC there/EX was/VBD a/DT lot/NN of/IN uncertainty/NN as/IN to/IN whether/IN they/PRP would/MD be/VB able/JJ to/TO come/VB ./.",,
sw08utt/sw_0863_2709.utt,2/sw2709,2709,55,b,B,20,1,Yeah. /,Yeah/UH ./.,,
sw08utt/sw_0863_2709.utt,2/sw2709,2709,56,sv,A,21,1,"<Lipsmack>  {C And so } I would guess that, {D you know, } there are quotas for different places. /","And/CC so/RB I/PRP would/MD guess/VB that/IN ,/, you/PRP know/VBP ,/, there/EX are/VBP quotas/NNS for/IN different/JJ places/NNS ./.",,
sw08utt/sw_0863_2709.utt,2/sw2709,2709,57,aa,B,22,1,I would think so too.  /,I/PRP would/MD think/VB so/RB too/RB ./.,,
sw08utt/sw_0863_2709.utt,2/sw2709,2709,58,%,B,22,2,"It, -/","It/PRP ,/,",,
sw08utt/sw_0863_2709.utt,2/sw2709,2709,59,sv,A,23,1,"{D You know, } [ [ I, + I, ] + I ] think there's something about being able [ to, + to ] claim, {F um, } imminent danger  /","You/PRP know/VBP ,/, I/PRP ,/, I/PRP ,/, I/PRP think/VBP there/EX 's/BES something/NN about/IN being/VBG able/JJ to/TO ,/, to/TO claim/VB ,/, um/UH ,/, imminent/JJ danger/NN",,
sw08utt/sw_0863_2709.utt,2/sw2709,2709,60,sd,A,23,2,"{C or, } I'm not sure what the terminology is. /","or/CC ,/, I/PRP 'm/VBP not/RB sure/JJ what/WP the/DT terminology/NN is/NNS ./.",,
sw08utt/sw_0863_2709.utt,2/sw2709,2709,61,b,B,24,1,"Uh-huh,  /","Uh-huh/UH ,/,",,
sw08utt/sw_0863_2709.utt,2/sw2709,2709,62,b^r,B,24,2,uh-huh. /,uh-huh/UH ./.,,
sw08utt/sw_0863_2709.utt,2/sw2709,2709,63,sv,A,25,1,"Maybe political a-, -/","Maybe/RB political/JJ a-/XX ,/,",,
sw08utt/sw_0863_2709.utt,2/sw2709,2709,64,^2,B,26,1,"Asylum, of some sort. /","Asylum/NN ,/, of/IN some/DT sort/NN ./.",,
sw08utt/sw_0863_2709.utt,2/sw2709,2709,65,aa,A,27,1,Yeah.  /,Yeah/UH ./.,,
sw08utt/sw_0863_2709.utt,2/sw2709,2709,66,aa,A,27,2,"[ There, + there ] you go.  /","There/EX ,/, there/EX you/PRP go/VBP ./.",,
sw08utt/sw_0863_2709.utt,2/sw2709,2709,67,aa,A,27,3,You got the term. /,You/PRP got/VBD the/DT term/NN ./.,,
sw08utt/sw_0863_2709.utt,2/sw2709,2709,68,b,B,28,1,Uh-huh. /,Uh-huh/UH ./.,,
sw08utt/sw_0863_2709.utt,2/sw2709,2709,69,sv,A,29,1,"{C And } maybe that's [ a, + an ] issue with [ a, + a ] lot of people.  /","And/CC maybe/RB that/DT 's/BES a/DT ,/, an/DT issue/NN with/IN a/DT ,/, a/DT lot/NN of/IN people/NNS ./.",,
sw08utt/sw_0863_2709.utt,2/sw2709,2709,70,h,A,29,2,I don't know.  /,I/PRP do/VBP n't/RB know/VB ./.,,
sw08utt/sw_0863_2709.utt,2/sw2709,2709,71,o@,A,29,3,"# {C But, } #","But/CC ,/,",,
sw08utt/sw_0863_2709.utt,2/sw2709,2709,72,o@,B,30,1,"# {D Well, } #","Well/UH ,/,",,
sw08utt/sw_0863_2709.utt,2/sw2709,2709,73,+@,A,31,1,"Yeah,  /","Yeah/UH ,/,",,
sw08utt/sw_0863_2709.utt,2/sw2709,2709,74,sd,A,31,2,"[ I, + I ] guess I haven't been in a situation where [ it's, + it's ] been threatening [ to, + to ] me.  {F Uh, } /","I/PRP ,/, I/PRP guess/VBP I/PRP have/VBP n't/RB been/VBN in/IN a/DT situation/NN where/WRB it/PRP 's/HVS ,/, it/PRP 's/HVS been/VBN threatening/VBG to/IN ,/, to/IN me/PRP ./. Uh/UH ,/,",,
sw08utt/sw_0863_2709.utt,2/sw2709,2709,75,+@,B,32,1,"{D Well, } I teach in the suburb of Dallas  /","Well/UH ,/, I/PRP teach/VBP in/IN the/DT suburb/NN of/IN Dallas/NNP",,
sw08utt/sw_0863_2709.utt,2/sw2709,2709,76,sd,B,32,2,"[ {C and, } + {C and, } ] {F uh, } my kids go to school in another suburb of Dallas.  [ And, + ] with very, very good school systems.  /","and/CC ,/, and/CC ,/, uh/UH ,/, my/PRP$ kids/NNS go/VBP to/IN school/NN in/IN another/DT suburb/NN of/IN Dallas/NNP ./. And/CC ,/, with/IN very/RB ,/, very/RB good/JJ school/NN systems/NNS ./.",,
sw08utt/sw_0863_2709.utt,2/sw2709,2709,77,sd,B,32,3,"{C And } they're considered, {D you know } one of the top three in the state.  Both of them, {D you know. } /","And/CC they/PRP 're/VBP considered/VBN ,/, you/PRP know/VBP one/CD of/IN the/DT top/JJ three/CD in/IN the/DT state/NN ./. Both/DT of/IN them/PRP ,/, you/PRP know/VBP ./.",,
sw08utt/sw_0863_2709.utt,2/sw2709,2709,78,b,A,33,1,Uh-huh. /,Uh-huh/UH ./.,,
sw08utt/sw_0863_2709.utt,2/sw2709,2709,79,sv,B,34,1,{C And } it seems like a lot of the Orientals make sure that their kids go to these schools. /,And/CC it/PRP seems/VBZ like/IN a/DT lot/NN of/IN the/DT Orientals/NNPS make/NN sure/JJ that/IN their/PRP$ kids/NNS go/VBP to/IN these/DT schools/NNS ./.,,
sw08utt/sw_0863_2709.utt,2/sw2709,2709,80,b,A,35,1,Uh-huh. /,Uh-huh/UH ./.,,
sw08utt/sw_0863_2709.utt,2/sw2709,2709,81,sd,B,36,1,{C And } they're head and shoulders above a lot of the kids here.  /,And/CC they/PRP 're/VBP head/NN and/CC shoulders/NNS above/IN a/DT lot/NN of/IN the/DT kids/NNS here/RB ./.,,
sw08utt/sw_0863_2709.utt,2/sw2709,2709,82,sd,B,36,2,"{C And } the kids in this area are very bright. And come from, {D you know, } parents that are professionals or semiprofessionals [ and, + and, ] {F uh, } very interested in their education.  /","And/CC the/DT kids/NNS in/IN this/DT area/NN are/VBP very/RB bright/JJ ./. And/CC come/VBP from/IN ,/, you/PRP know/VBP ,/, parents/NNS that/WDT are/VBP professionals/NNS or/CC semiprofessionals/NNS and/CC ,/, and/CC ,/, uh/UH ,/, very/RB interested/JJ in/IN their/PRP$ education/NN ./.",,
sw08utt/sw_0863_2709.utt,2/sw2709,2709,83,sv,B,36,3,"{C But, } {F uh, } I think in the, last year, [ I'm not, + if I'm not ] mistaken, in four of the six high schools, the graduating class valedictorian and  salutatorian were, {F uh, } [ alm-, + ] half or more Oriental. /","But/CC ,/, uh/UH ,/, I/PRP think/VBP in/IN the/DT ,/, last/JJ year/NN ,/, I/PRP 'm/VBP not/RB ,/, if/IN I/PRP 'm/VBP not/RB mistaken/VBN ,/, in/IN four/CD of/IN the/DT six/CD high/JJ schools/NNS ,/, the/DT graduating/VBG class/NN valedictorian/NN and/CC salutatorian/NN were/VBD ,/, uh/UH ,/, alm-/XX ,/, half/JJ or/CC more/JJR Oriental/JJ ./.",,
sw08utt/sw_0863_2709.utt,2/sw2709,2709,84,b,A,37,1,"Uh-huh,  /","Uh-huh/UH ,/,",,
sw08utt/sw_0863_2709.utt,2/sw2709,2709,85,b^r,A,37,2,uh-huh. /,uh-huh/UH ./.,,
sw08utt/sw_0863_2709.utt,2/sw2709,2709,86,sd,B,38,1,"{C And, } {D you know, } they're just extremely bright kids.  /","And/CC ,/, you/PRP know/VBP ,/, they/PRP 're/VBP just/RB extremely/RB bright/JJ kids/NNS ./.",,
sw08utt/sw_0863_2709.utt,2/sw2709,2709,87,sd,B,38,2,{C And } also they value learning. /,And/CC also/RB they/PRP value/VBP learning/NN ./.,,
sw08utt/sw_0863_2709.utt,2/sw2709,2709,88,sv,A,39,1,"I was going to say, [ I'm not s-, + ] [ I, + I ] would guess that it's not that they are any brighter,  /","I/PRP was/VBD going/VBG to/TO say/VB ,/, I/PRP 'm/VBP not/RB s-/XX ,/, I/PRP ,/, I/PRP would/MD guess/VB that/IN it/PRP 's/BES not/RB that/IN they/PRP are/VBP any/DT brighter/JJR ,/,",,
sw08utt/sw_0863_2709.utt,2/sw2709,2709,89,sv,A,39,2,{C but } they just maybe work harder  /,but/CC they/PRP just/RB maybe/RB work/VBP harder/RBR,,
sw08utt/sw_0863_2709.utt,2/sw2709,2709,90,%,A,39,3,"{C or, } -/","or/CC ,/,",,
sw08utt/sw_0863_2709.utt,2/sw2709,2709,91,sv,B,40,1,"{D Well, } [ I, + I ] think things come easy for them too.  /","Well/UH ,/, I/PRP ,/, I/PRP think/VBP things/NNS come/VBP easy/JJ for/IN them/PRP too/RB ./.",,
sw08utt/sw_0863_2709.utt,2/sw2709,2709,92,sv,B,40,2,{C But } I do think that they have that work ethic that we somehow have missed the boat in with a lot of kids in the United States.  /,But/CC I/PRP do/VBP think/VB that/IN they/PRP have/VBP that/DT work/NN ethic/NN that/WDT we/PRP somehow/RB have/VBP missed/VBN the/DT boat/NN in/IN with/IN a/DT lot/NN of/IN kids/NNS in/IN the/DT United/NNP States/NNPS ./.,,
sw08utt/sw_0863_2709.utt,2/sw2709,2709,93,sv,B,40,3,"[  I  don't, + they,    {F uh, } don't ] want to work for anything.  /","I/PRP do/VBP n't/RB ,/, they/PRP ,/, uh/UH ,/, do/VBP n't/RB want/VB to/TO work/VB for/IN anything/NN ./.",,
sw08utt/sw_0863_2709.utt,2/sw2709,2709,94,sv,B,40,4,They want it to come to them  [ but + and ] be there  /,They/PRP want/VBP it/PRP to/TO come/VB to/IN them/PRP but/CC and/CC be/VB there/EX,,
sw08utt/sw_0863_2709.utt,2/sw2709,2709,95,sv,B,40,5,{C but } they don't want to work hard.  /,but/CC they/PRP do/VBP n't/RB want/VB to/TO work/VB hard/JJ ./.,,
sw08utt/sw_0863_2709.utt,2/sw2709,2709,96,sd,B,40,6,{C And } these kids work really hard. /,And/CC these/DT kids/NNS work/VBP really/RB hard/JJ ./.,,
sw08utt/sw_0863_2709.utt,2/sw2709,2709,97,b,A,41,1,"Right,  /","Right/UH ,/,",,
sw08utt/sw_0863_2709.utt,2/sw2709,2709,98,b^r,A,41,2,right.  /,right/UH ./.,,
sw08utt/sw_0863_2709.utt,2/sw2709,2709,99,%,A,41,3,"# May-, # -/","May-/XX ,/,",,
sw08utt/sw_0863_2709.utt,2/sw2709,2709,100,sd,B,42,1,"# [ {C And, } + # {C and } ] they have, -/","And/CC ,/, and/CC they/PRP have/VBP ,/,",,
sw08utt/sw_0863_2709.utt,2/sw2709,2709,101,sv,A,43,1,"{C but } maybe part of that's the problem that here [ we've, + we've ] let this value slip. /","but/CC maybe/RB part/NN of/IN that/DT 's/BES the/DT problem/NN that/WDT here/RB we/PRP 've/VBP ,/, we/PRP 've/VBP let/VB this/DT value/NN slip/VB ./.",,
sw08utt/sw_0863_2709.utt,2/sw2709,2709,102,aa,B,44,1,Yeah.  /,Yeah/UH ./.,,
sw08utt/sw_0863_2709.utt,2/sw2709,2709,103,aa,B,44,2,"I know,  /","I/PRP know/VBP ,/,",,
sw08utt/sw_0863_2709.utt,2/sw2709,2709,104,aa,B,44,3,I agree with that. /,I/PRP agree/VBP with/IN that/DT ./.,,
sw08utt/sw_0863_2709.utt,2/sw2709,2709,105,sv,A,45,1,{C And } they need to have some competition. /,And/CC they/PRP need/VBP to/TO have/VB some/DT competition/NN ./.,,
sw08utt/sw_0863_2709.utt,2/sw2709,2709,106,sv,B,46,1,"{C But } what I see is y-, - /","But/CC what/WP I/PRP see/VBP is/VBZ y-/XX ,/,",,
sw08utt/sw_0863_2709.utt,2/sw2709,2709,107,sd,B,46,2,"the competition is there,  /","the/DT competition/NN is/VBZ there/RB ,/,",,
sw08utt/sw_0863_2709.utt,2/sw2709,2709,108,sv,B,46,3,"{C but } instead of meeting the challenge, they're starting to resent them. /","but/CC instead/IN of/IN meeting/VBG the/DT challenge/NN ,/, they/PRP 're/VBP starting/VBG to/TO resent/VB them/PRP ./.",,
sw08utt/sw_0863_2709.utt,2/sw2709,2709,109,b,A,47,1,Uh-huh. /,Uh-huh/UH ./.,,
sw08utt/sw_0863_2709.utt,2/sw2709,2709,110,sv,B,48,1,"{C And } it's causing, {D you know, } I think [ some, + some ] problems. /","And/CC it/PRP 's/BES causing/VBG ,/, you/PRP know/VBP ,/, I/PRP think/VBP some/DT ,/, some/DT problems/NNS ./.",,
sw08utt/sw_0863_2709.utt,2/sw2709,2709,111,sv,A,49,1,"{D Well, } that's too bad. /","Well/UH ,/, that/DT 's/BES too/RB bad/JJ ./.",,
sw08utt/sw_0863_2709.utt,2/sw2709,2709,112,aa@,B,50,1,It really is.,It/PRP really/RB is/VBZ ./.,,
sw08utt/sw_0863_2709.utt,2/sw2709,2709,113,b,A,51,1,Uh-huh. /,Uh-huh/UH ./.,,
sw08utt/sw_0863_2709.utt,2/sw2709,2709,114,+@,B,52,1,"Because we see a lot of racial problems in [ Dal-, + the Dallas ] area anyway,","Because/IN we/PRP see/VBP a/DT lot/NN of/IN racial/JJ problems/NNS in/IN Dal-/XX ,/, the/DT Dallas/NNP area/NN anyway/RB ,/,",,
sw08utt/sw_0863_2709.utt,2/sw2709,2709,115,b,A,53,1,# Uh-huh. # /,Uh-huh/UH ./.,,
sw08utt/sw_0863_2709.utt,2/sw2709,2709,116,+@,B,54,1,# especially # in Dallas.  /,especially/RB in/IN Dallas/NNP ./.,,
sw08utt/sw_0863_2709.utt,2/sw2709,2709,117,sv,B,54,2,"{C And } it's mainly Black [ [ and, + and, ] + and ] Hispanic. /","And/CC it/PRP 's/BES mainly/RB Black/JJ and/CC ,/, and/CC ,/, and/CC Hispanic/JJ ./.",,
sw08utt/sw_0863_2709.utt,2/sw2709,2709,118,b,A,55,1,"Uh-huh,  /","Uh-huh/UH ,/,",,
sw08utt/sw_0863_2709.utt,2/sw2709,2709,119,b^r,A,55,2,uh-huh. /,uh-huh/UH ./.,,
sw08utt/sw_0863_2709.utt,2/sw2709,2709,120,sd,B,56,1,"{C But, } {F uh, } [ there is some, + there has been some ] resentment with Orientals in the Black community because they've started businesses there,  /","But/CC ,/, uh/UH ,/, there/EX is/VBZ some/DT ,/, there/EX has/VBZ been/VBN some/DT resentment/NN with/IN Orientals/NNPS in/IN the/DT Black/JJ community/NN because/IN they/PRP 've/VBP started/VBN businesses/NNS there/RB ,/,",,
sw08utt/sw_0863_2709.utt,2/sw2709,2709,121,sv,B,56,2,"{C and } the Blacks resent them coming in and taking their money,  /","and/CC the/DT Blacks/NNPS resent/VBP them/PRP coming/VBG in/RB and/CC taking/VBG their/PRP$ money/NN ,/,",,
sw08utt/sw_0863_2709.utt,2/sw2709,2709,122,sd,B,56,3,{C and } there's been some violence because of it. /,and/CC there/EX 's/HVS been/VBN some/DT violence/NN because/IN of/IN it/PRP ./.,,
sw08utt/sw_0863_2709.utt,2/sw2709,2709,123,sv,A,57,1,"{F Oh, } that's really sad. /","Oh/UH ,/, that/DT 's/BES really/RB sad/JJ ./.",,
sw08utt/sw_0863_2709.utt,2/sw2709,2709,124,aa,B,58,1,It is.  /,It/PRP is/VBZ ./.,,
sw08utt/sw_0863_2709.utt,2/sw2709,2709,125,aa^r,B,58,2,"[  It's, + it is ] very sad. /","It/PRP 's/BES ,/, it/PRP is/VBZ very/RB sad/JJ ./.",,
sw08utt/sw_0863_2709.utt,2/sw2709,2709,126,b,A,59,1,Uh-huh. /,Uh-huh/UH ./.,,
sw08utt/sw_0863_2709.utt,2/sw2709,2709,127,%,B,60,1,"{C So, } {D you know, } I really, - /","So/RB ,/, you/PRP know/VBP ,/, I/PRP really/RB ,/,",,
sw08utt/sw_0863_2709.utt,2/sw2709,2709,128,sv,B,60,2,"[ [ I, + I've, ] + I've ] always prided myself <laughter>  on not being prejudiced and [ being, + ] {D you know, } {F uh, } [ welcome, + welcoming ] everyone --","I/PRP ,/, I/PRP 've/VBP ,/, I/PRP 've/VBP always/RB prided/VBN myself/PRP on/IN not/RB being/VBG prejudiced/JJ and/CC being/VBG ,/, you/PRP know/VBP ,/, uh/UH ,/, welcome/VB ,/, welcoming/VBG everyone/NN --/:",,
sw08utt/sw_0863_2709.utt,2/sw2709,2709,129,b,A,61,1,Uh-huh. /,Uh-huh/UH ./.,,
sw08utt/sw_0863_2709.utt,2/sw2709,2709,130,+,B,62,1,-- that wants to come here.  /,--/: that/WDT wants/VBZ to/TO come/VB here/RB ./.,,
sw08utt/sw_0863_2709.utt,2/sw2709,2709,131,sd,B,62,2,"{C And } even when I was younger [ wh-, +  when ] I was in college, I was a member of the N A A C P because I lived up north,  /","And/CC even/RB when/WRB I/PRP was/VBD younger/JJR wh-/XX ,/, when/WRB I/PRP was/VBD in/IN college/NN ,/, I/PRP was/VBD a/DT member/NN of/IN the/DT N/NNP A/NNP A/NNP C/NNP P/NNP because/IN I/PRP lived/VBD up/IN north/RB ,/,",,
sw08utt/sw_0863_2709.utt,2/sw2709,2709,132,sd,B,62,3,"{C and } I was very into [ that, + ] the human rights part of everything. /","and/CC I/PRP was/VBD very/RB into/IN that/DT ,/, the/DT human/JJ rights/NNS part/NN of/IN everything/NN ./.",,
sw08utt/sw_0863_2709.utt,2/sw2709,2709,133,b,A,63,1,Uh-huh. /,Uh-huh/UH ./.,,
sw08utt/sw_0863_2709.utt,2/sw2709,2709,134,sd,B,64,1,"{C But } [ [ I, + I've, ] + I've ] become very cynical --","But/CC I/PRP ,/, I/PRP 've/VBP ,/, I/PRP 've/VBP become/VB very/RB cynical/JJ --/:",,
sw08utt/sw_0863_2709.utt,2/sw2709,2709,135,b,A,65,1,Uh-huh. /,Uh-huh/UH ./.,,
sw08utt/sw_0863_2709.utt,2/sw2709,2709,136,+,B,66,1,"-- in the last three, four years living in Texas. /","--/: in/IN the/DT last/JJ three/CD ,/, four/CD years/NNS living/VBG in/IN Texas/NNP ./.",,
sw08utt/sw_0863_2709.utt,2/sw2709,2709,137,sv,A,67,1,"{D Well, } {C and } it sounds like you feel that there is need for change.  /","Well/UH ,/, and/CC it/PRP sounds/VBZ like/IN you/PRP feel/VBP that/IN there/EX is/VBZ need/NN for/IN change/NN ./.",,
sw08utt/sw_0863_2709.utt,2/sw2709,2709,138,%,A,67,2,"Maybe [ the, + <lipsmack> <<pause>> {F uh, } {D you know, } the ] e-, - /","Maybe/RB the/DT ,/, uh/UH ,/, you/PRP know/VBP ,/, the/DT e-/XX ,/,",,
sw08utt/sw_0863_2709.utt,2/sw2709,2709,139,sv,A,67,3,"there is too big of a concentration coming all at once [ to, + to ] allow for adequate melting into the society. /","there/EX is/VBZ too/RB big/JJ of/IN a/DT concentration/NN coming/VBG all/DT at/IN once/RB to/TO ,/, to/TO allow/VB for/IN adequate/JJ melting/VBG into/IN the/DT society/NN ./.",,
sw08utt/sw_0863_2709.utt,2/sw2709,2709,140,aa,B,68,1,"Uh-huh,  /","Uh-huh/UH ,/,",,
sw08utt/sw_0863_2709.utt,2/sw2709,2709,141,aa^r,B,68,2,uh-huh.  /,uh-huh/UH ./.,,
sw08utt/sw_0863_2709.utt,2/sw2709,2709,142,aa,B,68,3,"{D Well, } {C and } exactly,  /","Well/UH ,/, and/CC exactly/UH ,/,",,
sw08utt/sw_0863_2709.utt,2/sw2709,2709,143,aa,B,68,4,that's exactly true.  /,that/DT 's/BES exactly/RB true/JJ ./.,,
sw08utt/sw_0863_2709.utt,2/sw2709,2709,144,sv,B,68,5,"Plus the fact that these people do come for a short period of time.  Two, two, three, four maybe five years and then go back.  And pick our brains, which is wonderful, and take all that back with them.  /","Plus/CC the/DT fact/NN that/IN these/DT people/NNS do/VBP come/VB for/IN a/DT short/JJ period/NN of/IN time/NN ./. Two/CD ,/, two/CD ,/, three/CD ,/, four/CD maybe/RB five/CD years/NNS and/CC then/RB go/VB back/RB ./. And/CC pick/VB our/PRP$ brains/NNS ,/, which/WDT is/VBZ wonderful/JJ ,/, and/CC take/VB all/DT that/DT back/RB with/IN them/PRP ./.",,
sw08utt/sw_0863_2709.utt,2/sw2709,2709,145,sv,B,68,6,"[ {C And, } + {C and, } ] {F uh, } plus a lot of American dollars.  /","And/CC ,/, and/CC ,/, uh/UH ,/, plus/CC a/DT lot/NN of/IN American/JJ dollars/NNS ./.",,
sw08utt/sw_0863_2709.utt,2/sw2709,2709,146,sv,B,68,7,"{C But } [ in, + in ] the long run maybe that's going to make a better world too. /","But/CC in/IN ,/, in/IN the/DT long/JJ run/NN maybe/RB that/DT 's/BES going/VBG to/TO make/VB a/DT better/JJR world/NN too/RB ./.",,
sw08utt/sw_0863_2709.utt,2/sw2709,2709,147,aa,A,69,1,# Right. # /,Right/UH ./.,,
sw08utt/sw_0863_2709.utt,2/sw2709,2709,148,sv,B,70,1,"# {D You know, } # you just don't know. /","You/PRP know/VBP ,/, you/PRP just/RB do/VBP n't/RB know/VB ./.",,
sw08utt/sw_0863_2709.utt,2/sw2709,2709,149,aa,A,71,1,Exactly. /,Exactly/UH ./.,,
sw08utt/sw_0863_2709.utt,2/sw2709,2709,150,%,B,72,1,"An-, - /","An-/XX ,/,",,
sw08utt/sw_0863_2709.utt,2/sw2709,2709,151,%,B,72,2,"{C and } yet, {D you know, } [ with, + {F uh, } with, ] {F uh, } - /","and/CC yet/RB ,/, you/PRP know/VBP ,/, with/IN ,/, uh/UH ,/, with/IN ,/, uh/UH ,/,",,
sw08utt/sw_0863_2709.utt,2/sw2709,2709,152,sd,B,72,3,<<pause>> there's somebody on my other line  /,there/EX 's/BES somebody/NN on/IN my/PRP$ other/JJ line/NN,,
sw08utt/sw_0863_2709.utt,2/sw2709,2709,153,sd,B,72,4,{C but } I'm going to ignore <laughter>  --,but/CC I/PRP 'm/VBP going/VBG to/TO ignore/VB --/:,,
sw08utt/sw_0863_2709.utt,2/sw2709,2709,154,b,A,73,1,# Oh. # /,Oh/UH ./.,,
sw08utt/sw_0863_2709.utt,2/sw2709,2709,155,+,B,74,1,-- # that. #  /,--/: that/DT ./.,,
sw08utt/sw_0863_2709.utt,2/sw2709,2709,156,%,B,74,2,"{F Uh, } {D anyway } I just, - /","Uh/UH ,/, anyway/UH I/PRP just/RB ,/,",,
sw08utt/sw_0863_2709.utt,2/sw2709,2709,157,sv,B,74,3,"[ [ [ you, + you  kind of, ] + you don-, ] + you really don't ] know what to do.  /","you/PRP ,/, you/PRP kind/RB of/RB ,/, you/PRP don-/XX ,/, you/PRP really/RB do/VBP n't/RB know/VB what/WP to/TO do/VB ./.",,
sw08utt/sw_0863_2709.utt,2/sw2709,2709,158,sd,B,74,4,"[ {C And, } + {C and } ] I don't, - /","And/CC ,/, and/CC I/PRP do/VBP n't/RB ,/,",,
sw08utt/sw_0863_2709.utt,2/sw2709,2709,159,sd,B,74,5,I want my kids to have values where they're accepting and so forth. /,I/PRP want/VBP my/PRP$ kids/NNS to/TO have/VB values/NNS where/WRB they/PRP 're/VBP accepting/JJ and/CC so/RB forth/RB ./.,,
sw08utt/sw_0863_2709.utt,2/sw2709,2709,160,b,A,75,1,Uh-huh. /,Uh-huh/UH ./.,,
sw08utt/sw_0863_2709.utt,2/sw2709,2709,161,sd,B,76,1,"{C And } both of my children are really [ tol-, + more tolerant ] of Blacks and [ H-, + Hispanics ] than they are of the Orientals,","And/CC both/DT of/IN my/PRP$ children/NNS are/VBP really/RB tol-/XX ,/, more/RBR tolerant/JJ of/IN Blacks/NNPS and/CC H-/XX ,/, Hispanics/NNPS than/IN they/PRP are/VBP of/IN the/DT Orientals/NNPS ,/,",,
sw08utt/sw_0863_2709.utt,2/sw2709,2709,162,b,A,77,1,# {F Um. }  # /,Um/UH ./.,,
sw08utt/sw_0863_2709.utt,2/sw2709,2709,163,+,B,78,1,# for # some reason.  /,for/IN some/DT reason/NN ./.,,
sw08utt/sw_0863_2709.utt,2/sw2709,2709,164,sd,B,78,2,"They feel, {D you know, } like they've taken over.  /","They/PRP feel/VBP ,/, you/PRP know/VBP ,/, like/IN they/PRP 've/VBP taken/VBN over/RP ./.",,
sw08utt/sw_0863_2709.utt,2/sw2709,2709,165,sd,B,78,3,"They feel like, {F uh, } {D you know, } they're taking some of [ the, + the ] rewards that they should have. /","They/PRP feel/VBP like/IN ,/, uh/UH ,/, you/PRP know/VBP ,/, they/PRP 're/VBP taking/VBG some/DT of/IN the/DT ,/, the/DT rewards/NNS that/WDT they/PRP should/MD have/VB ./.",,
sw08utt/sw_0863_2709.utt,2/sw2709,2709,166,b,A,79,1,Right. /,Right/UH ./.,,
sw08utt/sw_0863_2709.utt,2/sw2709,2709,167,sd,B,80,1,{C And } I really don't want that to happen. /,And/CC I/PRP really/RB do/VBP n't/RB want/VB that/DT to/TO happen/VB ./.,,
sw08utt/sw_0863_2709.utt,2/sw2709,2709,168,b,A,81,1,"Right, /","Right/UH ,/,",,
sw08utt/sw_0863_2709.utt,2/sw2709,2709,169,sd,B,82,1,"# [ {C But, } + #","But/CC ,/,",,
sw08utt/sw_0863_2709.utt,2/sw2709,2709,170,b,A,83,1,# right.  # /,right/UH ./.,,
sw08utt/sw_0863_2709.utt,2/sw2709,2709,171,+,B,84,1,{C but } ] it's happening. /,but/CC it/PRP 's/BES happening/VBG ./.,,
sw08utt/sw_0863_2709.utt,2/sw2709,2709,172,b,A,85,1,Right. /,Right/UH ./.,,
sw08utt/sw_0863_2709.utt,2/sw2709,2709,173,sd,B,86,1,{C And } I think a lot of their friends feel the same way too. /,And/CC I/PRP think/VBP a/DT lot/NN of/IN their/PRP$ friends/NNS feel/VBP the/DT same/JJ way/NN too/RB ./.,,
sw08utt/sw_0863_2709.utt,2/sw2709,2709,174,b,A,87,1,"Uh-huh,  /","Uh-huh/UH ,/,",,
sw08utt/sw_0863_2709.utt,2/sw2709,2709,175,b^r,A,87,2,uh-huh. /,uh-huh/UH ./.,,
sw08utt/sw_0863_2709.utt,2/sw2709,2709,176,sd,B,88,1,"[ {C So, } + {C and } ] I really do wish I knew about quotas and really wish I - /","So/RB ,/, and/CC I/PRP really/RB do/VBP wish/VB I/PRP knew/VBD about/IN quotas/NNS and/CC really/RB wish/VB I/PRP",,
sw08utt/sw_0863_2709.utt,2/sw2709,2709,177,sd@,B,88,2,"<talking> <<voice in background says, Hi.  Speaker responds, Hi.>>  <<Speaker resumes talking>> I really do wish [ I, + I ] knew more about immigration laws because I have no idea any more.","I/PRP really/RB do/VBP wish/VB I/PRP ,/, I/PRP knew/VBD more/JJR about/IN immigration/NN laws/NNS because/IN I/PRP have/VBP no/DT idea/NN any/DT more/JJR ./.",,
sw08utt/sw_0863_2709.utt,2/sw2709,2709,178,b,A,89,1,Right. /,Right/UH ./.,,
sw08utt/sw_0863_2709.utt,2/sw2709,2709,179,+@,B,90,1,Because they've changed a great deal. /,Because/IN they/PRP 've/VBP changed/VBN a/DT great/JJ deal/NN ./.,,
sw08utt/sw_0863_2709.utt,2/sw2709,2709,180,aa,A,91,1,"[ I would, + I would ] suspect that they have.  /","I/PRP would/MD ,/, I/PRP would/MD suspect/VB that/IN they/PRP have/VBP ./.",,
sw08utt/sw_0863_2709.utt,2/sw2709,2709,181,sd,A,91,2,"{D Well, } I guess, {F um, } I don't have much, <laughter> much more to contribute to the topic. /","Well/UH ,/, I/PRP guess/VBP ,/, um/UH ,/, I/PRP do/VBP n't/RB have/VB much/RB ,/, much/RB more/JJR to/TO contribute/VB to/IN the/DT topic/NN ./.",,
sw08utt/sw_0863_2709.utt,2/sw2709,2709,182,b,B,92,1,Yeah.  /,Yeah/UH ./.,,
sw08utt/sw_0863_2709.utt,2/sw2709,2709,183,sd,B,92,2,I don't really either.  /,I/PRP do/VBP n't/RB really/RB either/RB ./.,,
sw08utt/sw_0863_2709.utt,2/sw2709,2709,184,sd,B,92,3,I wish I knew more. /,I/PRP wish/VBP I/PRP knew/VBD more/JJR ./.,,
sw08utt/sw_0863_2709.utt,2/sw2709,2709,185,b,A,93,1,Yeah. /,Yeah/UH ./.,,
sw08utt/sw_0863_2709.utt,2/sw2709,2709,186,sv,B,94,1,"Probably if I did, <child>  I might be a little bit more, {F uh, } tolerant,","Probably/RB if/IN I/PRP did/VBD ,/, I/PRP might/MD be/VB a/DT little/JJ bit/NN more/JJR ,/, uh/UH ,/, tolerant/JJ ,/,",,
sw08utt/sw_0863_2709.utt,2/sw2709,2709,187,b,A,95,1,# Uh-huh. # /,Uh-huh/UH ./.,,
sw08utt/sw_0863_2709.utt,2/sw2709,2709,188,+,B,96,1,# perhaps.  /,perhaps/RB ./.,,
sw08utt/sw_0863_2709.utt,2/sw2709,2709,189,%,B,96,2,"# {C And } I, - /","And/CC I/PRP ,/,",,
sw08utt/sw_0863_2709.utt,2/sw2709,2709,190,sd,B,96,3,"{C and } even if [ I, + I ] really wish I knew the situations they were going back to or coming from. /","and/CC even/RB if/IN I/PRP ,/, I/PRP really/RB wish/VBP I/PRP knew/VBD the/DT situations/NNS they/PRP were/VBD going/VBG back/RB to/IN or/CC coming/VBG from/IN ./.",,
sw08utt/sw_0863_2709.utt,2/sw2709,2709,191,b,A,97,1,Uh-huh. /,Uh-huh/UH ./.,,
sw08utt/sw_0863_2709.utt,2/sw2709,2709,192,sv,B,98,1,You don't know any of that  /,You/PRP do/VBP n't/RB know/VB any/DT of/IN that/DT,,
sw08utt/sw_0863_2709.utt,2/sw2709,2709,193,sv,B,98,2,"{C and } you feel, {D you know, } you can't put yourself in their shoes or really understand them. /","and/CC you/PRP feel/VBP ,/, you/PRP know/VBP ,/, you/PRP ca/MD n't/RB put/VB yourself/PRP in/IN their/PRP$ shoes/NNS or/CC really/RB understand/VB them/PRP ./.",,
sw08utt/sw_0863_2709.utt,2/sw2709,2709,194,b,A,99,1,Right. /,Right/UH ./.,,
sw08utt/sw_0863_2709.utt,2/sw2709,2709,195,%,B,100,1,"Unless, - /","Unless/IN ,/,",,
sw08utt/sw_0863_2709.utt,2/sw2709,2709,196,sv,B,100,2,"{C and } for some reason Orientals are very, {F uh, } - /","and/CC for/IN some/DT reason/NN Orientals/NNPS are/VBP very/RB ,/, uh/UH ,/,",,
sw08utt/sw_0863_2709.utt,2/sw2709,2709,197,sd,B,100,3,"my good friend calls them pushy,  /","my/PRP$ good/JJ friend/NN calls/VBZ them/PRP pushy/JJ ,/,",,
sw08utt/sw_0863_2709.utt,2/sw2709,2709,198,sd,B,100,4,"{C but } I call them very,  that - /","but/CC I/PRP call/VBP them/PRP very/RB ,/, that/IN",,
sw08utt/sw_0863_2709.utt,2/sw2709,2709,199,sv,B,100,5,they know what they want  /,they/PRP know/VBP what/WP they/PRP want/VBP,,
sw08utt/sw_0863_2709.utt,2/sw2709,2709,200,sv,B,100,6,{C and } they go get it. /,and/CC they/PRP go/VBP get/VB it/PRP ./.,,
sw08utt/sw_0863_2709.utt,2/sw2709,2709,201,b,A,101,1,Uh-huh. /,Uh-huh/UH ./.,,
sw08utt/sw_0863_2709.utt,2/sw2709,2709,202,sd,B,102,1,{C And } in stores [ and so -- +,And/CC in/IN stores/NNS and/CC so/RB --/:,,
sw08utt/sw_0863_2709.utt,2/sw2709,2709,203,bf,A,103,1,# Goal directed. # /,Goal/NN directed/JJ ./.,,
sw08utt/sw_0863_2709.utt,2/sw2709,2709,204,+,B,104,1,"-- # and so ] forth # it's,  wh-, - /","--/: and/CC so/RB forth/RB it/PRP 's/BES ,/, wh-/XX ,/,",,
sw08utt/sw_0863_2709.utt,2/sw2709,2709,205,b^r,B,104,2,pardon me? /,pardon/VB me/PRP ?/.,,
sw08utt/sw_0863_2709.utt,2/sw2709,2709,206,bf^r,A,105,1,Goal directed. /,Goal/NN directed/JJ ./.,,
sw08utt/sw_0863_2709.utt,2/sw2709,2709,207,aa,B,106,1,Yeah.  /,Yeah/UH ./.,,
sw08utt/sw_0863_2709.utt,2/sw2709,2709,208,sv,B,106,2,"{C But } in stores and things, sometimes they can be very impolite because [ they can, + they get ] in front of you --","But/CC in/IN stores/NNS and/CC things/NNS ,/, sometimes/RB they/PRP can/MD be/VB very/RB impolite/JJ because/IN they/PRP can/MD ,/, they/PRP get/VB in/IN front/NN of/IN you/PRP --/:",,
sw08utt/sw_0863_2709.utt,2/sw2709,2709,209,b,A,107,1,Oh.  /,Oh/UH ./.,,
sw08utt/sw_0863_2709.utt,2/sw2709,2709,210,ba,A,107,2,I see. /,I/PRP see/VBP ./.,,
sw08utt/sw_0863_2709.utt,2/sw2709,2709,211,+,B,108,1,"-- or [ they, + {F uh, } they ] take something that you had in mind to get before you did.  /","--/: or/CC they/PRP ,/, uh/UH ,/, they/PRP take/VBP something/NN that/WDT you/PRP had/VBD in/IN mind/NN to/TO get/VB before/IN you/PRP did/VBD ./.",,
sw08utt/sw_0863_2709.utt,2/sw2709,2709,212,sd,B,108,2,"{D You know, } just going for it, they take it quickly. /","You/PRP know/VBP ,/, just/RB going/VBG for/IN it/PRP ,/, they/PRP take/VBP it/PRP quickly/RB ./.",,
sw08utt/sw_0863_2709.utt,2/sw2709,2709,213,b,A,109,1,Uh-huh. /,Uh-huh/UH ./.,,
sw08utt/sw_0863_2709.utt,2/sw2709,2709,214,sv,B,110,1,"{C And, } {F uh, } they don't think anything of that.  /","And/CC ,/, uh/UH ,/, they/PRP do/VBP n't/RB think/VB anything/NN of/IN that/DT ./.",,
sw08utt/sw_0863_2709.utt,2/sw2709,2709,215,h,B,110,2,"{C And } I don't, {D you know, } - /","And/CC I/PRP do/VBP n't/RB ,/, you/PRP know/VBP ,/,",,
sw08utt/sw_0863_2709.utt,2/sw2709,2709,216,sv,B,110,3,that's makes people resentful too.  /,that/DT 's/BES makes/VBZ people/NNS resentful/JJ too/RB ./.,,
sw08utt/sw_0863_2709.utt,2/sw2709,2709,217,sv,B,110,4,"[ {C And so, } +","And/CC so/RB ,/,",,
sw08utt/sw_0863_2709.utt,2/sw2709,2709,218,aa,A,111,1,"Sure,  /","Sure/UH ,/,",,
sw08utt/sw_0863_2709.utt,2/sw2709,2709,219,aa^r,A,111,2,sure. /,sure/UH ./.,,
sw08utt/sw_0863_2709.utt,2/sw2709,2709,220,+,B,112,1,"{C And } ] yet [ they have, + they have ] a right to be here  /","And/CC yet/RB they/PRP have/VBP ,/, they/PRP have/VBP a/DT right/NN to/TO be/VB here/RB",,
sw08utt/sw_0863_2709.utt,2/sw2709,2709,221,sd,B,112,2,{C and } I know that. /,and/CC I/PRP know/VBP that/DT ./.,,
sw08utt/sw_0863_2709.utt,2/sw2709,2709,222,b,A,113,1,Uh-huh. /,Uh-huh/UH ./.,,
sw08utt/sw_0863_2709.utt,2/sw2709,2709,223,sd,B,114,1,"{C But } [ [ it's, + it ] + sometimes it's ] gets touchy. /","But/CC it/PRP 's/BES ,/, it/PRP sometimes/RB it/PRP 's/BES gets/VBZ touchy/JJ ./.",,
sw08utt/sw_0863_2709.utt,2/sw2709,2709,224,b,A,115,1,"Uh-huh,  /","Uh-huh/UH ,/,",,
sw08utt/sw_0863_2709.utt,2/sw2709,2709,225,b^r,A,115,2,uh-huh. /,uh-huh/UH ./.,,
sw08utt/sw_0863_2709.utt,2/sw2709,2709,226,sd,B,116,1,"[ {C So, } + {C and } ] I'm sure it's a lot different,  /","So/RB ,/, and/CC I/PRP 'm/VBP sure/JJ it/PRP 's/BES a/DT lot/NN different/JJ ,/,",,
sw08utt/sw_0863_2709.utt,2/sw2709,2709,227,qy^d,B,116,2,"you're from Maryland,","you/PRP 're/VBP from/IN Maryland/NNP ,/,",,
sw08utt/sw_0863_2709.utt,2/sw2709,2709,228,ny,A,117,1,"# Yes, # /","Yes/UH ,/,",,
sw08utt/sw_0863_2709.utt,2/sw2709,2709,229,+,B,118,1,# You said?  /,You/PRP said/VBD ?/.,,
sw08utt/sw_0863_2709.utt,2/sw2709,2709,230,qw,B,118,2,# What part of Maryland are you from? /,What/WP part/NN of/IN Maryland/NNP are/VBP you/PRP from/IN ?/.,,
sw08utt/sw_0863_2709.utt,2/sw2709,2709,231,sd,A,119,1,Up in the Gaithersburg area. /,Up/IN in/IN the/DT Gaithersburg/NNP area/NN ./.,,
sw08utt/sw_0863_2709.utt,2/sw2709,2709,232,bk,B,120,1,"{F Oh, } okay.  /","Oh/UH ,/, okay/UH ./.",,
sw08utt/sw_0863_2709.utt,2/sw2709,2709,233,sd,B,120,2,"My sister used to live # there, #","My/PRP$ sister/NN used/VBD to/TO live/VB there/RB ,/,",,
sw08utt/sw_0863_2709.utt,2/sw2709,2709,234,b,A,121,1,# Uh-huh. # /,Uh-huh/UH ./.,,
sw08utt/sw_0863_2709.utt,2/sw2709,2709,235,+,B,122,1,in that area.  /,in/IN that/DT area/NN ./.,,
sw08utt/sw_0863_2709.utt,2/sw2709,2709,236,sv,B,122,2,"{C And } [ I, + I'm ] sure that it's a lot different there.  /","And/CC I/PRP ,/, I/PRP 'm/VBP sure/JJ that/IN it/PRP 's/BES a/DT lot/NN different/JJ there/RB ./.",,
sw08utt/sw_0863_2709.utt,2/sw2709,2709,237,sv,B,122,3,"{F Uh, } it's a lot different [ in I-, + [ than, + in Iowa ] than ] # it is here. # /","Uh/UH ,/, it/PRP 's/BES a/DT lot/NN different/JJ in/IN I-/XX ,/, than/IN ,/, in/IN Iowa/NNP than/IN it/PRP is/VBZ here/RB ./.",,
sw08utt/sw_0863_2709.utt,2/sw2709,2709,238,ar,A,123,1,"# {D Well, } no.  /","Well/UH ,/, no/UH ./.",,
sw08utt/sw_0863_2709.utt,2/sw2709,2709,239,sv@,A,123,2,"#  [ I think, + I think ] [ there, + as I recall in my son's class, there ] [ were, + were ] [ an awfu-, + an awful ] lot of  [ mi-, +  minorities. ]","I/PRP think/VBP ,/, I/PRP think/VBP there/EX ,/, as/IN I/PRP recall/VBP in/IN my/PRP$ son/NN 's/POS class/NN ,/, there/EX were/VBD ,/, were/VBD an/DT awfu/JJ ,/, an/DT awful/JJ lot/NN of/IN mi-/XX ,/, minorities/NNS ./.",,
sw08utt/sw_0863_2709.utt,2/sw2709,2709,240,qh,B,124,1,Is that right? /,Is/VBZ that/DT right/NN ?/.,,
sw08utt/sw_0863_2709.utt,2/sw2709,2709,241,+@,A,125,1,"And, {F uh, } [ of all, + of all ] varieties.  /","And/CC ,/, uh/UH ,/, of/IN all/DT ,/, of/IN all/DT varieties/NNS ./.",,
sw08utt/sw_0863_2709.utt,2/sw2709,2709,242,sd,A,125,2,"{C And } <<pause>> with [ the same, +  {D you know, } [ some of the, + some of ] the same ] problems that you've mentioned.  /","And/CC with/IN the/DT same/JJ ,/, you/PRP know/VBP ,/, some/DT of/IN the/DT ,/, some/DT of/IN the/DT same/JJ problems/NNS that/WDT you/PRP 've/VBP mentioned/VBN ./.",,
sw08utt/sw_0863_2709.utt,2/sw2709,2709,243,h,A,125,3,"{C But, } {F uh, } I don't know,  /","But/CC ,/, uh/UH ,/, I/PRP do/VBP n't/RB know/VB ,/,",,
sw08utt/sw_0863_2709.utt,2/sw2709,2709,244,sd,A,125,4,"I guess I wasn't involved enough [ to, + to, ] {F uh, } really stop to think about it. /","I/PRP guess/VBP I/PRP was/VBD n't/RB involved/JJ enough/RB to/TO ,/, to/TO ,/, uh/UH ,/, really/RB stop/VB to/TO think/VB about/IN it/PRP ./.",,
sw08utt/sw_0863_2709.utt,2/sw2709,2709,245,b,B,126,1,Uh-huh.  /,Uh-huh/UH ./.,,
sw08utt/sw_0863_2709.utt,2/sw2709,2709,246,sd,B,126,2,"{D Well, } [ I, + {D you know, } since I ] teach, I [ see th-, +  see ] it.  /","Well/UH ,/, I/PRP ,/, you/PRP know/VBP ,/, since/IN I/PRP teach/VBP ,/, I/PRP see/VBP th-/XX ,/, see/VB it/PRP ./.",,
sw08utt/sw_0863_2709.utt,2/sw2709,2709,247,%,B,126,3,"[ {C And, } + {C and } ] I feel - /","And/CC ,/, and/CC I/PRP feel/VBP",,
sw08utt/sw_0863_2709.utt,2/sw2709,2709,248,sd,B,126,4,"{C and } I love the example that most of these children give [ the, + ] our American children.  /","and/CC I/PRP love/VBP the/DT example/NN that/WDT most/RBS of/IN these/DT children/NNS give/VBP the/DT ,/, our/PRP$ American/JJ children/NNS ./.",,
sw08utt/sw_0863_2709.utt,2/sw2709,2709,249,sd,B,126,5,"{C And } yet, {D you know, } I can see why some of the parents [ are fear-, + [ that + ] are # fearful ] too. # /","And/CC yet/RB ,/, you/PRP know/VBP ,/, I/PRP can/MD see/VB why/WRB some/DT of/IN the/DT parents/NNS are/VBP fear/JJ ,/, that/WDT are/VBP fearful/JJ too/RB ./.",,
sw08utt/sw_0863_2709.utt,2/sw2709,2709,250,b,A,127,1,"# Uh-huh,  /","Uh-huh/UH ,/,",,
sw08utt/sw_0863_2709.utt,2/sw2709,2709,251,b^r,A,127,2,uh-huh. # /,uh-huh/UH ./.,,
sw08utt/sw_0863_2709.utt,2/sw2709,2709,252,sd,B,128,1,"[ {C And, } + {C and } ] it's a kind of a touchy situation. /","And/CC ,/, and/CC it/PRP 's/BES a/DT kind/NN of/IN a/DT touchy/JJ situation/NN ./.",,
sw08utt/sw_0863_2709.utt,2/sw2709,2709,253,b,A,129,1,Uh-huh. /,Uh-huh/UH ./.,,
sw08utt/sw_0863_2709.utt,2/sw2709,2709,254,sv,B,130,1,{C And } I wish that we could all just learn from each other and not feel threatened.  /,And/CC I/PRP wish/VBP that/IN we/PRP could/MD all/DT just/RB learn/VB from/IN each/DT other/JJ and/CC not/RB feel/VB threatened/JJ ./.,,
sw08utt/sw_0863_2709.utt,2/sw2709,2709,255,sv,B,130,2,{C But } --,But/CC --/:,,
sw08utt/sw_0863_2709.utt,2/sw2709,2709,256,aa,A,131,1,"Exactly,  /","Exactly/UH ,/,",,
sw08utt/sw_0863_2709.utt,2/sw2709,2709,257,aa^r,A,131,2,exactly. /,exactly/UH ./.,,
sw08utt/sw_0863_2709.utt,2/sw2709,2709,258,+,B,132,1,-- it doesn't happen that way --,--/: it/PRP does/VBZ n't/RB happen/VB that/DT way/NN --/:,,
sw08utt/sw_0863_2709.utt,2/sw2709,2709,259,aa,A,133,1,"Right, /","Right/UH ,/,",,
sw08utt/sw_0863_2709.utt,2/sw2709,2709,260,+,B,134,1,-- all the time. /,--/: all/PDT the/DT time/NN ./.,,
sw08utt/sw_0863_2709.utt,2/sw2709,2709,261,aa,A,135,1,right. /,right/UH ./.,,
sw08utt/sw_0863_2709.utt,2/sw2709,2709,262,b,B,136,1,"{D So } anyway, /","So/UH anyway/UH ,/,",,
sw08utt/sw_0863_2709.utt,2/sw2709,2709,263,fc,A,137,1,"{D Well, } it was good talking to you. /","Well/UH ,/, it/PRP was/VBD good/JJ talking/NN to/IN you/PRP ./.",,
sw08utt/sw_0863_2709.utt,2/sw2709,2709,264,fc^m,B,138,1,"It was good to talk [ to, + # to ] you too. # /","It/PRP was/VBD good/JJ to/TO talk/VB to/IN ,/, to/IN you/PRP too/RB ./.",,
sw08utt/sw_0863_2709.utt,2/sw2709,2709,265,%,A,139,1,"# {C And } I h-, # -/","And/CC I/PRP h-/XX ,/,",,
sw08utt/sw_0863_2709.utt,2/sw2709,2709,266,fc,B,140,1,{C And } have a good trip in California. /,And/CC have/VB a/DT good/JJ trip/NN in/IN California/NNP ./.,,
sw08utt/sw_0863_2709.utt,2/sw2709,2709,267,fc,A,141,1,Okay.  /,Okay/UH ./.,,
sw08utt/sw_0863_2709.utt,2/sw2709,2709,268,fc,A,141,2,{C And } have a good weekend. /,And/CC have/VBP a/DT good/JJ weekend/NN ./.,,
sw08utt/sw_0863_2709.utt,2/sw2709,2709,269,fc,B,142,1,All right.  /,All/RB right/JJ ./.,,
sw08utt/sw_0863_2709.utt,2/sw2709,2709,270,fc,B,142,2,{D Well } thank you. /,Well/UH thank/VB you/PRP ./.,,
sw08utt/sw_0863_2709.utt,2/sw2709,2709,271,fc,A,143,1,"[ A- + all ] righty, /","A-/XX all/RB righty/JJ ,/,",,
sw08utt/sw_0863_2709.utt,2/sw2709,2709,272,fc,B,144,1,# Bye-bye. # /,Bye-bye/UH ./.,,
sw08utt/sw_0863_2709.utt,2/sw2709,2709,273,fc^m,A,145,1,# Bye-bye # <noise>. /,Bye-bye/UH ./.,,
sw08utt/sw_0863_2709.utt,2/sw2709,2709,274,x,B,146,1,<noise>.,,,
