swda_filename,ptb_basename,conversation_no,transcript_index,act_tag,caller,utterance_index,subutterance_index,text,pos,trees,ptb_treenumbers
sw08utt/sw_0882_3554.utt,3/sw3554,3554,0,sd@,A,1,1,Of a exercise program you have.,Of/IN a/DT exercise/NN program/NN you/PRP have/VBP ./.,,
sw08utt/sw_0882_3554.utt,3/sw3554,3554,1,sd,B,2,1,"{D Well, } {F um, } <throat_clearing> I have [ [ a, + a, ] + a ] former exercise program.  /","Well/UH ,/, um/UH ,/, I/PRP have/VBP a/DT ,/, a/DT ,/, a/DT former/JJ exercise/NN program/NN ./.",,
sw08utt/sw_0882_3554.utt,3/sw3554,3554,2,sd,B,2,2,"I'm a graduate student,  /","I/PRP 'm/VBP a/DT graduate/NN student/NN ,/,",,
sw08utt/sw_0882_3554.utt,3/sw3554,3554,3,sd,B,2,3,"{C and } this semester, I'll tell you what, [ I, + ] it's been almost impossible for me to get, {D you know, } back to regular exercise. /","and/CC this/DT semester/NN ,/, I/PRP 'll/MD tell/VB you/PRP what/WP ,/, I/PRP ,/, it/PRP 's/HVS been/VBN almost/RB impossible/JJ for/IN me/PRP to/TO get/VB ,/, you/PRP know/VBP ,/, back/RB to/IN regular/JJ exercise/NN ./.",,
sw08utt/sw_0882_3554.utt,3/sw3554,3554,4,+@,A,3,1,Right. /,Right/UH ./.,,
sw08utt/sw_0882_3554.utt,3/sw3554,3554,5,sd,B,4,1,"{F Um, } <throat_clearing> last summer I was [ a, + a ] swim instructor all summer [ and, + and ] life guard,  /","Um/UH ,/, last/JJ summer/NN I/PRP was/VBD a/DT ,/, a/DT swim/NN instructor/NN all/DT summer/NN and/CC ,/, and/CC life/NN guard/NN ,/,",,
sw08utt/sw_0882_3554.utt,3/sw3554,3554,6,sd,B,4,2,{C so } it was really easy for me to get quite a bit of exercise swimming  /,so/RB it/PRP was/VBD really/RB easy/JJ for/IN me/PRP to/TO get/VB quite/RB a/DT bit/NN of/IN exercise/NN swimming/VBG,,
sw08utt/sw_0882_3554.utt,3/sw3554,3554,7,sd,B,4,3,"[ {C and, } + {F um, }  {C and } ] since I worked at a recreation center I could, {F uh, } {D you know, } use those facilities quite often.  /","and/CC ,/, um/UH ,/, and/CC since/IN I/PRP worked/VBD at/IN a/DT recreation/NN center/NN I/PRP could/MD ,/, uh/UH ,/, you/PRP know/VBP ,/, use/VB those/DT facilities/NNS quite/RB often/RB ./.",,
sw08utt/sw_0882_3554.utt,3/sw3554,3554,8,b,B,4,4,"{C But, } {F um. } -/","But/CC ,/, um/UH ./.",,
sw08utt/sw_0882_3554.utt,3/sw3554,3554,9,sv@,A,5,1,"{D Well, } swimming is, {F uh, } one of the best exercises you can do.","Well/UH ,/, swimming/NN is/VBZ ,/, uh/UH ,/, one/CD of/IN the/DT best/JJS exercises/NNS you/PRP can/MD do/VB ./.",,
sw08utt/sw_0882_3554.utt,3/sw3554,3554,10,b,B,6,1,"{F Oh, } yeah. /","Oh/UH ,/, yeah/UH ./.",,
sw08utt/sw_0882_3554.utt,3/sw3554,3554,11,+@,A,7,1,<Baby_talking> {E I mean } --,I/PRP mean/VBP --/:,,
sw08utt/sw_0882_3554.utt,3/sw3554,3554,12,b,B,8,1,"{F Oh, } yeah. /","Oh/UH ,/, yeah/UH ./.",,
sw08utt/sw_0882_3554.utt,3/sw3554,3554,13,+,A,9,1,"-- as far as for, {F uh, } cardiovascular  /","--/: as/RB far/RB as/IN for/IN ,/, uh/UH ,/, cardiovascular/JJ",,
sw08utt/sw_0882_3554.utt,3/sw3554,3554,14,sd,A,9,2,[ {C and } -- +,and/CC --/:,,
sw08utt/sw_0882_3554.utt,3/sw3554,3554,15,b,B,10,1,"Uh-huh,  /","Uh-huh/UH ,/,",,
sw08utt/sw_0882_3554.utt,3/sw3554,3554,16,sd,B,10,2,[ {C and } there's -- +,and/CC there/EX 's/BES --/:,,
sw08utt/sw_0882_3554.utt,3/sw3554,3554,17,+,A,11,1,-- {C and } ] it's --,--/: and/CC it/PRP 's/BES --/:,,
sw08utt/sw_0882_3554.utt,3/sw3554,3554,18,+,B,12,1,-- {C and } there's ] no jarring on the. -/,--/: and/CC there/EX 's/BES no/DT jarring/NN on/IN the/DT ./.,,
sw08utt/sw_0882_3554.utt,3/sw3554,3554,19,+,A,13,1,"-- least hard on your body,  /","--/: least/RBS hard/JJ on/IN your/PRP$ body/NN ,/,",,
sw08utt/sw_0882_3554.utt,3/sw3554,3554,20,%,A,13,2,"I, -/","I/PRP ,/,",,
sw08utt/sw_0882_3554.utt,3/sw3554,3554,21,br,B,14,1,Pardon? /,Pardon/UH ?/.,,
sw08utt/sw_0882_3554.utt,3/sw3554,3554,22,sd^r,A,15,1,It's the least hard on your body --,It/PRP 's/BES the/DT least/RBS hard/JJ on/IN your/PRP$ body/NN --/:,,
sw08utt/sw_0882_3554.utt,3/sw3554,3554,23,aa,B,16,1,"Exactly, yeah,  /","Exactly/UH ,/, yeah/UH ,/,",,
sw08utt/sw_0882_3554.utt,3/sw3554,3554,24,%,B,16,2,"{F um, } flu-, -- -/","um/UH ,/, flu-/XX ,/, --/:",,
sw08utt/sw_0882_3554.utt,3/sw3554,3554,25,+,A,17,1,"-- as far as, {F uh, } impact  /","--/: as/RB far/RB as/IN ,/, uh/UH ,/, impact/NN",,
sw08utt/sw_0882_3554.utt,3/sw3554,3554,26,%,A,17,2,{C and } -/,and/CC,,
sw08utt/sw_0882_3554.utt,3/sw3554,3554,27,b,B,18,1,"-- yeah,  /","--/: yeah/UH ,/,",,
sw08utt/sw_0882_3554.utt,3/sw3554,3554,28,bf,B,18,2,fluid resistance. /,fluid/NN resistance/NN ./.,,
sw08utt/sw_0882_3554.utt,3/sw3554,3554,29,aa,A,19,1,"Right,  /","Right/UH ,/,",,
sw08utt/sw_0882_3554.utt,3/sw3554,3554,30,aa,A,19,2,right. /,right/UH ./.,,
sw08utt/sw_0882_3554.utt,3/sw3554,3554,31,b,B,20,1,"Uh-huh,  /","Uh-huh/UH ,/,",,
sw08utt/sw_0882_3554.utt,3/sw3554,3554,32,b^r,B,20,2,uh-huh.  /,uh-huh/UH ./.,,
sw08utt/sw_0882_3554.utt,3/sw3554,3554,33,qo,B,20,3,How about you? /,How/WRB about/IN you/PRP ?/.,,
sw08utt/sw_0882_3554.utt,3/sw3554,3554,34,sd,A,21,1,"{D Well, } I do, {F uh, } little aerobics, {F oh, } three or four times a week,  /","Well/UH ,/, I/PRP do/VBP ,/, uh/UH ,/, little/JJ aerobics/NN ,/, oh/UH ,/, three/CD or/CC four/CD times/NNS a/DT week/NN ,/,",,
sw08utt/sw_0882_3554.utt,3/sw3554,3554,35,%,A,21,2,"{C but } it's not enough to, - /","but/CC it/PRP 's/BES not/RB enough/RB to/TO ,/,",,
sw08utt/sw_0882_3554.utt,3/sw3554,3554,36,sd,A,21,3,"boy if I go, in the summer time I try to [ jog, + jog ] a couple of miles -- /","boy/UH if/IN I/PRP go/VBP ,/, in/IN the/DT summer/NN time/NN I/PRP try/VBP to/TO jog/VB ,/, jog/VB a/DT couple/NN of/IN miles/NNS --/:",,
sw08utt/sw_0882_3554.utt,3/sw3554,3554,37,b,B,22,1,"{F Oh, } yeah. /","Oh/UH ,/, yeah/UH ./.",,
sw08utt/sw_0882_3554.utt,3/sw3554,3554,38,sd,A,23,1,"-- {C and, } {F uh, } {D well, } {D you know, } even doing that three or four times a week, when summer hits, that's a hard thing to go out [ and -- +","--/: and/CC ,/, uh/UH ,/, well/UH ,/, you/PRP know/VBP ,/, even/RB doing/VBG that/DT three/CD or/CC four/CD times/NNS a/DT week/NN ,/, when/WRB summer/NN hits/VBZ ,/, that/DT 's/BES a/DT hard/JJ thing/NN to/TO go/VB out/RB and/CC --/:",,
sw08utt/sw_0882_3554.utt,3/sw3554,3554,39,b,B,24,1,<Laughter>  Yeah. /,Yeah/UH ./.,,
sw08utt/sw_0882_3554.utt,3/sw3554,3554,40,+,A,25,1,"-- and ] go jogging for, {F uh } --","--/: and/CC go/VB jogging/VBG for/IN ,/, uh/UH --/:",,
sw08utt/sw_0882_3554.utt,3/sw3554,3554,41,b,B,26,1,Uh-huh. /,Uh-huh/UH ./.,,
sw08utt/sw_0882_3554.utt,3/sw3554,3554,42,+,A,27,1,"-- half hour or so,  /","--/: half/JJ hour/NN or/CC so/RB ,/,",,
sw08utt/sw_0882_3554.utt,3/sw3554,3554,43,sd,A,27,2,[ {C but } -- +,but/CC --/:,,
sw08utt/sw_0882_3554.utt,3/sw3554,3554,44,b,B,28,1,Uh-huh. /,Uh-huh/UH ./.,,
sw08utt/sw_0882_3554.utt,3/sw3554,3554,45,+,A,29,1,"-- {C so, } ] I'm not quite getting the level that I need to. /","--/: so/RB ,/, I/PRP 'm/VBP not/RB quite/RB getting/VBG the/DT level/NN that/WDT I/PRP need/VBP to/TO ./.",,
sw08utt/sw_0882_3554.utt,3/sw3554,3554,46,b,B,30,1,Yeah.  /,Yeah/UH ./.,,
sw08utt/sw_0882_3554.utt,3/sw3554,3554,47,qy,B,30,2,"[ Do you, + do you ] kind of think it's a chore,  /","Do/VBP you/PRP ,/, do/VBP you/PRP kind/RB of/RB think/VB it/PRP 's/BES a/DT chore/NN ,/,",,
sw08utt/sw_0882_3554.utt,3/sw3554,3554,48,qrr,B,30,3,{C or } do you enjoy it? /,or/CC do/VBP you/PRP enjoy/VB it/PRP ?/.,,
sw08utt/sw_0882_3554.utt,3/sw3554,3554,49,na,A,31,1,I like it. /,I/PRP like/VBP it/PRP ./.,,
sw08utt/sw_0882_3554.utt,3/sw3554,3554,50,b,B,32,1,Uh-huh. /,Uh-huh/UH ./.,,
sw08utt/sw_0882_3554.utt,3/sw3554,3554,51,sd^r,A,33,1,"I like it, {F uh, }  /","I/PRP like/VBP it/PRP ,/, uh/UH ,/,",,
sw08utt/sw_0882_3554.utt,3/sw3554,3554,52,sd,A,33,2,"part of my problem is I have small children,  /","part/NN of/IN my/PRP$ problem/NN is/VBZ I/PRP have/VBP small/JJ children/NNS ,/,",,
sw08utt/sw_0882_3554.utt,3/sw3554,3554,53,sd,A,33,3,"{C so, } {F uh, } to do a whole lot just requires a lot of, {F oh, } coordination as far as --","so/RB ,/, uh/UH ,/, to/TO do/VB a/DT whole/JJ lot/NN just/RB requires/VBZ a/DT lot/NN of/IN ,/, oh/UH ,/, coordination/NN as/RB far/RB as/IN --/:",,
sw08utt/sw_0882_3554.utt,3/sw3554,3554,54,b,B,34,1,Uh-huh. /,Uh-huh/UH ./.,,
sw08utt/sw_0882_3554.utt,3/sw3554,3554,55,+,A,35,1,-- scheduling and --,--/: scheduling/NN and/CC --/:,,
sw08utt/sw_0882_3554.utt,3/sw3554,3554,56,b,B,36,1,"Sure,  /","Sure/UH ,/,",,
sw08utt/sw_0882_3554.utt,3/sw3554,3554,57,%,B,36,2,yeah. /,yeah/UH ./.,,
sw08utt/sw_0882_3554.utt,3/sw3554,3554,58,+,A,37,1,"-- that type of, {F uh, } deal, {D you know, } {F uh, }  /","--/: that/DT type/NN of/IN ,/, uh/UH ,/, deal/NN ,/, you/PRP know/VBP ,/, uh/UH ,/,",,
sw08utt/sw_0882_3554.utt,3/sw3554,3554,59,sd@,A,37,2,"when you're in college, boy.","when/WRB you/PRP 're/VBP in/IN college/NN ,/, boy/UH ./.",,
sw08utt/sw_0882_3554.utt,3/sw3554,3554,60,x,B,38,1,<Laughter>.,,,
sw08utt/sw_0882_3554.utt,3/sw3554,3554,61,+@,A,39,1,You got a hundred things going on.  /,You/PRP got/VBD a/DT hundred/CD things/NNS going/VBG on/RP ./.,,
sw08utt/sw_0882_3554.utt,3/sw3554,3554,62,sv,A,39,2,"Of course, you got a little different direction going,  /","Of/IN course/NN ,/, you/PRP got/VBD a/DT little/JJ different/JJ direction/NN going/VBG ,/,",,
sw08utt/sw_0882_3554.utt,3/sw3554,3554,63,%,A,39,3,"{C but, } {F uh. } -/","but/CC ,/, uh/UH ./.",,
sw08utt/sw_0882_3554.utt,3/sw3554,3554,64,b,B,40,1,"Uh-huh,  /","Uh-huh/UH ,/,",,
sw08utt/sw_0882_3554.utt,3/sw3554,3554,65,%,B,40,2,yeah.  /,yeah/UH ./.,,
sw08utt/sw_0882_3554.utt,3/sw3554,3554,66,sd,B,40,3,"{F Uh, } [ [ I, + {F um, } I  used to, ] + {F uh, } I used to ] weigh, {F uh, } two hundred fifteen pounds,  /","Uh/UH ,/, I/PRP ,/, um/UH ,/, I/PRP used/VBD to/TO ,/, uh/UH ,/, I/PRP used/VBD to/TO weigh/VB ,/, uh/UH ,/, two/CD hundred/CD fifteen/CD pounds/NNS ,/,",,
sw08utt/sw_0882_3554.utt,3/sw3554,3554,67,sd,B,40,4,"{C and } now I weigh only [ about one, + about one ] seventy-five.  {F Um, }  /","and/CC now/RB I/PRP weigh/VBP only/RB about/RB one/CD ,/, about/RB one/CD seventy-five/CD ./. Um/UH ,/,",,
sw08utt/sw_0882_3554.utt,3/sw3554,3554,68,sd,B,40,5,"<throat_clearing> {C so } I drastically had to change the way I ate [ when I, + when I ] first moved to college,  /","so/RB I/PRP drastically/RB had/VBD to/TO change/VB the/DT way/NN I/PRP ate/VBD when/WRB I/PRP ,/, when/WRB I/PRP first/RB moved/VBD to/IN college/NN ,/,",,
sw08utt/sw_0882_3554.utt,3/sw3554,3554,69,sd,B,40,6,"{C and, } {F uh, } I had started weight lifting quite regularly,  /","and/CC ,/, uh/UH ,/, I/PRP had/VBD started/VBN weight/GW lifting/^VBG quite/RB regularly/RB ,/,",,
sw08utt/sw_0882_3554.utt,3/sw3554,3554,70,sd,B,40,7,"{C and so } I got my weight down,  /","and/CC so/RB I/PRP got/VBD my/PRP$ weight/NN down/RB ,/,",,
sw08utt/sw_0882_3554.utt,3/sw3554,3554,71,sd,B,40,8,"{C and } it's kind of easy for me to forget about it now, because, {F uh, } {D you know, } when I'm not fat like I used to be --","and/CC it/PRP 's/BES kind/RB of/RB easy/JJ for/IN me/PRP to/TO forget/VB about/IN it/PRP now/RB ,/, because/IN ,/, uh/UH ,/, you/PRP know/VBP ,/, when/WRB I/PRP 'm/VBP not/RB fat/JJ like/IN I/PRP used/VBD to/TO be/VB --/:",,
sw08utt/sw_0882_3554.utt,3/sw3554,3554,72,b,A,41,1,"# Right,  /","Right/UH ,/,",,
sw08utt/sw_0882_3554.utt,3/sw3554,3554,73,^2,A,41,2,you don't notice it # --,you/PRP do/VBP n't/RB notice/VB it/PRP --/:,,
sw08utt/sw_0882_3554.utt,3/sw3554,3554,74,+,B,42,1,-- # I don't worry about it #  /,--/: I/PRP do/VBP n't/RB worry/VB about/IN it/PRP,,
sw08utt/sw_0882_3554.utt,3/sw3554,3554,75,%,B,42,2,", yeah. /",",/, yeah/UH ./.",,
sw08utt/sw_0882_3554.utt,3/sw3554,3554,76,+,A,43,1,"-- as much,  /","--/: as/RB much/RB ,/,",,
sw08utt/sw_0882_3554.utt,3/sw3554,3554,77,%,A,43,2,yeah. /,yeah/UH ./.,,
sw08utt/sw_0882_3554.utt,3/sw3554,3554,78,aa,B,44,1,Uh-huh.  /,Uh-huh/UH ./.,,
sw08utt/sw_0882_3554.utt,3/sw3554,3554,79,sd,B,44,2,"Although lately I have noticed, {D you know, } even if I gain, like two pounds, [ I start, + I start ] feeling it  /","Although/IN lately/RB I/PRP have/VBP noticed/VBN ,/, you/PRP know/VBP ,/, even/RB if/IN I/PRP gain/VBP ,/, like/IN two/CD pounds/NNS ,/, I/PRP start/VBP ,/, I/PRP start/VBP feeling/VBG it/PRP",,
sw08utt/sw_0882_3554.utt,3/sw3554,3554,80,%,B,44,3,"{C and, } -/","and/CC ,/,",,
sw08utt/sw_0882_3554.utt,3/sw3554,3554,81,qy^g,A,45,1,"You feel it, don't you? /","You/PRP feel/VBP it/PRP ,/, do/VBP n't/RB you/PRP ?/.",,
sw08utt/sw_0882_3554.utt,3/sw3554,3554,82,ny,B,46,1,Uh-huh. /,Uh-huh/UH ./.,,
sw08utt/sw_0882_3554.utt,3/sw3554,3554,83,sd,A,47,1,"It's amazing [ how, + {F uh, } how ] much, {F uh, } it changes,  /","It/PRP 's/BES amazing/JJ how/WRB ,/, uh/UH ,/, how/WRB much/JJ ,/, uh/UH ,/, it/PRP changes/VBZ ,/,",,
sw08utt/sw_0882_3554.utt,3/sw3554,3554,84,sd,A,47,2,"{C and } I weigh probably about the same I weighed for, {F oh, } I don't know how many years,  /","and/CC I/PRP weigh/VBP probably/RB about/RB the/DT same/JJ I/PRP weighed/VBD for/IN ,/, oh/UH ,/, I/PRP do/VBP n't/RB know/VB how/WRB many/JJ years/NNS ,/,",,
sw08utt/sw_0882_3554.utt,3/sw3554,3554,85,sd,A,47,3,"{C but, } {F uh, } it's changed places <laughter>. /","but/CC ,/, uh/UH ,/, it/PRP 's/HVS changed/VBN places/NNS ./.",,
sw08utt/sw_0882_3554.utt,3/sw3554,3554,86,x,B,48,1,<Laughter>.,,,
sw08utt/sw_0882_3554.utt,3/sw3554,3554,87,sd,A,49,1,{C And } things don't fit just quite exactly --,And/CC things/NNS do/VBP n't/RB fit/VB just/RB quite/RB exactly/RB --/:,,
sw08utt/sw_0882_3554.utt,3/sw3554,3554,88,b,B,50,1,<Laughter> Yeah. /,Yeah/UH ./.,,
sw08utt/sw_0882_3554.utt,3/sw3554,3554,89,+,A,51,1,-- fit the same. /,--/: fit/VB the/DT same/JJ ./.,,
sw08utt/sw_0882_3554.utt,3/sw3554,3554,90,b,B,52,1,Uh-huh. /,Uh-huh/UH ./.,,
sw08utt/sw_0882_3554.utt,3/sw3554,3554,91,qy,A,53,1,"[ {C But, } + {F uh, } {C so, } ] do you do, {F uh, } - /","But/CC ,/, uh/UH ,/, so/RB ,/, do/VBP you/PRP do/VB ,/, uh/UH ,/,",,
sw08utt/sw_0882_3554.utt,3/sw3554,3554,92,%,A,53,2,"in Texas, {F uh, } does - /","in/IN Texas/NNP ,/, uh/UH ,/, does/VBZ",,
sw08utt/sw_0882_3554.utt,3/sw3554,3554,93,qy^d,A,53,3,"there, probably quite a few facilities. /","there/EX ,/, probably/RB quite/RB a/DT few/JJ facilities/NNS ./.",,
sw08utt/sw_0882_3554.utt,3/sw3554,3554,94,ny,B,54,1,"Yeah,  /","Yeah/UH ,/,",,
sw08utt/sw_0882_3554.utt,3/sw3554,3554,95,sd^e,B,54,2,there are.  /,there/EX are/VBP ./.,,
sw08utt/sw_0882_3554.utt,3/sw3554,3554,96,sd,B,54,3,"{F Um, } I'm living in a dorm right now,  /","Um/UH ,/, I/PRP 'm/VBP living/VBG in/IN a/DT dorm/NN right/RB now/RB ,/,",,
sw08utt/sw_0882_3554.utt,3/sw3554,3554,97,sd,B,54,4,{C and so } right downstairs there's a facility.  /,and/CC so/RB right/RB downstairs/RB there/EX 's/BES a/DT facility/NN ./.,,
sw08utt/sw_0882_3554.utt,3/sw3554,3554,98,sd,B,54,5,"{C And } I really feel kind of guilty for not working out more than I do because there's a facility right downstairs where [ all, + {D you know, } all ] we have to do [ is, + is, ] {F uh, } run down there  /","And/CC I/PRP really/RB feel/VBP kind/RB of/RB guilty/JJ for/IN not/RB working/VBG out/RP more/JJR than/IN I/PRP do/VBP because/IN there/EX 's/BES a/DT facility/NN right/RB downstairs/RB where/WRB all/DT ,/, you/PRP know/VBP ,/, all/DT we/PRP have/VBP to/TO do/VB is/VBZ ,/, is/VBZ ,/, uh/UH ,/, run/VB down/IN there/RB",,
sw08utt/sw_0882_3554.utt,3/sw3554,3554,99,o@,B,54,6,{C and. },and/CC ./.,,
sw08utt/sw_0882_3554.utt,3/sw3554,3554,100,qy,A,55,1,"Do you enjoy it,  /","Do/VBP you/PRP enjoy/VB it/PRP ,/,",,
sw08utt/sw_0882_3554.utt,3/sw3554,3554,101,qrr,A,55,2,"{C or } is it, {F uh. } -/","or/CC is/VBZ it/PRP ,/, uh/UH ./.",,
sw08utt/sw_0882_3554.utt,3/sw3554,3554,102,+@,B,56,1,I really do if I have the time to. /,I/PRP really/RB do/VBP if/IN I/PRP have/VBP the/DT time/NN to/TO ./.,,
sw08utt/sw_0882_3554.utt,3/sw3554,3554,103,^2,A,57,1,"If you can [ have, + find ] the time --","If/IN you/PRP can/MD have/VB ,/, find/VB the/DT time/NN --/:",,
sw08utt/sw_0882_3554.utt,3/sw3554,3554,104,b,B,58,1,Uh-huh -- /,Uh-huh/UH --/:,,
sw08utt/sw_0882_3554.utt,3/sw3554,3554,105,+,A,59,1,-- it's just the. -/,--/: it/PRP 's/BES just/RB the/DT ./.,,
sw08utt/sw_0882_3554.utt,3/sw3554,3554,106,aa,B,60,1,"-- yeah,  /","--/: yeah/UH ,/,",,
sw08utt/sw_0882_3554.utt,3/sw3554,3554,107,sd,B,60,2,"I really do, because I like to [ get, + {D you know, } get ] off alone and  just do that for a while,  /","I/PRP really/RB do/VBP ,/, because/IN I/PRP like/VBP to/TO get/VB ,/, you/PRP know/VBP ,/, get/VB off/RP alone/RB and/CC just/RB do/VBP that/DT for/IN a/DT while/NN ,/,",,
sw08utt/sw_0882_3554.utt,3/sw3554,3554,108,sd,B,60,3,"{C but } that's hard, <laughter> {D you know. } /","but/CC that/DT 's/BES hard/JJ ,/, you/PRP know/VBP ./.",,
sw08utt/sw_0882_3554.utt,3/sw3554,3554,109,b,A,61,1,"Yeah,  /","Yeah/UH ,/,",,
sw08utt/sw_0882_3554.utt,3/sw3554,3554,110,sd,A,61,2,it is hard -- /,it/PRP is/VBZ hard/JJ --/:,,
sw08utt/sw_0882_3554.utt,3/sw3554,3554,111,b,B,62,1,Uh-huh. /,Uh-huh/UH ./.,,
sw08utt/sw_0882_3554.utt,3/sw3554,3554,112,sd^r,A,63,1,-- it is hard.  /,--/: it/PRP is/VBZ hard/JJ ./.,,
sw08utt/sw_0882_3554.utt,3/sw3554,3554,113,sv,A,63,2,"It's, {F uh, } like anything else whether or not you want to --","It/PRP 's/BES ,/, uh/UH ,/, like/IN anything/NN else/RB whether/IN or/CC not/RB you/PRP want/VB to/TO --/:",,
sw08utt/sw_0882_3554.utt,3/sw3554,3554,114,b,B,64,1,Uh-huh. /,Uh-huh/UH ./.,,
sw08utt/sw_0882_3554.utt,3/sw3554,3554,115,+,A,65,1,-- sacrifice another half hour.  /,--/: sacrifice/VB another/DT half/NN hour/NN ./.,,
sw08utt/sw_0882_3554.utt,3/sw3554,3554,116,sd,A,65,2,My problem is I don't want to wake up another half hour earlier --,My/PRP$ problem/NN is/VBZ I/PRP do/VBP n't/RB want/VB to/TO wake/VB up/RP another/DT half/NN hour/NN earlier/RBR --/:,,
sw08utt/sw_0882_3554.utt,3/sw3554,3554,117,aa,B,66,1,Exactly. /,Exactly/UH ./.,,
sw08utt/sw_0882_3554.utt,3/sw3554,3554,118,+,A,67,1,-- and do more <laughter>. /,--/: and/CC do/VB more/JJR ./.,,
sw08utt/sw_0882_3554.utt,3/sw3554,3554,119,x,B,68,1,<Laughter>.,,,
sw08utt/sw_0882_3554.utt,3/sw3554,3554,120,sd,A,69,1,"Don't get enough sleep as it is,  /","Do/VBP n't/RB get/VB enough/RB sleep/NN as/IN it/PRP is/VBZ ,/,",,
sw08utt/sw_0882_3554.utt,3/sw3554,3554,121,^g,A,69,2,right -- /,right/UH --/:,,
sw08utt/sw_0882_3554.utt,3/sw3554,3554,122,ny,B,70,1,"Uh-huh,  /","Uh-huh/UH ,/,",,
sw08utt/sw_0882_3554.utt,3/sw3554,3554,123,ny,B,70,2,"yeah,  /","yeah/UH ,/,",,
sw08utt/sw_0882_3554.utt,3/sw3554,3554,124,ny^r,B,70,3,yeah. /,yeah/UH ./.,,
sw08utt/sw_0882_3554.utt,3/sw3554,3554,125,%,A,71,1,"-- {C and, } {F uh, } kind of have, - /","--/: and/CC ,/, uh/UH ,/, kind/RB of/RB have/VB ,/,",,
sw08utt/sw_0882_3554.utt,3/sw3554,3554,126,sv,A,71,2,"if you're having the pressures of school and, {F uh, } everything else, it's kind of, - /","if/IN you/PRP 're/VBP having/VBG the/DT pressures/NNS of/IN school/NN and/CC ,/, uh/UH ,/, everything/NN else/RB ,/, it/PRP 's/BES kind/RB of/RB ,/,",,
sw08utt/sw_0882_3554.utt,3/sw3554,3554,127,sv,A,71,3,"course it's really, {D you know, } - /","course/IN it/PRP 's/BES really/RB ,/, you/PRP know/VBP ,/,",,
sw08utt/sw_0882_3554.utt,3/sw3554,3554,128,sv,A,71,4,"as soon as you do it, it's really a release. /","as/RB soon/RB as/IN you/PRP do/VBP it/PRP ,/, it/PRP 's/BES really/RB a/DT release/NN ./.",,
sw08utt/sw_0882_3554.utt,3/sw3554,3554,129,b,B,72,1,"{F Oh, } yeah. /","Oh/UH ,/, yeah/UH ./.",,
sw08utt/sw_0882_3554.utt,3/sw3554,3554,130,sv,A,73,1,You feel invigorated  /,You/PRP feel/VBP invigorated/JJ,,
sw08utt/sw_0882_3554.utt,3/sw3554,3554,131,sv,A,73,2,{C and } [ you feel + --,and/CC you/PRP feel/VBP --/:,,
sw08utt/sw_0882_3554.utt,3/sw3554,3554,132,b,B,74,1,Uh-huh. /,Uh-huh/UH ./.,,
sw08utt/sw_0882_3554.utt,3/sw3554,3554,133,+,A,75,1,"-- <Inhaling> {F oh, } you feel ] in a lot better shape --","--/: oh/UH ,/, you/PRP feel/VBP in/IN a/DT lot/NN better/JJR shape/NN --/:",,
sw08utt/sw_0882_3554.utt,3/sw3554,3554,134,b,B,76,1,"Yeah,  /","Yeah/UH ,/,",,
sw08utt/sw_0882_3554.utt,3/sw3554,3554,135,^2,B,76,2,ready to go another twelve hours. /,ready/JJ to/TO go/VB another/DT twelve/CD hours/NNS ./.,,
sw08utt/sw_0882_3554.utt,3/sw3554,3554,136,+,A,77,1,-- just like eating right foods. /,--/: just/RB like/IN eating/VBG right/JJ foods/NNS ./.,,
sw08utt/sw_0882_3554.utt,3/sw3554,3554,137,b,B,78,1,"Yeah,  /","Yeah/UH ,/,",,
sw08utt/sw_0882_3554.utt,3/sw3554,3554,138,b^r,B,78,2,yeah. /,yeah/UH ./.,,
sw08utt/sw_0882_3554.utt,3/sw3554,3554,139,sd,A,79,1,"If I eat very much sugar, boy, just does something. /","If/IN I/PRP eat/VBP very/RB much/JJ sugar/NN ,/, boy/UH ,/, just/RB does/VBZ something/NN ./.",,
sw08utt/sw_0882_3554.utt,3/sw3554,3554,140,b,B,80,1,Uh-huh.  /,Uh-huh/UH ./.,,
sw08utt/sw_0882_3554.utt,3/sw3554,3554,141,qy,B,80,2,Do you have to watch what you eat pretty regularly? /,Do/VBP you/PRP have/VB to/TO watch/VB what/WP you/PRP eat/VBP pretty/RB regularly/RB ?/.,,
sw08utt/sw_0882_3554.utt,3/sw3554,3554,142,na,A,81,1,I do.  /,I/PRP do/VBP ./.,,
sw08utt/sw_0882_3554.utt,3/sw3554,3554,143,sd,A,81,2,I have to be real careful. /,I/PRP have/VBP to/TO be/VB real/RB careful/JJ ./.,,
sw08utt/sw_0882_3554.utt,3/sw3554,3554,144,b,B,82,1,Uh-huh.  /,Uh-huh/UH ./.,,
sw08utt/sw_0882_3554.utt,3/sw3554,3554,145,sd,B,82,2,"I stopped eating meat about, {F oh, } {F uh, } must have been eight months ago. /","I/PRP stopped/VBD eating/VBG meat/NN about/RB ,/, oh/UH ,/, uh/UH ,/, must/MD have/VB been/VBN eight/CD months/NNS ago/RB ./.",,
sw08utt/sw_0882_3554.utt,3/sw3554,3554,146,^g,A,83,1,Did you? /,Did/VBD you/PRP ?/.,,
sw08utt/sw_0882_3554.utt,3/sw3554,3554,147,ny,B,84,1,"Uh-huh,  /","Uh-huh/UH ,/,",,
sw08utt/sw_0882_3554.utt,3/sw3554,3554,148,sd^e,B,84,2,completely.  /,completely/UH ./.,,
sw08utt/sw_0882_3554.utt,3/sw3554,3554,149,sd,B,84,3,"{E I mean, } any kind of meat - /","I/PRP mean/VBP ,/, any/DT kind/NN of/IN meat/NN",,
sw08utt/sw_0882_3554.utt,3/sw3554,3554,150,sd,B,84,4,"[ {C or, } + {C and } ] [ I, + {C and } I ] really feel a lot better <throat_clearing> now. /","or/CC ,/, and/CC I/PRP ,/, and/CC I/PRP really/RB feel/VBP a/DT lot/NN better/RBR now/RB ./.",,
sw08utt/sw_0882_3554.utt,3/sw3554,3554,151,qy^d,A,85,1,Makes a lot of difference. /,Makes/VBZ a/DT lot/NN of/IN difference/NN ./.,,
sw08utt/sw_0882_3554.utt,3/sw3554,3554,152,ny,B,86,1,"Yeah,  /","Yeah/UH ,/,",,
sw08utt/sw_0882_3554.utt,3/sw3554,3554,153,sd^e,B,86,2,it really does. /,it/PRP really/RB does/VBZ ./.,,
sw08utt/sw_0882_3554.utt,3/sw3554,3554,154,sd,A,87,1,"{D Well, } there's a lot of fat in meat. /","Well/UH ,/, there/EX 's/BES a/DT lot/NN of/IN fat/NN in/IN meat/NN ./.",,
sw08utt/sw_0882_3554.utt,3/sw3554,3554,155,b,B,88,1,"Uh-huh,  /","Uh-huh/UH ,/,",,
sw08utt/sw_0882_3554.utt,3/sw3554,3554,156,%,B,88,2,"yeah,  /","yeah/UH ,/,",,
sw08utt/sw_0882_3554.utt,3/sw3554,3554,157,sd,B,88,3,"[ that's it, + {E I mean, } that's ] about where almost all of the fat comes from -- /","that/DT 's/BES it/PRP ,/, I/PRP mean/VBP ,/, that/DT 's/BES about/RB where/WRB almost/RB all/DT of/IN the/DT fat/NN comes/VBZ from/IN --/:",,
sw08utt/sw_0882_3554.utt,3/sw3554,3554,158,b,A,89,1,Right. /,Right/UH ./.,,
sw08utt/sw_0882_3554.utt,3/sw3554,3554,159,sd,B,90,1,-- {C and so. } I found that really helps. /,--/: and/CC so/RB ./. I/PRP found/VBD that/DT really/RB helps/VBZ ./.,,
sw08utt/sw_0882_3554.utt,3/sw3554,3554,160,sd,A,91,1,"{C And } unless you really like, {F uh, } fish. /","And/CC unless/IN you/PRP really/RB like/VBP ,/, uh/UH ,/, fish/NN ./.",,
sw08utt/sw_0882_3554.utt,3/sw3554,3554,161,x,B,92,1,((   )) .,MUMBLEx/XX ./.,,
sw08utt/sw_0882_3554.utt,3/sw3554,3554,162,sd,A,93,1,"Fish is pretty good for you,  /","Fish/NN is/VBZ pretty/RB good/JJ for/IN you/PRP ,/,",,
sw08utt/sw_0882_3554.utt,3/sw3554,3554,163,%,A,93,2,"{C but, } {F uh. } -/","but/CC ,/, uh/UH ./.",,
sw08utt/sw_0882_3554.utt,3/sw3554,3554,164,b,B,94,1,"Yeah,  /","Yeah/UH ,/,",,
sw08utt/sw_0882_3554.utt,3/sw3554,3554,165,sd,B,94,2,"I eat that,  /","I/PRP eat/VBP that/DT ,/,",,
sw08utt/sw_0882_3554.utt,3/sw3554,3554,166,sd,B,94,3,I think I've eaten fish like twice since. - /,I/PRP think/VBP I/PRP 've/VBP eaten/VBN fish/NN like/UH twice/RB since/RB ./.,,
sw08utt/sw_0882_3554.utt,3/sw3554,3554,167,sd,B,94,4,"I used to eat a lot of fish, too,  /","I/PRP used/VBD to/TO eat/VB a/DT lot/NN of/IN fish/NN ,/, too/RB ,/,",,
sw08utt/sw_0882_3554.utt,3/sw3554,3554,168,sd,B,94,5,{C but } <throat_clearing> I just tried to cut it all out for a while and see what happens. /,but/CC I/PRP just/RB tried/VBD to/TO cut/VB it/PRP all/DT out/RB for/IN a/DT while/NN and/CC see/VB what/WP happens/VBZ ./.,,
sw08utt/sw_0882_3554.utt,3/sw3554,3554,169,^2,A,95,1,Kind of see what happens. /,Kind/RB of/RB see/VB what/WP happens/VBZ ./.,,
sw08utt/sw_0882_3554.utt,3/sw3554,3554,170,aa,B,96,1,"Yeah,  /","Yeah/UH ,/,",,
sw08utt/sw_0882_3554.utt,3/sw3554,3554,171,sd,B,96,2,{C and } I like it. /,and/CC I/PRP like/VBP it/PRP ./.,,
sw08utt/sw_0882_3554.utt,3/sw3554,3554,172,sd,A,97,1,I've tried to do that with sugar  /,I/PRP 've/VBP tried/VBN to/TO do/VB that/DT with/IN sugar/NN,,
sw08utt/sw_0882_3554.utt,3/sw3554,3554,173,o@,A,97,2,"{C and, }","and/CC ,/,",,
sw08utt/sw_0882_3554.utt,3/sw3554,3554,174,x,B,98,1,<Laughter>.,,,
sw08utt/sw_0882_3554.utt,3/sw3554,3554,175,+@,A,99,1,it's almost impossible -- /,it/PRP 's/BES almost/RB impossible/JJ --/:,,
sw08utt/sw_0882_3554.utt,3/sw3554,3554,176,sd,B,100,1,<Laughter> # I don't know if I'm that brave yet # . /,I/PRP do/VBP n't/RB know/VB if/IN I/PRP 'm/VBP that/RB brave/JJ yet/RB ./.,,
sw08utt/sw_0882_3554.utt,3/sw3554,3554,177,sv,A,101,1,-- # everything has sugar in it # . /,--/: everything/NN has/VBZ sugar/NN in/IN it/PRP ./.,,
sw08utt/sw_0882_3554.utt,3/sw3554,3554,178,x,B,102,1,<Laughter>.,,,
sw08utt/sw_0882_3554.utt,3/sw3554,3554,179,sv,A,103,1,"{E I mean, } if you go, - /","I/PRP mean/VBP ,/, if/IN you/PRP go/VBP ,/,",,
sw08utt/sw_0882_3554.utt,3/sw3554,3554,180,sd,A,103,2,your ketchup has sugar in it. /,your/PRP$ ketchup/NN has/VBZ sugar/NN in/IN it/PRP ./.,,
sw08utt/sw_0882_3554.utt,3/sw3554,3554,181,b,B,104,1,"Uh-huh,  /","Uh-huh/UH ,/,",,
sw08utt/sw_0882_3554.utt,3/sw3554,3554,182,b^r,B,104,2,uh-huh. /,uh-huh/UH ./.,,
sw08utt/sw_0882_3554.utt,3/sw3554,3554,183,%,A,105,1,"Course, - /","Course/IN ,/,",,
sw08utt/sw_0882_3554.utt,3/sw3554,3554,184,sd,A,105,2,"{C and } I like sugar, too,  /","and/CC I/PRP like/VBP sugar/NN ,/, too/RB ,/,",,
sw08utt/sw_0882_3554.utt,3/sw3554,3554,185,sd,A,105,3,[ that's -- +,that/DT 's/BES --/:,,
sw08utt/sw_0882_3554.utt,3/sw3554,3554,186,b,B,106,1,Uh-huh. /,Uh-huh/UH ./.,,
sw08utt/sw_0882_3554.utt,3/sw3554,3554,187,+,A,107,1,"-- that's ] a problem,  /","--/: that/DT 's/BES a/DT problem/NN ,/,",,
sw08utt/sw_0882_3554.utt,3/sw3554,3554,188,%,A,107,2,{C but. } -/,but/CC ./.,,
sw08utt/sw_0882_3554.utt,3/sw3554,3554,189,x,B,108,1,<Laughter>.,,,
sw08utt/sw_0882_3554.utt,3/sw3554,3554,190,fc,A,109,1,"{D Anyway, } {D well, } it's, {F uh, } nice talking to you.  /","Anyway/UH ,/, well/UH ,/, it/PRP 's/BES ,/, uh/UH ,/, nice/JJ talking/VBG to/IN you/PRP ./.",,
sw08utt/sw_0882_3554.utt,3/sw3554,3554,191,fc,A,109,2,"Think we've, {F uh, } covered all the subject. /","Think/VBP we/PRP 've/VBP ,/, uh/UH ,/, covered/VBN all/PDT the/DT subject/NN ./.",,
sw08utt/sw_0882_3554.utt,3/sw3554,3554,192,fc,B,110,1,"Okay,  /","Okay/UH ,/,",,
sw08utt/sw_0882_3554.utt,3/sw3554,3554,193,fc,B,110,2,"yeah,  /","yeah/UH ,/,",,
sw08utt/sw_0882_3554.utt,3/sw3554,3554,194,fc,B,110,3,it sounds good. /,it/PRP sounds/VBZ good/JJ ./.,,
sw08utt/sw_0882_3554.utt,3/sw3554,3554,195,fc,A,111,1,Okay. /,Okay/UH ./.,,
sw08utt/sw_0882_3554.utt,3/sw3554,3554,196,fc,B,112,1,"{D Well, } good luck to you there in Idaho. /","Well/UH ,/, good/JJ luck/NN to/IN you/PRP there/RB in/IN Idaho/NNP ./.",,
sw08utt/sw_0882_3554.utt,3/sw3554,3554,197,fc,A,113,1,"{D Well, } you, too.  /","Well/UH ,/, you/PRP ,/, too/RB ./.",,
sw08utt/sw_0882_3554.utt,3/sw3554,3554,198,fc^m,A,113,2,"Good luck, {F uh, }  /","Good/JJ luck/NN ,/, uh/UH ,/,",,
sw08utt/sw_0882_3554.utt,3/sw3554,3554,199,fc,A,113,3,enjoy college while you can.  /,enjoy/VB college/NN while/IN you/PRP can/MD ./.,,
sw08utt/sw_0882_3554.utt,3/sw3554,3554,200,fc,A,113,4,"Let me tell you it's, {F uh. } -/","Let/VB me/PRP tell/VB you/PRP it/PRP 's/BES ,/, uh/UH ./.",,
sw08utt/sw_0882_3554.utt,3/sw3554,3554,201,fc,B,114,1,"{D Well, } I'm in graduate school now.  /","Well/UH ,/, I/PRP 'm/VBP in/IN graduate/NN school/NN now/RB ./.",,
sw08utt/sw_0882_3554.utt,3/sw3554,3554,202,fc,B,114,2,"[ [  I, + <throat_clearing> I, ] + I ] kind of feel like I wish I could have gone back to undergraduate now <laughter>. /","I/PRP ,/, I/PRP ,/, I/PRP kind/RB of/RB feel/VBP like/IN I/PRP wish/VBP I/PRP could/MD have/VB gone/VBN back/RB to/IN undergraduate/JJ now/RB ./.",,
sw08utt/sw_0882_3554.utt,3/sw3554,3554,203,fc,A,115,1,"It's a little different, {F uh } --","It/PRP 's/BES a/DT little/JJ different/JJ ,/, uh/UH --/:",,
sw08utt/sw_0882_3554.utt,3/sw3554,3554,204,fc,B,116,1,Yeah. /,Yeah/UH ./.,,
sw08utt/sw_0882_3554.utt,3/sw3554,3554,205,+,A,117,1,"-- challenge, isn't it? /","--/: challenge/NN ,/, is/VBZ n't/RB it/PRP ?/.",,
sw08utt/sw_0882_3554.utt,3/sw3554,3554,206,fc,B,118,1,"Yeah,  /","Yeah/UH ,/,",,
sw08utt/sw_0882_3554.utt,3/sw3554,3554,207,fc,B,118,2,it is.  /,it/PRP is/VBZ ./.,,
sw08utt/sw_0882_3554.utt,3/sw3554,3554,208,fc,B,118,3,"{D Well, } it's good talking, /","Well/UH ,/, it/PRP 's/BES good/JJ talking/VBG ,/,",,
sw08utt/sw_0882_3554.utt,3/sw3554,3554,209,fc,A,119,1,Where are you [ going +  --,Where/WRB are/VBP you/PRP going/VBG --/:,,
sw08utt/sw_0882_3554.utt,3/sw3554,3554,210,fc,B,120,1,Pardon? /,Pardon/UH ?/.,,
sw08utt/sw_0882_3554.utt,3/sw3554,3554,211,+,A,121,1,-- studying? ] /,--/: studying/VBG ?/.,,
sw08utt/sw_0882_3554.utt,3/sw3554,3554,212,fc,B,122,1,I'm studying speech pathology. /,I/PRP 'm/VBP studying/VBG speech/NN pathology/NN ./.,,
sw08utt/sw_0882_3554.utt,3/sw3554,3554,213,fc,A,123,1,Right. /,Right/UH ./.,,
