swda_filename,ptb_basename,conversation_no,transcript_index,act_tag,caller,utterance_index,subutterance_index,text,pos,trees,ptb_treenumbers
sw08utt/sw_0859_2534.utt,2/sw2534,2534,0,qw,A,1,1,"{D So, } what kind of neat hobbies do you have? /","So/RB ,/, what/WDT kind/NN of/IN neat/JJ hobbies/NNS do/VBP you/PRP have/VB ?/.",,
sw08utt/sw_0859_2534.utt,2/sw2534,2534,1,sd,B,2,1,"{D Well, } I like gardening a lot,  /","Well/UH ,/, I/PRP like/VBP gardening/NN a/DT lot/NN ,/,",,
sw08utt/sw_0859_2534.utt,2/sw2534,2534,2,sd,B,2,2,"I like to be outside, {F um. } /","I/PRP like/VBP to/TO be/VB outside/RB ,/, um/UH ./.",,
sw08utt/sw_0859_2534.utt,2/sw2534,2534,3,sd,A,3,1,"I like gardening,  /","I/PRP like/VBP gardening/NN ,/,",,
sw08utt/sw_0859_2534.utt,2/sw2534,2534,4,sd,A,3,2,"I wish I had a green thumb, though. /","I/PRP wish/VBP I/PRP had/VBD a/DT green/JJ thumb/NN ,/, though/RB ./.",,
sw08utt/sw_0859_2534.utt,2/sw2534,2534,5,x,B,4,1,<Laughter>.,,,
sw08utt/sw_0859_2534.utt,2/sw2534,2534,6,sd,A,5,1,I've got a brown thumb.  /,I/PRP 've/VBP got/VBP a/DT brown/JJ thumb/NN ./.,,
sw08utt/sw_0859_2534.utt,2/sw2534,2534,7,sd,A,5,2,That's what everything turns. /,That/DT 's/BES what/WP everything/NN turns/VBZ ./.,,
sw08utt/sw_0859_2534.utt,2/sw2534,2534,8,%,B,6,1,"{F Oh } <laughter>, is, - /","Oh/UH ,/, is/VBZ ,/,",,
sw08utt/sw_0859_2534.utt,2/sw2534,2534,9,qy,B,6,2,"{C but, } do you [ tr-, + ] keep trying anyway? /","but/CC ,/, do/VBP you/PRP tr-/XX ,/, keep/VB trying/VBG anyway/RB ?/.",,
sw08utt/sw_0859_2534.utt,2/sw2534,2534,10,na,A,7,1,"I keep trying, {F uh, } {D you know, }  /","I/PRP keep/VBP trying/VBG ,/, uh/UH ,/, you/PRP know/VBP ,/,",,
sw08utt/sw_0859_2534.utt,2/sw2534,2534,11,sv,A,7,2,"you just [ can't, + can't ] give up on it, {F uh, }  /","you/PRP just/RB ca/MD n't/RB ,/, ca/MD n't/RB give/VB up/RP on/IN it/PRP ,/, uh/UH ,/,",,
sw08utt/sw_0859_2534.utt,2/sw2534,2534,12,sd,A,7,3,"[ I, + {F uh, } I bought some, {F uh, } plants from Michigan Bulb Company  /","I/PRP ,/, uh/UH ,/, I/PRP bought/VBD some/DT ,/, uh/UH ,/, plants/NNS from/IN Michigan/NNP Bulb/NNP Company/NNP",,
sw08utt/sw_0859_2534.utt,2/sw2534,2534,13,sd,A,7,4,<laughter> they send them to you all ready alive. /,they/PRP send/VBP them/PRP to/IN you/PRP all/GW  ready/^RB alive/JJ ./.,,
sw08utt/sw_0859_2534.utt,2/sw2534,2534,14,nn,B,8,1,"No,  /","No/UH ,/,",,
sw08utt/sw_0859_2534.utt,2/sw2534,2534,15,nn^r,B,8,2,"no,  /","no/UH ,/,",,
sw08utt/sw_0859_2534.utt,2/sw2534,2534,16,sd^e,B,8,3,I've never had any luck with their's. /,I/PRP 've/VBP never/RB had/VBN any/DT luck/NN with/IN their/PRP$ 's/POS ./.,,
sw08utt/sw_0859_2534.utt,2/sw2534,2534,17,b,A,9,1,{F Oh } really. /,Oh/UH really/UH ./.,,
sw08utt/sw_0859_2534.utt,2/sw2534,2534,18,ny,B,10,1,Right. /,Right/UH ./.,,
sw08utt/sw_0859_2534.utt,2/sw2534,2534,19,sv,A,11,1,"[ I guess, + I guess ] these are going to croak too. /","I/PRP guess/VBP ,/, I/PRP guess/VBP these/DT are/VBP going/VBG to/TO croak/VB too/RB ./.",,
sw08utt/sw_0859_2534.utt,2/sw2534,2534,20,x,B,12,1,<Laughter>.,,,
sw08utt/sw_0859_2534.utt,2/sw2534,2534,21,sd,A,13,1,"Since I've got cats, I decided to get some catnip. /","Since/IN I/PRP 've/VBP got/VBN cats/NNS ,/, I/PRP decided/VBD to/TO get/VB some/DT catnip/NN ./.",,
sw08utt/sw_0859_2534.utt,2/sw2534,2534,22,b,B,14,1,Oh. /,Oh/UH ./.,,
sw08utt/sw_0859_2534.utt,2/sw2534,2534,23,sd,A,15,1,"Lots and lots of catnip,  /","Lots/NNS and/CC lots/NNS of/IN catnip/NN ,/,",,
sw08utt/sw_0859_2534.utt,2/sw2534,2534,24,sd,A,15,2,"{C so } [ it's, + it's ] still green,  /","so/RB it/PRP 's/BES ,/, it/PRP 's/BES still/RB green/JJ ,/,",,
sw08utt/sw_0859_2534.utt,2/sw2534,2534,25,sd,A,15,3,{C and } it's been two days  /,and/CC it/PRP 's/HVS been/VBN two/CD days/NNS,,
sw08utt/sw_0859_2534.utt,2/sw2534,2534,26,sd,A,15,4,{C so } I'm encouraged <laughter>. /,so/RB I/PRP 'm/VBP encouraged/JJ ./.,,
sw08utt/sw_0859_2534.utt,2/sw2534,2534,27,nn,B,16,1,"<Laughter>  No,  /","No/UH ,/,",,
sw08utt/sw_0859_2534.utt,2/sw2534,2534,28,sd^e,B,16,2,"[ I, + I ] haven't [ had, + had ] good luck with that company, {F uh, }  /","I/PRP ,/, I/PRP have/VBP n't/RB had/VBN ,/, had/VBN good/JJ luck/NN with/IN that/DT company/NN ,/, uh/UH ,/,",,
sw08utt/sw_0859_2534.utt,2/sw2534,2534,29,sv,B,16,3,"I think some of it depends how long things stay in the mail, probably. /","I/PRP think/VBP some/DT of/IN it/PRP depends/VBZ how/WRB long/JJ things/NNS stay/VBP in/IN the/DT mail/NN ,/, probably/RB ./.",,
sw08utt/sw_0859_2534.utt,2/sw2534,2534,30,b,A,17,1,Yeah. /,Yeah/UH ./.,,
sw08utt/sw_0859_2534.utt,2/sw2534,2534,31,sd,B,18,1,"{C But, } I've had [ to, + to ] get my money back from them and had better luck [ with, + with ] some of [ the, + the ] more expensive companies. /","But/CC ,/, I/PRP 've/VBP had/VBN to/TO ,/, to/TO get/VB my/PRP$ money/NN back/RB from/IN them/PRP and/CC had/VBD better/JJR luck/NN with/IN ,/, with/IN some/DT of/IN the/DT ,/, the/DT more/RBR expensive/JJ companies/NNS ./.",,
sw08utt/sw_0859_2534.utt,2/sw2534,2534,32,b,A,19,1,"Yeah,  /","Yeah/UH ,/,",,
sw08utt/sw_0859_2534.utt,2/sw2534,2534,33,%,A,19,2,"there's a, {F uh, } -/","there/EX 's/BES a/DT ,/, uh/UH ,/,",,
sw08utt/sw_0859_2534.utt,2/sw2534,2534,34,%,B,20,1,"Because they, -/","Because/IN they/PRP ,/,",,
sw08utt/sw_0859_2534.utt,2/sw2534,2534,35,h,A,21,1,"I don't know,  /","I/PRP do/VBP n't/RB know/VB ,/,",,
sw08utt/sw_0859_2534.utt,2/sw2534,2534,36,qy,A,21,2,do you have Lowe's up there? /,do/VB you/PRP have/VB Lowe/NNP 's/POS up/IN there/RB ?/.,,
sw08utt/sw_0859_2534.utt,2/sw2534,2534,37,%,B,22,1,"{F Uh, } {D well, } -/","Uh/UH ,/, well/UH ,/,",,
sw08utt/sw_0859_2534.utt,2/sw2534,2534,38,%,A,23,1,"Its, {F uh, } - /","Its/PRP$ ,/, uh/UH ,/,",,
sw08utt/sw_0859_2534.utt,2/sw2534,2534,39,%,A,23,2,"building, {F uh, } contra-, - /","building/NN ,/, uh/UH ,/, contra-/XX ,/,",,
sw08utt/sw_0859_2534.utt,2/sw2534,2534,40,qrr,A,23,3,{C or } building supplies place. /,or/CC building/NN supplies/NNS place/NN ./.,,
sw08utt/sw_0859_2534.utt,2/sw2534,2534,41,nn,B,24,1,No. /,No/UH ./.,,
sw08utt/sw_0859_2534.utt,2/sw2534,2534,42,sd,A,25,1,"{F Um, } [ they, + they ] also have a garden shop  /","Um/UH ,/, they/PRP ,/, they/PRP also/RB have/VBP a/DT garden/NN shop/NN",,
sw08utt/sw_0859_2534.utt,2/sw2534,2534,43,o@,A,25,2,"{C and, }","and/CC ,/,",,
sw08utt/sw_0859_2534.utt,2/sw2534,2534,44,b,B,26,1,Uh-huh. /,Uh-huh/UH ./.,,
sw08utt/sw_0859_2534.utt,2/sw2534,2534,45,+@,A,27,1,"[ they, + they ] offer just as good a guarantee, if you buy it from them. /","they/PRP ,/, they/PRP offer/VBP just/RB as/RB good/JJ a/DT guarantee/NN ,/, if/IN you/PRP buy/VBP it/PRP from/IN them/PRP ./.",,
sw08utt/sw_0859_2534.utt,2/sw2534,2534,46,ba,B,28,1,"{F Oh, } that's great, /","Oh/UH ,/, that/DT 's/BES great/JJ ,/,",,
sw08utt/sw_0859_2534.utt,2/sw2534,2534,47,b,A,29,1,Yeah. /,Yeah/UH ./.,,
sw08utt/sw_0859_2534.utt,2/sw2534,2534,48,sd,B,30,1,"{D now } our local stores [ don't, + don't ] offer any guarantee. /","now/UH our/PRP$ local/JJ stores/NNS do/VBP n't/RB ,/, do/VB n't/RB offer/VB any/DT guarantee/NN ./.",,
sw08utt/sw_0859_2534.utt,2/sw2534,2534,49,b,A,31,1,{F Um. } /,Um/UH ./.,,
sw08utt/sw_0859_2534.utt,2/sw2534,2534,50,sd,B,32,1,"{C But } some of the, - /","But/CC some/DT of/IN the/DT ,/,",,
sw08utt/sw_0859_2534.utt,2/sw2534,2534,51,sd@,B,32,2,"the mail order ones that I've dealt with for roses and  that, they offer [ through, + through ] the first Summer.","the/DT mail/NN order/NN ones/NNS that/WDT I/PRP 've/VBP dealt/VBN with/IN for/IN roses/NNS and/CC that/DT ,/, they/PRP offer/VBP through/IN ,/, through/IN the/DT first/JJ Summer/NN ./.",,
sw08utt/sw_0859_2534.utt,2/sw2534,2534,52,b,A,33,1,Yeah. /,Yeah/UH ./.,,
sw08utt/sw_0859_2534.utt,2/sw2534,2534,53,+@,B,34,1,"Which at least [ if they, + if they ] take off the first year, they're probably going to come up unless there's, {F uh, } a terrible freeze or something. /","Which/WDT at/IN least/JJS if/IN they/PRP ,/, if/IN they/PRP take/VBP off/RP the/DT first/JJ year/NN ,/, they/PRP 're/VBP probably/RB going/VBG to/TO come/VB up/RB unless/IN there/EX 's/BES ,/, uh/UH ,/, a/DT terrible/JJ freeze/NN or/CC something/NN ./.",,
sw08utt/sw_0859_2534.utt,2/sw2534,2534,54,b,A,35,1,"Yeah,  /","Yeah/UH ,/,",,
sw08utt/sw_0859_2534.utt,2/sw2534,2534,55,b^r,A,35,2,"yeah,  /","yeah/UH ,/,",,
sw08utt/sw_0859_2534.utt,2/sw2534,2534,56,b^r,A,35,3,"yeah,  /","yeah/UH ,/,",,
sw08utt/sw_0859_2534.utt,2/sw2534,2534,57,sd,A,35,4,something like that.  /,something/NN like/IN that/DT ./.,,
sw08utt/sw_0859_2534.utt,2/sw2534,2534,58,sd,A,35,5,"{F Uh, } I got a whole bunch of bulbs along with this stuff,  /","Uh/UH ,/, I/PRP got/VBD a/DT whole/JJ bunch/NN of/IN bulbs/NNS along/IN with/IN this/DT stuff/NN ,/,",,
sw08utt/sw_0859_2534.utt,2/sw2534,2534,59,sd,A,35,6,"{C so, } I'm going to wait on those. /","so/RB ,/, I/PRP 'm/VBP going/VBG to/TO wait/VB on/IN those/DT ./.",,
sw08utt/sw_0859_2534.utt,2/sw2534,2534,60,qr,B,36,1,"{F Oh, } they're bulbs for Spring or Fall? /","Oh/UH ,/, they/PRP 're/VBP bulbs/NNS for/IN Spring/NN or/CC Fall/NN ?/.",,
sw08utt/sw_0859_2534.utt,2/sw2534,2534,61,sd,A,37,1,"{F Uh, } probably Spring,  /","Uh/UH ,/, probably/RB Spring/NN ,/,",,
sw08utt/sw_0859_2534.utt,2/sw2534,2534,62,sd,A,37,2,"{C but, } {F uh,  } I don't much care about things like that.  /","but/CC ,/, uh/UH ,/, I/PRP do/VBP n't/RB much/RB care/VB about/IN things/NNS like/IN that/DT ./.",,
sw08utt/sw_0859_2534.utt,2/sw2534,2534,63,sd,A,37,3,"[ I'll, + I'll ] make a little sort of greenhouse, a miniature greenhouse to put all this stuff in. /","I/PRP 'll/MD ,/, I/PRP 'll/MD make/VB a/DT little/JJ sort/RB of/RB greenhouse/NN ,/, a/DT miniature/JJ greenhouse/NN to/TO put/VB all/PDT this/DT stuff/NN in/IN ./.",,
sw08utt/sw_0859_2534.utt,2/sw2534,2534,64,x,B,38,1,<Laughter>.,,,
sw08utt/sw_0859_2534.utt,2/sw2534,2534,65,sd,A,39,1,"[ Something, + something, ] to keep me occupied, {D you see. } /","Something/NN ,/, something/NN ,/, to/TO keep/VB me/PRP occupied/VBD ,/, you/PRP see/VBP ./.",,
sw08utt/sw_0859_2534.utt,2/sw2534,2534,66,b,B,40,1,"Uh-huh,  /","Uh-huh/UH ,/,",,
sw08utt/sw_0859_2534.utt,2/sw2534,2534,67,b^r,B,40,2,uh-huh. /,uh-huh/UH ./.,,
sw08utt/sw_0859_2534.utt,2/sw2534,2534,68,sd,A,41,1,"I'll, {F uh, } buy some plastic  and make a little house  /","I/PRP 'll/MD ,/, uh/UH ,/, buy/VB some/DT plastic/NN and/CC make/VB a/DT little/JJ house/NN",,
sw08utt/sw_0859_2534.utt,2/sw2534,2534,69,%,A,41,2,"{C and, } -/","and/CC ,/,",,
sw08utt/sw_0859_2534.utt,2/sw2534,2534,70,ba,B,42,1,<Laughter> Cute. /,Cute/JJ ./.,,
sw08utt/sw_0859_2534.utt,2/sw2534,2534,71,b,A,43,1,"yeah,  /","yeah/UH ,/,",,
sw08utt/sw_0859_2534.utt,2/sw2534,2534,72,sd,A,43,2,{C and } watch the cats tear it up. /,and/CC watch/VB the/DT cats/NNS tear/VBP it/PRP up/RP ./.,,
sw08utt/sw_0859_2534.utt,2/sw2534,2534,73,b,B,44,1,Right.  /,Right/UH ./.,,
sw08utt/sw_0859_2534.utt,2/sw2534,2534,74,sd,B,44,2,"I don't know that,  /","I/PRP do/VBP n't/RB know/VB that/IN ,/,",,
sw08utt/sw_0859_2534.utt,2/sw2534,2534,75,qy,B,44,3,do cats bother bulbs?  /,do/VBP cats/NNS bother/VB bulbs/NNS ?/.,,
sw08utt/sw_0859_2534.utt,2/sw2534,2534,76,sv,B,44,4,I think more the mice or  other rodents. /,I/PRP think/VBP more/JJR the/DT mice/NNS or/CC other/JJ rodents/NNS ./.,,
sw08utt/sw_0859_2534.utt,2/sw2534,2534,77,na,A,45,1,"[ They, + they ] just like to get in and dig. /","They/PRP ,/, they/PRP just/RB like/VBP to/TO get/VB in/IN and/CC dig/VB ./.",,
sw08utt/sw_0859_2534.utt,2/sw2534,2534,78,bk,B,46,1,"{F Oh, } I see  /","Oh/UH ,/, I/PRP see/VBP",,
sw08utt/sw_0859_2534.utt,2/sw2534,2534,79,bf,B,46,2,"{C so } if you have fresh dirt, they'll <laughter>, -/","so/RB if/IN you/PRP have/VBP fresh/JJ dirt/NN ,/, they/PRP 'll/MD ,/,",,
sw08utt/sw_0859_2534.utt,2/sw2534,2534,80,sd,A,47,1,"{F Oh, } they love to dig.  /","Oh/UH ,/, they/PRP love/VBP to/TO dig/VB ./.",,
sw08utt/sw_0859_2534.utt,2/sw2534,2534,81,sd,A,47,2,"[  I had, + I had ] some, {F uh, } - /","I/PRP had/VBD ,/, I/PRP had/VBD some/DT ,/, uh/UH ,/,",,
sw08utt/sw_0859_2534.utt,2/sw2534,2534,82,sd,A,47,3,"I don't know what kind they are,  /","I/PRP do/VBP n't/RB know/VB what/WDT kind/NN they/PRP are/VBP ,/,",,
sw08utt/sw_0859_2534.utt,2/sw2534,2534,83,sd,A,47,4,"I've already forgotten, - /","I/PRP 've/VBP already/RB forgotten/VBN ,/,",,
sw08utt/sw_0859_2534.utt,2/sw2534,2534,84,sd,A,47,5,just regular old flower seeds  /,just/RB regular/JJ old/JJ flower/NN seeds/NNS,,
sw08utt/sw_0859_2534.utt,2/sw2534,2534,85,sd,A,47,6,{C and } I planted them  /,and/CC I/PRP planted/VBD them/PRP,,
sw08utt/sw_0859_2534.utt,2/sw2534,2534,86,sd,A,47,7,"{C and } [ I was so, + I was so ] thrilled because they came up, {E I mean } nice green shoots coming up all over the place.  /","and/CC I/PRP was/VBD so/RB ,/, I/PRP was/VBD so/RB thrilled/JJ because/IN they/PRP came/VBD up/RB ,/, I/PRP mean/VBP nice/JJ green/JJ shoots/NNS coming/VBG up/RB all/RB over/IN the/DT place/NN ./.",,
sw08utt/sw_0859_2534.utt,2/sw2534,2534,87,sd,A,47,8,{C And then } my cats got into it and started digging and that took care of that. /,And/CC then/RB my/PRP$ cats/NNS got/VBD into/IN it/PRP and/CC started/VBD digging/VBG and/CC that/DT took/VBD care/NN of/IN that/DT ./.,,
sw08utt/sw_0859_2534.utt,2/sw2534,2534,88,ba,B,48,1,"{F Uh, } gee. /","Uh/UH ,/, gee/UH ./.",,
sw08utt/sw_0859_2534.utt,2/sw2534,2534,89,sd,A,49,1,"{C So, } I have to hang these things high, - /","So/RB ,/, I/PRP have/VBP to/TO hang/VB these/DT things/NNS high/JJ ,/,",,
sw08utt/sw_0859_2534.utt,2/sw2534,2534,90,sd,A,49,2,{C so } they can't get to them.  /,so/IN they/PRP ca/MD n't/RB get/VB to/IN them/PRP ./.,,
sw08utt/sw_0859_2534.utt,2/sw2534,2534,91,sd,A,49,3,Especially the catnip. /,Especially/RB the/DT catnip/NN ./.,,
sw08utt/sw_0859_2534.utt,2/sw2534,2534,92,qw,B,50,1,How many cats do you have? /,How/WRB many/JJ cats/NNS do/VBP you/PRP have/VB ?/.,,
sw08utt/sw_0859_2534.utt,2/sw2534,2534,93,sd,A,51,1,Three. /,Three/CD ./.,,
sw08utt/sw_0859_2534.utt,2/sw2534,2534,94,bk,B,52,1,{F Oh } okay. /,Oh/UH okay/UH ./.,,
sw08utt/sw_0859_2534.utt,2/sw2534,2534,95,x,A,53,1,<Laughter>.,,,
sw08utt/sw_0859_2534.utt,2/sw2534,2534,96,sd,B,54,1,"{D Actually } I just, put a, {F uh, } little fence around my yard, {F uh, } {F um, } which is I suppose, technically illegal,  /","Actually/UH I/PRP just/RB ,/, put/VBP a/DT ,/, uh/UH ,/, little/JJ fence/NN around/IN my/PRP$ yard/NN ,/, uh/UH ,/, um/UH ,/, which/WDT is/VBZ I/PRP suppose/VBP ,/, technically/RB illegal/JJ ,/,",,
sw08utt/sw_0859_2534.utt,2/sw2534,2534,97,sd,B,54,2,"{C but } I had so many groundhogs last year that I think they'll let me get by with it,  /","but/CC I/PRP had/VBD so/RB many/JJ groundhogs/NNS last/JJ year/NN that/IN I/PRP think/VBP they/PRP 'll/MD let/VB me/PRP get/VB by/IN with/IN it/PRP ,/,",,
sw08utt/sw_0859_2534.utt,2/sw2534,2534,98,sd,B,54,3,"{C and } [ it, + it's ] got this one inch mesh  /","and/CC it/PRP ,/, it/PRP 's/HVS got/VBN this/DT one/CD inch/NN mesh/NN",,
sw08utt/sw_0859_2534.utt,2/sw2534,2534,99,sd,B,54,4,{C and }  what I've noticed it's kept the cats out  /,and/CC what/WP I/PRP 've/VBP noticed/VBN it/PRP 's/HVS kept/VBN the/DT cats/NNS out/RB,,
sw08utt/sw_0859_2534.utt,2/sw2534,2534,100,sd,B,54,5,{C and } I love it <laughter>. /,and/CC I/PRP love/VBP it/PRP ./.,,
sw08utt/sw_0859_2534.utt,2/sw2534,2534,101,b,A,55,1,"{F Um, } yeah,  /","Um/UH ,/, yeah/UH ,/,",,
sw08utt/sw_0859_2534.utt,2/sw2534,2534,102,b^r,A,55,2,"yeah,  /","yeah/UH ,/,",,
sw08utt/sw_0859_2534.utt,2/sw2534,2534,103,sd,A,55,3,"because [ they, + they ] like to get in and fertilize things too.  /","because/IN they/PRP ,/, they/PRP like/VBP to/TO get/VB in/IN and/CC fertilize/NN things/NNS too/RB ./.",,
sw08utt/sw_0859_2534.utt,2/sw2534,2534,104,qw,A,55,4,"{C But, } {F uh, } why would it be illegal? /","But/CC ,/, uh/UH ,/, why/WRB would/MD it/PRP be/VB illegal/JJ ?/.",,
sw08utt/sw_0859_2534.utt,2/sw2534,2534,105,sd,B,56,1,"{D Well, } because we have these tow-, {F uh, } - /","Well/UH ,/, because/IN we/PRP have/VBP these/DT tow-/XX ,/, uh/UH ,/,",,
sw08utt/sw_0859_2534.utt,2/sw2534,2534,106,sd,B,56,2,I live in a townhouse  /,I/PRP live/VBP in/IN a/DT townhouse/NN,,
sw08utt/sw_0859_2534.utt,2/sw2534,2534,107,sd,B,56,3,{C and } {D anyway } all of our areas have associations that you have to get permission. /,and/CC anyway/RB all/DT of/IN our/PRP$ areas/NNS have/VBP associations/NNS that/WDT you/PRP have/VBP to/TO get/VB permission/NN ./.,,
sw08utt/sw_0859_2534.utt,2/sw2534,2534,108,b,A,57,1,"{F Oh, } {F uh, } yeah,  /","Oh/UH ,/, uh/UH ,/, yeah/UH ,/,",,
sw08utt/sw_0859_2534.utt,2/sw2534,2534,109,b,A,57,2,right. /,right/UH ./.,,
sw08utt/sw_0859_2534.utt,2/sw2534,2534,110,sv,B,58,1,"{C And, } {D you know, } they want, {F uh, } privacy fences. /","And/CC ,/, you/PRP know/VBP ,/, they/PRP want/VBP ,/, uh/UH ,/, privacy/NN fences/NNS ./.",,
sw08utt/sw_0859_2534.utt,2/sw2534,2534,111,sv,A,59,1,"{D Well, } [ if nobody, + {D yeah, }  if nobody ] complains you're all right. /","Well/UH ,/, if/IN nobody/NN ,/, yeah/UH ,/, if/IN nobody/NN complains/VBZ you/PRP 're/VBP all/RB right/JJ ./.",,
sw08utt/sw_0859_2534.utt,2/sw2534,2534,112,b,B,60,1,"Right,  /","Right/UH ,/,",,
sw08utt/sw_0859_2534.utt,2/sw2534,2534,113,b^r,B,60,2,right.  /,right/UH ./.,,
sw08utt/sw_0859_2534.utt,2/sw2534,2534,114,sd,B,60,3,"{D Well } they do walking tours too,  /","Well/UH they/PRP do/VBP walking/NN tours/NNS too/RB ,/,",,
sw08utt/sw_0859_2534.utt,2/sw2534,2534,115,%,B,60,4,{C so. } -/,so/RB ./.,,
sw08utt/sw_0859_2534.utt,2/sw2534,2534,116,b,A,61,1,{F Um. } /,Um/UH ./.,,
sw08utt/sw_0859_2534.utt,2/sw2534,2534,117,sv,B,62,1,"{C But } at least, because I back up to, {F um, } a hillside where the, {F uh, } wild animals are, I think I can probably justify it. /","But/CC at/IN least/JJS ,/, because/IN I/PRP back/VBP up/RP to/IN ,/, um/UH ,/, a/DT hillside/NN where/WRB the/DT ,/, uh/UH ,/, wild/JJ animals/NNS are/VBP ,/, I/PRP think/VBP I/PRP can/MD probably/RB justify/VB it/PRP ./.",,
sw08utt/sw_0859_2534.utt,2/sw2534,2534,118,b,A,63,1,"{F Um, } yeah,  /","Um/UH ,/, yeah/UH ,/,",,
sw08utt/sw_0859_2534.utt,2/sw2534,2534,119,%,A,63,2,"an, - /","an/DT ,/,",,
sw08utt/sw_0859_2534.utt,2/sw2534,2534,120,sv,A,63,3,{C and } if somebody raises a stink about it you can always go before the association and argue your case anyway. /,and/CC if/IN somebody/NN raises/VBZ a/DT stink/NN about/IN it/PRP you/PRP can/MD always/RB go/VB before/IN the/DT association/NN and/CC argue/VBP your/PRP$ case/NN anyway/RB ./.,,
sw08utt/sw_0859_2534.utt,2/sw2534,2534,121,b,B,64,1,"Right,  /","Right/UH ,/,",,
sw08utt/sw_0859_2534.utt,2/sw2534,2534,122,b^r,B,64,2,"right,  /","right/UH ,/,",,
sw08utt/sw_0859_2534.utt,2/sw2534,2534,123,%,B,64,3,"I me-, -/","I/PRP me-/XX ,/,",,
sw08utt/sw_0859_2534.utt,2/sw2534,2534,124,sv,A,65,1,"{D You know, } you don't have to put up with all these wild critters coming into your property. /","You/PRP know/VBP ,/, you/PRP do/VBP n't/RB have/VB to/TO put/VB up/RP with/IN all/PDT these/DT wild/JJ critters/NNS coming/VBG into/IN your/PRP$ property/NN ./.",,
sw08utt/sw_0859_2534.utt,2/sw2534,2534,125,b,B,66,1,"<Laughter>  Right,  /","Right/UH ,/,",,
sw08utt/sw_0859_2534.utt,2/sw2534,2534,126,sd,B,66,2,"the first year, the deer ate my garden,  /","the/DT first/JJ year/NN ,/, the/DT deer/NN ate/VBD my/PRP$ garden/NN ,/,",,
sw08utt/sw_0859_2534.utt,2/sw2534,2534,127,sd,B,66,3,{C and } I was just astounded.  /,and/CC I/PRP was/VBD just/RB astounded/JJ ./.,,
sw08utt/sw_0859_2534.utt,2/sw2534,2534,128,sd,B,66,4,"I'm going deer, right here in the city <laughter>. /","I/PRP 'm/VBP going/VBG deer/NN ,/, right/RB here/RB in/IN the/DT city/NN ./.",,
sw08utt/sw_0859_2534.utt,2/sw2534,2534,129,b,A,67,1,"Yeah,  /","Yeah/UH ,/,",,
sw08utt/sw_0859_2534.utt,2/sw2534,2534,130,b^m,A,67,2,"right  here, Bambi <laughter>. /","right/RB here/RB ,/, Bambi/NNP ./.",,
sw08utt/sw_0859_2534.utt,2/sw2534,2534,131,aa,B,68,1,<Laughter> Exactly. /,Exactly/UH ./.,,
sw08utt/sw_0859_2534.utt,2/sw2534,2534,132,ba,A,69,1,"{F Uh, } gosh. /","Uh/UH ,/, gosh/UH ./.",,
sw08utt/sw_0859_2534.utt,2/sw2534,2534,133,%,B,70,1,"{C And so, } -/","And/CC so/RB ,/,",,
sw08utt/sw_0859_2534.utt,2/sw2534,2534,134,^h,A,71,1,"{D Well, } let's see,  /","Well/UH ,/, let/VB 's/PRP see/VB ,/,",,
sw08utt/sw_0859_2534.utt,2/sw2534,2534,135,sd,A,71,2,"other than gardening which I fiddle at, - /","other/JJ than/IN gardening/NN which/WDT I/PRP fiddle/VBP at/IN ,/,",,
sw08utt/sw_0859_2534.utt,2/sw2534,2534,136,sd,A,71,3,"I'm not very good at, - /","I/PRP 'm/VBP not/RB very/RB good/JJ at/IN ,/,",,
sw08utt/sw_0859_2534.utt,2/sw2534,2534,137,t1,A,71,4,"what else do I, mostly just computer stuff. /","what/WP else/RB do/VBP I/PRP ,/, mostly/RB just/RB computer/NN stuff/NN ./.",,
sw08utt/sw_0859_2534.utt,2/sw2534,2534,138,b,B,72,1,Oh. /,Oh/UH ./.,,
sw08utt/sw_0859_2534.utt,2/sw2534,2534,139,sd,A,73,1,I just like playing with my computer and doing stuff on that.  /,I/PRP just/RB like/VBP playing/VBG with/IN my/PRP$ computer/NN and/CC doing/VBG stuff/NN on/IN that/DT ./.,,
sw08utt/sw_0859_2534.utt,2/sw2534,2534,140,sd,A,73,2,"{F Uh, } cooking, that's not really a hobby,  /","Uh/UH ,/, cooking/NN ,/, that/DT 's/BES not/RB really/RB a/DT hobby/NN ,/,",,
sw08utt/sw_0859_2534.utt,2/sw2534,2534,141,sv,A,73,3,it's a necessity. /,it/PRP 's/BES a/DT necessity/NN ./.,,
sw08utt/sw_0859_2534.utt,2/sw2534,2534,142,x,B,74,1,<Laughter>.,,,
sw08utt/sw_0859_2534.utt,2/sw2534,2534,143,sd,A,75,1,"[ {C But, } + {C but } ] I enjoy it.  /","But/CC ,/, but/CC I/PRP enjoy/VBP it/PRP ./.",,
sw08utt/sw_0859_2534.utt,2/sw2534,2534,144,sd,A,75,2,I like to think that I'm a very good cook. /,I/PRP like/VBP to/TO think/VB that/IN I/PRP 'm/VBP a/DT very/RB good/JJ cook/NN ./.,,
sw08utt/sw_0859_2534.utt,2/sw2534,2534,145,ba,B,76,1,"{F Oh, } great. /","Oh/UH ,/, great/JJ ./.",,
sw08utt/sw_0859_2534.utt,2/sw2534,2534,146,^h,A,77,1,"{F Um, } hobbies,  /","Um/UH ,/, hobbies/NNS ,/,",,
sw08utt/sw_0859_2534.utt,2/sw2534,2534,147,sd,A,77,2,that's about it.  /,that/DT 's/BES about/RB it/PRP ./.,,
sw08utt/sw_0859_2534.utt,2/sw2534,2534,148,sd,A,77,3,"I don't have much time for hobbies, {F uh, } between being a student and trying to run a business on the side,  /","I/PRP do/VBP n't/RB have/VB much/JJ time/NN for/IN hobbies/NNS ,/, uh/UH ,/, between/IN being/VBG a/DT student/NN and/CC trying/VBG to/TO run/VB a/DT business/NN on/IN the/DT side/NN ,/,",,
sw08utt/sw_0859_2534.utt,2/sw2534,2534,149,sv,A,77,4,you don't have a lot of time. /,you/PRP do/VBP n't/RB have/VB a/DT lot/NN of/IN time/NN ./.,,
sw08utt/sw_0859_2534.utt,2/sw2534,2534,150,aa,B,78,1,Right  /,Right/UH,,
sw08utt/sw_0859_2534.utt,2/sw2534,2534,151,sd,B,78,2,that keeps you busy. /,that/DT keeps/VBZ you/PRP busy/JJ ./.,,
sw08utt/sw_0859_2534.utt,2/sw2534,2534,152,b,A,79,1,"Yeah,  /","Yeah/UH ,/,",,
sw08utt/sw_0859_2534.utt,2/sw2534,2534,153,sd,A,79,2,{C and } raising cats. /,and/CC raising/VBG cats/NNS ./.,,
sw08utt/sw_0859_2534.utt,2/sw2534,2534,154,sd,B,80,1,<Laughter> {E I mean } that could become a hobby. /,I/PRP mean/VBP that/DT could/MD become/VB a/DT hobby/NN ./.,,
sw08utt/sw_0859_2534.utt,2/sw2534,2534,155,sd,A,81,1,"{D Well, } [ it's, + it ] started out as a hobby {D actually. } /","Well/UH ,/, it/PRP 's/BES ,/, it/PRP started/VBD out/RP as/IN a/DT hobby/NN actually/UH ./.",,
sw08utt/sw_0859_2534.utt,2/sw2534,2534,156,b,B,82,1,Uh-huh. /,Uh-huh/UH ./.,,
sw08utt/sw_0859_2534.utt,2/sw2534,2534,157,sd,A,83,1,"{F Uh, } [ it just, + it ] developed into sort of a business, {F uh, } {D you know, }  /","Uh/UH ,/, it/PRP just/RB ,/, it/PRP developed/VBD into/IN sort/NN of/IN a/DT business/NN ,/, uh/UH ,/, you/PRP know/VBP ,/,",,
sw08utt/sw_0859_2534.utt,2/sw2534,2534,158,sd,A,83,2,"we breed them and all that,  /","we/PRP breed/VBP them/PRP and/CC all/DT that/DT ,/,",,
sw08utt/sw_0859_2534.utt,2/sw2534,2534,159,sd,A,83,3,"{C but, } [ we didn't, + {D you know, } we didn't ] really start it for the money,  /","but/CC ,/, we/PRP did/VBD n't/RB ,/, you/PRP know/VBP ,/, we/PRP did/VBD n't/RB really/RB start/VB it/PRP for/IN the/DT money/NN ,/,",,
sw08utt/sw_0859_2534.utt,2/sw2534,2534,160,%,A,83,4,"it was just, - /","it/PRP was/VBD just/RB ,/,",,
sw08utt/sw_0859_2534.utt,2/sw2534,2534,161,sd,A,83,5,they were fun to have around  /,they/PRP were/VBD fun/JJ to/TO have/VB around/RB,,
sw08utt/sw_0859_2534.utt,2/sw2534,2534,162,sd,A,83,6,{C and } we figured if we're going to have them we might as well have some purebreds [ an. + ]  /,and/CC we/PRP figured/VBD if/IN we/PRP 're/VBP going/VBG to/TO have/VB them/PRP we/PRP might/MD as/RB well/RB have/VB some/DT purebreds/NNS an/DT ./.,,
sw08utt/sw_0859_2534.utt,2/sw2534,2534,163,sd,A,83,7,"{C And } now it developed in to going to cat shows and finding studs for them, and, {D you know, } all this kind of stuff. /","And/CC now/RB it/PRP developed/VBD in/IN to/IN going/VBG to/IN cat/NN shows/NNS and/CC finding/VBG studs/NNS for/IN them/PRP ,/, and/CC ,/, you/PRP know/VBP ,/, all/PDT this/DT kind/NN of/IN stuff/NN ./.",,
sw08utt/sw_0859_2534.utt,2/sw2534,2534,164,b,B,84,1,Uh-huh.  /,Uh-huh/UH ./.,,
sw08utt/sw_0859_2534.utt,2/sw2534,2534,165,qw,B,84,2,What kind of cats are they? /,What/WDT kind/NN of/IN cats/NNS are/VBP they/PRP ?/.,,
sw08utt/sw_0859_2534.utt,2/sw2534,2534,166,sd,A,85,1,"{F Uh, } I've got [ a, +  {F uh, } a ] Bombay, a Turkish Van and a Himalayan Persian. /","Uh/UH ,/, I/PRP 've/VBP got/VBN a/DT ,/, uh/UH ,/, a/DT Bombay/NNP ,/, a/DT Turkish/JJ Van/NNP and/CC a/DT Himalayan/JJ Persian/NNP ./.",,
sw08utt/sw_0859_2534.utt,2/sw2534,2534,167,ba,B,86,1,Wow. /,Wow/UH ./.,,
sw08utt/sw_0859_2534.utt,2/sw2534,2534,168,b,A,87,1,"Yeah,  /","Yeah/UH ,/,",,
sw08utt/sw_0859_2534.utt,2/sw2534,2534,169,sd,A,87,2,the  (( Himie ))  is probably the sweetest one.  /,the/DT Himie/NNP is/VBZ probably/RB the/DT sweetest/JJS one/CD ./.,,
sw08utt/sw_0859_2534.utt,2/sw2534,2534,170,sd,A,87,3,"[  She's, + she's ] just a little sweetheart. /","She/PRP 's/BES ,/, she/PRP 's/BES just/RB a/DT little/JJ sweetheart/NN ./.",,
sw08utt/sw_0859_2534.utt,2/sw2534,2534,171,x,B,88,1,<Laughter>.,,,
sw08utt/sw_0859_2534.utt,2/sw2534,2534,172,%,A,89,1,"We, {F uh, } - /","We/PRP ,/, uh/UH ,/,",,
sw08utt/sw_0859_2534.utt,2/sw2534,2534,173,sd,A,89,2,"[ the, + the ] Bombay had a litter, {F uh, } last October  /","the/DT ,/, the/DT Bombay/NNP had/VBD a/DT litter/NN ,/, uh/UH ,/, last/JJ October/NNP",,
sw08utt/sw_0859_2534.utt,2/sw2534,2534,174,%,A,89,3,"{C and } w-, - /","and/CC w-/XX ,/,",,
sw08utt/sw_0859_2534.utt,2/sw2534,2534,175,sd,A,89,4,"I just got her back from the vet this morning, getting her spayed.  /","I/PRP just/RB got/VBD her/PRP$ back/RB from/IN the/DT vet/NN this/DT morning/NN ,/, getting/VBG her/PRP$ spayed/VBN ./.",,
sw08utt/sw_0859_2534.utt,2/sw2534,2534,176,sd,A,89,5,Only going to breed them once. /,Only/RB going/VBG to/TO breed/VB them/PRP once/RB ./.,,
sw08utt/sw_0859_2534.utt,2/sw2534,2534,177,b,B,90,1,"{F Oh, } okay. /","Oh/UH ,/, okay/UH ./.",,
sw08utt/sw_0859_2534.utt,2/sw2534,2534,178,sd,A,91,1,"{C And, } {F uh, } [ she's not, + she's not ]  feeling too great today. /","And/CC ,/, uh/UH ,/, she/PRP 's/BES not/RB ,/, she/PRP 's/BES not/RB feeling/VBG too/RB great/JJ today/NN ./.",,
sw08utt/sw_0859_2534.utt,2/sw2534,2534,179,qy,B,92,1,"{F Um, } is that typical, to only breed them once? /","Um/UH ,/, is/VBZ that/DT typical/JJ ,/, to/TO only/JJ breed/VB them/PRP once/RB ?/.",,
sw08utt/sw_0859_2534.utt,2/sw2534,2534,180,nn,A,93,1,"No,  /","No/UH ,/,",,
sw08utt/sw_0859_2534.utt,2/sw2534,2534,181,sv^e,A,93,2,"{F uh, } [ m-, + most ] breeders are in it for the money,  /","uh/UH ,/, m-/XX ,/, most/RBS breeders/NNS are/VBP in/IN it/PRP for/IN the/DT money/NN ,/,",,
sw08utt/sw_0859_2534.utt,2/sw2534,2534,182,sd,A,93,3,"{C so } [ they'll bree-, + they'll breed ] them twice a year  /","so/RB they/PRP 'll/MD bree/VB ,/, they/PRP 'll/MD breed/VB them/PRP twice/RB a/DT year/NN",,
sw08utt/sw_0859_2534.utt,2/sw2534,2534,183,sv,A,93,4,"{C and } [ I, +","and/CC I/PRP ,/,",,
sw08utt/sw_0859_2534.utt,2/sw2534,2534,184,b,B,94,1,"Uh-huh,  /","Uh-huh/UH ,/,",,
sw08utt/sw_0859_2534.utt,2/sw2534,2534,185,b^r,B,94,2,uh-huh. /,uh-huh/UH ./.,,
sw08utt/sw_0859_2534.utt,2/sw2534,2534,186,+,A,95,1,"I ] just think that [ it's kind of, + I don't know, it's kind of ] cruel.  /","I/PRP just/RB think/VBP that/IN it/PRP 's/BES kind/RB of/RB ,/, I/PRP do/VBP n't/RB know/VB ,/, it/PRP 's/BES kind/RB of/RB cruel/JJ ./.",,
sw08utt/sw_0859_2534.utt,2/sw2534,2534,187,sv,A,95,2,"{D You know, } [ [ they just, + they just ] breed these, + they breed ] them before they're ready,  /","You/PRP know/VBP ,/, they/PRP just/RB ,/, they/PRP just/RB breed/VBP these/DT ,/, they/PRP breed/VBP them/PRP before/IN they/PRP 're/VBP ready/JJ ,/,",,
sw08utt/sw_0859_2534.utt,2/sw2534,2534,188,sv,A,95,3,"{F uh, } {C and, }","uh/UH ,/, and/CC ,/,",,
sw08utt/sw_0859_2534.utt,2/sw2534,2534,189,b,B,96,1,Right. /,Right/UH ./.,,
sw08utt/sw_0859_2534.utt,2/sw2534,2534,190,+,A,97,1,"[ you're never, + you're never ] rea-, - /","you/PRP 're/VBP never/RB ,/, you/PRP 're/VBP never/RB rea-/XX ,/,",,
sw08utt/sw_0859_2534.utt,2/sw2534,2534,191,sv,A,97,2,"[ {C and, } + {C and } ] [ they, + they ] do a lot of inbreeding too,  /","and/CC ,/, and/CC they/PRP ,/, they/PRP do/VBP a/DT lot/NN of/IN inbreeding/NN too/RB ,/,",,
sw08utt/sw_0859_2534.utt,2/sw2534,2534,192,sv,A,97,3,"{C and so } you end up with, {D you know, } kind of strange kittens. /","and/CC so/RB you/PRP end/VBP up/RP with/IN ,/, you/PRP know/VBP ,/, kind/RB of/RB strange/JJ kittens/NNS ./.",,
sw08utt/sw_0859_2534.utt,2/sw2534,2534,193,b,B,98,1,"Uh-huh,  /","Uh-huh/UH ,/,",,
sw08utt/sw_0859_2534.utt,2/sw2534,2534,194,b^r,B,98,2,uh-huh. /,uh-huh/UH ./.,,
sw08utt/sw_0859_2534.utt,2/sw2534,2534,195,sd,A,99,1,{C And } I just don't like that. /,And/CC I/PRP just/RB do/VBP n't/RB like/VB that/DT ./.,,
sw08utt/sw_0859_2534.utt,2/sw2534,2534,196,qy,B,100,1,"{C So } will, you, {F uh, } breed one of the litter, then next year? /","So/RB will/MD ,/, you/PRP ,/, uh/UH ,/, breed/VB one/CD of/IN the/DT litter/NN ,/, then/RB next/JJ year/NN ?/.",,
sw08utt/sw_0859_2534.utt,2/sw2534,2534,197,ng,A,101,1,"[ We're, + we ] sold all that litter, /","We/PRP 're/VBP ,/, we/PRP sold/VBD all/PDT that/DT litter/NN ,/,",,
sw08utt/sw_0859_2534.utt,2/sw2534,2534,198,b,B,102,1,Oh. /,Oh/UH ./.,,
sw08utt/sw_0859_2534.utt,2/sw2534,2534,199,%,A,103,1,"{F um, } we, - /","um/UH ,/, we/PRP ,/,",,
sw08utt/sw_0859_2534.utt,2/sw2534,2534,200,sd,A,103,2,"there's not that much call [ to, + ] for Bombays. /","there/EX 's/BES not/RB that/DT much/JJ call/NN to/IN ,/, for/IN Bombays/NNPS ./.",,
sw08utt/sw_0859_2534.utt,2/sw2534,2534,201,b,B,104,1,Uh-huh. /,Uh-huh/UH ./.,,
sw08utt/sw_0859_2534.utt,2/sw2534,2534,202,sd,A,105,1,"{F Um, } [ they're, + they're ] registered  /","Um/UH ,/, they/PRP 're/VBP ,/, they/PRP 're/VBP registered/VBN",,
sw08utt/sw_0859_2534.utt,2/sw2534,2534,203,sd,A,105,2,"{C but } [ [ they're not, + they're not, ] + {F uh, } they're not ] show cats. /","but/CC they/PRP 're/VBP not/RB ,/, they/PRP 're/VBP not/RB ,/, uh/UH ,/, they/PRP 're/VBP not/RB show/NN cats/NNS ./.",,
sw08utt/sw_0859_2534.utt,2/sw2534,2534,204,b,B,106,1,"{F Oh, } I see. /","Oh/UH ,/, I/PRP see/VBP ./.",,
sw08utt/sw_0859_2534.utt,2/sw2534,2534,205,sd,A,107,1,"{F Uh, } {C so } all you can do is sell them as pet quality. /","Uh/UH ,/, so/RB all/DT you/PRP can/MD do/VB is/VBZ sell/VB them/PRP as/IN pet/NN quality/NN ./.",,
sw08utt/sw_0859_2534.utt,2/sw2534,2534,206,b,B,108,1,Uh-huh. /,Uh-huh/UH ./.,,
sw08utt/sw_0859_2534.utt,2/sw2534,2534,207,sd,A,109,1,"{F Uh, } {C so } what you've got is a registered pet.  /","Uh/UH ,/, so/RB what/WP you/PRP 've/VBP got/VBN is/VBZ a/DT registered/VBN pet/NN ./.",,
sw08utt/sw_0859_2534.utt,2/sw2534,2534,208,sv,A,109,2,"{C And, } not too many people want Bombays.  /","And/CC ,/, not/RB too/RB many/JJ people/NNS want/VBP Bombays/NNPS ./.",,
sw08utt/sw_0859_2534.utt,2/sw2534,2534,209,sv,A,109,3,They want things like Himie Persians and Turkish Vans. /,They/PRP want/VBP things/NNS like/IN Himie/JJ Persians/NNPS and/CC Turkish/JJ Vans/NNPS ./.,,
sw08utt/sw_0859_2534.utt,2/sw2534,2534,210,b,B,110,1,Uh-huh. /,Uh-huh/UH ./.,,
sw08utt/sw_0859_2534.utt,2/sw2534,2534,211,sv,A,111,1,"Turkish Vans, if you've never seen one, {E I mean, } you wouldn't know that it was a pure bred.  /","Turkish/JJ Vans/NNPS ,/, if/IN you/PRP 've/VBP never/RB seen/VBN one/CD ,/, I/PRP mean/VBP ,/, you/PRP would/MD n't/RB know/VB that/IN it/PRP was/VBD a/DT pure/JJ bred/VBN ./.",,
sw08utt/sw_0859_2534.utt,2/sw2534,2534,212,sd,A,111,2,"It's just, {F uh, } medium size short hair cat.  /","It/PRP 's/BES just/RB ,/, uh/UH ,/, medium/JJ size/NN short/JJ hair/NN cat/NN ./.",,
sw08utt/sw_0859_2534.utt,2/sw2534,2534,213,%,A,111,3,"It's got, - /","It/PRP 's/HVS got/VBD ,/,",,
sw08utt/sw_0859_2534.utt,2/sw2534,2534,214,sd,A,111,4,"he's mostly white with, {F uh, } brown and black patches. /","he/PRP 's/BES mostly/RB white/JJ with/IN ,/, uh/UH ,/, brown/JJ and/CC black/JJ patches/NNS ./.",,
sw08utt/sw_0859_2534.utt,2/sw2534,2534,215,b,B,112,1,Oh. /,Oh/UH ./.,,
sw08utt/sw_0859_2534.utt,2/sw2534,2534,216,sd,A,113,1,{C But } they have nice personalities  /,But/CC they/PRP have/VBP nice/JJ personalities/NNS,,
sw08utt/sw_0859_2534.utt,2/sw2534,2534,217,sd,A,113,2,{C and } they're very inquisitive.  /,and/CC they/PRP 're/VBP very/RB inquisitive/JJ ./.,,
sw08utt/sw_0859_2534.utt,2/sw2534,2534,218,sd,A,113,3,"{F Um, } {D now } the Himie, we'll probably breed her a couple of times  /","Um/UH ,/, now/RB the/DT Himie/NNP ,/, we/PRP 'll/MD probably/RB breed/VB her/PRP$ a/DT couple/NN of/IN times/NNS",,
sw08utt/sw_0859_2534.utt,2/sw2534,2534,219,sd,A,113,4,"{C and } [ we'll, + we'll ] end up keeping one out of each litter and then breeding those. /","and/CC we/PRP 'll/MD ,/, we/PRP 'll/MD end/VB up/RP keeping/VBG one/CD out/IN of/IN each/DT litter/NN and/CC then/RB breeding/VBG those/DT ./.",,
sw08utt/sw_0859_2534.utt,2/sw2534,2534,220,b,B,114,1,Right. /,Right/UH ./.,,
sw08utt/sw_0859_2534.utt,2/sw2534,2534,221,sd,A,115,1,"It's just the stud fees are so much, though.  /","It/PRP 's/BES just/RB the/DT stud/NN fees/NNS are/VBP so/RB much/JJ ,/, though/RB ./.",,
sw08utt/sw_0859_2534.utt,2/sw2534,2534,222,sd,A,115,2,It'll cost about three hundred dollars for a stud for her.  /,It/PRP 'll/MD cost/VB about/RB three/CD hundred/CD dollars/NNS for/IN a/DT stud/NN for/IN her/PRP$ ./.,,
sw08utt/sw_0859_2534.utt,2/sw2534,2534,223,sd,A,115,3,"[  We, + we ] want to breed her with a champion,  /","We/PRP ,/, we/PRP want/VBP to/TO breed/VB her/PRP with/IN a/DT champion/NN ,/,",,
sw08utt/sw_0859_2534.utt,2/sw2534,2534,224,%,A,115,4,{C so. } -/,so/RB ./.,,
sw08utt/sw_0859_2534.utt,2/sw2534,2534,225,b,B,116,1,Right.  /,Right/UH ./.,,
sw08utt/sw_0859_2534.utt,2/sw2534,2534,226,qy^d,B,116,2,Now these are long haired? /,Now/UH these/DT are/VBP long/JJ haired/JJ ?/.,,
sw08utt/sw_0859_2534.utt,2/sw2534,2534,227,ny,A,117,1,"Yeah,  /","Yeah/UH ,/,",,
sw08utt/sw_0859_2534.utt,2/sw2534,2534,228,sd^e,A,117,2,"the Persian is, /","the/DT Persian/NNP is/VBZ ,/,",,
sw08utt/sw_0859_2534.utt,2/sw2534,2534,229,b,B,118,1,"Uh-huh,  /","Uh-huh/UH ,/,",,
sw08utt/sw_0859_2534.utt,2/sw2534,2534,230,b^r,B,118,2,uh-huh. /,uh-huh/UH ./.,,
sw08utt/sw_0859_2534.utt,2/sw2534,2534,231,sd,A,119,1,{C and } the other two are short hairs. /,and/CC the/DT other/JJ two/CD are/VBP short/JJ hairs/NNS ./.,,
sw08utt/sw_0859_2534.utt,2/sw2534,2534,232,b,B,120,1,Right.  /,Right/UH ./.,,
sw08utt/sw_0859_2534.utt,2/sw2534,2534,233,ba,B,120,2,"{F Uh, } that's nice. /","Uh/UH ,/, that/DT 's/BES nice/JJ ./.",,
sw08utt/sw_0859_2534.utt,2/sw2534,2534,234,b,A,121,1,"Yeah,  /","Yeah/UH ,/,",,
sw08utt/sw_0859_2534.utt,2/sw2534,2534,235,sd,A,121,2,"[ she's, + {F uh, } she's ] sweet.  /","she/PRP 's/BES ,/, uh/UH ,/, she/PRP 's/BES sweet/JJ ./.",,
sw08utt/sw_0859_2534.utt,2/sw2534,2534,236,sd,A,121,3,"Going to have some nice kittens, I hope. /","Going/VBG to/TO have/VB some/DT nice/JJ kittens/NNS ,/, I/PRP hope/VBP ./.",,
sw08utt/sw_0859_2534.utt,2/sw2534,2534,237,b,B,122,1,Uh-huh  /,Uh-huh/UH,,
sw08utt/sw_0859_2534.utt,2/sw2534.pos,2534,238,x,B,122,2,<laughter>.,./.
sw08utt/sw_0859_2534.utt,2/sw2534,2534,239,%,A,123,1,"[ She's, + {F uh, }  she's, ] - /","She/PRP 's/BES ,/, uh/UH ,/, she/PRP 's/BES ,/,",,
sw08utt/sw_0859_2534.utt,2/sw2534,2534,240,sd,A,123,2,"[ if yo-, + if you ] know what a Himalayan is, generally they look something like, {F uh, } - /","if/IN yo-/PRP ,/, if/IN you/PRP know/VBP what/WP a/DT Himalayan/JJ is/VBZ ,/, generally/RB they/PRP look/VBP something/NN like/IN ,/, uh/UH ,/,",,
sw08utt/sw_0859_2534.utt,2/sw2534,2534,241,sd,A,123,3,{D well } they come in a lot of different colors.  /,well/UH they/PRP come/VBP in/IN a/DT lot/NN of/IN different/JJ colors/NNS ./.,,
sw08utt/sw_0859_2534.utt,2/sw2534,2534,242,sv,A,123,4,People don't realize it  /,People/NNS do/VBP n't/RB realize/VB it/PRP,,
sw08utt/sw_0859_2534.utt,2/sw2534,2534,243,sv,A,123,5,"{C but } they're sort of {D like, } {F uh, } Siamese in a way.  /","but/CC they/PRP 're/VBP sort/RB of/RB like/IN ,/, uh/UH ,/, Siamese/JJ in/IN a/DT way/NN ./.",,
sw08utt/sw_0859_2534.utt,2/sw2534,2534,244,sd,A,123,6,"[  They have the, + {F uh, } they have the ] gloves on the paws  /","They/PRP have/VBP the/DT ,/, uh/UH ,/, they/PRP have/VBP the/DT gloves/NNS on/IN the/DT paws/NNS",,
sw08utt/sw_0859_2534.utt,2/sw2534,2534,245,sd,A,123,7,"{C and } [ they're, + they're ] usually two colored.  /","and/CC they/PRP 're/VBP ,/, they/PRP 're/VBP usually/RB two/CD colored/JJ ./.",,
sw08utt/sw_0859_2534.utt,2/sw2534,2534,246,%,A,123,8,"{F Uh, } {C but } this one [ is, + {F uh, } is ] - /","Uh/UH ,/, but/CC this/DT one/CD is/VBZ ,/, uh/UH ,/, is/VBZ",,
sw08utt/sw_0859_2534.utt,2/sw2534,2534,247,sd,A,123,9,"she's, [ pre-, + predominantly, ] {F uh, } black  /","she/PRP 's/BES ,/, pre-/XX ,/, predominantly/RB ,/, uh/UH ,/, black/JJ",,
sw08utt/sw_0859_2534.utt,2/sw2534,2534,248,sd,A,123,10,"{C but } she has chocolate, {F uh, } paws, chocolate stomach and silver on her hindquarters. /","but/CC she/PRP has/VBZ chocolate/NN ,/, uh/UH ,/, paws/NNS ,/, chocolate/NN stomach/NN and/CC silver/NN on/IN her/PRP$ hindquarters/NNS ./.",,
sw08utt/sw_0859_2534.utt,2/sw2534,2534,249,ba,B,124,1,Gee. /,Gee/UH ./.,,
sw08utt/sw_0859_2534.utt,2/sw2534,2534,250,b,A,125,1,"{C And } yeah,  /","And/CC yeah/UH ,/,",,
sw08utt/sw_0859_2534.utt,2/sw2534,2534,251,sd,A,125,2,"[ she's, + she's ] quite attractive looking. /","she/PRP 's/BES ,/, she/PRP 's/BES quite/RB attractive/JJ looking/VBG ./.",,
sw08utt/sw_0859_2534.utt,2/sw2534,2534,252,b,B,126,1,"Uh-huh,  /","Uh-huh/UH ,/,",,
sw08utt/sw_0859_2534.utt,2/sw2534,2534,253,b^r,B,126,2,uh-huh. /,uh-huh/UH ./.,,
sw08utt/sw_0859_2534.utt,2/sw2534,2534,254,sd,A,127,1,"[ Hope, + hope ] the stud will find her attractive. /","Hope/VB ,/, hope/VB the/DT stud/NN will/MD find/VB her/PRP$ attractive/JJ ./.",,
sw08utt/sw_0859_2534.utt,2/sw2534,2534,255,sd,B,128,1,<Laughter> {C And } that she has kittens that look like her. /,And/CC that/IN she/PRP has/VBZ kittens/NNS that/WDT look/VBP like/IN her/PRP$ ./.,,
sw08utt/sw_0859_2534.utt,2/sw2534,2534,256,sd,A,129,1,"[ {C And, } + {C and } ] that she has a whole bunch of kittens.  /","And/CC ,/, and/CC that/IN she/PRP has/VBZ a/DT whole/JJ bunch/NN of/IN kittens/NNS ./.",,
sw08utt/sw_0859_2534.utt,2/sw2534,2534,257,sd,A,129,2,"{C But } we have to be careful,  /","But/CC we/PRP have/VBP to/TO be/VB careful/JJ ,/,",,
sw08utt/sw_0859_2534.utt,2/sw2534,2534,258,sd,A,129,3,"{F uh, } {D you know, } we have to get a particular color point, {F uh, } stud.  /","uh/UH ,/, you/PRP know/VBP ,/, we/PRP have/VBP to/TO get/VB a/DT particular/JJ color/NN point/NN ,/, uh/UH ,/, stud/NN ./.",,
sw08utt/sw_0859_2534.utt,2/sw2534,2534,259,sv,A,129,4,You can't just breed them with anything.  /,You/PRP ca/MD n't/RB just/RB breed/VB them/PRP with/IN anything/NN ./.,,
sw08utt/sw_0859_2534.utt,2/sw2534,2534,260,sd,A,129,5,"[  We have to get a, + {F uh, } we have to get a ] silver point Himie,  /","We/PRP have/VBP to/TO get/VB a/DT ,/, uh/UH ,/, we/PRP have/VBP to/TO get/VB a/DT silver/JJ point/NN Himie/JJ ,/,",,
sw08utt/sw_0859_2534.utt,2/sw2534,2534,261,sd,A,129,6,{C so } that the silver will be predominate in the kittens. /,so/IN that/IN the/DT silver/NN will/MD be/VB predominate/JJ in/IN the/DT kittens/NNS ./.,,
sw08utt/sw_0859_2534.utt,2/sw2534,2534,262,b,B,130,1,I see. /,I/PRP see/VBP ./.,,
sw08utt/sw_0859_2534.utt,2/sw2534,2534,263,sd,A,131,1,"[ That's, + [ it, + ] that's ] the fun part, trying to figure out what you've got to breed them with,  /","That/DT 's/BES ,/, it/PRP ,/, that/DT 's/BES the/DT fun/NN part/NN ,/, trying/VBG to/TO figure/VB out/RP what/WP you/PRP 've/VBP got/VBN to/TO breed/VB them/PRP with/IN ,/,",,
sw08utt/sw_0859_2534.utt,2/sw2534,2534,264,sd(^q),A,131,2,"can't just go out there and say, {D okay, } you guys breed, {D you know } <laughter>. /","ca/MD n't/RB just/RB go/VB out/IN there/RB and/CC say/VB ,/, okay/UH ,/, you/PRP guys/NNS breed/VBP ,/, you/PRP know/VBP ./.",,
sw08utt/sw_0859_2534.utt,2/sw2534,2534,265,sv,B,132,1,"<Laughter>  You can't just tell them that anyway,  /","You/PRP ca/MD n't/RB just/RB tell/VB them/PRP that/DT anyway/RB ,/,",,
sw08utt/sw_0859_2534.utt,2/sw2534,2534,266,%,B,132,2,{C but } <laughter>. -/,but/CC ./.,,
sw08utt/sw_0859_2534.utt,2/sw2534,2534,267,aa,A,133,1,That's right. /,That/DT 's/BES right/JJ ./.,,
sw08utt/sw_0859_2534.utt,2/sw2534,2534,268,ba,B,134,1,{F Oh } {D dear. }  /,Oh/UH dear/UH ./.,,
sw08utt/sw_0859_2534.utt,2/sw2534,2534,269,sv,B,134,2,"{D Well } it really sounds like, {F uh, } {F uh, } a business more than a hobby. /","Well/UH it/PRP really/RB sounds/VBZ like/IN ,/, uh/UH ,/, uh/UH ,/, a/DT business/NN more/JJR than/IN a/DT hobby/NN ./.",,
sw08utt/sw_0859_2534.utt,2/sw2534,2534,270,aa,A,135,1,"{D Well } {D actually, } {E I mean, } [ it, + it ] is a business in a way,  /","Well/UH actually/UH ,/, I/PRP mean/VBP ,/, it/PRP ,/, it/PRP is/VBZ a/DT business/NN in/IN a/DT way/NN ,/,",,
sw08utt/sw_0859_2534.utt,2/sw2534,2534,271,sd,A,135,2,"{C but } [ it, + it's ]  a lot of fun as a hobby.  Especially when you go to shows and get to see all the different cats.  /","but/CC it/PRP ,/, it/PRP 's/BES a/DT lot/NN of/IN fun/NN as/IN a/DT hobby/NN ./. Especially/RB when/WRB you/PRP go/VBP to/TO shows/NNS and/CC get/VB to/TO see/VB all/PDT the/DT different/JJ cats/NNS ./.",,
sw08utt/sw_0859_2534.utt,2/sw2534,2534,272,sd,A,135,3,"[  We're, + we're ] about to get another breed,  /","We/PRP 're/VBP ,/, we/PRP 're/VBP about/IN to/TO get/VB another/DT breed/NN ,/,",,
sw08utt/sw_0859_2534.utt,2/sw2534,2534,273,sd,A,135,4,"[ we're go-, + we're going ] to buy a  (( Devon Rex )) .  /","we/PRP 're/VBP go-/XX ,/, we/PRP 're/VBP going/VBG to/TO buy/VB a/DT Devon/NNP Rex/NNP ./.",,
sw08utt/sw_0859_2534.utt,2/sw2534,2534,274,sd,A,135,5,"{C And } [ I didn't, + I don't ] like (( Devon Rexes ))  at first. /","And/CC I/PRP did/VBD n't/RB ,/, I/PRP do/VBP n't/RB like/VB Devon/NNP Rexes/NNPS at/IN first/JJ ./.",,
sw08utt/sw_0859_2534.utt,2/sw2534,2534,275,qw,B,136,1,What is it. /,What/WP is/VBZ it/PRP ./.,,
sw08utt/sw_0859_2534.utt,2/sw2534,2534,276,sd,A,137,1,"[ It's a, + {D well } {D actually } it's a ] mutant.  /","It/PRP 's/BES a/DT ,/, well/UH actually/UH it/PRP 's/BES a/DT mutant/NN ./.",,
sw08utt/sw_0859_2534.utt,2/sw2534,2534,277,sd,A,137,2,"[  It, + it ] comes from England and, {F uh, } [ fr-, + ] in the county of Devon. /","It/PRP ,/, it/PRP comes/VBZ from/IN England/NNP and/CC ,/, uh/UH ,/, fr-/XX ,/, in/IN the/DT county/NN of/IN Devon/NNP ./.",,
sw08utt/sw_0859_2534.utt,2/sw2534,2534,278,b,B,138,1,Oh. /,Oh/UH ./.,,
sw08utt/sw_0859_2534.utt,2/sw2534,2534,279,sd^r,A,139,1,{C And } it's a mutant cat.  /,And/CC it/PRP 's/BES a/DT mutant/JJ cat/NN ./.,,
sw08utt/sw_0859_2534.utt,2/sw2534,2534,280,sd,A,139,2,"{C And } [ they're, + they're ] pretty expensive,  /","And/CC they/PRP 're/VBP ,/, they/PRP 're/VBP pretty/RB expensive/JJ ,/,",,
sw08utt/sw_0859_2534.utt,2/sw2534,2534,281,sd,A,139,3,"[ we're going to, + we're going to ] shell out probably about a thousand bucks for one.  /","we/PRP 're/VBP going/VBG to/TO ,/, we/PRP 're/VBP going/VBG to/TO shell/VB out/RP probably/RB about/RB a/DT thousand/CD bucks/NNS for/IN one/CD ./.",,
sw08utt/sw_0859_2534.utt,2/sw2534,2534,282,sd,A,139,4,"{F Um, } they're very thin,  /","Um/UH ,/, they/PRP 're/VBP very/RB thin/JJ ,/,",,
sw08utt/sw_0859_2534.utt,2/sw2534,2534,283,sd,A,139,5,"[ [ they're, + they're, ] + they're ] long and lanky and skinny. /","they/PRP 're/VBP ,/, they/PRP 're/VBP ,/, they/PRP 're/VBP long/JJ and/CC lanky/JJ and/CC skinny/JJ ./.",,
sw08utt/sw_0859_2534.utt,2/sw2534,2534,284,b,B,140,1,{F Um. } /,Um/UH ./.,,
sw08utt/sw_0859_2534.utt,2/sw2534,2534,285,sd,A,141,1,{C And } they have real short hair.  /,And/CC they/PRP have/VBP real/RB short/JJ hair/NN ./.,,
sw08utt/sw_0859_2534.utt,2/sw2534,2534,286,sd,A,141,2,"It's curly, as a matter of fact. /","It/PRP 's/BES curly/JJ ,/, as/IN a/DT matter/NN of/IN fact/NN ./.",,
sw08utt/sw_0859_2534.utt,2/sw2534,2534,287,ba,B,142,1,"{F Huh, } interesting. /","Huh/UH ,/, interesting/JJ ./.",,
sw08utt/sw_0859_2534.utt,2/sw2534,2534,288,b,A,143,1,"{F Um, } yeah,  /","Um/UH ,/, yeah/UH ,/,",,
sw08utt/sw_0859_2534.utt,2/sw2534,2534,289,sd,A,143,2,"[ [ it, + it, ] + it's ] a strange looking cat.  /","it/PRP ,/, it/PRP ,/, it/PRP 's/BES a/DT strange/JJ looking/VBG cat/NN ./.",,
sw08utt/sw_0859_2534.utt,2/sw2534,2534,290,sd,A,143,3,"{F Uh, } I didn't like them at first.  /","Uh/UH ,/, I/PRP did/VBD n't/RB like/VB them/PRP at/IN first/JJ ./.",,
sw08utt/sw_0859_2534.utt,2/sw2534,2534,291,sd,A,143,4,"They've got great big ears, /","They/PRP 've/VBP got/VBN great/JJ big/JJ ears/NNS ,/,",,
