swda_filename,ptb_basename,conversation_no,transcript_index,act_tag,caller,utterance_index,subutterance_index,text,pos,trees,ptb_treenumbers
sw08utt/sw_0814_2308.utt,2/sw2308,2308,0,sd,A,1,1,"{D So, } {F um, } {D well, } I'll tell you, my situation is, {F uh, } I have an elderly grandmother that we did just recently put in a nursing home.  /","So/UH ,/, um/UH ,/, well/UH ,/, I/PRP 'll/MD tell/VB you/PRP ,/, my/PRP$ situation/NN is/VBZ ,/, uh/UH ,/, I/PRP have/VBP an/DT elderly/JJ grandmother/NN that/WDT we/PRP did/VBD just/RB recently/RB put/VB in/IN a/DT nursing/NN home/NN ./.",,
sw08utt/sw_0814_2308.utt,2/sw2308,2308,1,sd,A,1,2,"{C And, } {F um, } her son, which is my father is also elderly,  /","And/CC ,/, um/UH ,/, her/PRP$ son/NN ,/, which/WDT is/VBZ my/PRP$ father/NN is/VBZ also/RB elderly/JJ ,/,",,
sw08utt/sw_0814_2308.utt,2/sw2308,2308,2,sd,A,1,3,"{C and } this is one of the reasons why she had to go to the nursing home, is that she was literally driving him nuts in his later years.  /","and/CC this/DT is/VBZ one/CD of/IN the/DT reasons/NNS why/WRB she/PRP had/VBD to/TO go/VB to/IN the/DT nursing/NN home/NN ,/, is/VBZ that/IN she/PRP was/VBD literally/RB driving/VBG him/PRP nuts/JJ in/IN his/PRP$ later/JJ years/NNS ./.",,
sw08utt/sw_0814_2308.utt,2/sw2308,2308,3,sd,A,1,4,{D Now } my father's almost eighty.  /,Now/UH my/PRP$ father/NN 's/BES almost/RB eighty/CD ./.,,
sw08utt/sw_0814_2308.utt,2/sw2308,2308,4,sd,A,1,5,My grandmother's almost ninety-seven. /,My/PRP$ grandmother/NN 's/BES almost/RB ninety-seven/CD ./.,,
sw08utt/sw_0814_2308.utt,2/sw2308,2308,5,ba,B,2,1,Jeez. /,Jeez/UH ./.,,
sw08utt/sw_0814_2308.utt,2/sw2308,2308,6,sd,A,3,1,"{C So, } {F um, } it's strange, because [ it, + it ] [ so, + ] hit so close to home that {F um, } my father's an only child, /","So/RB ,/, um/UH ,/, it/PRP 's/BES strange/JJ ,/, because/IN it/PRP ,/, it/PRP so/RB ,/, hit/VBD so/RB close/RB to/IN home/NN that/IN um/UH ,/, my/PRP$ father/NN 's/BES an/DT only/JJ child/NN ,/,",,
sw08utt/sw_0814_2308.utt,2/sw2308,2308,7,sd,A,3,2,{C and } really me and my sister are the only ones that will deal with my grandmother.  /,and/CC really/RB me/PRP and/CC my/PRP$ sister/NN are/VBP the/DT only/JJ ones/NNS that/WDT will/MD deal/VB with/IN my/PRP$ grandmother/NN ./.,,
sw08utt/sw_0814_2308.utt,2/sw2308,2308,8,sd,A,3,3,"She had many sisters,  /","She/PRP had/VBD many/JJ sisters/NNS ,/,",,
sw08utt/sw_0814_2308.utt,2/sw2308,2308,9,sd,A,3,4,{C and } a couple of them took care of her.  /,and/CC a/DT couple/NN of/IN them/PRP took/VBD care/NN of/IN her/PRP$ ./.,,
sw08utt/sw_0814_2308.utt,2/sw2308,2308,10,sd,A,3,5,"{C And then } one, her last sister died,  /","And/CC then/RB one/CD ,/, her/PRP$ last/JJ sister/NN died/VBD ,/,",,
sw08utt/sw_0814_2308.utt,2/sw2308,2308,11,sd,A,3,6,"{C and } it was probably seven or eight months after that she had to go in a nursing home.  Because I was pretty much giving up my life, my sister was, and plus she was driving my father crazy.  /","and/CC it/PRP was/VBD probably/RB seven/CD or/CC eight/CD months/NNS after/IN that/DT she/PRP had/VBD to/TO go/VB in/IN a/DT nursing/NN home/NN ./. Because/IN I/PRP was/VBD pretty/RB much/JJ giving/VBG up/RP my/PRP$ life/NN ,/, my/PRP$ sister/NN was/VBD ,/, and/CC plus/CC she/PRP was/VBD driving/VBG my/PRP$ father/NN crazy/JJ ./.",,
sw08utt/sw_0814_2308.utt,2/sw2308,2308,12,sd,A,3,7,"She went through three [ housekeepers, + live-in housekeepers. ]  /","She/PRP went/VBD through/IN three/CD housekeepers/NNS ,/, live-in/JJ housekeepers/NNS ./.",,
sw08utt/sw_0814_2308.utt,2/sw2308,2308,13,sd,A,3,8,"{C So, } she's kind of cranky to get along with.  /","So/RB ,/, she/PRP 's/BES kind/RB of/RB cranky/JJ to/TO get/VB along/RP with/IN ./.",,
sw08utt/sw_0814_2308.utt,2/sw2308,2308,14,sd,A,3,9,"There's nothing physically wrong with her, except she's very, very old,  /","There/EX 's/BES nothing/NN physically/RB wrong/JJ with/IN her/PRP$ ,/, except/IN she/PRP 's/BES very/RB ,/, very/RB old/JJ ,/,",,
sw08utt/sw_0814_2308.utt,2/sw2308,2308,15,sd,A,3,10,"{C but } her personality [ is, + is ] very grating.  /","but/CC her/PRP$ personality/NN is/VBZ ,/, is/VBZ very/JJ grating/JJ ./.",,
sw08utt/sw_0814_2308.utt,2/sw2308,2308,16,sd,A,3,11,"<laughter> {E I mean, } I hope I don't get like that when I get old.  /","I/PRP mean/VBP ,/, I/PRP hope/VBP I/PRP do/VBP n't/RB get/VB like/IN that/DT when/WRB I/PRP get/VBP old/JJ ./.",,
sw08utt/sw_0814_2308.utt,2/sw2308,2308,17,%,A,3,12,{C So. } -/,So/RB ./.,,
sw08utt/sw_0814_2308.utt,2/sw2308,2308,18,b,B,4,1,Yeah.  /,Yeah/UH ./.,,
sw08utt/sw_0814_2308.utt,2/sw2308,2308,19,sd,B,4,2,"[ [  I'm, + I'm, ] + I ] have some great concerns about, {F uh, } my parents and my relatives reaching that age.  /","I/PRP 'm/VBP ,/, I/PRP 'm/VBP ,/, I/PRP have/VBP some/DT great/JJ concerns/NNS about/IN ,/, uh/UH ,/, my/PRP$ parents/NNS and/CC my/PRP$ relatives/NNS reaching/VBG that/DT age/NN ./.",,
sw08utt/sw_0814_2308.utt,2/sw2308,2308,20,sd,B,4,3,"{F Um, } around here, where I live in Maryland in the Washington area, [ there's, + there's, ] - /","Um/UH ,/, around/IN here/RB ,/, where/WRB I/PRP live/VBP in/IN Maryland/NNP in/IN the/DT Washington/NNP area/NN ,/, there/EX 's/BES ,/, there/EX 's/BES ,/,",,
sw08utt/sw_0814_2308.utt,2/sw2308,2308,21,sd,B,4,4,"{C and, } {F uh, } I used to live down in Dallas, there was just so many stories about, {F uh, } rest homes where the people are being abused, where the people are being kept in filthy conditions.  /","and/CC ,/, uh/UH ,/, I/PRP used/VBD to/TO live/VB down/RB in/IN Dallas/NNP ,/, there/EX was/VBD just/RB so/RB many/JJ stories/NNS about/IN ,/, uh/UH ,/, rest/NN homes/NNS where/WRB the/DT people/NNS are/VBP being/VBG abused/JJ ,/, where/WRB the/DT people/NNS are/VBP being/VBG kept/VBN in/IN filthy/JJ conditions/NNS ./.",,
sw08utt/sw_0814_2308.utt,2/sw2308,2308,22,sd,B,4,5,"In fact, here in Baltimore they've actually shut a couple of them down and taken all the people out of them because they were so, {F uh, } bug infested and  rat infested. /","In/IN fact/NN ,/, here/RB in/IN Baltimore/NNP they/PRP 've/VBP actually/RB shut/VBN a/DT couple/NN of/IN them/PRP down/RP and/CC taken/VBN all/PDT the/DT people/NNS out/IN of/IN them/PRP because/IN they/PRP were/VBD so/RB ,/, uh/UH ,/, bug/NN infested/JJ and/CC rat/NN infested/JJ ./.",,
sw08utt/sw_0814_2308.utt,2/sw2308,2308,23,%,B,4,6,"{C And, } {F uh, } I, - /","And/CC ,/, uh/UH ,/, I/PRP ,/,",,
sw08utt/sw_0814_2308.utt,2/sw2308,2308,24,sv,B,4,7,"it really concerns me, that, {F um, } first of all, that anyone could let someone live like that,  /","it/PRP really/RB concerns/VBZ me/PRP ,/, that/IN ,/, um/UH ,/, first/JJ of/IN all/DT ,/, that/DT anyone/NN could/MD let/VB someone/NN live/VB like/IN that/DT ,/,",,
sw08utt/sw_0814_2308.utt,2/sw2308,2308,25,qh,B,4,8,"{C but } if you have to, {D you know, } how do you make sure,  /","but/CC if/IN you/PRP have/VBP to/TO ,/, you/PRP know/VBP ,/, how/WRB do/VBP you/PRP make/VB sure/JJ ,/,",,
sw08utt/sw_0814_2308.utt,2/sw2308,2308,26,sv,B,4,9,"{E I mean, } I'm sure when you make your appointment and go by, everybody puts on a happy face, {F um, }  /","I/PRP mean/VBP ,/, I/PRP 'm/VBP sure/JJ when/WRB you/PRP make/VBP your/PRP$ appointment/NN and/CC go/VBP by/IN ,/, everybody/NN puts/VBZ on/IN a/DT happy/JJ face/NN ,/, um/UH ,/,",,
sw08utt/sw_0814_2308.utt,2/sw2308,2308,27,qh,B,4,10,"{D you know, } how are you sure that the home is really as good as it is, because once you put someone into there, {D you know, } they may not like the fact that they've been put in there,  /","you/PRP know/VBP ,/, how/WRB are/VBP you/PRP sure/JJ that/IN the/DT home/NN is/VBZ really/RB as/RB good/JJ as/IN it/PRP is/VBZ ,/, because/IN once/RB you/PRP put/VBP someone/NN into/IN there/RB ,/, you/PRP know/VBP ,/, they/PRP may/MD not/RB like/VB the/DT fact/NN that/IN they/PRP 've/VBP been/VBN put/VB in/IN there/RB ,/,",,
sw08utt/sw_0814_2308.utt,2/sw2308,2308,28,sv,B,4,11,"{C and } they might complain about the place all the time even though it's the best place in the whole world they could be, just because they want to make you feel guilty for putting them in there,  /","and/CC they/PRP might/MD complain/VB about/IN the/DT place/NN all/PDT the/DT time/NN even/RB though/IN it/PRP 's/BES the/DT best/JJS place/NN in/IN the/DT whole/JJ world/NN they/PRP could/MD be/VB ,/, just/RB because/IN  they/PRP want/VBP to/TO make/VB you/PRP feel/VB guilty/JJ for/IN putting/VBG them/PRP in/IN there/RB ,/,",,
sw08utt/sw_0814_2308.utt,2/sw2308,2308,29,qy,B,4,12,"{C and, } {D you know. } -/","and/CC ,/, you/PRP know/VBP ./.",,
sw08utt/sw_0814_2308.utt,2/sw2308,2308,30,b,A,5,1,"Yeah,  /","Yeah/UH ,/,",,
sw08utt/sw_0814_2308.utt,2/sw2308,2308,31,bf,A,5,2,you don't know if their complaints are legitimate. /,you/PRP do/VBP n't/RB know/VB if/IN their/PRP$ complaints/NNS are/VBP legitimate/JJ ./.,,
sw08utt/sw_0814_2308.utt,2/sw2308,2308,32,b,B,6,1,Yeah. /,Yeah/UH ./.,,
sw08utt/sw_0814_2308.utt,2/sw2308,2308,33,sd,A,7,1,"{F Um, } we don't have that problem up here.  /","Um/UH ,/, we/PRP do/VBP n't/RB have/VB that/DT problem/NN up/IN here/RB ./.",,
sw08utt/sw_0814_2308.utt,2/sw2308,2308,34,sd,A,7,2,"We might maybe in a rural, {F uh, } - /","We/PRP might/MD maybe/RB in/IN a/DT rural/JJ ,/, uh/UH ,/,",,
sw08utt/sw_0814_2308.utt,2/sw2308,2308,35,sd,A,7,3,"maybe there's [ a bad, + {F uh, } a bad ] home in a rural area,  /","maybe/RB there/EX 's/BES a/DT bad/JJ ,/, uh/UH ,/, a/DT bad/JJ home/NN in/IN a/DT rural/JJ area/NN ,/,",,
sw08utt/sw_0814_2308.utt,2/sw2308,2308,36,sd,A,7,4,{C but } it would be a very small one.  /,but/CC it/PRP would/MD be/VB a/DT very/RB small/JJ one/CD ./.,,
sw08utt/sw_0814_2308.utt,2/sw2308,2308,37,sd,A,7,5,"{F Um, } the one my grandmother's in is very, {F um, } hospital like.  /","Um/UH ,/, the/DT one/CD my/PRP$ grandmother/NN 's/BES in/IN is/VBZ very/RB ,/, um/UH ,/, hospital/NN like/IN ./.",,
sw08utt/sw_0814_2308.utt,2/sw2308,2308,38,sd,A,7,6,There were some really nice ones here.  /,There/EX were/VBD some/DT really/RB nice/JJ ones/NNS here/RB ./.,,
sw08utt/sw_0814_2308.utt,2/sw2308,2308,39,%,A,7,7,"All the, - /","All/DT the/DT ,/,",,
sw08utt/sw_0814_2308.utt,2/sw2308,2308,40,sd,A,7,8,a lot of the nursing homes around here have very good reputations.  /,a/DT lot/NN of/IN the/DT nursing/NN homes/NNS around/IN here/RB have/VBP very/RB good/JJ reputations/NNS ./.,,
sw08utt/sw_0814_2308.utt,2/sw2308,2308,41,sd,A,7,9,"{F Um, } this one is more or less for someone who's poor and can't go there,  /","Um/UH ,/, this/DT one/CD is/VBZ more/JJR or/CC less/JJR for/IN someone/NN who/WP 's/BES poor/JJ and/CC ca/MD n't/RB go/VB there/RB ,/,",,
sw08utt/sw_0814_2308.utt,2/sw2308,2308,42,sd,A,7,10,"{C and } my father's, [ is, + ] he's no by no means wealthy,  /","and/CC my/PRP$ father/NN 's/BES ,/, is/VBZ ,/, he/PRP 's/BES no/DT by/IN no/DT means/VBZ wealthy/JJ ,/,",,
sw08utt/sw_0814_2308.utt,2/sw2308,2308,43,sd,A,7,11,{C but } he's quite well off. /,but/CC he/PRP 's/BES quite/RB well/RB off/RP ./.,,
sw08utt/sw_0814_2308.utt,2/sw2308,2308,44,b,B,8,1,Uh-huh. /,Uh-huh/UH ./.,,
sw08utt/sw_0814_2308.utt,2/sw2308,2308,45,sd,A,9,1,"{C And } he could easily have put her into a nicer, {F um, } home,  /","And/CC he/PRP could/MD easily/RB have/VB put/VBN her/PRP into/IN a/DT nicer/JJR ,/, um/UH ,/, home/NN ,/,",,
sw08utt/sw_0814_2308.utt,2/sw2308,2308,46,sd,A,9,2,{C but } up here there's waiting lists.  /,but/CC up/IN here/RB there/EX 's/BES waiting/VBG lists/NNS ./.,,
sw08utt/sw_0814_2308.utt,2/sw2308,2308,47,sd,A,9,3,{C And } that was the first one that opened.  /,And/CC that/DT was/VBD the/DT first/JJ one/CD that/WDT opened/VBD ./.,,
sw08utt/sw_0814_2308.utt,2/sw2308,2308,48,sd(^q),A,9,4,"{C And } I suggested to him, Why don't you change./","And/CC I/PRP suggested/VBD to/IN him/PRP ,/, Why/WRB do/VBP n't/RB you/PRP change/VBP ./.",,
sw08utt/sw_0814_2308.utt,2/sw2308,2308,49,sd(^q),A,9,5,"{F Um, } he said, {D Well, } these people [ here are, + they are ] very nice to her.  /","Um/UH ,/, he/PRP said/VBD ,/, Well/UH ,/, these/DT people/NNS here/RB are/VBP ,/, they/PRP are/VBP very/RB nice/JJ to/IN her/PRP$ ./.",,
sw08utt/sw_0814_2308.utt,2/sw2308,2308,50,sd(^q),A,9,6,"{C And } he was saying his excuses, if you move her some place else, the people might not be so nice.  /","And/CC he/PRP was/VBD saying/VBG his/PRP$ excuses/NNS ,/, if/IN you/PRP move/VBP her/PRP$ some/DT place/NN else/RB ,/, the/DT people/NNS might/MD not/RB be/VB so/RB nice/JJ ./.",,
sw08utt/sw_0814_2308.utt,2/sw2308,2308,51,sv,A,9,7,"{C So, } [ the, + the ] professionals in the nursing homes really have to want to do what their doing, because it's a really trying job.  /","So/RB ,/, the/DT ,/, the/DT professionals/NNS in/IN the/DT nursing/NN homes/NNS really/RB have/VBP to/TO want/VB to/TO do/VB what/WP their/PRP$ doing/VBG ,/, because/IN it/PRP 's/BES a/DT really/RB trying/JJ job/NN ./.",,
sw08utt/sw_0814_2308.utt,2/sw2308,2308,52,sd,A,9,8,"{E I mean, } I go up twice a week to see my grandmother,  /","I/PRP mean/VBP ,/, I/PRP go/VBP up/RB twice/RB a/DT week/NN to/TO see/VB my/PRP$ grandmother/NN ,/,",,
sw08utt/sw_0814_2308.utt,2/sw2308,2308,53,sd,A,9,9,{C and } I know the staff very well.  /,and/CC I/PRP know/VBP the/DT staff/NN very/RB well/RB ./.,,
sw08utt/sw_0814_2308.utt,2/sw2308,2308,54,sd,A,9,10,"{C So } [ they couldn't, + they can't ] hide anything on you or anything like that. /","So/RB they/PRP could/MD n't/RB ,/, they/PRP ca/MD n't/RB hide/VB anything/NN on/IN you/PRP or/CC anything/NN like/IN that/DT ./.",,
sw08utt/sw_0814_2308.utt,2/sw2308,2308,55,b,B,10,1,Uh-huh. /,Uh-huh/UH ./.,,
sw08utt/sw_0814_2308.utt,2/sw2308,2308,56,sv,A,11,1,"{C But } I have heard of really awful conditions, especially down the southern part of the [ st-, + ] the country <clicking> which is. -/","But/CC I/PRP have/VBP heard/VBN of/IN really/RB awful/JJ conditions/NNS ,/, especially/RB down/RB the/DT southern/JJ part/NN of/IN the/DT st-/XX ,/, the/DT country/NN which/WDT is/VBZ ./.",,
sw08utt/sw_0814_2308.utt,2/sw2308,2308,57,aa,B,12,1,"Yes,  /","Yes/UH ,/,",,
sw08utt/sw_0814_2308.utt,2/sw2308,2308,58,aa,B,12,2,"{F uh, } that's true.  /","uh/UH ,/, that/DT 's/BES true/JJ ./.",,
sw08utt/sw_0814_2308.utt,2/sw2308,2308,59,sd,B,12,3,"[ My, + {F uh, } my ] grandmother's, {F um, } - /","My/PRP$ ,/, uh/UH ,/, my/PRP$ grandmother/NN 's/BES ,/, um/UH ,/,",,
sw08utt/sw_0814_2308.utt,2/sw2308,2308,60,sd,B,12,4,"last time my mother went down there to visit [ the, + the ] place where my grandmother was staying at was so overrun with roaches that, {F uh, } [ she even ha-, + ] {D you know, } they went in and  she had roaches crawling on her.  /","last/JJ time/VB my/PRP$ mother/NN went/VBD down/IN there/RB to/TO visit/VB the/DT ,/, the/DT place/NN where/WRB my/PRP$ grandmother/NN was/VBD staying/VBG at/IN was/VBD so/RB overrun/JJ with/IN roaches/NNS that/IN ,/, uh/UH ,/, she/PRP even/RB ha-/XX ,/, you/PRP know/VBP ,/, they/PRP went/VBD in/IN and/CC she/PRP had/VBD roaches/NNS crawling/VBG on/IN her/PRP$ ./.",,
sw08utt/sw_0814_2308.utt,2/sw2308,2308,61,sd,B,12,5,"There were roaches even in her alarm clock. {F Um, } /","There/EX were/VBD roaches/NNS even/RB in/IN her/PRP$ alarm/NN clock/NN ./. Um/UH ,/,",,
sw08utt/sw_0814_2308.utt,2/sw2308,2308,62,ba,A,13,1,"{F Oh, } that's terrible. /","Oh/UH ,/, that/DT 's/BES terrible/JJ ./.",,
sw08utt/sw_0814_2308.utt,2/sw2308,2308,63,aa,B,14,1,"Yes,  /","Yes/UH ,/,",,
sw08utt/sw_0814_2308.utt,2/sw2308,2308,64,sd,B,14,2,it was absolutely horrible.  /,it/PRP was/VBD absolutely/RB horrible/JJ ./.,,
sw08utt/sw_0814_2308.utt,2/sw2308,2308,65,sd,B,14,3,"They took her immediately out of there,  /","They/PRP took/VBD her/PRP$ immediately/RB out/IN of/IN there/RB ,/,",,
sw08utt/sw_0814_2308.utt,2/sw2308,2308,66,sd,B,14,4,"{C and } they just threw everything away [ that, + that ] she had from there.  /","and/CC they/PRP just/RB threw/VBD everything/NN away/RB that/WDT ,/, that/WDT she/PRP had/VBD from/IN there/RB ./.",,
sw08utt/sw_0814_2308.utt,2/sw2308,2308,67,sd,B,14,5,"{E I mean, } they wouldn't even take [ the, + {F uh, } the, {F uh, } the ] dresser that she had that was her  own dresser, because it was just, {D you know, } full of bugs. /","I/PRP mean/VBP ,/, they/PRP would/MD n't/RB even/RB take/VB the/DT ,/, uh/UH ,/, the/DT ,/, uh/UH ,/, the/DT dresser/NN that/WDT she/PRP had/VBD that/WDT was/VBD her/PRP$ own/JJ dresser/NN ,/, because/IN it/PRP was/VBD just/RB ,/, you/PRP know/VBP ,/, full/JJ of/IN bugs/NNS ./.",,
sw08utt/sw_0814_2308.utt,2/sw2308,2308,68,sd,B,14,6,"They just left everything.   And, {F uh, } bought her all brand new  stuff,  /","They/PRP just/RB left/VBD everything/NN ./. And/CC ,/, uh/UH ,/, bought/VBD her/PRP$ all/DT brand/NN new/JJ stuff/NN ,/,",,
sw08utt/sw_0814_2308.utt,2/sw2308,2308,69,sd,B,14,7,"{C and } [ they, +  they ] had called a home [ where they, + {D you know, } where they ] were on a waiting list to get into there and explained to the person that was in charge, {D you know, } what had happened, and that [ they had ta-, + they had ] to take her out of the home because of the conditions.  /","and/CC they/PRP ,/, they/PRP had/VBD called/VBN a/DT home/NN where/WRB they/PRP ,/, you/PRP know/VBP ,/, where/WRB they/PRP were/VBD on/IN a/DT waiting/VBG list/NN to/TO get/VB into/IN there/RB and/CC explained/VBD to/IN the/DT person/NN that/WDT was/VBD in/IN charge/NN ,/, you/PRP know/VBP ,/, what/WP had/VBD happened/VBN ,/, and/CC that/IN they/PRP had/VBD ta-/XX ,/, they/PRP had/VBD to/TO take/VB her/PRP out/IN of/IN the/DT home/NN because/IN of/IN the/DT conditions/NNS ./.",,
sw08utt/sw_0814_2308.utt,2/sw2308,2308,70,sd,B,14,8,"{C And } amazingly enough, the very next day they had an opening,  /","And/CC amazingly/RB enough/RB ,/, the/DT very/RB next/JJ day/NN they/PRP had/VBD an/DT opening/NN ,/,",,
sw08utt/sw_0814_2308.utt,2/sw2308,2308,71,sd,B,14,9,{C and } they put her into that opening. /,and/CC they/PRP put/VBP her/PRP into/IN that/DT opening/NN ./.,,
sw08utt/sw_0814_2308.utt,2/sw2308,2308,72,ba,A,15,1,"{D Well, } that's good.  /","Well/UH ,/, that/DT 's/BES good/JJ ./.",,
sw08utt/sw_0814_2308.utt,2/sw2308,2308,73,qy,A,15,2,"{C So } is your grandmother, {F um, } impaired?  /","So/RB is/VBZ your/PRP$ grandmother/NN ,/, um/UH ,/, impaired/JJ ?/.",,
sw08utt/sw_0814_2308.utt,2/sw2308,2308,74,qrr,A,15,3,Is she of Alzheimer's or something like that? /,Is/VBZ she/PRP of/IN Alzheimer/NNP 's/POS or/CC something/NN like/IN that/DT ?/.,,
sw08utt/sw_0814_2308.utt,2/sw2308,2308,75,h,B,16,1,"I'm not sure, {F um, } what exactly is wrong with her.  /","I/PRP 'm/VBP not/RB sure/JJ ,/, um/UH ,/, what/WP exactly/RB is/VBZ wrong/JJ with/IN her/PRP$ ./.",,
sw08utt/sw_0814_2308.utt,2/sw2308,2308,76,sd,B,16,2,"Up until nineteen eighty-two, {F uh, } - /","Up/IN until/IN nineteen/CD eighty-two/CD ,/, uh/UH ,/,",,
sw08utt/sw_0814_2308.utt,2/sw2308,2308,77,fa,B,16,3,"{D actually, } I'm sorry, not until, - /","actually/UH ,/, I/PRP 'm/VBP sorry/JJ ,/, not/RB until/IN ,/,",,
sw08utt/sw_0814_2308.utt,2/sw2308,2308,78,%,B,16,4,"yeah,  /","yeah/UH ,/,",,
sw08utt/sw_0814_2308.utt,2/sw2308,2308,79,sd,B,16,5,"I guess it was around eighty-two, eighty-three, I found out I had a grandmother. /","I/PRP guess/VBP it/PRP was/VBD around/IN eighty-two/CD ,/, eighty-three/CD ,/, I/PRP found/VBD out/RP I/PRP had/VBD a/DT grandmother/NN ./.",,
sw08utt/sw_0814_2308.utt,2/sw2308,2308,80,b,A,17,1,Oh. /,Oh/UH ./.,,
sw08utt/sw_0814_2308.utt,2/sw2308,2308,81,sd,B,18,1,"Prior to that I was told that she was dead,  /","Prior/RB to/IN that/IN I/PRP was/VBD told/VBN that/IN she/PRP was/VBD dead/JJ ,/,",,
sw08utt/sw_0814_2308.utt,2/sw2308,2308,82,sd,B,18,2,"{C and, } {F um, } apparently what had happened was that I had a grandfather who, {F um, } put her into a mental institution. /","and/CC ,/, um/UH ,/, apparently/RB what/WP had/VBD happened/VBN was/VBD that/IN I/PRP had/VBD a/DT grandfather/NN who/WP ,/, um/UH ,/, put/VB her/PRP into/IN a/DT mental/JJ institution/NN ./.",,
sw08utt/sw_0814_2308.utt,2/sw2308,2308,83,bd,A,19,1,"{F Oh, } that does happen.  /","Oh/UH ,/, that/DT does/VBZ happen/VB ./.",,
sw08utt/sw_0814_2308.utt,2/sw2308,2308,84,%,A,19,2,Yeah. /,Yeah/UH ./.,,
sw08utt/sw_0814_2308.utt,2/sw2308,2308,85,sd,B,20,1,"{C And, } {F uh, } {D you know, } it was a real hush-hush thing -- /","And/CC ,/, uh/UH ,/, you/PRP know/VBP ,/, it/PRP was/VBD a/DT real/RB hush-hush/JJ thing/NN --/:",,
sw08utt/sw_0814_2308.utt,2/sw2308,2308,86,b,A,21,1,Yeah. /,Yeah/UH ./.,,
sw08utt/sw_0814_2308.utt,2/sw2308,2308,87,sd(^q),B,22,1,"-- {C and then, } I was wondering why my mother always referred to, {D you know, } his second wife as that hussy. /","--/: and/CC then/RB ,/, I/PRP was/VBD wondering/VBG why/WRB my/PRP$ mother/NN always/RB referred/VBD to/IN ,/, you/PRP know/VBP ,/, his/PRP$ second/JJ wife/NN as/IN that/DT hussy/NN ./.",,
sw08utt/sw_0814_2308.utt,2/sw2308,2308,88,x,B,22,2,<laughter>,-/:,,
sw08utt/sw_0814_2308.utt,2/sw2308,2308,89,sd,A,23,1,"{D You know, } my neighbors across the street, their mother was sick at times,  /","You/PRP know/VBP ,/, my/PRP$ neighbors/NNS across/IN the/DT street/NN ,/, their/PRP$ mother/NN was/VBD sick/JJ at/IN times/NNS ,/,",,
sw08utt/sw_0814_2308.utt,2/sw2308,2308,90,sd,A,23,2,"{C and } [ they, + they ] couldn't handle her.  /","and/CC they/PRP ,/, they/PRP could/MD n't/RB handle/VB her/PRP$ ./.",,
sw08utt/sw_0814_2308.utt,2/sw2308,2308,91,sd,A,23,3,"{C So } they put her in a home,  /","So/RB they/PRP put/VBP her/PRP in/IN a/DT home/NN ,/,",,
sw08utt/sw_0814_2308.utt,2/sw2308,2308,92,sd(^q),A,23,4,"{C and then, } {F uh, } the old Frenchman, he'd get a little drunk look round at his kids, {F Oh, } you still need your mother.  /","and/CC then/RB ,/, uh/UH ,/, the/DT old/JJ Frenchman/NNP ,/, he/PRP 'd/MD get/VB a/DT little/JJ drunk/JJ look/VB round/IN at/IN his/PRP$ kids/NNS ,/, Oh/UH ,/, you/PRP still/RB need/VBP your/PRP$ mother/NN ./.",,
sw08utt/sw_0814_2308.utt,2/sw2308,2308,93,^q@,A,23,5,I guess I'll look after here.  / *[[here = her ]],I/PRP guess/VBP I/PRP 'll/MD look/VB after/IN here/RB ./.,,
sw08utt/sw_0814_2308.utt,2/sw2308,2308,94,sv,A,23,6,"{C And } that happens a lot when people are sick or they just real manic-depressants, they end up being put in homes, /","And/CC that/DT happens/VBZ a/DT lot/NN when/WRB people/NNS are/VBP sick/JJ or/CC they/PRP just/RB real/RB manic-depressants/NNS ,/, they/PRP end/VBP up/RP being/VBG put/VB in/IN homes/NNS ,/,",,
sw08utt/sw_0814_2308.utt,2/sw2308,2308,95,%,A,23,7,"{C and } it's like, {F oh, } {D well. } -/","and/CC it/PRP 's/BES like/IN ,/, oh/UH ,/, well/UH ./.",,
sw08utt/sw_0814_2308.utt,2/sw2308,2308,96,b,B,24,1,<Clicking>  Yeah. /,Yeah/UH ./.,,
sw08utt/sw_0814_2308.utt,2/sw2308,2308,97,%,A,25,1,"{C But } that's, - /","But/CC that/DT 's/BES ,/,",,
sw08utt/sw_0814_2308.utt,2/sw2308,2308,98,%,A,25,2,"[ it's, + it's, ] - /","it/PRP 's/BES ,/, it/PRP 's/BES ,/,",,
sw08utt/sw_0814_2308.utt,2/sw2308,2308,99,sd,A,25,3,"I'm really glad that I come from an area where, {F um, } [ that + ] there's good people in the homes.  /","I/PRP 'm/VBP really/RB glad/JJ that/IN I/PRP come/VBP from/IN an/DT area/NN where/WRB ,/, um/UH ,/, that/IN there/EX 's/BES good/JJ people/NNS in/IN the/DT homes/NNS ./.",,
sw08utt/sw_0814_2308.utt,2/sw2308,2308,100,%,A,25,4,"{C But } it's just as, - /","But/CC it/PRP 's/BES just/RB as/IN ,/,",,
sw08utt/sw_0814_2308.utt,2/sw2308,2308,101,sd,A,25,5,"it doesn't matter if it is, like you say, the best place, they still don't want to go to these homes.  /","it/PRP does/VBZ n't/RB matter/VB if/IN it/PRP is/VBZ ,/, like/IN you/PRP say/VBP ,/, the/DT best/JJS place/NN ,/, they/PRP still/RB do/VBP n't/RB want/VB to/TO go/VB to/IN these/DT homes/NNS ./.",,
sw08utt/sw_0814_2308.utt,2/sw2308,2308,102,sd,A,25,6,"{C And } my grandmother's real, there, - /","And/CC my/PRP$ grandmother/NN 's/BES real/RB ,/, there/EX ,/,",,
sw08utt/sw_0814_2308.utt,2/sw2308,2308,103,sd,A,25,7,"{E I mean, } she cries every day.  /","I/PRP mean/VBP ,/, she/PRP cries/VBZ every/DT day/NN ./.",,
sw08utt/sw_0814_2308.utt,2/sw2308,2308,104,sd,A,25,8,"This has been over a year,  /","This/DT has/VBZ been/VBN over/IN a/DT year/NN ,/,",,
sw08utt/sw_0814_2308.utt,2/sw2308,2308,105,sd,A,25,9,{C and } she tries to make me feel really guilty.  /,and/CC she/PRP tries/VBZ to/TO make/VB me/PRP feel/VB really/RB guilty/JJ ./.,,
sw08utt/sw_0814_2308.utt,2/sw2308,2308,106,sd,A,25,10,"{C But } [ I have to, + {D you know, } I have to ] put my foot down, [ where, + where ] my life begins.  /","But/CC I/PRP have/VBP to/TO ,/, you/PRP know/VBP ,/, I/PRP have/VBP to/TO put/VB my/PRP$ foot/NN down/RB ,/, where/WRB ,/, where/WRB my/PRP$ life/NN begins/VBZ ./.",,
sw08utt/sw_0814_2308.utt,2/sw2308,2308,107,sd,A,25,11,"{E I mean, } if that was my mother, I would really feel a lot more responsible.  /","I/PRP mean/VBP ,/, if/IN that/DT was/VBD my/PRP$ mother/NN ,/, I/PRP would/MD really/RB feel/VB a/DT lot/NN more/RBR responsible/JJ ./.",,
sw08utt/sw_0814_2308.utt,2/sw2308,2308,108,sd,A,25,12,I would probably take care of my mother.  /,I/PRP would/MD probably/RB take/VB care/NN of/IN my/PRP$ mother/NN ./.,,
sw08utt/sw_0814_2308.utt,2/sw2308,2308,109,sd,A,25,13,"I don't really, {F um, } - /","I/PRP do/VBP n't/RB really/RB ,/, um/UH ,/,",,
sw08utt/sw_0814_2308.utt,2/sw2308,2308,110,sd,A,25,14,"when my father, when something, - /","when/WRB my/PRP$ father/NN ,/, when/WRB something/NN ,/,",,
sw08utt/sw_0814_2308.utt,2/sw2308,2308,111,sd,A,25,15,"if anything happens to him, I don't want him put in a nursing home just for the fact I don't really want to go and visit him at a nursing home.  /","if/IN anything/NN happens/VBZ to/IN him/PRP ,/, I/PRP do/VBP n't/RB want/VB him/PRP put/VB in/IN a/DT nursing/NN home/NN just/RB for/IN the/DT fact/NN I/PRP do/VBP n't/RB really/RB want/VB to/TO go/VB and/CC visit/VB him/PRP at/IN a/DT nursing/NN home/NN ./.",,
sw08utt/sw_0814_2308.utt,2/sw2308,2308,112,sd,A,25,16,"{C And } hopefully that he can, {F uh, } get along with, {F uh, } in-house help.  /","And/CC hopefully/RB that/IN he/PRP can/MD ,/, uh/UH ,/, get/VB along/IN with/IN ,/, uh/UH ,/, in-house/JJ help/NN ./.",,
sw08utt/sw_0814_2308.utt,2/sw2308,2308,113,sd,A,25,17,"{C So, }  he's going to probably, hopefully set it up so that he will be able to pay someone to come in and stay with him probably for sixteen hours a day, because I think that's the best situation, is when [ you're, + you ] get that old and you've been independent your whole life, you don't want to go into a home, because, like I say, my father's eighty, /","So/RB ,/, he/PRP 's/BES going/VBG to/TO probably/RB ,/, hopefully/RB set/VB it/PRP up/RP so/IN that/IN he/PRP will/MD be/VB able/JJ to/TO pay/VB someone/NN to/TO come/VB in/IN and/CC stay/NN with/IN him/PRP probably/RB for/IN sixteen/CD hours/NNS a/DT day/NN ,/, because/IN I/PRP think/VBP that/DT 's/BES the/DT best/JJS situation/NN ,/, is/VBZ when/WRB you/PRP 're/VBP ,/, you/PRP get/VBP that/RB old/JJ and/CC you/PRP 've/VBP been/VBN independent/JJ your/PRP$ whole/JJ life/NN ,/, you/PRP do/VBP n't/RB want/VB to/TO go/VB into/IN a/DT home/NN ,/, because/IN ,/, like/IN I/PRP say/VBP ,/, my/PRP$ father/NN 's/BES eighty/CD ,/,",,
sw08utt/sw_0814_2308.utt,2/sw2308,2308,114,sd,A,25,18,{C and } he's really active.  /,and/CC he/PRP 's/BES really/RB active/JJ ./.,,
sw08utt/sw_0814_2308.utt,2/sw2308,2308,115,sd,A,25,19,"He still has his driver's license here,  /","He/PRP still/RB has/VBZ his/PRP$ driver/NN 's/POS license/NN here/RB ,/,",,
sw08utt/sw_0814_2308.utt,2/sw2308,2308,116,sd,A,25,20,"{E I mean, } you wouldn't believe what he does.  /","I/PRP mean/VBP ,/, you/PRP would/MD n't/RB believe/VB what/WP he/PRP does/VBZ ./.",,
sw08utt/sw_0814_2308.utt,2/sw2308,2308,117,sd,A,25,21,He actually tows cars.  /,He/PRP actually/UH tows/NNS cars/NNS ./.,,
sw08utt/sw_0814_2308.utt,2/sw2308,2308,118,x,A,25,22,<laughter>,/CC,,
sw08utt/sw_0814_2308.utt,2/sw2308,2308,119,x,B,26,1,<Laughter>,,,
sw08utt/sw_0814_2308.utt,2/sw2308,2308,120,sd,A,27,1,"{C And, } as the years go on, the tow trucks got better, more easier,  /","And/CC ,/, as/IN the/DT years/NNS go/VBP on/RB ,/, the/DT tow/NN trucks/NNS got/VBD better/JJR ,/, more/JJR easier/JJR ,/,",,
sw08utt/sw_0814_2308.utt,2/sw2308,2308,121,sd,A,27,2,{C and } he went out and bought himself a flat bed one  /,and/CC he/PRP went/VBD out/RB and/CC bought/VBD himself/PRP a/DT flat/JJ bed/NN one/CD,,
sw08utt/sw_0814_2308.utt,2/sw2308,2308,122,sd,A,27,3,{C so } he won't have to do very much work. /,so/RB he/PRP wo/MD n't/RB have/VB to/TO do/VB very/RB much/RB work/NN ./.,,
sw08utt/sw_0814_2308.utt,2/sw2308,2308,123,x,B,28,1,<Laughter>,,,
sw08utt/sw_0814_2308.utt,2/sw2308,2308,124,sd,A,29,1,"{C So } someone like that, [ they, + ] I really don't want to see them go in a home.  /","So/RB someone/NN like/IN that/DT ,/, they/PRP ,/, I/PRP really/RB do/VBP n't/RB want/VB to/TO see/VB them/PRP go/VB in/IN a/DT home/NN ./.",,
sw08utt/sw_0814_2308.utt,2/sw2308,2308,125,sd,A,29,2,"He's got two dogs that are his constant companions, /","He/PRP 's/HVS got/VBN two/CD dogs/NNS that/WDT are/VBP his/PRP$ constant/JJ companions/NNS ,/,",,
sw08utt/sw_0814_2308.utt,2/sw2308,2308,126,sd,A,29,3,{C and } he always replaces them.  /,and/CC he/PRP always/RB replaces/VBZ them/PRP ./.,,
sw08utt/sw_0814_2308.utt,2/sw2308,2308,127,sd,A,29,4,"{D You know, } [ I've had + {D like, } over the past thirty years I've had, ] {D you know, } about seven or eight different dogs all the time.  /","You/PRP know/VBP ,/, I/PRP 've/VBP had/VBN like/UH ,/, over/IN the/DT past/JJ thirty/CD years/NNS I/PRP 've/VBP had/VBN ,/, you/PRP know/VBP ,/, about/RB seven/CD or/CC eight/CD different/JJ dogs/NNS all/PDT the/DT time/NN ./.",,
sw08utt/sw_0814_2308.utt,2/sw2308,2308,128,%,A,29,5,"{C And } it's like, - /","And/CC it/PRP 's/BES like/IN ,/,",,
sw08utt/sw_0814_2308.utt,2/sw2308,2308,129,%,A,29,6,"{D you know, } it's {D oops, } - /","you/PRP know/VBP ,/, it/PRP 's/BES oops/UH ,/,",,
sw08utt/sw_0814_2308.utt,2/sw2308,2308,130,sd,A,29,7,Dad's got these two  /,Dad/NNP 's/HVS got/VBN these/DT two/CD,,
sw08utt/sw_0814_2308.utt,2/sw2308,2308,131,sd,A,29,8,{C and } the old dies  /,and/CC the/DT old/JJ dies/NNS,,
sw08utt/sw_0814_2308.utt,2/sw2308,2308,132,sd,A,29,9,"{C and } the young one goes for a while,  /","and/CC the/DT young/JJ one/CD goes/VBZ for/IN a/DT while/NN ,/,",,
sw08utt/sw_0814_2308.utt,2/sw2308,2308,133,sd,A,29,10,{C and } he gets another one.  /,and/CC he/PRP gets/VBZ another/DT one/CD ./.,,
sw08utt/sw_0814_2308.utt,2/sw2308,2308,134,sd,A,29,11,"{C So } I can't see him [ with-, + without ] his animals.  /","So/RB I/PRP ca/MD n't/RB see/VB him/PRP with-/XX ,/, without/IN his/PRP$ animals/NNS ./.",,
sw08utt/sw_0814_2308.utt,2/sw2308,2308,135,sv,A,29,12,Even though it's very expensive to stay at home --,Even/RB though/IN it/PRP 's/BES very/RB expensive/JJ to/TO stay/VB at/IN home/NN --/:,,
sw08utt/sw_0814_2308.utt,2/sw2308,2308,136,aa,B,30,1,Yes. /,Yes/UH ./.,,
sw08utt/sw_0814_2308.utt,2/sw2308,2308,137,+,A,31,1,-- mentally it's just the best thing for you. /,--/: mentally/RB it/PRP 's/BES just/RB the/DT best/JJS thing/NN for/IN you/PRP ./.,,
sw08utt/sw_0814_2308.utt,2/sw2308,2308,138,ba,B,32,1,I know. /,I/PRP know/VBP ./.,,
sw08utt/sw_0814_2308.utt,2/sw2308,2308,139,sv,A,33,1,"{E I mean, } when you get on in your years it's the only thing you really have,  /","I/PRP mean/VBP ,/, when/WRB you/PRP get/VBP on/IN in/IN your/PRP$ years/NNS it/PRP 's/BES the/DT only/JJ thing/NN you/PRP really/RB have/VBP ,/,",,
sw08utt/sw_0814_2308.utt,2/sw2308,2308,140,sd,A,33,2,"{C and } I'm thinking when I get older, [ [ I, + I, ] + I ] think if brought all my precious belongings with me, I think I could live in a home.  /","and/CC I/PRP 'm/VBP thinking/VBG when/WRB I/PRP get/VBP older/JJR ,/, I/PRP ,/, I/PRP ,/, I/PRP think/VBP if/IN brought/VBN all/DT my/PRP$ precious/JJ belongings/NNS with/IN me/PRP ,/, I/PRP think/VBP I/PRP could/MD live/VB in/IN a/DT home/NN ./.",,
sw08utt/sw_0814_2308.utt,2/sw2308,2308,141,sd,A,33,3,"I don't want to be [ a + ] selfish, {D you know, } a burden on anyone.  /","I/PRP do/VBP n't/RB want/VB to/TO be/VB a/DT selfish/JJ ,/, you/PRP know/VBP ,/, a/DT burden/NN on/IN anyone/NN ./.",,
sw08utt/sw_0814_2308.utt,2/sw2308,2308,142,sd,A,33,4,"That's what I think, because I see what my  grandmother puts me through,  /","That/DT 's/BES what/WP I/PRP think/VBP ,/, because/IN I/PRP see/VBP what/WP my/PRP$ grandmother/NN puts/VBZ me/PRP through/IN ,/,",,
sw08utt/sw_0814_2308.utt,2/sw2308,2308,143,sd,A,33,5,"{C and } I'm saying that when I get older I could probably make the best of this place, {E I mean. }  /","and/CC I/PRP 'm/VBP saying/VBG that/IN when/WRB I/PRP get/VBP older/JJR I/PRP could/MD probably/RB make/VB the/DT best/JJS of/IN this/DT place/NN ,/, I/PRP mean/VBP ./.",,
sw08utt/sw_0814_2308.utt,2/sw2308,2308,144,sd,A,33,6,"{C And } of course, it's institutional food,  /","And/CC of/IN course/NN ,/, it/PRP 's/BES institutional/JJ food/NN ,/,",,
sw08utt/sw_0814_2308.utt,2/sw2308,2308,145,sd,A,33,7,"{C and } everybody hates it,  /","and/CC everybody/NN hates/VBZ it/PRP ,/,",,
sw08utt/sw_0814_2308.utt,2/sw2308,2308,146,sv,A,33,8,{C and } it's so ironic is that they go in there and they lose weight. /,and/CC it/PRP 's/BES so/RB ironic/JJ is/VBZ that/IN they/PRP go/VBP in/IN there/RB and/CC they/PRP lose/VBP weight/NN ./.,,
sw08utt/sw_0814_2308.utt,2/sw2308,2308,147,b,B,34,1,Yeah. /,Yeah/UH ./.,,
sw08utt/sw_0814_2308.utt,2/sw2308,2308,148,sv,A,35,1,"[ It's really, + it's ] a bad thing,  /","It/PRP 's/BES really/RB ,/, it/PRP 's/BES a/DT bad/JJ thing/NN ,/,",,
sw08utt/sw_0814_2308.utt,2/sw2308,2308,149,sd^r,A,35,2,"{C but } when they go into the homes they lose weight,  and, [ lik-, + ] because of the institutional food, {D you know. }  /","but/CC when/WRB they/PRP go/VBP into/IN the/DT homes/NNS they/PRP lose/VBP weight/NN ,/, and/CC ,/, lik-/XX ,/, because/IN of/IN the/DT institutional/JJ food/NN ,/, you/PRP know/VBP ./.",,
sw08utt/sw_0814_2308.utt,2/sw2308,2308,150,sv,A,35,3,"I think it's fine,  /","I/PRP think/VBP it/PRP 's/BES fine/JJ ,/,",,
sw08utt/sw_0814_2308.utt,2/sw2308,2308,151,sd,A,35,4,"{C but, } {D you know, } my taste buds are pretty, {F uh, } flexible,  /","but/CC ,/, you/PRP know/VBP ,/, my/PRP$ taste/NN buds/NNS are/VBP pretty/RB ,/, uh/UH ,/, flexible/JJ ,/,",,
sw08utt/sw_0814_2308.utt,2/sw2308,2308,152,sd,A,35,5,"{C and } here [ they are, +  they're ] always used to these old fashioned foods.  /","and/CC here/RB they/PRP are/VBP ,/, they/PRP 're/VBP always/RB used/VBN to/IN these/DT old/GW fashioned/^JJ foods/NNS  ./.",,
sw08utt/sw_0814_2308.utt,2/sw2308,2308,153,sd,A,35,6,"They're very set in their ways and used to have what they could get at home,  /","They/PRP 're/VBP very/RB set/VBN in/IN their/PRP$ ways/NNS and/CC used/VBN to/TO have/VB what/WP they/PRP could/MD get/VB at/IN home/NN ,/,",,
sw08utt/sw_0814_2308.utt,2/sw2308,2308,154,sd,A,35,7,"{C and } now they're feeding them, {F um, } quiche and all kinds of strange food that we would eat. /","and/CC now/RB they/PRP 're/VBP feeding/VBG them/PRP ,/, um/UH ,/, quiche/NN and/CC all/DT kinds/NNS of/IN strange/JJ food/NN that/WDT we/PRP would/MD eat/VB ./.",,
sw08utt/sw_0814_2308.utt,2/sw2308,2308,155,b,B,36,1,Yeah. /,Yeah/UH ./.,,
sw08utt/sw_0814_2308.utt,2/sw2308,2308,156,%,A,37,1,"Just, - /","Just/RB ,/,",,
sw08utt/sw_0814_2308.utt,2/sw2308,2308,157,sd,A,37,2,"they don't feed them the old people food, the chicken and biscuits, and things like that.  /","they/PRP do/VBP n't/RB feed/VB them/PRP the/DT old/JJ people/NNS food/NN ,/, the/DT chicken/NN and/CC biscuits/NNS ,/, and/CC things/NNS like/IN that/DT ./.",,
sw08utt/sw_0814_2308.utt,2/sw2308,2308,158,sd,A,37,3,"[  That's, + that's ] the thing my grandmother really misses, {E I mean, } really growls about. /","That/DT 's/BES ,/, that/DT 's/BES the/DT thing/NN my/PRP$ grandmother/NN really/RB misses/VBZ ,/, I/PRP mean/VBP ,/, really/RB growls/VBZ about/IN ./.",,
sw08utt/sw_0814_2308.utt,2/sw2308,2308,159,b,B,38,1,"Yeah,  /","Yeah/UH ,/,",,
sw08utt/sw_0814_2308.utt,2/sw2308,2308,160,sd,B,38,2,"my mother has made similar statements, that she doesn't want to become a burden to the family.  /","my/PRP$ mother/NN has/VBZ made/VBN similar/JJ statements/NNS ,/, that/IN she/PRP does/VBZ n't/RB want/VB to/TO become/VB a/DT burden/NN to/IN the/DT family/NN ./.",,
sw08utt/sw_0814_2308.utt,2/sw2308,2308,161,oo(^q),B,38,3,"{D You know, } Just put me out to pasture, {C or } shoot me, or something, {D you know. }  /","You/PRP know/VBP ,/, Just/RB put/VB me/PRP out/IN to/IN pasture/NN ,/, or/CC shoot/VB me/PRP ,/, or/CC something/NN ,/, you/PRP know/VBP ./.",,
sw08utt/sw_0814_2308.utt,2/sw2308,2308,162,x,B,38,4,<laughter>,/UH,,
sw08utt/sw_0814_2308.utt,2/sw2308,2308,163,x,A,39,1,<Laughter>,,,
sw08utt/sw_0814_2308.utt,2/sw2308,2308,164,sd,B,40,1,((   ))  are the lines that come from her.  /,MUMBLEx/XX are/VBP the/DT lines/NNS that/WDT come/VBP from/IN her/PRP$ ./.,,
sw08utt/sw_0814_2308.utt,2/sw2308,2308,165,sd,B,40,2,"[ {C And, } + {F uh } --","And/CC ,/, uh/UH --/:",,
sw08utt/sw_0814_2308.utt,2/sw2308,2308,166,b,A,41,1,Oh. /,Oh/UH ./.,,
sw08utt/sw_0814_2308.utt,2/sw2308,2308,167,+,B,42,1,"-- {C and } ] I tell her, {D you know, } No problem, Mom, always got a place for you.  /","--/: and/CC I/PRP tell/VBP her/PRP$ ,/, you/PRP know/VBP ,/, No/DT problem/NN ,/, Mom/NNP ,/, always/RB got/VBD a/DT place/NN for/IN you/PRP ./.",,
sw08utt/sw_0814_2308.utt,2/sw2308,2308,168,o@,B,42,2,"{C But, } {F uh, }","But/CC ,/, uh/UH ,/,",,
sw08utt/sw_0814_2308.utt,2/sw2308,2308,169,b,A,43,1,"Yeah,  /","Yeah/UH ,/,",,
sw08utt/sw_0814_2308.utt,2/sw2308,2308,170,sv,A,43,2,"I know, [ [ if, + if, ] + if ] people would think ahead of time and do things like that, like build the in-law apartment --","I/PRP know/VBP ,/, if/IN ,/, if/IN ,/, if/IN people/NNS would/MD think/VB ahead/RB of/IN time/NN and/CC do/VBP things/NNS like/IN that/DT ,/, like/IN build/VB the/DT in-law/NN apartment/NN --/:",,
sw08utt/sw_0814_2308.utt,2/sw2308,2308,171,+@,B,44,1,Uh-huh. /,Uh-huh/UH ./.,,
sw08utt/sw_0814_2308.utt,2/sw2308,2308,172,+,A,45,1,"-- and have it on, {D you know, } one floor and really easy access.  /","--/: and/CC have/VBP it/PRP on/IN ,/, you/PRP know/VBP ,/, one/CD floor/NN and/CC really/RB easy/JJ access/NN ./.",,
sw08utt/sw_0814_2308.utt,2/sw2308,2308,173,sd,A,45,2,"{D Well, } that's what I'm telling my father now.  /","Well/UH ,/, that/DT 's/BES what/WP I/PRP 'm/VBP telling/VBG my/PRP$ father/NN now/RB ./.",,
sw08utt/sw_0814_2308.utt,2/sw2308,2308,174,sd,A,45,3,"He needs a new floor in his bathroom,  /","He/PRP needs/VBZ a/DT new/JJ floor/NN in/IN his/PRP$ bathroom/NN ,/,",,
sw08utt/sw_0814_2308.utt,2/sw2308,2308,175,o@,A,45,4,"{C and } I says, Now is the time.  Redo your whole bathroom  /","and/CC I/PRP says/VBZ ,/, Now/UH is/VBZ the/DT time/NN ./. Redo/NNP your/PRP$ whole/JJ bathroom/NN",,
sw08utt/sw_0814_2308.utt,2/sw2308,2308,176,sd,A,45,5,{C so } you can get in and  out ... -/,so/RB you/PRP can/MD get/VB in/IN and/CC out/IN .../:,,
