swda_filename,ptb_basename,conversation_no,transcript_index,act_tag,caller,utterance_index,subutterance_index,text,pos,trees,ptb_treenumbers
sw08utt/sw_0886_3760.utt,3/sw3760,3760,0,sd^t,A,1,1,"Okay, {F uh, } I guess, we are just supposed to talk about things we do in our spare time. /","Okay/UH ,/, uh/UH ,/, I/PRP guess/VBP ,/, we/PRP are/VBP just/RB supposed/VBN to/TO talk/VB about/IN things/NNS we/PRP do/VBP in/IN our/PRP$ spare/JJ time/NN ./.",,
sw08utt/sw_0886_3760.utt,3/sw3760,3760,1,b,B,2,1,Uh-huh. /,Uh-huh/UH ./.,,
sw08utt/sw_0886_3760.utt,3/sw3760,3760,2,sd,A,3,1,"{F Uh, } I basically read books. /","Uh/UH ,/, I/PRP basically/RB read/VBP books/NNS ./.",,
sw08utt/sw_0886_3760.utt,3/sw3760,3760,3,b,B,4,1,Uh-huh. /,Uh-huh/UH ./.,,
sw08utt/sw_0886_3760.utt,3/sw3760,3760,4,%,A,5,1,"It is, - /","It/PRP is/VBZ ,/,",,
sw08utt/sw_0886_3760.utt,3/sw3760,3760,5,sd,A,5,2,I do. - /,I/PRP do/VBP ./.,,
sw08utt/sw_0886_3760.utt,3/sw3760,3760,6,sd,A,5,3,"Sometimes, when everybody's gone to bed, my kids are in bed and my husband in bed,  /","Sometimes/RB ,/, when/WRB everybody/NN 's/HVS gone/VBN to/IN bed/NN ,/, my/PRP$ kids/NNS are/VBP in/IN bed/NN and/CC my/PRP$ husband/NN in/IN bed/NN ,/,",,
sw08utt/sw_0886_3760.utt,3/sw3760,3760,7,sd,A,5,4,"{C so } I will just stay up and finish a book that I am, - /","so/RB I/PRP will/MD just/RB stay/VB up/RP and/CC finish/VB a/DT book/NN that/WDT I/PRP am/VBP ,/,",,
sw08utt/sw_0886_3760.utt,3/sw3760,3760,8,sd,A,5,5,I have about three books that I am going on.  /,I/PRP have/VBP about/RB three/CD books/NNS that/WDT I/PRP am/VBP going/VBG on/RP ./.,,
sw08utt/sw_0886_3760.utt,3/sw3760,3760,9,sd,A,5,6,"{C And } I will work on one for a little  bit, {D you know, }  and then the next one.  /","And/CC I/PRP will/MD work/VB on/IN one/CD for/IN a/DT little/JJ bit/NN ,/, you/PRP know/VBP ,/, and/CC then/RB the/DT next/JJ one/CD ./.",,
sw08utt/sw_0886_3760.utt,3/sw3760,3760,10,%,A,5,7,"{C But } that's just kind of, -/","But/CC that/DT 's/BES just/RB kind/RB of/RB ,/,",,
sw08utt/sw_0886_3760.utt,3/sw3760,3760,11,sv,B,6,1,"{D Well, } that is pretty impressive to have three books going. /","Well/UH ,/, that/DT is/VBZ pretty/RB impressive/JJ to/TO have/VB three/CD books/NNS going/VBG ./.",,
sw08utt/sw_0886_3760.utt,3/sw3760,3760,12,bd,A,7,1,"<Laughter> Not always,  /","Not/RB always/RB ,/,",,
sw08utt/sw_0886_3760.utt,3/sw3760,3760,13,bd,A,7,2,just sometimes. /,just/RB sometimes/RB ./.,,
sw08utt/sw_0886_3760.utt,3/sw3760,3760,14,b,B,8,1,"{F Oh, } yeah.  /","Oh/UH ,/, yeah/UH ./.",,
sw08utt/sw_0886_3760.utt,3/sw3760,3760,15,qw,B,8,2,{C And } what what kind of books do you read? /,And/CC what/WDT what/WDT kind/NN of/IN books/NNS do/VBP you/PRP read/VB ?/.,,
sw08utt/sw_0886_3760.utt,3/sw3760,3760,16,sd,A,9,1,"{F Uh, } just really different ones.  /","Uh/UH ,/, just/RB really/RB different/JJ ones/NNS ./.",,
sw08utt/sw_0886_3760.utt,3/sw3760,3760,17,sd,A,9,2,"{F Uh, } I have one that I was reading on, {F uh, } raising your children and then another one on [ a, + an ] autobiography, and another one on, {F uh, } {F uh, } {F uh, } like a crime story <children>. /","Uh/UH ,/, I/PRP have/VBP one/CD that/WDT I/PRP was/VBD reading/VBG on/IN ,/, uh/UH ,/, raising/VBG your/PRP$ children/NNS and/CC then/RB another/DT one/CD on/IN a/DT ,/, an/DT autobiography/NN ,/, and/CC another/DT one/CD on/IN ,/, uh/UH ,/, uh/UH ,/, uh/UH ,/, like/IN a/DT crime/NN story/NN ./.",,
sw08utt/sw_0886_3760.utt,3/sw3760,3760,18,b,B,10,1,{F Oh } yeah  /,Oh/UH yeah/UH,,
sw08utt/sw_0886_3760.utt,3/sw3760.pos,3760,19,x,B,10,2,<children>.,./.
sw08utt/sw_0886_3760.utt,3/sw3760,3760,20,sd,A,11,1,A true crime story. /,A/DT true/JJ crime/NN story/NN ./.,,
sw08utt/sw_0886_3760.utt,3/sw3760,3760,21,qy,B,12,1,"{F Oh, } do you like those detective stories?  /","Oh/UH ,/, do/VBP you/PRP like/VB those/DT detective/NN stories/NNS ?/.",,
sw08utt/sw_0886_3760.utt,3/sw3760.pos,3760,22,x,B,12,2,<children>.,./.
sw08utt/sw_0886_3760.utt,3/sw3760,3760,23,ny,A,13,1,Yeah.  /,Yeah/UH ./.,,
sw08utt/sw_0886_3760.utt,3/sw3760,3760,24,%,A,13,2,"{C But } this, - /","But/CC this/DT ,/,",,
sw08utt/sw_0886_3760.utt,3/sw3760,3760,25,sd^e,A,13,3,it was a true one.  /,it/PRP was/VBD a/DT true/JJ one/CD ./.,,
sw08utt/sw_0886_3760.utt,3/sw3760,3760,26,sd,A,13,4,It was just a little different though.  /,It/PRP was/VBD just/RB a/DT little/JJ different/JJ though/RB ./.,,
sw08utt/sw_0886_3760.utt,3/sw3760,3760,27,sd,A,13,5,<children> Reading that one last night. /,Reading/VBG that/DT one/CD last/JJ night/NN ./.,,
sw08utt/sw_0886_3760.utt,3/sw3760,3760,28,ba,B,14,1,"{F Oh, } {D well } that is interesting.  /","Oh/UH ,/, well/UH that/DT is/VBZ interesting/JJ ./.",,
sw08utt/sw_0886_3760.utt,3/sw3760,3760,29,sd,B,14,2,"{D Actually, } I like to read also,  /","Actually/UH ,/, I/PRP like/VBP to/TO read/VB also/RB ,/,",,
sw08utt/sw_0886_3760.utt,3/sw3760,3760,30,sd,B,14,3,"{C but, } {F uh, } usually fall into one or two categories, {C either } true science fiction {C or } fantasy on the one hand {C or } highly technical. /","but/CC ,/, uh/UH ,/, usually/RB fall/VBP into/IN one/CD or/CC two/CD categories/NNS ,/, either/DT true/JJ science/NN fiction/NN or/CC fantasy/NN on/IN the/DT one/CD hand/NN or/CC highly/RB technical/JJ ./.",,
sw08utt/sw_0886_3760.utt,3/sw3760,3760,31,b,A,15,1,"Yeah,  /","Yeah/UH ,/,",,
sw08utt/sw_0886_3760.utt,3/sw3760,3760,32,sd,A,15,2,like my husband. /,like/IN my/PRP$ husband/NN ./.,,
sw08utt/sw_0886_3760.utt,3/sw3760,3760,33,b,B,16,1,Yeah  /,Yeah/UH,,
sw08utt/sw_0886_3760.utt,3/sw3760.pos,3760,34,x,B,16,2,<children>.,./.
sw08utt/sw_0886_3760.utt,3/sw3760,3760,35,b,A,17,1,Yeah  /,Yeah/UH,,
sw08utt/sw_0886_3760.utt,3/sw3760.pos,3760,36,x,A,17,2,<children>.,./.
sw08utt/sw_0886_3760.utt,3/sw3760,3760,37,b,B,18,1,"Yeah,  /","Yeah/UH ,/,",,
sw08utt/sw_0886_3760.utt,3/sw3760,3760,38,sd,B,18,2,kind of one or the other.  /,kind/RB of/RB one/CD or/CC the/DT other/NN ./.,,
sw08utt/sw_0886_3760.utt,3/sw3760,3760,39,o@,B,18,3,"{F Uh, }","Uh/UH ,/,",,
sw08utt/sw_0886_3760.utt,3/sw3760,3760,40,qy^d,A,19,1,"You must, {F uh, } work for T I? /","You/PRP must/MD ,/, uh/UH ,/, work/VB for/IN T/NNP I/NNP ?/.",,
sw08utt/sw_0886_3760.utt,3/sw3760,3760,41,+@,B,20,1,I do.  /,I/PRP do/VBP ./.,,
sw08utt/sw_0886_3760.utt,3/sw3760,3760,42,ny,B,20,2,Yes. /,Yes/UH ./.,,
sw08utt/sw_0886_3760.utt,3/sw3760,3760,43,b,A,21,1,"Yeah,  /","Yeah/UH ,/,",,
sw08utt/sw_0886_3760.utt,3/sw3760,3760,44,sd,A,21,2,my husband does too. /,my/PRP$ husband/NN does/VBZ too/RB ./.,,
sw08utt/sw_0886_3760.utt,3/sw3760,3760,45,b,B,22,1,"Yeah,  /","Yeah/UH ,/,",,
sw08utt/sw_0886_3760.utt,3/sw3760,3760,46,sd,B,22,2,{C and } I am a computer scientist. /,and/CC I/PRP am/VBP a/DT computer/NN scientist/NN ./.,,
sw08utt/sw_0886_3760.utt,3/sw3760,3760,47,b,A,23,1,Yeah. /,Yeah/UH ./.,,
sw08utt/sw_0886_3760.utt,3/sw3760,3760,48,sd,B,24,1,"{C But, } I have a lot of other hobbies. /","But/CC ,/, I/PRP have/VBP a/DT lot/NN of/IN other/JJ hobbies/NNS ./.",,
sw08utt/sw_0886_3760.utt,3/sw3760,3760,49,b,A,25,1,"Uh-huh,  /","Uh-huh/UH ,/,",,
sw08utt/sw_0886_3760.utt,3/sw3760,3760,50,b,A,25,2,really. /,really/UH ./.,,
sw08utt/sw_0886_3760.utt,3/sw3760,3760,51,b,B,26,1,"{D Well, } yeah,  /","Well/UH ,/, yeah/UH ,/,",,
sw08utt/sw_0886_3760.utt,3/sw3760,3760,52,sd,B,26,2,"I am kind of, {F uh, } I guess what you would call [ it, + ] a project person. /","I/PRP am/VBP kind/RB of/RB ,/, uh/UH ,/, I/PRP guess/VBP what/WP you/PRP would/MD call/VB it/PRP ,/, a/DT project/NN person/NN ./.",,
sw08utt/sw_0886_3760.utt,3/sw3760,3760,53,b,A,27,1,"{F Oh, } really. /","Oh/UH ,/, really/UH ./.",,
sw08utt/sw_0886_3760.utt,3/sw3760,3760,54,b,B,28,1,"Yeah,  /","Yeah/UH ,/,",,
sw08utt/sw_0886_3760.utt,3/sw3760,3760,55,sd,B,28,2,"{C and } I love, - /","and/CC I/PRP love/VBP ,/,",,
sw08utt/sw_0886_3760.utt,3/sw3760,3760,56,sd,B,28,3,{D like } I have a shop  /,like/IN I/PRP have/VBP a/DT shop/NN,,
sw08utt/sw_0886_3760.utt,3/sw3760,3760,57,sd,B,28,4,"{C and } when things break around the house, I always try to fix them myself  /","and/CC when/WRB things/NNS break/VBP around/IN the/DT house/NN ,/, I/PRP always/RB try/VBP to/TO fix/VB them/PRP myself/PRP",,
sw08utt/sw_0886_3760.utt,3/sw3760,3760,58,%,B,28,5,"{C and so, } hobby, - /","and/CC so/RB ,/, hobby/NN ,/,",,
sw08utt/sw_0886_3760.utt,3/sw3760,3760,59,sd,B,28,6,"[ it's, + it's ] funny, {F uh, }  /","it/PRP 's/BES ,/, it/PRP 's/BES funny/JJ ,/, uh/UH ,/,",,
sw08utt/sw_0886_3760.utt,3/sw3760,3760,60,sd,B,28,7,"from the one stand point, it is work.  /","from/IN the/DT  one/CD stand/NN point/NN ,/, it/PRP is/VBZ work/NN ./.",,
sw08utt/sw_0886_3760.utt,3/sw3760,3760,61,sd,B,28,8,"{C But } it is a hobby too, that I enjoy --","But/CC it/PRP is/VBZ a/DT hobby/NN too/RB ,/, that/WDT I/PRP enjoy/VBP --/:",,
sw08utt/sw_0886_3760.utt,3/sw3760,3760,62,b,A,29,1,Yeah. /,Yeah/UH ./.,,
sw08utt/sw_0886_3760.utt,3/sw3760,3760,63,+,B,30,1,-- to do.  /,--/: to/TO do/VB ./.,,
sw08utt/sw_0886_3760.utt,3/sw3760,3760,64,sd,B,30,2,"# To find broken, # -/","To/TO find/VB broken/JJ ,/,",,
sw08utt/sw_0886_3760.utt,3/sw3760,3760,65,b,A,31,1,"# Yeah,  /","Yeah/UH ,/,",,
sw08utt/sw_0886_3760.utt,3/sw3760,3760,66,b^r,A,31,2,yeah.  /,yeah/UH ./.,,
sw08utt/sw_0886_3760.utt,3/sw3760,3760,67,qw,A,31,3,#  What kinds of things do you fix? /,What/WDT kinds/NNS of/IN things/NNS do/VBP you/PRP fix/VB ?/.,,
sw08utt/sw_0886_3760.utt,3/sw3760,3760,68,sd,B,32,1,"{D Well, } essentially anything you find in a house.  {F Uh, } a stove, or oven or a broken piece of porcelain or, {F uh, } chipped tile on the floor.  {E I mean } just anything. /","Well/UH ,/, essentially/RB anything/NN you/PRP find/VBP in/IN a/DT house/NN ./. Uh/UH ,/, a/DT stove/NN ,/, or/CC oven/NN or/CC a/DT broken/JJ piece/NN of/IN porcelain/NN or/CC ,/, uh/UH ,/, chipped/JJ tile/NN on/IN the/DT floor/NN ./. I/PRP mean/VBP just/RB anything/NN ./.",,
sw08utt/sw_0886_3760.utt,3/sw3760,3760,69,b,A,33,1,Oh.  /,Oh/UH ./.,,
sw08utt/sw_0886_3760.utt,3/sw3760,3760,70,qy,A,33,2,{C And } you have a shop? /,And/CC you/PRP have/VBP a/DT shop/NN ?/.,,
sw08utt/sw_0886_3760.utt,3/sw3760,3760,71,na,B,34,1,"{D Well } [ it, + it ] is not anything elaborate.  /","Well/UH it/PRP ,/, it/PRP is/VBZ not/RB anything/NN elaborate/JJ ./.",,
sw08utt/sw_0886_3760.utt,3/sw3760,3760,72,sd,B,34,2,It is just a work bench and a gazillion tools. /,It/PRP is/VBZ just/RB a/DT work/NN bench/NN and/CC a/DT gazillion/JJ tools/NNS ./.,,
sw08utt/sw_0886_3760.utt,3/sw3760,3760,73,b,A,35,1,Yeah. /,Yeah/UH ./.,,
sw08utt/sw_0886_3760.utt,3/sw3760,3760,74,sd,B,36,1,"{C But, } enough that, again for anything in the house I could # probably, # -/","But/CC ,/, enough/RB that/IN ,/, again/RB for/IN anything/NN in/IN the/DT house/NN I/PRP could/MD probably/RB ,/,",,
sw08utt/sw_0886_3760.utt,3/sw3760,3760,75,b,A,37,1,"# Yeah,  /","Yeah/UH ,/,",,
sw08utt/sw_0886_3760.utt,3/sw3760,3760,76,^2,A,37,2,#  you can fix just about everything and anything. /,you/PRP can/MD fix/VB just/RB about/RB everything/NN and/CC anything/NN ./.,,
sw08utt/sw_0886_3760.utt,3/sw3760,3760,77,aa,B,38,1,Right. /,Right/UH ./.,,
sw08utt/sw_0886_3760.utt,3/sw3760,3760,78,ba,A,39,1,"{D Well, } that is great. /","Well/UH ,/, that/DT is/VBZ great/JJ ./.",,
sw08utt/sw_0886_3760.utt,3/sw3760,3760,79,%,B,40,1,"{C And } in the car, - /","And/CC in/IN the/DT car/NN ,/,",,
sw08utt/sw_0886_3760.utt,3/sw3760,3760,80,sd,B,40,2,I guess the car too. /,I/PRP guess/VBP the/DT car/NN too/RB ./.,,
sw08utt/sw_0886_3760.utt,3/sw3760,3760,81,b,A,41,1,Yeah. /,Yeah/UH ./.,,
sw08utt/sw_0886_3760.utt,3/sw3760,3760,82,sv,B,42,1,"{C And so, } {F uh, } I think I probably would consider that a hobby.  /","And/CC so/RB ,/, uh/UH ,/, I/PRP think/VBP I/PRP probably/RB would/MD consider/VB that/DT a/DT hobby/NN ./.",,
sw08utt/sw_0886_3760.utt,3/sw3760,3760,83,sd,B,42,2,"Although, sometimes it gets to be excessive. /","Although/IN ,/, sometimes/RB it/PRP gets/VBZ to/TO be/VB excessive/JJ ./.",,
sw08utt/sw_0886_3760.utt,3/sw3760,3760,84,b,A,43,1,Yeah.  /,Yeah/UH ./.,,
sw08utt/sw_0886_3760.utt,3/sw3760,3760,85,sd,A,43,2,That is pretty much like my husband.  /,That/DT is/VBZ pretty/RB much/JJ like/IN my/PRP$ husband/NN ./.,,
sw08utt/sw_0886_3760.utt,3/sw3760,3760,86,sd,A,43,3,"[  He is, + he is ] pretty, {F uh, } mobile in that area too.  /","He/PRP is/VBZ ,/, he/PRP is/VBZ pretty/RB ,/, uh/UH ,/, mobile/JJ in/IN that/DT area/NN too/RB ./.",,
sw08utt/sw_0886_3760.utt,3/sw3760,3760,87,sd,A,43,4,"[  He, + he ] works on the cars.  /","He/PRP ,/, he/PRP works/VBZ on/IN the/DT cars/NNS ./.",,
sw08utt/sw_0886_3760.utt,3/sw3760,3760,88,sd,A,43,5,He rarely takes them in -- /,He/PRP rarely/RB takes/VBZ them/PRP in/RB --/:,,
sw08utt/sw_0886_3760.utt,3/sw3760,3760,89,b,B,44,1,Yeah  /,Yeah/UH,,
sw08utt/sw_0886_3760.utt,3/sw3760,3760,90,%,B,44,2,"I, -/","I/PRP ,/,",,
sw08utt/sw_0886_3760.utt,3/sw3760,3760,91,sd,A,45,1,"-- {C and, } {F uh, } he works on irons, and all T V -s and stuff too.  /","--/: and/CC ,/, uh/UH ,/, he/PRP works/VBZ on/IN irons/NNS ,/, and/CC all/DT T/NN V/NN -s/NNS and/CC stuff/NN too/RB ./.",,
sw08utt/sw_0886_3760.utt,3/sw3760,3760,92,sd,A,45,2,We rarely have to take those things in too. /,We/PRP rarely/RB have/VBP to/TO take/VB those/DT things/NNS in/IN too/RB ./.,,
sw08utt/sw_0886_3760.utt,3/sw3760,3760,93,b,B,46,1,Right.  /,Right/UH ./.,,
sw08utt/sw_0886_3760.utt,3/sw3760,3760,94,b,B,46,2,"Yeah,  /","Yeah/UH ,/,",,
sw08utt/sw_0886_3760.utt,3/sw3760,3760,95,%,B,46,3,"I think [ it, + it, ] - /","I/PRP think/VBP it/PRP ,/, it/PRP ,/,",,
sw08utt/sw_0886_3760.utt,3/sw3760,3760,96,sv,B,46,4,"not only can it be fun,  /","not/RB only/RB can/MD it/PRP be/VB fun/JJ ,/,",,
sw08utt/sw_0886_3760.utt,3/sw3760,3760,97,sv,B,46,5,{C but } it can certainly help your finances. /,but/CC it/PRP can/MD certainly/RB help/VB your/PRP$ finances/NNS ./.,,
sw08utt/sw_0886_3760.utt,3/sw3760,3760,98,aa,A,47,1,"{F Oh, } yeah.  /","Oh/UH ,/, yeah/UH ./.",,
sw08utt/sw_0886_3760.utt,3/sw3760,3760,99,aa,A,47,2,"Yeah,  /","Yeah/UH ,/,",,
sw08utt/sw_0886_3760.utt,3/sw3760,3760,100,aa,A,47,3,definitely. /,definitely/UH ./.,,
sw08utt/sw_0886_3760.utt,3/sw3760,3760,101,qr,B,48,1,"{C So, } do you have any [ art, + ] {F uh, } {A how do I say it, } creative or artistic # hobbies? # /","So/RB ,/, do/VBP you/PRP have/VB any/DT art/NN ,/, uh/UH ,/, how/WRB do/VBP I/PRP say/VB it/PRP ,/, creative/JJ or/CC artistic/JJ hobbies/NNS ?/.",,
sw08utt/sw_0886_3760.utt,3/sw3760,3760,102,ng,A,49,1,# {F Uh. } # Not really.  /,Uh/UH ./. Not/RB really/RB ./.,,
sw08utt/sw_0886_3760.utt,3/sw3760,3760,103,sd,A,49,2,"{E I mean } during Christmas I work on, {D you know, } like, {F uh, } holiday sweat shirts and those kinds of things. /","I/PRP mean/VBP during/IN Christmas/NNP I/PRP work/VBP on/IN ,/, you/PRP know/VBP ,/, like/IN ,/, uh/UH ,/, holiday/NN sweat/NN shirts/NNS and/CC those/DT kinds/NNS of/IN things/NNS ./.",,
sw08utt/sw_0886_3760.utt,3/sw3760,3760,104,b,B,50,1,"{F Oh } yeah,  /","Oh/UH yeah/UH ,/,",,
sw08utt/sw_0886_3760.utt,3/sw3760,3760,105,ba,B,50,2,{D well that's } good. /,well/UH that/DT 's/BES good/JJ ./.,,
sw08utt/sw_0886_3760.utt,3/sw3760,3760,106,bd,A,51,1,"[ {C But, } + {C but, } ] {F uh, } not really <laughter>. /","But/CC ,/, but/CC ,/, uh/UH ,/, not/RB really/RB ./.",,
sw08utt/sw_0886_3760.utt,3/sw3760,3760,107,b,B,52,1,Yeah.  /,Yeah/UH ./.,,
sw08utt/sw_0886_3760.utt,3/sw3760,3760,108,sd,B,52,2,"{D Well, } I don't necessarily either.  /","Well/UH ,/, I/PRP do/VBP n't/RB necessarily/RB either/RB ./.",,
sw08utt/sw_0886_3760.utt,3/sw3760,3760,109,sd,B,52,3,I can plink out a song or two on a piano -- /,I/PRP can/MD plink/VB out/RP a/DT song/NN or/CC two/CD on/IN a/DT piano/NN --/:,,
sw08utt/sw_0886_3760.utt,3/sw3760,3760,110,b,A,53,1,Oh. /,Oh/UH ./.,,
sw08utt/sw_0886_3760.utt,3/sw3760,3760,111,%,B,54,1,"-- {C and } I can, {F uh, } - /","--/: and/CC I/PRP can/MD ,/, uh/UH ,/,",,
sw08utt/sw_0886_3760.utt,3/sw3760,3760,112,sd,B,54,2,"I don't necessarily draw or do any of that kind of art,  /","I/PRP do/VBP n't/RB necessarily/RB draw/VB or/CC do/VB any/DT of/IN that/DT kind/NN of/IN art/NN ,/,",,
sw08utt/sw_0886_3760.utt,3/sw3760,3760,113,sv,B,54,3,I guess --,I/PRP guess/VBP --/:,,
sw08utt/sw_0886_3760.utt,3/sw3760,3760,114,b,A,55,1,Yeah. /,Yeah/UH ./.,,
sw08utt/sw_0886_3760.utt,3/sw3760,3760,115,+,B,56,1,"-- {F uh, } graphic arts --","--/: uh/UH ,/, graphic/JJ arts/NNS --/:",,
sw08utt/sw_0886_3760.utt,3/sw3760,3760,116,b,A,57,1,Yeah. /,Yeah/UH ./.,,
sw08utt/sw_0886_3760.utt,3/sw3760,3760,117,+,B,58,1,"-- is that what they call it,  /","--/: is/VBZ that/DT what/WP they/PRP call/VBP it/PRP ,/,",,
sw08utt/sw_0886_3760.utt,3/sw3760,3760,118,sd,B,58,2,"I can't do any of that,  /","I/PRP ca/MD n't/RB do/VB any/DT of/IN that/DT ,/,",,
sw08utt/sw_0886_3760.utt,3/sw3760,3760,119,sd,B,58,3,{C but } sweat shirts is certainly impressive. /,but/CC sweat/NN shirts/NNS is/VBZ certainly/RB impressive/JJ ./.,,
sw08utt/sw_0886_3760.utt,3/sw3760,3760,120,b,A,59,1,Uh-huh.  /,Uh-huh/UH ./.,,
sw08utt/sw_0886_3760.utt,3/sw3760,3760,121,sd,A,59,2,"{F Uh, } I belong to this organization [ for, + ] {F uh, }  [ if, + if ] you have preschool children -- /","Uh/UH ,/, I/PRP belong/VBP to/IN this/DT organization/NN for/IN ,/, uh/UH ,/, if/IN ,/, if/IN you/PRP have/VBP preschool/JJ children/NNS --/:",,
sw08utt/sw_0886_3760.utt,3/sw3760,3760,122,b,B,60,1,Uh-huh. /,Uh-huh/UH ./.,,
sw08utt/sw_0886_3760.utt,3/sw3760,3760,123,sd,A,61,1,"-- {C and, } {F uh, } every once and a while they will have a craft, {F uh, } section for the moms -- /","--/: and/CC ,/, uh/UH ,/, every/DT once/RB and/CC a/DT while/NN they/PRP will/MD have/VB a/DT craft/NN ,/, uh/UH ,/, section/NN for/IN the/DT moms/NNS --/:",,
sw08utt/sw_0886_3760.utt,3/sw3760,3760,124,b,B,62,1,"{F Oh, } yeah. /","Oh/UH ,/, yeah/UH ./.",,
sw08utt/sw_0886_3760.utt,3/sw3760,3760,125,sd,A,63,1,-- {C and } those are really neat  /,--/: and/CC those/DT are/VBP really/RB neat/JJ,,
sw08utt/sw_0886_3760.utt,3/sw3760,3760,126,sd,A,63,2,"{C  and } we learn to do the, {F uh, } transfer pictures <noise> on the sweatshirts --","and/CC we/PRP learn/VBP to/TO do/VB the/DT ,/, uh/UH ,/, transfer/NN pictures/NNS on/IN the/DT sweatshirts/NNS --/:",,
sw08utt/sw_0886_3760.utt,3/sw3760,3760,127,b,B,64,1,"{F Oh, } yeah. /","Oh/UH ,/, yeah/UH ./.",,
sw08utt/sw_0886_3760.utt,3/sw3760,3760,128,+,A,65,1,-- transfer photos -- /,--/: transfer/NN photos/NNS --/:,,
sw08utt/sw_0886_3760.utt,3/sw3760,3760,129,b,B,66,1,Uh-huh. /,Uh-huh/UH ./.,,
sw08utt/sw_0886_3760.utt,3/sw3760,3760,130,sd,A,67,1,"-- {C and, } {F uh, } those are really neat.  /","--/: and/CC ,/, uh/UH ,/, those/DT are/VBP really/RB neat/JJ ./.",,
sw08utt/sw_0886_3760.utt,3/sw3760,3760,131,sd,A,67,2,{C So } we learn different crafts like that --,So/RB we/PRP learn/VBP different/JJ crafts/NNS like/IN that/DT --/:,,
sw08utt/sw_0886_3760.utt,3/sw3760,3760,132,ba,B,68,1,I see. /,I/PRP see/VBP ./.,,
sw08utt/sw_0886_3760.utt,3/sw3760,3760,133,+,A,69,1,"-- {F uh }  <noise>, /","--/: uh/UH ,/,",,
sw08utt/sw_0886_3760.utt,3/sw3760,3760,134,ba,B,70,1,"{D Well, } that is neat <children>. /","Well/UH ,/, that/DT is/VBZ neat/JJ ./.",,
sw08utt/sw_0886_3760.utt,3/sw3760,3760,135,b,A,71,1,Yeah. /,Yeah/UH ./.,,
sw08utt/sw_0886_3760.utt,3/sw3760,3760,136,sv,B,72,1,I guess you could consider that a hobby.  /,I/PRP guess/VBP you/PRP could/MD consider/VB that/DT a/DT hobby/NN ./.,,
sw08utt/sw_0886_3760.utt,3/sw3760,3760,137,qy,B,72,2,"[  Do you, + do you ] cook for a hobby  /","Do/VBP you/PRP ,/, do/VBP you/PRP cook/VB for/IN a/DT hobby/NN",,
sw08utt/sw_0886_3760.utt,3/sw3760,3760,138,qrr,B,72,3,"{C or } do you, -/","or/CC do/VBP you/PRP ,/,",,
sw08utt/sw_0886_3760.utt,3/sw3760,3760,139,nn,A,73,1,No  /,No/UH,,
sw08utt/sw_0886_3760.utt,3/sw3760,3760,140,sd^e,A,73,2,<laughter> I cook dinner   <laughter>. /,I/PRP cook/VBP dinner/NN ./.,,
sw08utt/sw_0886_3760.utt,3/sw3760,3760,141,sv,B,74,1,"<Laughter> That's not something you, -/","That/DT 's/BES not/RB something/NN you/PRP ,/,",,
sw08utt/sw_0886_3760.utt,3/sw3760,3760,142,sv,A,75,1,I don't consider it a hobby <laughter>. /,I/PRP do/VBP n't/RB consider/VB it/PRP a/DT hobby/NN ./.,,
sw08utt/sw_0886_3760.utt,3/sw3760,3760,143,ba,B,76,1,I understand that. /,I/PRP understand/VBP that/DT ./.,,
sw08utt/sw_0886_3760.utt,3/sw3760,3760,144,%,A,77,1,"{C But, } {F uh, } {D you know, } I - /","But/CC ,/, uh/UH ,/, you/PRP know/VBP ,/, I/PRP",,
sw08utt/sw_0886_3760.utt,3/sw3760,3760,145,nn,A,77,2,no  /,no/UH,,
sw08utt/sw_0886_3760.utt,3/sw3760,3760,146,sd,A,77,3,I am not a real  elaborate cook or anything like  that unfortunately. /,I/PRP am/VBP not/RB a/DT real/RB elaborate/JJ cook/NN or/CC anything/NN like/IN that/DT unfortunately/RB ./.,,
sw08utt/sw_0886_3760.utt,3/sw3760,3760,147,b,B,78,1,Yeah. /,Yeah/UH ./.,,
sw08utt/sw_0886_3760.utt,3/sw3760,3760,148,sd,A,79,1,I like to bake off and on.  /,I/PRP like/VBP to/TO bake/VB off/RB and/CC on/RB ./.,,
sw08utt/sw_0886_3760.utt,3/sw3760,3760,149,sd,A,79,2,"{C And } usually once a week I will bake something,  /","And/CC usually/RB once/RB a/DT week/NN I/PRP will/MD bake/VB something/NN ,/,",,
sw08utt/sw_0886_3760.utt,3/sw3760,3760,150,sd,A,79,3,"{C but } it's not anything elaborate, {D you know } <laughter>. /","but/CC it/PRP 's/BES not/RB anything/NN elaborate/JJ ,/, you/PRP know/VBP ./.",,
sw08utt/sw_0886_3760.utt,3/sw3760,3760,151,b,B,80,1,Right. /,Right/UH ./.,,
sw08utt/sw_0886_3760.utt,3/sw3760,3760,152,sd,A,81,1,"At least, I don't think it is. /","At/IN least/JJS ,/, I/PRP do/VBP n't/RB think/VB it/PRP is/VBZ ./.",,
sw08utt/sw_0886_3760.utt,3/sw3760,3760,153,b,B,82,1,Yeah. /,Yeah/UH ./.,,
sw08utt/sw_0886_3760.utt,3/sw3760,3760,154,%,A,83,1,"{D So, } -/","So/RB ,/,",,
sw08utt/sw_0886_3760.utt,3/sw3760,3760,155,sv,B,84,1,"{C But, } I think that still borders on hobby. /","But/CC ,/, I/PRP think/VBP that/DT still/RB borders/VBZ on/IN hobby/NN ./.",,
sw08utt/sw_0886_3760.utt,3/sw3760,3760,156,b,A,85,1,Yeah. /,Yeah/UH ./.,,
sw08utt/sw_0886_3760.utt,3/sw3760,3760,157,sd,B,86,1,"Probably the other thing I do which <noise> I am sure will sound horrible to you, [ but + ] is I program for fun.  {F Uh, } on the computer. /","Probably/RB the/DT other/JJ thing/NN I/PRP do/VBP which/WDT I/PRP am/VBP sure/JJ will/MD sound/VB horrible/JJ to/IN you/PRP ,/, but/CC is/VBZ I/PRP program/VBP for/IN fun/NN ./. Uh/UH ,/, on/IN the/DT computer/NN ./.",,
sw08utt/sw_0886_3760.utt,3/sw3760,3760,158,b,A,87,1,Uh-huh. /,Uh-huh/UH ./.,,
sw08utt/sw_0886_3760.utt,3/sw3760,3760,159,sd,B,88,1,"{C So, } I have [ little projects + <children> little computer projects ] going on that I consider hobbies. /","So/RB ,/, I/PRP have/VBP little/JJ projects/NNS little/JJ computer/NN projects/NNS going/VBG on/RP that/WDT I/PRP consider/VBP hobbies/NNS ./.",,
sw08utt/sw_0886_3760.utt,3/sw3760,3760,160,b,A,89,1,Uh-huh. /,Uh-huh/UH ./.,,
sw08utt/sw_0886_3760.utt,3/sw3760,3760,161,sd,B,90,1,"{C But, } drive my wife crazy. /","But/CC ,/, drive/VBP my/PRP$ wife/NN crazy/JJ ./.",,
sw08utt/sw_0886_3760.utt,3/sw3760,3760,162,b,A,91,1,Oh.  /,Oh/UH ./.,,
sw08utt/sw_0886_3760.utt,3/sw3760,3760,163,ba,A,91,2,{D Well } good.  /,Well/UH good/UH ./.,,
sw08utt/sw_0886_3760.utt,3/sw3760,3760,164,qy^d,A,91,3,You have a computer at home? /,You/PRP have/VBP a/DT computer/NN at/IN home/NN ?/.,,
sw08utt/sw_0886_3760.utt,3/sw3760,3760,165,na,B,92,1,"I do,  /","I/PRP do/VBP ,/,",,
sw08utt/sw_0886_3760.utt,3/sw3760,3760,166,ny,B,92,2,yes. /,yes/UH ./.,,
sw08utt/sw_0886_3760.utt,3/sw3760,3760,167,ba,A,93,1,"{F Oh, } good.  /","Oh/UH ,/, good/UH ./.",,
sw08utt/sw_0886_3760.utt,3/sw3760,3760,168,%,A,93,2,Yeah. /,Yeah/UH ./.,,
sw08utt/sw_0886_3760.utt,3/sw3760,3760,169,sd,B,94,1,"In fact, there is actually several of them here right now. /","In/IN fact/NN ,/, there/EX is/VBZ actually/RB several/JJ of/IN them/PRP here/RB right/RB now/RB ./.",,
sw08utt/sw_0886_3760.utt,3/sw3760,3760,170,b,A,95,1,"{F Oh, } # really. # /","Oh/UH ,/, really/UH ./.",,
sw08utt/sw_0886_3760.utt,3/sw3760,3760,171,sd,B,96,1,# Not all of them # being mine. /,Not/RB all/DT of/IN them/PRP being/VBG mine/PRP ./.,,
sw08utt/sw_0886_3760.utt,3/sw3760,3760,172,ba,A,97,1,Wow.  /,Wow/UH ./.,,
sw08utt/sw_0886_3760.utt,3/sw3760,3760,173,qy^d,A,97,2,Then you are busy <children>. /,Then/RB you/PRP are/VBP busy/JJ ./.,,
sw08utt/sw_0886_3760.utt,3/sw3760,3760,174,ny,B,98,1,Yeah. /,Yeah/UH ./.,,
sw08utt/sw_0886_3760.utt,3/sw3760,3760,175,b,A,99,1,"Uh-huh,  /","Uh-huh/UH ,/,",,
sw08utt/sw_0886_3760.utt,3/sw3760,3760,176,ba,A,99,2,that is very good. /,that/DT is/VBZ very/RB good/JJ ./.,,
sw08utt/sw_0886_3760.utt,3/sw3760,3760,177,qy,B,100,1,"{F Uh, } I wonder if you can construe raising children <children> as being a hobby?  /","Uh/UH ,/, I/PRP wonder/VBP if/IN you/PRP can/MD construe/VB raising/VBG children/NNS as/IN being/VBG a/DT hobby/NN ?/.",,
sw08utt/sw_0886_3760.utt,3/sw3760.pos,3760,178,x,B,100,2,<laughter>.,./.
sw08utt/sw_0886_3760.utt,3/sw3760,3760,179,sd,A,101,1,"<Laughter> {D Well, } you know one of the books  [ that I did, + that I was ] reading, - /","Well/UH ,/, you/PRP know/VBP one/CD of/IN the/DT books/NNS that/WDT I/PRP did/VBD ,/, that/WDT I/PRP was/VBD reading/VBG ,/,",,
sw08utt/sw_0886_3760.utt,3/sw3760,3760,180,sd,A,101,2,"{C and } I stopped because it was so, - /","and/CC I/PRP stopped/VBD because/IN it/PRP was/VBD so/RB ,/,",,
sw08utt/sw_0886_3760.utt,3/sw3760,3760,181,%,A,101,3,it's - /,it/PRP 's/BES,,
sw08utt/sw_0886_3760.utt,3/sw3760,3760,182,sd,A,101,4,the book is so detailed -- /,the/DT book/NN is/VBZ so/RB detailed/JJ --/:,,
sw08utt/sw_0886_3760.utt,3/sw3760,3760,183,b,B,102,1,Uh-huh. /,Uh-huh/UH ./.,,
sw08utt/sw_0886_3760.utt,3/sw3760,3760,184,sd,A,103,1,"-- {C and } you have to, - /","--/: and/CC you/PRP have/VBP to/TO ,/,",,
sw08utt/sw_0886_3760.utt,3/sw3760,3760,185,sd,A,103,2,sometimes I have to go back and read the page over again cause I didn't quite get it all.  /,sometimes/RB I/PRP have/VBP to/TO go/VB back/RB and/CC read/VB the/DT page/NN over/IN again/RB cause/IN I/PRP did/VBD n't/RB quite/RB get/VB it/PRP all/DT ./.,,
sw08utt/sw_0886_3760.utt,3/sw3760,3760,186,sd,A,103,3,"{C And, } {F uh, } it is so detailed, /","And/CC ,/, uh/UH ,/, it/PRP is/VBZ so/RB detailed/JJ ,/,",,
