swda_filename,ptb_basename,conversation_no,transcript_index,act_tag,caller,utterance_index,subutterance_index,text,pos,trees,ptb_treenumbers
sw08utt/sw_0869_2871.utt,2/sw2871,2871,0,o,A,1,1,Okay. /,Okay/UH ./.,,
sw08utt/sw_0869_2871.utt,2/sw2871,2871,1,ad,B,2,1,{D Well } let's start with you <laughter>. /,Well/UH let/VB 's/PRP start/VB with/IN you/PRP ./.,,
sw08utt/sw_0869_2871.utt,2/sw2871,2871,2,aa,A,3,1,"Okay, {F um, }  /","Okay/UH ,/, um/UH ,/,",,
sw08utt/sw_0869_2871.utt,2/sw2871,2871,3,sd,A,3,2,the last movie I saw was the FIVE HEARTBEATS  /,the/DT last/JJ movie/NN I/PRP saw/VBD was/VBD the/DT FIVE/CD HEARTBEATS/NNS,,
sw08utt/sw_0869_2871.utt,2/sw2871,2871,4,sd,A,3,3,{C and } I liked it a lot because it had a lot of music in it. /,and/CC I/PRP liked/VBD it/PRP a/DT lot/NN because/IN it/PRP had/VBD a/DT lot/NN of/IN music/NN in/IN it/PRP ./.,,
sw08utt/sw_0869_2871.utt,2/sw2871,2871,5,b^m,B,4,1,FIVE HEARTBEATS? /,FIVE/CD HEARTBEATS/NNS ?/.,,
sw08utt/sw_0869_2871.utt,2/sw2871,2871,6,ny,A,5,1,Yeah  /,Yeah/UH,,
sw08utt/sw_0869_2871.utt,2/sw2871,2871,7,sd^e,A,5,2,"[ [ it's, +","it/PRP 's/BES ,/,",,
sw08utt/sw_0869_2871.utt,2/sw2871,2871,8,qw,B,6,1,"[ Who, + who ] was in that. /","Who/WP ,/, who/WP was/VBD in/IN that/DT ./.",,
sw08utt/sw_0869_2871.utt,2/sw2871,2871,9,+,A,7,1,"It's, ] + it's, ] {F uh, } Robert Townsend movie. /","It/PRP 's/BES ,/, it/PRP 's/BES ,/, uh/UH ,/, Robert/NNP Townsend/NNP movie/NN ./.",,
sw08utt/sw_0869_2871.utt,2/sw2871,2871,10,bk,B,8,1,Okay. /,Okay/UH ./.,,
sw08utt/sw_0869_2871.utt,2/sw2871,2871,11,sd,A,9,1,"{F Um, } [ I, + I ] don't know all the actors or anything,  /","Um/UH ,/, I/PRP ,/, I/PRP do/VBP n't/RB know/VB all/PDT the/DT actors/NNS or/CC anything/NN ,/,",,
sw08utt/sw_0869_2871.utt,2/sw2871,2871,12,sd,A,9,2,"{C but } [ it was just, + it was ] a lot of music a lot of old songs, things like that. /","but/CC it/PRP was/VBD just/RB ,/, it/PRP was/VBD a/DT lot/NN of/IN music/NN a/DT lot/NN of/IN old/JJ songs/NNS ,/, things/NNS like/IN that/DT ./.",,
sw08utt/sw_0869_2871.utt,2/sw2871,2871,13,qw,B,10,1,When was it out? /,When/WRB was/VBD it/PRP out/RB ?/.,,
sw08utt/sw_0869_2871.utt,2/sw2871,2871,14,sd,A,11,1,"{F Um, } it's still out now, {F uh, }  /","Um/UH ,/, it/PRP 's/BES still/RB out/RB now/RB ,/, uh/UH ,/,",,
sw08utt/sw_0869_2871.utt,2/sw2871,2871,15,sd,A,11,2,"it came out I guess about a month or, about a month and half ago, something like that.  /","it/PRP came/VBD out/RB I/PRP guess/VBP about/RB a/DT month/NN or/CC ,/, about/RB a/DT month/NN and/CC half/NN ago/RB ,/, something/NN like/IN that/DT ./.",,
sw08utt/sw_0869_2871.utt,2/sw2871,2871,16,sd,A,11,3,It's about a Black singing group.  /,It/PRP 's/BES about/IN a/DT Black/NNP singing/NN group/NN ./.,,
sw08utt/sw_0869_2871.utt,2/sw2871,2871,17,%,A,11,4,"It, - /","It/PRP ,/,",,
sw08utt/sw_0869_2871.utt,2/sw2871,2871,18,sd,A,11,5,"{C and, } {F uh, } it  was called the DELLS, /","and/CC ,/, uh/UH ,/, it/PRP was/VBD called/VBN the/DT DELLS/NNPS ,/,",,
sw08utt/sw_0869_2871.utt,2/sw2871,2871,19,b,B,12,1,Uh-huh. /,Uh-huh/UH ./.,,
sw08utt/sw_0869_2871.utt,2/sw2871,2871,20,sd,A,13,1,"{C And, } {F uh, } it was kind of like just about [ their, +","And/CC ,/, uh/UH ,/, it/PRP was/VBD kind/RB of/RB like/IN just/RB about/IN their/PRP$ ,/,",,
sw08utt/sw_0869_2871.utt,2/sw2871,2871,21,x,B,14,1,<Throat_clearing>.,,,
sw08utt/sw_0869_2871.utt,2/sw2871,2871,22,+,A,15,1,"their ] life, and their, {F uh, } history and things like that and [ the way they went [ from, + from, ] + ] how they went from stardom to nonstardom. /","their/PRP$ life/NN ,/, and/CC their/PRP$ ,/, uh/UH ,/, history/NN and/CC things/NNS like/IN that/DT and/CC the/DT way/NN they/PRP went/VBD from/IN ,/, from/IN ,/, how/WRB they/PRP went/VBD from/IN stardom/NN to/IN nonstardom/NN ./.",,
sw08utt/sw_0869_2871.utt,2/sw2871,2871,23,b,B,16,1,Yeah. /,Yeah/UH ./.,,
sw08utt/sw_0869_2871.utt,2/sw2871,2871,24,sd,A,17,1,"{C And, } {F uh, } that was pretty good.  /","And/CC ,/, uh/UH ,/, that/WDT was/VBD pretty/RB good/JJ ./.",,
sw08utt/sw_0869_2871.utt,2/sw2871,2871,25,sd,A,17,2,"I enjoyed, - /","I/PRP enjoyed/VBD ,/,",,
sw08utt/sw_0869_2871.utt,2/sw2871,2871,26,sd,A,17,3,I saw DANCES WITH WOLVES.  /,I/PRP saw/VBD DANCES/VBZ WITH/IN WOLVES/NNS ./.,,
sw08utt/sw_0869_2871.utt,2/sw2871,2871,27,qy,A,17,4,Have you seen that? /,Have/VBP you/PRP seen/VBD that/DT ?/.,,
sw08utt/sw_0869_2871.utt,2/sw2871,2871,28,ny,B,18,1,"Yeah,  /","Yeah/UH ,/,",,
sw08utt/sw_0869_2871.utt,2/sw2871,2871,29,sd^e,B,18,2,"I saw that one,  /","I/PRP saw/VBD that/DT one/CD ,/,",,
sw08utt/sw_0869_2871.utt,2/sw2871,2871,30,sd,B,18,3,that was pretty good. /,that/DT was/VBD pretty/RB good/JJ ./.,,
sw08utt/sw_0869_2871.utt,2/sw2871,2871,31,b,A,19,1,"Yeah,  /","Yeah/UH ,/,",,
sw08utt/sw_0869_2871.utt,2/sw2871,2871,32,b^r,A,19,2,yeah. /,yeah/UH ./.,,
sw08utt/sw_0869_2871.utt,2/sw2871,2871,33,sd,B,20,1,"{F Uh, } that won best picture, I think. /","Uh/UH ,/, that/DT won/VBD best/JJS picture/NN ,/, I/PRP think/VBP ./.",,
sw08utt/sw_0869_2871.utt,2/sw2871,2871,34,b,A,21,1,Uh-huh. /,Uh-huh/UH ./.,,
sw08utt/sw_0869_2871.utt,2/sw2871,2871,35,sd,B,22,1,{C And } Costner got best director. /,And/CC Costner/NNP got/VBD best/JJS director/NN ./.,,
sw08utt/sw_0869_2871.utt,2/sw2871,2871,36,b,A,23,1,"Yeah,  /","Yeah/UH ,/,",,
sw08utt/sw_0869_2871.utt,2/sw2871,2871,37,sd,A,23,2,"right now Kevin Costner, {E I mean, } he's starring in everything.  /","right/RB now/RB Kevin/NNP Costner/NNP ,/, I/PRP mean/VBP ,/, he/PRP 's/BES starring/VBG in/IN everything/NN ./.",,
sw08utt/sw_0869_2871.utt,2/sw2871,2871,38,sd,A,23,3,"He's doing the Kennedy movie that's coming out, {F um, }  /","He/PRP 's/BES doing/VBG the/DT Kennedy/NNP movie/NN that/WDT 's/BES coming/VBG out/RB ,/, um/UH ,/,",,
sw08utt/sw_0869_2871.utt,2/sw2871,2871,39,%,A,23,4,"{C and } there's one, -/","and/CC there/EX 's/BES one/CD ,/,",,
sw08utt/sw_0869_2871.utt,2/sw2871,2871,40,qh,B,24,1,"Another Kennedy movie, {F huh } <laughter>. /","Another/DT Kennedy/NNP movie/NN ,/, huh/UH ./.",,
sw08utt/sw_0869_2871.utt,2/sw2871,2871,41,ny,A,25,1,"Yeah,  /","Yeah/UH ,/,",,
sw08utt/sw_0869_2871.utt,2/sw2871,2871,42,ny,A,25,2,"yeah,  /","yeah/UH ,/,",,
sw08utt/sw_0869_2871.utt,2/sw2871,2871,43,sd^e,A,25,3,"starring Kevin Costner,  /","starring/VBG Kevin/NNP Costner/NNP ,/,",,
sw08utt/sw_0869_2871.utt,2/sw2871,2871,44,^h,A,25,4,"{C and } let me see,  /","and/CC let/VB me/PRP see/VB ,/,",,
sw08utt/sw_0869_2871.utt,2/sw2871,2871,45,t1,A,25,5,what else.  /,what/WP else/RB ./.,,
sw08utt/sw_0869_2871.utt,2/sw2871,2871,46,sd,A,25,6,"{F Um, } he's doing some other movie,  /","Um/UH ,/, he/PRP 's/BES doing/VBG some/DT other/JJ movie/NN ,/,",,
sw08utt/sw_0869_2871.utt,2/sw2871,2871,47,%,A,25,7,"I can't, - /","I/PRP ca/MD n't/RB ,/,",,
sw08utt/sw_0869_2871.utt,2/sw2871,2871,48,sd,A,25,8,"I think ROBIN HOOD,  that's it, - /","I/PRP think/VBP ROBIN/NNP HOOD/NNP ,/, that/DT 's/BES it/PRP ,/,",,
sw08utt/sw_0869_2871.utt,2/sw2871,2871,49,sd,A,25,9,the ROBIN HOOD coming out  /,the/DT ROBIN/NNP HOOD/NNP coming/VBG out/RP,,
sw08utt/sw_0869_2871.utt,2/sw2871,2871,50,sd,A,25,10,{C and } he's going to be in also.  /,and/CC he/PRP 's/BES going/VBG to/TO be/VB in/IN also/RB ./.,,
sw08utt/sw_0869_2871.utt,2/sw2871,2871,51,^h,A,25,11,"{C And, } let me see,  /","And/CC ,/, let/VB me/PRP see/VB ,/,",,
sw08utt/sw_0869_2871.utt,2/sw2871,2871,52,t1,A,25,12,what else have I seen.  /,what/WP else/RB have/VBP I/PRP seen/VBN ./.,,
sw08utt/sw_0869_2871.utt,2/sw2871,2871,53,qw,A,25,13,What have you seen? /,What/WP have/VBP you/PRP seen/VBN ?/.,,
sw08utt/sw_0869_2871.utt,2/sw2871,2871,54,^h,B,26,1,One comes to mind here  /,One/CD comes/VBZ to/IN mind/NN here/RB,,
sw08utt/sw_0869_2871.utt,2/sw2871,2871,55,sd,B,26,2,"{C and } I [ ca-, + ] not sure about the name, has Meryl Streep  /","and/CC I/PRP ca-/XX ,/, not/RB sure/JJ about/IN the/DT name/NN ,/, has/VBZ Meryl/NNP Streep/NNP",,
sw08utt/sw_0869_2871.utt,2/sw2871,2871,56,t1,B,26,3,"{C and, } {F um, } what was the name of that?  /","and/CC ,/, um/UH ,/, what/WP was/VBD the/DT name/NN of/IN that/DT ?/.",,
sw08utt/sw_0869_2871.utt,2/sw2871,2871,57,%,B,26,4,"{D Anyway } the ba-, - /","Anyway/RB the/DT ba-/XX ,/,",,
sw08utt/sw_0869_2871.utt,2/sw2871,2871,58,sd,B,26,5,"the premise of the story is that, {F uh, } {F uh, } {F uh, } [ you go to a pla-, + ] after you die you go to a place called Judgment City. /","the/DT premise/NN of/IN the/DT story/NN is/VBZ that/IN ,/, uh/UH ,/, uh/UH ,/, uh/UH ,/, you/PRP go/VBP to/TO a/DT pla-/XX ,/, after/IN you/PRP die/VBP you/PRP go/VBP to/IN a/DT place/NN called/VBN Judgment/NNP City/NNP ./.",,
sw08utt/sw_0869_2871.utt,2/sw2871,2871,59,sd,A,27,1,"{F Oh, } I know what you're talking about. /","Oh/UH ,/, I/PRP know/VBP what/WP you/PRP 're/VBP talking/VBG about/IN ./.",,
sw08utt/sw_0869_2871.utt,2/sw2871,2871,60,%,B,28,1,"{C And, } {F um, } {D anyway, } -/","And/CC ,/, um/UH ,/, anyway/UH ,/,",,
sw08utt/sw_0869_2871.utt,2/sw2871,2871,61,%,A,29,1,My. -/,My/PRP$ ./.,,
sw08utt/sw_0869_2871.utt,2/sw2871,2871,62,sd,B,30,1,"{F uh, } I can't remem-, - /","uh/UH ,/, I/PRP ca/MD n't/RB remem-/XX ,/,",,
sw08utt/sw_0869_2871.utt,2/sw2871,2871,63,%,B,30,2,"[ the other, + the other ] actor, {F uh, } -/","the/DT other/NN ,/, the/DT other/JJ actor/NN ,/, uh/UH ,/,",,
sw08utt/sw_0869_2871.utt,2/sw2871,2871,64,sd,A,31,1,"It's called REVIEWING MY LIFE, or something like that. /","It/PRP 's/BES called/VBN REVIEWING/VBG MY/PRP$ LIFE/NN ,/, or/CC something/NN like/IN that/DT ./.",,
sw08utt/sw_0869_2871.utt,2/sw2871,2871,65,b,B,32,1,Yeah  /,Yeah/UH,,
sw08utt/sw_0869_2871.utt,2/sw2871,2871,66,%,B,32,2,"{C and, } {F uh, } -/","and/CC ,/, uh/UH ,/,",,
sw08utt/sw_0869_2871.utt,2/sw2871,2871,67,b,A,33,1,"Yeah,  /","Yeah/UH ,/,",,
sw08utt/sw_0869_2871.utt,2/sw2871,2871,68,sd,A,33,2,I didn't get to see that. /,I/PRP did/VBD n't/RB get/VB to/TO see/VB that/DT ./.,,
sw08utt/sw_0869_2871.utt,2/sw2871,2871,69,bc,B,34,1,"[ D-, + DEFENDING ] YOUR LIFE. /","D-/XX ,/, DEFENDING/VBG YOUR/PRP$ LIFE/NN ./.",,
sw08utt/sw_0869_2871.utt,2/sw2871,2871,70,b,A,35,1,"Yeah,  /","Yeah/UH ,/,",,
sw08utt/sw_0869_2871.utt,2/sw2871,2871,71,sd,A,35,2,"that's it,  /","that/DT 's/BES it/PRP ,/,",,
sw08utt/sw_0869_2871.utt,2/sw2871,2871,72,b,A,35,3,okay. /,okay/UH ./.,,
sw08utt/sw_0869_2871.utt,2/sw2871,2871,73,bc^r,B,36,1,"DEFENDING YOUR LIFE,  /","DEFENDING/VBG YOUR/PRP$ LIFE/NN ,/,",,
sw08utt/sw_0869_2871.utt,2/sw2871,2871,74,sd,B,36,2,"{C and } [ it's, + it's ] an excellent movie,","and/CC it/PRP 's/BES ,/, it/PRP 's/BES an/DT excellent/JJ movie/NN ,/,",,
sw08utt/sw_0869_2871.utt,2/sw2871,2871,75,b,A,37,1,Uh-huh. /,Uh-huh/UH ./.,,
sw08utt/sw_0869_2871.utt,2/sw2871,2871,76,+,B,38,1,"{F uh, }  /","uh/UH ,/,",,
sw08utt/sw_0869_2871.utt,2/sw2871,2871,77,sd,B,38,2,"it's pretty entertaining, {F uh. }  /","it/PRP 's/BES pretty/RB entertaining/JJ ,/, uh/UH ./.",,
sw08utt/sw_0869_2871.utt,2/sw2871,2871,78,^h,B,38,3,"Let's see,  /","Let/VB 's/PRP see/VB ,/,",,
sw08utt/sw_0869_2871.utt,2/sw2871,2871,79,t1,B,38,4,"what else have I seen lately, {F um. } /","what/WP else/RB have/VBP I/PRP seen/VBN lately/RB ,/, um/UH ./.",,
sw08utt/sw_0869_2871.utt,2/sw2871,2871,80,sd,A,39,1,"One of my favorite movies, it's not one that I haven't seen, - /","One/CD of/IN my/PRP$ favorite/JJ movies/NNS ,/, it/PRP 's/BES not/RB one/CD that/WDT I/PRP have/VBP n't/RB seen/VBN ,/,",,
sw08utt/sw_0869_2871.utt,2/sw2871,2871,81,%,A,39,2,"I, w-, - /","I/PRP ,/, w-/XX ,/,",,
sw08utt/sw_0869_2871.utt,2/sw2871,2871,82,sd,A,39,3,it's not a late movie.  /,it/PRP 's/BES not/RB a/DT late/JJ movie/NN ./.,,
sw08utt/sw_0869_2871.utt,2/sw2871,2871,83,o@,A,39,4,"It's, {F uh, }","It/PRP 's/BES ,/, uh/UH ,/,",,
sw08utt/sw_0869_2871.utt,2/sw2871,2871,84,^2,B,40,1,HOME ALONE. /,HOME/NN ALONE/JJ ./.,,
sw08utt/sw_0869_2871.utt,2/sw2871,2871,85,+,A,41,1,FATAL ATTRACTION <laughter>. /,FATAL/JJ ATTRACTION/NN ./.,,
sw08utt/sw_0869_2871.utt,2/sw2871,2871,86,b,B,42,1,"Okay,  /","Okay/UH ,/,",,
sw08utt/sw_0869_2871.utt,2/sw2871,2871,87,%,B,42,2,yeah. /,yeah/UH ./.,,
sw08utt/sw_0869_2871.utt,2/sw2871,2871,88,sd,A,43,1,"It's probably my all time, - /","It/PRP 's/BES probably/RB my/PRP$ all/DT time/NN ,/,",,
sw08utt/sw_0869_2871.utt,2/sw2871,2871,89,sd,A,43,2,"{D well } not all time favorite, - /","well/UH not/RB all/DT time/NN favorite/JJ ,/,",,
sw08utt/sw_0869_2871.utt,2/sw2871,2871,90,sd,A,43,3,"{C but } one of my favorites,","but/CC one/CD of/IN my/PRP$ favorites/NNS ,/,",,
sw08utt/sw_0869_2871.utt,2/sw2871,2871,91,x,B,44,1,<Throat_clearing>.,,,
sw08utt/sw_0869_2871.utt,2/sw2871,2871,92,+,A,45,1,that I can watch over and over. /,that/WDT I/PRP can/MD watch/VB over/RB and/CC over/RB ./.,,
sw08utt/sw_0869_2871.utt,2/sw2871,2871,93,%,B,46,1,"Ye-, - /","Ye-/XX ,/,",,
sw08utt/sw_0869_2871.utt,2/sw2871,2871,94,%,B,46,2,"di-, - /","di-/XX ,/,",,
sw08utt/sw_0869_2871.utt,2/sw2871,2871,95,qy,B,46,3,"{D well, } did you ever see HOME ALONE? /","well/UH ,/, did/VBD you/PRP ever/RB see/VBP HOME/NN ALONE/JJ ?/.",,
sw08utt/sw_0869_2871.utt,2/sw2871,2871,96,nn,A,47,1,"No,  /","No/UH ,/,",,
sw08utt/sw_0869_2871.utt,2/sw2871,2871,97,sd^e,A,47,2,"I never did,  /","I/PRP never/RB did/VBD ,/,",,
sw08utt/sw_0869_2871.utt,2/sw2871,2871,98,sd,A,47,3,"[ I, + # I ] heard it was really good,  /","I/PRP ,/, I/PRP heard/VBD it/PRP was/VBD really/RB good/JJ ,/,",,
sw08utt/sw_0869_2871.utt,2/sw2871,2871,99,sd,A,47,4,"I've [ never, + ] just haven't gone out to see it. # /","I/PRP 've/VBP never/RB ,/, just/RB have/VBP n't/RB gone/VBN out/RB to/TO see/VB it/PRP ./.",,
sw08utt/sw_0869_2871.utt,2/sw2871,2871,100,sd,B,48,1,"# [ That was a, + that was a ] good one, too. # /","That/DT was/VBD a/DT ,/, that/DT was/VBD a/DT good/JJ one/CD ,/, too/RB ./.",,
sw08utt/sw_0869_2871.utt,2/sw2871,2871,101,qy,A,49,1,Was that pretty funny? /,Was/VBD that/DT pretty/RB funny/JJ ?/.,,
sw08utt/sw_0869_2871.utt,2/sw2871,2871,102,ny,B,50,1,"Yeah,  /","Yeah/UH ,/,",,
sw08utt/sw_0869_2871.utt,2/sw2871,2871,103,sd^e,B,50,2,"it's pretty good,  /","it/PRP 's/BES pretty/RB good/JJ ,/,",,
sw08utt/sw_0869_2871.utt,2/sw2871,2871,104,%,B,50,3,"{C and, } {F um. } -/","and/CC ,/, um/UH ./.",,
sw08utt/sw_0869_2871.utt,2/sw2871,2871,105,b,A,51,1,"Yeah,  /","Yeah/UH ,/,",,
sw08utt/sw_0869_2871.utt,2/sw2871,2871,106,b^r,A,51,2,"yeah,  /","yeah/UH ,/,",,
sw08utt/sw_0869_2871.utt,2/sw2871,2871,107,sd,A,51,3,"somehow just never made it to see that,  /","somehow/RB just/RB never/RB made/VBN it/PRP to/TO see/VB that/DT ,/,",,
sw08utt/sw_0869_2871.utt,2/sw2871,2871,108,sd,A,51,4,{C but } I need to see it. /,but/CC I/PRP need/VBP to/TO see/VB it/PRP ./.,,
sw08utt/sw_0869_2871.utt,2/sw2871,2871,109,sd,B,52,1,"((   ))  I can't believe I'm just drawing a blank, because, I've s-, -/","MUMBLEx/XX I/PRP ca/MD n't/RB believe/VB I/PRP 'm/VBP just/RB drawing/VBG a/DT blank/NN ,/, because/IN ,/, I/PRP 've/VBP s-/XX ,/,",,
sw08utt/sw_0869_2871.utt,2/sw2871,2871,110,b,A,53,1,"Yeah,  /","Yeah/UH ,/,",,
sw08utt/sw_0869_2871.utt,2/sw2871,2871,111,sd,A,53,2,"FATAL ATTRACTION, [ that, + ] I don't know why I like that movie so much,  /","FATAL/JJ ATTRACTION/NN ,/, that/DT ,/, I/PRP do/VBP n't/RB know/VB why/WRB I/PRP like/VBP that/DT movie/NN so/RB much/JJ ,/,",,
sw08utt/sw_0869_2871.utt,2/sw2871,2871,112,sd,A,53,3,I guess it was so much suspense. /,I/PRP guess/VBP it/PRP was/VBD so/RB much/JJ suspense/NN ./.,,
sw08utt/sw_0869_2871.utt,2/sw2871,2871,113,b,B,54,1,Uh-huh. /,Uh-huh/UH ./.,,
sw08utt/sw_0869_2871.utt,2/sw2871,2871,114,sd,A,55,1,{C And } I like suspense. /,And/CC I/PRP like/VBP suspense/NN ./.,,
sw08utt/sw_0869_2871.utt,2/sw2871,2871,115,sd,B,56,1,That kind of reminds me  /,That/DT kind/RB of/RB reminds/VBZ me/PRP,,
sw08utt/sw_0869_2871.utt,2/sw2871,2871,116,qy^d,B,56,2,"{D like, } {F uh, } did you ever see, this is going way back, {F uh, } JAGGED EDGE. /","like/IN ,/, uh/UH ,/, did/VBD you/PRP ever/RB see/VBP ,/, this/DT is/VBZ going/VBG way/NN back/RB ,/, uh/UH ,/, JAGGED/JJ EDGE/NN ./.",,
sw08utt/sw_0869_2871.utt,2/sw2871,2871,117,ny,A,57,1,"Yes,  /","Yes/UH ,/,",,
sw08utt/sw_0869_2871.utt,2/sw2871,2871,118,ny,A,57,2,"uh-huh,  /","uh-huh/UH ,/,",,
sw08utt/sw_0869_2871.utt,2/sw2871,2871,119,ny,A,57,3,"yeah,  /","yeah/UH ,/,",,
sw08utt/sw_0869_2871.utt,2/sw2871,2871,120,sd^e,A,57,4,on that order. /,on/IN that/DT order/NN ./.,,
sw08utt/sw_0869_2871.utt,2/sw2871,2871,121,sd,B,58,1,"[ Tha-, + that ] was a good one too,  /","Tha-/XX ,/, that/DT was/VBD a/DT good/JJ one/CD too/RB ,/,",,
sw08utt/sw_0869_2871.utt,2/sw2871,2871,122,%,B,58,2,yeah. /,yeah/UH ./.,,
sw08utt/sw_0869_2871.utt,2/sw2871,2871,123,aa,A,59,1,Certainly is. /,Certainly/RB is/VBZ ./.,,
sw08utt/sw_0869_2871.utt,2/sw2871,2871,124,%,B,60,1,"{C But, } {F uh. } -/","But/CC ,/, uh/UH ./.",,
sw08utt/sw_0869_2871.utt,2/sw2871,2871,125,sd,A,61,1,"{C And } I liked the woman that played in that,  /","And/CC I/PRP liked/VBD the/DT woman/NN that/WDT played/VBD in/IN that/DT ,/,",,
sw08utt/sw_0869_2871.utt,2/sw2871,2871,126,sd,A,61,2,I forgot what her name is now. /,I/PRP forgot/VBD what/WP her/PRP$ name/NN is/VBZ now/RB ./.,,
sw08utt/sw_0869_2871.utt,2/sw2871,2871,127,b,B,62,1,Yeah  /,Yeah/UH,,
sw08utt/sw_0869_2871.utt,2/sw2871,2871,128,%,B,62,2,"that's, -/","that/DT 's/BES ,/,",,
sw08utt/sw_0869_2871.utt,2/sw2871,2871,129,sd,A,63,1,"Anne Archer <<pause>> [ she's the one, + she was ] the wife in FATAL ATTRACTION,  /","Anne/NNP Archer/NNP she/PRP 's/BES the/DT one/CD ,/, she/PRP was/VBD the/DT wife/NN in/IN FATAL/JJ ATTRACTION/NN ,/,",,
sw08utt/sw_0869_2871.utt,2/sw2871,2871,130,%,A,63,2,"yeah, /","yeah/UH ,/,",,
sw08utt/sw_0869_2871.utt,2/sw2871,2871,131,b,B,64,1,"{F Oh, } okay. /","Oh/UH ,/, okay/UH ./.",,
sw08utt/sw_0869_2871.utt,2/sw2871,2871,132,sd,A,65,1,"{C and } she played in, {F uh, } narrow margin which was a little more recent, /","and/CC she/PRP played/VBD in/IN ,/, uh/UH ,/, narrow/JJ margin/NN which/WDT was/VBD a/DT little/RB more/RBR recent/JJ ,/,",,
sw08utt/sw_0869_2871.utt,2/sw2871,2871,133,b,B,66,1,Uh-huh. /,Uh-huh/UH ./.,,
sw08utt/sw_0869_2871.utt,2/sw2871,2871,134,sd,A,67,1,"{C and } that was kind of another suspense type, Alfred Hitchcock type thriller. /","and/CC that/DT was/VBD kind/RB of/RB another/DT suspense/NN type/NN ,/, Alfred/NNP Hitchcock/NNP type/NN thriller/NN ./.",,
sw08utt/sw_0869_2871.utt,2/sw2871,2871,135,b,B,68,1,Yeah. /,Yeah/UH ./.,,
sw08utt/sw_0869_2871.utt,2/sw2871,2871,136,sd,A,69,1,That was good.  /,That/DT was/VBD good/JJ ./.,,
sw08utt/sw_0869_2871.utt,2/sw2871,2871,137,sd,A,69,2,"{F Uh, } God, I guess I haven't seen too many movies lately.  /","Uh/UH ,/, God/UH ,/, I/PRP guess/VBP I/PRP have/VBP n't/RB seen/VBN too/RB many/JJ movies/NNS lately/RB ./.",,
sw08utt/sw_0869_2871.utt,2/sw2871,2871,138,%,A,69,3,"I need to, -/","I/PRP need/VBP to/TO ,/,",,
sw08utt/sw_0869_2871.utt,2/sw2871,2871,139,sd,B,70,1,"I haven't seen a whole lot either,  /","I/PRP have/VBP n't/RB seen/VBN a/DT whole/JJ lot/NN either/DT ,/,",,
sw08utt/sw_0869_2871.utt,2/sw2871,2871,140,o@,B,70,2,"{C but } <throat_clearing>,","but/CC ,/,",,
sw08utt/sw_0869_2871.utt,2/sw2871,2871,141,b,A,71,1,Yeah. /,Yeah/UH ./.,,
sw08utt/sw_0869_2871.utt,2/sw2871,2871,142,+@,B,72,1,I know I'm drawing a blank on what I've seen. /,I/PRP know/VBP I/PRP 'm/VBP drawing/VBG a/DT blank/NN on/IN what/WP I/PRP 've/VBP seen/VBN ./.,,
sw08utt/sw_0869_2871.utt,2/sw2871,2871,143,b,A,73,1,Uh-huh.  /,Uh-huh/UH ./.,,
sw08utt/sw_0869_2871.utt,2/sw2871,2871,144,%,A,73,2,"Somehow, - /","Somehow/RB ,/,",,
sw08utt/sw_0869_2871.utt,2/sw2871,2871,145,sd,A,73,3,"{E I mean } it's hard for me to get to movies now because it's getting so expensive, {D you know, }  /","I/PRP mean/VBP it/PRP 's/BES hard/JJ for/IN me/PRP to/TO get/VB to/IN movies/NNS now/RB because/IN it/PRP 's/BES getting/VBG so/RB expensive/JJ ,/, you/PRP know/VBP ,/,",,
sw08utt/sw_0869_2871.utt,2/sw2871,2871,146,sd,A,73,4,"[ I'd, + I'd ] rather rent. /","I/PRP 'd/MD ,/, I/PRP 'd/MD rather/RB rent/VB ./.",,
sw08utt/sw_0869_2871.utt,2/sw2871,2871,147,ba,B,74,1,I know  /,I/PRP know/VBP,,
sw08utt/sw_0869_2871.utt,2/sw2871,2871,148,sd,B,74,2,"[ it's + <throat_clearing>, it's ] obnoxious,","it/PRP 's/BES ,/, it/PRP 's/BES obnoxious/JJ ,/,",,
sw08utt/sw_0869_2871.utt,2/sw2871,2871,149,b,A,75,1,Yeah. /,Yeah/UH ./.,,
sw08utt/sw_0869_2871.utt,2/sw2871,2871,150,+,B,76,1,"because you go in there and you spend six bucks a ticket,  /","because/IN you/PRP go/VBP in/IN there/RB and/CC you/PRP spend/VBP six/CD bucks/NNS a/DT ticket/NN ,/,",,
sw08utt/sw_0869_2871.utt,2/sw2871,2871,151,sd,B,76,2,{C but } then you end up spending another six dollars on food. /,but/CC then/RB you/PRP end/VBP up/RP spending/VBG another/DT six/CD dollars/NNS on/IN food/NN ./.,,
sw08utt/sw_0869_2871.utt,2/sw2871,2871,152,b,A,77,1,Yeah  /,Yeah/UH,,
sw08utt/sw_0869_2871.utt,2/sw2871,2871,153,sd,A,77,2,"{C and } that's just for  [ a bok-, + ] a bucket of popcorn, {D you know. } /","and/CC that/DT 's/BES just/RB for/IN a/DT bok-/XX ,/, a/DT bucket/NN of/IN popcorn/NN ,/, you/PRP know/VBP ./.",,
sw08utt/sw_0869_2871.utt,2/sw2871,2871,154,^2,B,78,1,"{C And } a pop, {D you know, }  /","And/CC a/DT pop/NN ,/, you/PRP know/VBP ,/,",,
sw08utt/sw_0869_2871.utt,2/sw2871,2871,155,%,B,78,2,"{C so } [ it's, + it ] gets pretty, -/","so/RB it/PRP 's/BES ,/, it/PRP gets/VBZ pretty/RB ,/,",,
sw08utt/sw_0869_2871.utt,2/sw2871,2871,156,aa,A,79,1,"Yeah,  /","Yeah/UH ,/,",,
sw08utt/sw_0869_2871.utt,2/sw2871,2871,157,aa^r,A,79,2,"yeah,  /","yeah/UH ,/,",,
sw08utt/sw_0869_2871.utt,2/sw2871,2871,158,sd,A,79,3,"God forbid you should want something to drink with it,  /","God/NNP forbid/VB you/PRP should/MD want/VB something/NN to/TO drink/VB with/IN it/PRP ,/,",,
sw08utt/sw_0869_2871.utt,2/sw2871,2871,159,%,A,79,4,"{C but, } {F uh. } -/","but/CC ,/, uh/UH ./.",,
sw08utt/sw_0869_2871.utt,2/sw2871,2871,160,b,B,80,1,Yeah  /,Yeah/UH,,
sw08utt/sw_0869_2871.utt,2/sw2871,2871,161,%,B,80,2,"{D like } if I, - /","like/IN if/IN I/PRP ,/,",,
sw08utt/sw_0869_2871.utt,2/sw2871,2871,162,sd,B,80,3,"{C so } if I take a date,","so/RB if/IN I/PRP take/VBP a/DT date/NN ,/,",,
sw08utt/sw_0869_2871.utt,2/sw2871,2871,163,b,A,81,1,Uh-huh. /,Uh-huh/UH ./.,,
sw08utt/sw_0869_2871.utt,2/sw2871,2871,164,+,B,82,1,"[ it, + it ] cost me, {D you know, } twenty bucks, easy. /","it/PRP ,/, it/PRP cost/VBD me/PRP ,/, you/PRP know/VBP ,/, twenty/CD bucks/NNS ,/, easy/UH ./.",,
sw08utt/sw_0869_2871.utt,2/sw2871,2871,165,aa,A,83,1,"{F Oh, } yeah  /","Oh/UH ,/, yeah/UH",,
sw08utt/sw_0869_2871.utt,2/sw2871,2871,166,aa,A,83,2,easily. /,easily/UH ./.,,
sw08utt/sw_0869_2871.utt,2/sw2871,2871,167,h,B,84,1,"{C And, } {F uh, } I don't know. /","And/CC ,/, uh/UH ,/, I/PRP do/VBP n't/RB know/VB ./.",,
sw08utt/sw_0869_2871.utt,2/sw2871,2871,168,sv,A,85,1,"{C And } [ you're usually going to do, + you're usually going to ] [ go  to a dinner, + go to dinner ] or something with that. /","And/CC you/PRP 're/VBP usually/RB going/VBG to/TO do/VB ,/, you/PRP 're/VBP usually/RB going/VBG to/TO go/VB to/IN a/DT dinner/NN ,/, go/VB to/IN dinner/NN or/CC something/NN with/IN that/DT ./.",,
sw08utt/sw_0869_2871.utt,2/sw2871,2871,169,sd,B,86,1,"I was going to say, [ you, + {D you know, } you ] can find certain restaurants that are nice,","I/PRP was/VBD going/VBG to/TO say/VB ,/, you/PRP ,/, you/PRP know/VBP ,/, you/PRP can/MD find/VB certain/JJ restaurants/NNS that/WDT are/VBP nice/JJ ,/,",,
sw08utt/sw_0869_2871.utt,2/sw2871,2871,170,b,A,87,1,Yeah. /,Yeah/UH ./.,,
sw08utt/sw_0869_2871.utt,2/sw2871,2871,171,+,B,88,1,"and have good food [ for ea-, +  eat ] for thirty dollars. /","and/CC have/VBP good/JJ food/NN for/IN ea-/XX ,/, eat/VB for/IN thirty/CD dollars/NNS ./.",,
sw08utt/sw_0869_2871.utt,2/sw2871,2871,172,sv,A,89,1,"It's almost more fun {D really, }  /","It/PRP 's/BES almost/RB more/JJR fun/NN really/UH ,/,",,
sw08utt/sw_0869_2871.utt,2/sw2871,2871,173,%,A,89,2,"yeah,  /","yeah/UH ,/,",,
sw08utt/sw_0869_2871.utt,2/sw2871,2871,174,sv,A,89,3,"it's almost more fun really to rent movies.  {D You know, } just kind of stay at home, maybe. /","it/PRP 's/BES almost/RB more/JJR fun/NN really/RB to/TO rent/VB movies/NNS ./. You/PRP know/VBP ,/, just/RB kind/RB of/RB stay/VB at/IN home/NN ,/, maybe/RB ./.",,
sw08utt/sw_0869_2871.utt,2/sw2871,2871,175,b,B,90,1,"Yeah,  /","Yeah/UH ,/,",,
sw08utt/sw_0869_2871.utt,2/sw2871,2871,176,sv,B,90,2,the problem is you always have to wait until they're out. /,the/DT problem/NN is/VBZ you/PRP always/RB have/VBP to/TO wait/VB until/IN they/PRP 're/VBP out/RB ./.,,
sw08utt/sw_0869_2871.utt,2/sw2871,2871,177,aa,A,91,1,"Yeah,  /","Yeah/UH ,/,",,
sw08utt/sw_0869_2871.utt,2/sw2871,2871,178,aa,A,91,2,that's true too. /,that/DT 's/BES true/JJ too/RB ./.,,
sw08utt/sw_0869_2871.utt,2/sw2871,2871,179,sv,B,92,1,"{C So } that's what [ you're, + you're, ] {F uh, } dealing with. /","So/RB that/DT 's/BES what/WP you/PRP 're/VBP ,/, you/PRP 're/VBP ,/, uh/UH ,/, dealing/VBG with/IN ./.",,
sw08utt/sw_0869_2871.utt,2/sw2871,2871,180,b,A,93,1,"Yeah,  /","Yeah/UH ,/,",,
sw08utt/sw_0869_2871.utt,2/sw2871,2871,181,sd,A,93,2,"{C but } then you can make your popcorn and {D you know, } be comfortable. /","but/CC then/RB you/PRP can/MD make/VB your/PRP$ popcorn/NN and/CC you/PRP know/VBP ,/, be/VB comfortable/JJ ./.",,
sw08utt/sw_0869_2871.utt,2/sw2871,2871,182,aa,B,94,1,"That's true,  /","That/DT 's/BES true/JJ ,/,",,
sw08utt/sw_0869_2871.utt,2/sw2871,2871,183,aa^r,B,94,2,that is true. /,that/DT is/VBZ true/JJ ./.,,
sw08utt/sw_0869_2871.utt,2/sw2871,2871,184,b,A,95,1,Uh-huh. /,Uh-huh/UH ./.,,
sw08utt/sw_0869_2871.utt,2/sw2871,2871,185,%,B,96,1,{D Well. } -/,Well/UH ./.,,
sw08utt/sw_0869_2871.utt,2/sw2871,2871,186,sd,A,97,1,{D Well } that's about all the movies I've seen recently <laughter>. /,Well/UH that/DT 's/BES about/RB all/PDT the/DT movies/NNS I/PRP 've/VBP seen/VBN recently/RB ./.,,
sw08utt/sw_0869_2871.utt,2/sw2871,2871,187,sd,B,98,1,"I ought to open the paper here because I know I've seen a few that [ have, + have ] played.  /","I/PRP ought/MD to/TO open/VB the/DT paper/NN here/RB because/IN I/PRP know/VBP I/PRP 've/VBP seen/VBN a/DT few/JJ that/WDT have/VBP ,/, have/VBP played/VBN ./.",,
sw08utt/sw_0869_2871.utt,2/sw2871,2871,188,sd,B,98,2,"{C But, } {F um, } <<pause>> I just can't come up with any names here, /","But/CC ,/, um/UH ,/, I/PRP just/RB ca/MD n't/RB come/VB up/RP with/IN any/DT names/NNS here/RB ,/,",,
sw08utt/sw_0869_2871.utt,2/sw2871,2871,189,b,A,99,1,Uh-huh. /,Uh-huh/UH ./.,,
sw08utt/sw_0869_2871.utt,2/sw2871,2871,190,sd,B,100,1,"[ haven't, haven't ] been to one for a little while,  /","have/VBP n't/RB ,/, have/VB n't/RB been/VBN to/IN one/CD for/IN a/DT little/JJ while/IN ,/,",,
sw08utt/sw_0869_2871.utt,2/sw2871,2871,191,sd,B,100,2,"{C but, } {F um. }  Did you ever see KINDERGARTEN COP? /","but/CC ,/, um/UH ./. Did/VBD you/PRP ever/RB see/VBP KINDERGARTEN/NN COP/NN ?/.",,
sw08utt/sw_0869_2871.utt,2/sw2871,2871,192,nn,A,101,1,"No,  /","No/UH ,/,",,
sw08utt/sw_0869_2871.utt,2/sw2871,2871,193,sd^e,A,101,2,I never did. /,I/PRP never/RB did/VBD ./.,,
sw08utt/sw_0869_2871.utt,2/sw2871,2871,194,sd,B,102,1,That was pretty good. /,That/DT was/VBD pretty/RB good/JJ ./.,,
sw08utt/sw_0869_2871.utt,2/sw2871,2871,195,qy,A,103,1,Was that Arnold Schwarzenegger? /,Was/VBD that/DT Arnold/NNP Schwarzenegger/NNP ?/.,,
sw08utt/sw_0869_2871.utt,2/sw2871,2871,196,ny,B,104,1,"Yeah,  /","Yeah/UH ,/,",,
sw08utt/sw_0869_2871.utt,2/sw2871,2871,197,ny,B,104,2,uh-huh. /,uh-huh/UH ./.,,
sw08utt/sw_0869_2871.utt,2/sw2871,2871,198,b,A,105,1,"Yeah,  /","Yeah/UH ,/,",,
sw08utt/sw_0869_2871.utt,2/sw2871,2871,199,b^r,A,105,2,yeah. /,yeah/UH ./.,,
sw08utt/sw_0869_2871.utt,2/sw2871,2871,200,%,B,106,1,"{C But, } {F um. } -/","But/CC ,/, um/UH ./.",,
sw08utt/sw_0869_2871.utt,2/sw2871,2871,201,sd,A,107,1,"There's a movie I do want to see, {F uh, }  /","There/EX 's/BES a/DT movie/NN I/PRP do/VBP want/VB to/TO see/VB ,/, uh/UH ,/,",,
sw08utt/sw_0869_2871.utt,2/sw2871,2871,202,sd,A,107,2,"I haven't seen it,  /","I/PRP have/VBP n't/RB seen/VBN it/PRP ,/,",,
sw08utt/sw_0869_2871.utt,2/sw2871,2871,203,t1,A,107,3,"what is it, {F oh, } /","what/WP is/VBZ it/PRP ,/, oh/UH ,/,",,
sw08utt/sw_0869_2871.utt,2/sw2871,2871,204,%,B,108,1,"Oka-, -/","Oka-/XX ,/,",,
sw08utt/sw_0869_2871.utt,2/sw2871,2871,205,sd,A,109,1,KISS BEFORE DYING. /,KISS/VB BEFORE/RB DYING/VBG ./.,,
sw08utt/sw_0869_2871.utt,2/sw2871,2871,206,b,B,110,1,"Yeah,  /","Yeah/UH ,/,",,
sw08utt/sw_0869_2871.utt,2/sw2871,2871,207,qw,B,110,2,whose in that? /,whose/WP$ in/IN that/DT ?/.,,
sw08utt/sw_0869_2871.utt,2/sw2871,2871,208,sd,A,111,1,"[ It looks, + it looks ] pretty suspenseful. /","It/PRP looks/VBZ ,/, it/PRP looks/VBZ pretty/RB suspenseful/JJ ./.",,
sw08utt/sw_0869_2871.utt,2/sw2871,2871,209,b,B,112,1,Uh-huh.  /,Uh-huh/UH ./.,,
sw08utt/sw_0869_2871.utt,2/sw2871,2871,210,sd,B,112,2,Another one I saw is called the OBJECT OF BEAUTY.  /,Another/DT one/CD I/PRP saw/VBD is/VBZ called/VBN the/DT OBJECT/NN OF/IN BEAUTY/NN ./.,,
sw08utt/sw_0869_2871.utt,2/sw2871,2871,211,sd,B,112,3,"I don't [ re-, + recommend ] that,","I/PRP do/VBP n't/RB re-/XX ,/, recommend/VB that/DT ,/,",,
sw08utt/sw_0869_2871.utt,2/sw2871,2871,212,x,A,113,1,<Clicking>.,,,
sw08utt/sw_0869_2871.utt,2/sw2871,2871,213,+,B,114,1,"as much as, {F uh, } DEFENDING YOUR LIFE,  /","as/RB much/JJ as/IN ,/, uh/UH ,/, DEFENDING/VBG YOUR/PRP$ LIFE/NN ,/,",,
sw08utt/sw_0869_2871.utt,2/sw2871,2871,214,sd,B,114,2,"{C but, } [ it was, + it was ] all right, kind of funny.  /","but/CC ,/, it/PRP was/VBD ,/, it/PRP was/VBD all/RB right/JJ ,/, kind/RB of/RB funny/JJ ./.",,
sw08utt/sw_0869_2871.utt,2/sw2871,2871,215,qh,B,114,3,"<<pause>>  {F Um, } {C but, } {F um, } what else has been on and about. /","Um/UH ,/, but/CC ,/, um/UH ,/, what/WP else/RB has/VBZ been/VBN on/RB and/CC about/RB ./.",,
sw08utt/sw_0869_2871.utt,2/sw2871,2871,216,qy,A,115,1,Are you looking in the paper? /,Are/VBP you/PRP looking/VBG in/IN the/DT paper/NN ?/.,,
sw08utt/sw_0869_2871.utt,2/sw2871,2871,217,ny,B,116,1,Yeah. /,Yeah/UH ./.,,
sw08utt/sw_0869_2871.utt,2/sw2871,2871,218,b,A,117,1,Oh. /,Oh/UH ./.,,
sw08utt/sw_0869_2871.utt,2/sw2871,2871,219,sd,B,118,1,"I'm trying to, - /","I/PRP 'm/VBP trying/VBG to/TO ,/,",,
sw08utt/sw_0869_2871.utt,2/sw2871,2871,220,sd,B,118,2,"I wanted to get to the SILENCE OF THE LAMBS,  /","I/PRP wanted/VBD to/TO get/VB to/IN the/DT SILENCE/NN OF/IN THE/DT LAMBS/NNS ,/,",,
sw08utt/sw_0869_2871.utt,2/sw2871,2871,221,sd,B,118,3,"I hear that, -/","I/PRP hear/VBP that/DT ,/,",,
sw08utt/sw_0869_2871.utt,2/sw2871,2871,222,b,A,119,1,"{F Oh, } yeah,  /","Oh/UH ,/, yeah/UH ,/,",,
sw08utt/sw_0869_2871.utt,2/sw2871,2871,223,sd,A,119,2,that was great. /,that/DT was/VBD great/JJ ./.,,
sw08utt/sw_0869_2871.utt,2/sw2871,2871,224,qy,B,120,1,"{F Oh, } did you see that? /","Oh/UH ,/, did/VBD you/PRP see/VBP that/DT ?/.",,
sw08utt/sw_0869_2871.utt,2/sw2871,2871,225,ny,A,121,1,"Yes,  /","Yes/UH ,/,",,
sw08utt/sw_0869_2871.utt,2/sw2871,2871,226,sd^e,A,121,2,"[ [ that was, + that, ] + that ] might be one of my all time favorites too,  /","that/DT was/VBD ,/, that/DT ,/, that/DT might/MD be/VB one/CD of/IN my/PRP$ all/DT time/NN favorites/NNS too/RB ,/,",,
sw08utt/sw_0869_2871.utt,2/sw2871,2871,227,sd,A,121,3,that was an excellent movie.  /,that/DT was/VBD an/DT excellent/JJ movie/NN ./.,,
sw08utt/sw_0869_2871.utt,2/sw2871,2871,228,sd,A,121,4,"It was pretty scary because I was visiting a V A Hospital, {F uh, } near to where I live  /","It/PRP was/VBD pretty/RB scary/JJ because/IN I/PRP was/VBD visiting/VBG a/DT V/NNP A/NNP Hospital/NNP ,/, uh/UH ,/, near/RB to/IN where/WRB I/PRP live/VBP",,
sw08utt/sw_0869_2871.utt,2/sw2871,2871,229,sd,A,121,5,"{C and } they were saying that some of the patients there, you can't leave by themselves, because they'll make a weapon out of anything, {D you know, }  /","and/CC they/PRP were/VBD saying/VBG that/IN some/DT of/IN the/DT patients/NNS there/RB ,/, you/PRP ca/MD n't/RB leave/VB by/IN themselves/PRP ,/, because/IN they/PRP 'll/MD make/VB a/DT weapon/NN out/RP of/IN anything/NN ,/, you/PRP know/VBP ,/,",,
sw08utt/sw_0869_2871.utt,2/sw2871,2871,230,sd,A,121,6,"out of a piece of paper, they can kill somebody, {D you know. } /","out/RP of/IN a/DT piece/NN of/IN paper/NN ,/, they/PRP can/MD kill/VB somebody/NN ,/, you/PRP know/VBP ./.",,
sw08utt/sw_0869_2871.utt,2/sw2871,2871,231,b,B,122,1,Uh-huh. /,Uh-huh/UH ./.,,
sw08utt/sw_0869_2871.utt,2/sw2871,2871,232,sd,A,123,1,"{C And } this guy in SILENCE OF THE LAMBS Hannibal Lector, [ he was, + he was ] that kind of person,  /","And/CC this/DT guy/NN in/IN SILENCE/NN OF/IN THE/DT LAMBS/NNS Hannibal/NNP Lector/NNP ,/, he/PRP was/VBD ,/, he/PRP was/VBD that/DT kind/NN of/IN person/NN ,/,",,
sw08utt/sw_0869_2871.utt,2/sw2871,2871,233,%,A,123,2,"{C and } you, - /","and/CC you/PRP ,/,",,
sw08utt/sw_0869_2871.utt,2/sw2871,2871,234,sd,A,123,3,they couldn't leave him alone  /,they/PRP could/MD n't/RB leave/VB him/PRP alone/RB,,
sw08utt/sw_0869_2871.utt,2/sw2871,2871,235,sd@,A,123,4,"{C and } [ that's, + that's ] what was so scary about the movie, {D you know. }","and/CC that/DT 's/BES ,/, that/DT 's/BES what/WP was/VBD so/RB scary/JJ about/IN the/DT movie/NN ,/, you/PRP know/VBP ./.",,
sw08utt/sw_0869_2871.utt,2/sw2871,2871,236,b,B,124,1,Uh-huh. /,Uh-huh/UH ./.,,
sw08utt/sw_0869_2871.utt,2/sw2871,2871,237,+@,A,125,1,"Because he was such an awesome character, {D you know, }  /","Because/IN he/PRP was/VBD such/PDT an/DT awesome/JJ character/NN ,/, you/PRP know/VBP ,/,",,
sw08utt/sw_0869_2871.utt,2/sw2871,2871,238,sd,A,125,2,"[ it was, + it was ] really fas-, - /","it/PRP was/VBD ,/, it/PRP was/VBD really/RB fas-/XX ,/,",,
sw08utt/sw_0869_2871.utt,2/sw2871,2871,239,sd,A,125,3,"he was very dangerous,  /","he/PRP was/VBD very/RB dangerous/JJ ,/,",,
sw08utt/sw_0869_2871.utt,2/sw2871,2871,240,sd,A,125,4,{C but } you were kind of on his side because he was so fascinating. /,but/CC you/PRP were/VBD kind/RB of/RB on/IN his/PRP$ side/NN because/IN he/PRP was/VBD so/RB fascinating/JJ ./.,,
sw08utt/sw_0869_2871.utt,2/sw2871,2871,241,b,B,126,1,Huh. /,Huh/UH ./.,,
sw08utt/sw_0869_2871.utt,2/sw2871,2871,242,sd,A,127,1,"[ {C But, } + {C but } ] they couldn't leave him alone at all.  /","But/CC ,/, but/CC they/PRP could/MD n't/RB leave/VB him/PRP alone/RB at/IN all/DT ./.",,
sw08utt/sw_0869_2871.utt,2/sw2871,2871,243,sd,A,127,2,"{C And } they found out what happened when they did leave him alone one time,  /","And/CC they/PRP found/VBD out/RP what/WP happened/VBD when/WRB they/PRP did/VBD leave/VB him/PRP alone/RB one/CD time/NN ,/,",,
sw08utt/sw_0869_2871.utt,2/sw2871,2871,244,sd,A,127,3,"{C but } I won't tell you that, just in case you see the movie. /","but/CC I/PRP wo/MD n't/RB tell/VB you/PRP that/DT ,/, just/RB in/IN case/NN you/PRP see/VBP the/DT movie/NN ./.",,
sw08utt/sw_0869_2871.utt,2/sw2871,2871,245,b,B,128,1,"Yeah,  /","Yeah/UH ,/,",,
sw08utt/sw_0869_2871.utt,2/sw2871,2871,246,sd,B,128,2,"I'll probably try [ to go se-, + to see ] it in a little while here. /","I/PRP 'll/MD probably/RB try/VB to/TO go/VB se-/XX ,/, to/TO see/VB it/PRP in/IN a/DT little/JJ while/IN here/RB ./.",,
sw08utt/sw_0869_2871.utt,2/sw2871,2871,247,b,A,129,1,"Uh-huh,  /","Uh-huh/UH ,/,",,
sw08utt/sw_0869_2871.utt,2/sw2871,2871,248,ba,A,129,2,{F oh } very good. /,oh/UH very/RB good/JJ ./.,,
sw08utt/sw_0869_2871.utt,2/sw2871,2871,249,sd,B,130,1,{C But } it's been out for a while. /,But/CC it/PRP 's/HVS been/VBN out/RB for/IN a/DT while/NN ./.,,
sw08utt/sw_0869_2871.utt,2/sw2871,2871,250,b,A,131,1,"{F Oh } yeah,  /","Oh/UH yeah/UH ,/,",,
sw08utt/sw_0869_2871.utt,2/sw2871,2871,251,b^r,A,131,2,{F oh } yeah.  /,oh/UH yeah/UH ./.,,
sw08utt/sw_0869_2871.utt,2/sw2871,2871,252,sd,A,131,3,"I'm not sure when it will be hitting video stores,  /","I/PRP 'm/VBP not/RB sure/JJ when/WRB it/PRP will/MD be/VB hitting/VBG video/NN stores/NNS ,/,",,
sw08utt/sw_0869_2871.utt,2/sw2871,2871,253,sd,A,131,4,"it should be a while yet, though. /","it/PRP should/MD be/VB a/DT while/NN yet/RB ,/, though/RB ./.",,
sw08utt/sw_0869_2871.utt,2/sw2871,2871,254,qy,B,132,1,"Have you heard anything on, {D like, } OUT FOR JUSTICE. /","Have/VBP you/PRP heard/VBD anything/NN on/IN ,/, like/IN ,/, OUT/RB FOR/IN JUSTICE/NN ./.",,
sw08utt/sw_0869_2871.utt,2/sw2871,2871,255,ng,A,133,1,"{F Oh, } I haven't heard anything about it.  /","Oh/UH ,/, I/PRP have/VBP n't/RB heard/VBN anything/NN about/IN it/PRP ./.",,
sw08utt/sw_0869_2871.utt,2/sw2871,2871,256,%,A,133,2,"I, - /","I/PRP ,/,",,
sw08utt/sw_0869_2871.utt,2/sw2871,2871,257,sd,A,133,3,"{C but } I don't like Steven Seagal things, {F uh, }  /","but/CC I/PRP do/VBP n't/RB like/IN Steven/NNP Seagal/NNP things/NNS ,/, uh/UH ,/,",,
sw08utt/sw_0869_2871.utt,2/sw2871,2871,258,%,A,133,4,<laughter> {C so. } -/,so/RB ./.,,
sw08utt/sw_0869_2871.utt,2/sw2871,2871,259,qy,B,134,1,"[ Has he had, + has he had ] very many other movies out? /","Has/VBZ he/PRP had/VBN ,/, has/VBZ he/PRP had/VBN very/RB many/JJ other/JJ movies/NNS out/RB ?/.",,
sw08utt/sw_0869_2871.utt,2/sw2871,2871,260,na,A,135,1,He's had OUT FOR JUSTICE  /,He/PRP 's/HVS had/VBN OUT/RB FOR/IN JUSTICE/NN,,
sw08utt/sw_0869_2871.utt,2/sw2871,2871,261,sd,A,135,2,{C and } there was one right before that with a similar title - /,and/CC there/EX was/VBD one/CD right/RB before/IN that/DT with/IN a/DT similar/JJ title/NN,,
sw08utt/sw_0869_2871.utt,2/sw2871,2871,262,sd,A,135,3,"{D like, } {F uh, } [ I don't know some, + I don't know, some ] macho title.  /","like/IN ,/, uh/UH ,/, I/PRP do/VBP n't/RB know/VB some/DT ,/, I/PRP do/VBP n't/RB know/VB ,/, some/DT macho/JJ title/NN ./.",,
sw08utt/sw_0869_2871.utt,2/sw2871,2871,263,sd,A,135,4,"<laughter> That's why, [ I, +","That/DT 's/BES why/WRB ,/, I/PRP ,/,",,
sw08utt/sw_0869_2871.utt,2/sw2871,2871,264,bf,B,136,1,Because it's a macho movie. /,Because/IN it/PRP 's/BES a/DT macho/JJ movie/NN ./.,,
sw08utt/sw_0869_2871.utt,2/sw2871,2871,265,+,A,137,1,"I ] just don't like the, - /","I/PRP just/RB do/VBP n't/RB like/VB the/DT ,/,",,
sw08utt/sw_0869_2871.utt,2/sw2871,2871,266,%,A,137,2,"yeah,  /","yeah/UH ,/,",,
sw08utt/sw_0869_2871.utt,2/sw2871,2871,267,%,A,137,3,"it is, - /","it/PRP is/VBZ ,/,",,
sw08utt/sw_0869_2871.utt,2/sw2871,2871,268,sd,A,137,4,"[ I, + I ] don't like that a lot.  /","I/PRP ,/, I/PRP do/VBP n't/RB like/IN that/DT a/DT lot/NN ./.",,
sw08utt/sw_0869_2871.utt,2/sw2871,2871,269,sd,A,137,5,I don't watch a lot of Arnold Schwarzenegger or anything like that either. /,I/PRP do/VBP n't/RB watch/VB a/DT lot/NN of/IN Arnold/NNP Schwarzenegger/NNP or/CC anything/NN like/IN that/DT either/RB ./.,,
sw08utt/sw_0869_2871.utt,2/sw2871,2871,270,sd,B,138,1,Speaking of that I think TERMINATOR TWO is supposed to be out. /,Speaking/VBG of/IN that/DT I/PRP think/VBP TERMINATOR/NN TWO/CD is/VBZ supposed/VBN to/TO be/VB out/RB ./.,,
sw08utt/sw_0869_2871.utt,2/sw2871,2871,271,b,A,139,1,"Yeah,  /","Yeah/UH ,/,",,
sw08utt/sw_0869_2871.utt,2/sw2871,2871,272,b^r,A,139,2,"yeah,  /","yeah/UH ,/,",,
sw08utt/sw_0869_2871.utt,2/sw2871,2871,273,sd,A,139,3,"that might be good, though,  /","that/DT might/MD be/VB good/JJ ,/, though/RB ,/,",,
sw08utt/sw_0869_2871.utt,2/sw2871,2871,274,sd^r,A,139,4,that might be good. /,that/DT might/MD be/VB good/JJ ./.,,
sw08utt/sw_0869_2871.utt,2/sw2871,2871,275,h,B,140,1,"I don't know,  /","I/PRP do/VBP n't/RB know/VB ,/,",,
sw08utt/sw_0869_2871.utt,2/sw2871,2871,276,sd,B,140,2,"I've enjoyed a lot of his movies, /","I/PRP 've/VBP enjoyed/VBN a/DT lot/NN of/IN his/PRP$ movies/NNS ,/,",,
sw08utt/sw_0869_2871.utt,2/sw2871,2871,277,b,A,141,1,Uh-huh. /,Uh-huh/UH ./.,,
sw08utt/sw_0869_2871.utt,2/sw2871,2871,278,sd,B,142,1,"{F uh, } [ they just, + they're ] action filled, and a little bit of humor, /","uh/UH ,/, they/PRP just/RB ,/, they/PRP 're/VBP action/NN filled/JJ ,/, and/CC a/DT little/JJ bit/NN of/IN humor/NN ,/,",,
sw08utt/sw_0869_2871.utt,2/sw2871,2871,279,b,A,143,1,"Uh-huh,  /","Uh-huh/UH ,/,",,
sw08utt/sw_0869_2871.utt,2/sw2871,2871,280,b^r,A,143,2,uh-huh. /,uh-huh/UH ./.,,
sw08utt/sw_0869_2871.utt,2/sw2871,2871,281,%,B,144,1,"{C and, } {F uh. } -/","and/CC ,/, uh/UH ./.",,
sw08utt/sw_0869_2871.utt,2/sw2871,2871,282,sd,A,145,1,"I guess, I'm not fond of the action packed movie,","I/PRP guess/VBP ,/, I/PRP 'm/VBP not/RB fond/VB of/IN the/DT action/NN packed/JJ movie/NN ,/,",,
sw08utt/sw_0869_2871.utt,2/sw2871,2871,283,x,B,146,1,<Laughter>.,,,
sw08utt/sw_0869_2871.utt,2/sw2871,2871,284,+,A,147,1,"where they're always chasing or  fighting,  /","where/WRB they/PRP 're/VBP always/RB chasing/VBG or/CC fighting/VBG ,/,",,
sw08utt/sw_0869_2871.utt,2/sw2871,2871,285,sd,A,147,2,"{C or, } {D you know, } -/","or/CC ,/, you/PRP know/VBP ,/,",,
sw08utt/sw_0869_2871.utt,2/sw2871,2871,286,b,B,148,1,Yeah. /,Yeah/UH ./.,,
sw08utt/sw_0869_2871.utt,2/sw2871,2871,287,sd,A,149,1,"I like the [ more, + ] movies that make you think. /","I/PRP like/VBP the/DT more/JJR ,/, movies/NNS that/WDT make/VBP you/PRP think/VBP ./.",,
sw08utt/sw_0869_2871.utt,2/sw2871,2871,288,b,B,150,1,"Yeah,  /","Yeah/UH ,/,",,
sw08utt/sw_0869_2871.utt,2/sw2871,2871,289,qy,B,150,2,"did you ever see, {F um, } {F um, } SLEEPING WITH THE ENEMY? /","did/VBD you/PRP ever/RB see/VBP ,/, um/UH ,/, um/UH ,/, SLEEPING/VBG WITH/IN THE/DT ENEMY/NN ?/.",,
sw08utt/sw_0869_2871.utt,2/sw2871,2871,290,nn,A,151,1,"No,  /","No/UH ,/,",,
sw08utt/sw_0869_2871.utt,2/sw2871,2871,291,sd^e,A,151,2,"I haven't seen that yet,  /","I/PRP have/VBP n't/RB seen/VBN that/DT yet/RB ,/,",,
sw08utt/sw_0869_2871.utt,2/sw2871,2871,292,sd,A,151,3,{C and } that's something I really should have seen.  /,and/CC that/DT 's/BES something/NN I/PRP really/RB should/MD have/VB seen/VBN ./.,,
sw08utt/sw_0869_2871.utt,2/sw2871,2871,293,qy,A,151,4,"Was that good,  /","Was/VBD that/DT good/JJ ,/,",,
sw08utt/sw_0869_2871.utt,2/sw2871,2871,294,qy,A,151,5,did you see it? /,did/VBD you/PRP see/VBP it/PRP ?/.,,
sw08utt/sw_0869_2871.utt,2/sw2871,2871,295,ng,B,152,1,"[ I haven't, + I haven't ] heard much lately. /","I/PRP have/VBP n't/RB ,/, I/PRP have/VBP n't/RB heard/VBN much/JJ lately/RB ./.",,
sw08utt/sw_0869_2871.utt,2/sw2871,2871,296,b,A,153,1,Uh-huh. /,Uh-huh/UH ./.,,
sw08utt/sw_0869_2871.utt,2/sw2871,2871,297,sd,B,154,1,I just remember when it first came out that it had kind of mixed reviews. /,I/PRP just/RB remember/VBP when/WRB it/PRP first/JJ came/VBD out/RP that/IN it/PRP had/VBD kind/RB of/RB mixed/JJ reviews/NNS ./.,,
sw08utt/sw_0869_2871.utt,2/sw2871,2871,298,b,A,155,1,"Yeah,  /","Yeah/UH ,/,",,
sw08utt/sw_0869_2871.utt,2/sw2871,2871,299,sd,A,155,2,a friend of mine saw it  /,a/DT friend/NN of/IN mine/PRP saw/VBD it/PRP,,
sw08utt/sw_0869_2871.utt,2/sw2871,2871,300,sd,A,155,3,"{C and } she said it was okay,","and/CC she/PRP said/VBD it/PRP was/VBD okay/JJ ,/,",,
sw08utt/sw_0869_2871.utt,2/sw2871,2871,301,b,B,156,1,Yeah. /,Yeah/UH ./.,,
sw08utt/sw_0869_2871.utt,2/sw2871,2871,302,+,A,157,1,"{D you know, }  /","you/PRP know/VBP ,/,",,
sw08utt/sw_0869_2871.utt,2/sw2871,2871,303,sd,A,157,2,it wasn't anything spectacular. /,it/PRP was/VBD n't/RB anything/NN spectacular/JJ ./.,,
sw08utt/sw_0869_2871.utt,2/sw2871,2871,304,sv,B,158,1,"You expect more out of, {F uh, } Julia Roberts, though. /","You/PRP expect/VBP more/JJR out/RP of/IN ,/, uh/UH ,/, Julia/NNP Roberts/NNP ,/, though/RB ./.",,
sw08utt/sw_0869_2871.utt,2/sw2871,2871,305,b,A,159,1,"Yeah,  /","Yeah/UH ,/,",,
sw08utt/sw_0869_2871.utt,2/sw2871,2871,306,sd,A,159,2,the previews looked so good <<pause>> that I wanted to see it  /,the/DT previews/NNS looked/VBD so/RB good/JJ that/IN I/PRP wanted/VBD to/TO see/VB it/PRP,,
sw08utt/sw_0869_2871.utt,2/sw2871,2871,307,sd,A,159,3,"{C but } I never did, {F uh. } /","but/CC I/PRP never/RB did/VBD ,/, uh/UH ./.",,
sw08utt/sw_0869_2871.utt,2/sw2871,2871,308,qy,B,160,1,Did you ever see the original F X movie. /,Did/VBD you/PRP ever/RB see/VBP the/DT original/JJ F/NNP X/NNP movie/NN ./.,,
sw08utt/sw_0869_2871.utt,2/sw2871,2871,309,ny,A,161,1,"Yea-, - /","Yea-/XX ,/,",,
sw08utt/sw_0869_2871.utt,2/sw2871,2871,310,sd^e,A,161,2,"{D well } I saw half of it,  /","well/UH I/PRP saw/VBD half/JJ of/IN it/PRP ,/,",,
sw08utt/sw_0869_2871.utt,2/sw2871,2871,311,sd,A,161,3,"{C and } I remember I was in school, I saw half of it  /","and/CC I/PRP remember/VBP I/PRP was/VBD in/IN school/NN ,/, I/PRP saw/VBD half/JJ of/IN it/PRP",,
sw08utt/sw_0869_2871.utt,2/sw2871,2871,312,sd,A,161,4,{C and } I fell asleep  /,and/CC I/PRP fell/VBD asleep/RB,,
sw08utt/sw_0869_2871.utt,2/sw2871,2871,313,sd,A,161,5,{C and } everyone else watched it <laughter>. /,and/CC everyone/NN else/RB watched/VBD it/PRP ./.,,
sw08utt/sw_0869_2871.utt,2/sw2871,2871,314,bk,B,162,1,"<Throat_clearing>  {F Oh, } okay,  /","Oh/UH ,/, okay/UH ,/,",,
sw08utt/sw_0869_2871.utt,2/sw2871,2871,315,sd,B,162,2,"because I was going to say I always enjoyed that,  /","because/IN I/PRP was/VBD going/VBG to/TO say/VB I/PRP always/RB enjoyed/VBD that/DT ,/,",,
sw08utt/sw_0869_2871.utt,2/sw2871,2871,316,sd,B,162,3,"[ [ I, + I, ] + {F uh, } I ] remember that movie, /","I/PRP ,/, I/PRP ,/, uh/UH ,/, I/PRP remember/VBP that/DT movie/NN ,/,",,
sw08utt/sw_0869_2871.utt,2/sw2871,2871,317,b,A,163,1,"Uh-huh,  /","Uh-huh/UH ,/,",,
sw08utt/sw_0869_2871.utt,2/sw2871,2871,318,b^r,A,163,2,uh-huh. /,uh-huh/UH ./.,,
sw08utt/sw_0869_2871.utt,2/sw2871,2871,319,%,B,164,1,"{C and, } {F uh, } it was, - /","and/CC ,/, uh/UH ,/, it/PRP was/VBD ,/,",,
sw08utt/sw_0869_2871.utt,2/sw2871,2871,320,sd,B,164,2,"{E I mean } I got in to it,  /","I/PRP mean/VBP I/PRP got/VBD in/IN to/IN it/PRP ,/,",,
sw08utt/sw_0869_2871.utt,2/sw2871,2871,321,o@,B,164,3,"{C and, } {F uh, }","and/CC ,/, uh/UH ,/,",,
sw08utt/sw_0869_2871.utt,2/sw2871,2871,322,b,A,165,1,Yeah. /,Yeah/UH ./.,,
sw08utt/sw_0869_2871.utt,2/sw2871,2871,323,+@,B,166,1,"they have [ F, + F ] X TWO out,  /","they/PRP have/VBP F/NNP ,/, F/NNP X/NNP TWO/CD out/RB ,/,",,
sw08utt/sw_0869_2871.utt,2/sw2871,2871,324,%,B,166,2,"I don't know if, -/","I/PRP do/VBP n't/RB know/VB if/IN ,/,",,
sw08utt/sw_0869_2871.utt,2/sw2871,2871,325,b,A,167,1,"Yeah,  /","Yeah/UH ,/,",,
sw08utt/sw_0869_2871.utt,2/sw2871,2871,326,b^r,A,167,2,"yeah,  /","yeah/UH ,/,",,
sw08utt/sw_0869_2871.utt,2/sw2871,2871,327,sd,A,167,3,"I really need to go see the original one,  /","I/PRP really/RB need/VBP to/TO go/VB see/VB the/DT original/JJ one/CD ,/,",,
sw08utt/sw_0869_2871.utt,2/sw2871,2871,328,sd,A,167,4,"I'm sure it was a good movie,  /","I/PRP 'm/VBP sure/JJ it/PRP was/VBD a/DT good/JJ movie/NN ,/,",,
sw08utt/sw_0869_2871.utt,2/sw2871,2871,329,sd,A,167,5,"[ I just, + I ] probably had a test that day, or something,  /","I/PRP just/RB ,/, I/PRP probably/RB had/VBD a/DT test/NN that/DT day/NN ,/, or/CC something/NN ,/,",,
sw08utt/sw_0869_2871.utt,2/sw2871,2871,330,h,A,167,6,I don't know. /,I/PRP do/VBP n't/RB know/VB ./.,,
sw08utt/sw_0869_2871.utt,2/sw2871,2871,331,b,B,168,1,"Yeah,  /","Yeah/UH ,/,",,
sw08utt/sw_0869_2871.utt,2/sw2871,2871,332,sd,B,168,2,"it was one of those that has a lot of twists in it, /","it/PRP was/VBD one/CD of/IN those/DT that/WDT has/VBZ a/DT lot/NN of/IN twists/NNS in/IN it/PRP ,/,",,
sw08utt/sw_0869_2871.utt,2/sw2871,2871,333,b,A,169,1,Yeah. /,Yeah/UH ./.,,
sw08utt/sw_0869_2871.utt,2/sw2871,2871,334,b,B,170,1,"yeah,  /","yeah/UH ,/,",,
sw08utt/sw_0869_2871.utt,2/sw2871,2871,335,%,B,170,2,"[ [ [ it's, + it's, ] + it's, ] + it's, ] {F uh, } - /","it/PRP 's/BES ,/, it/PRP 's/BES ,/, it/PRP 's/BES ,/, it/PRP 's/BES ,/, uh/UH ,/,",,
sw08utt/sw_0869_2871.utt,2/sw2871,2871,336,sd,B,170,3,"I can't put it exactly on the lines of the JAGGED EDGE,  /","I/PRP ca/MD n't/RB put/VB it/PRP exactly/RB on/IN the/DT lines/NNS of/IN the/DT JAGGED/JJ EDGE/NN ,/,",,
sw08utt/sw_0869_2871.utt,2/sw2871,2871,337,o@,B,170,4,"{C but } it, {D you know, }","but/CC it/PRP ,/, you/PRP know/VBP ,/,",,
sw08utt/sw_0869_2871.utt,2/sw2871,2871,338,b,A,171,1,"Uh-huh,  /","Uh-huh/UH ,/,",,
sw08utt/sw_0869_2871.utt,2/sw2871,2871,339,%,A,171,2,yeah. /,yeah/UH ./.,,
sw08utt/sw_0869_2871.utt,2/sw2871,2871,340,+@,B,172,1,"kind of on that end, {D you know, }  /","kind/RB of/RB on/IN that/DT end/NN ,/, you/PRP know/VBP ,/,",,
sw08utt/sw_0869_2871.utt,2/sw2871,2871,341,sd,B,172,2,you get these twists  /,you/PRP get/VBP these/DT twists/NNS,,
sw08utt/sw_0869_2871.utt,2/sw2871,2871,342,sd,B,172,3,"{C and, } it's usually pretty good,  /","and/CC ,/, it/PRP 's/BES usually/RB pretty/RB good/JJ ,/,",,
sw08utt/sw_0869_2871.utt,2/sw2871,2871,343,%,B,172,4,"{C but, } {F uh. } -/","but/CC ,/, uh/UH ./.",,
sw08utt/sw_0869_2871.utt,2/sw2871,2871,344,sv,A,173,1,"[ I think, + I think ] though, that movies are losing their luster. /","I/PRP think/VBP ,/, I/PRP think/VBP though/RB ,/, that/IN movies/NNS are/VBP losing/VBG their/PRP$ luster/NN ./.",,
sw08utt/sw_0869_2871.utt,2/sw2871,2871,345,br,B,174,1,What's that? /,What/WP 's/BES that/DT ?/.,,
sw08utt/sw_0869_2871.utt,2/sw2871,2871,346,sv^r,A,175,1,"I think movies are losing their attractiveness, just to a lot of people.  /","I/PRP think/VBP movies/NNS are/VBP losing/VBG their/PRP$ attractiveness/NN ,/, just/RB to/IN a/DT lot/NN of/IN people/NNS ./.",,
sw08utt/sw_0869_2871.utt,2/sw2871,2871,347,%,A,175,2,"Just, - /","Just/RB ,/,",,
sw08utt/sw_0869_2871.utt,2/sw2871,2871,348,%,A,175,3,"I think, - /","I/PRP think/VBP ,/,",,
sw08utt/sw_0869_2871.utt,2/sw2871,2871,349,h,A,175,4,"I don't know,  /","I/PRP do/VBP n't/RB know/VB ,/,",,
sw08utt/sw_0869_2871.utt,2/sw2871,2871,350,sd,A,175,5,because of the cost  /,because/IN of/IN the/DT cost/NN,,
sw08utt/sw_0869_2871.utt,2/sw2871,2871,351,sv,A,175,6,"{C and, } I think [ it, + it's ] just losing its originality or something.  /","and/CC ,/, I/PRP think/VBP it/PRP ,/, it/PRP 's/BES just/RB losing/VBG its/PRP$ originality/NN or/CC something/NN ./.",,
sw08utt/sw_0869_2871.utt,2/sw2871,2871,352,%,A,175,7,"I don't, - /","I/PRP do/VBP n't/RB ,/,",,
sw08utt/sw_0869_2871.utt,2/sw2871,2871,353,sd,A,175,8,"I can't [ pin, + pinpoint ] it. /","I/PRP ca/MD n't/RB pin/VB ,/, pinpoint/VB it/PRP ./.",,
sw08utt/sw_0869_2871.utt,2/sw2871,2871,354,b,B,176,1,"Yeah,  /","Yeah/UH ,/,",,
sw08utt/sw_0869_2871.utt,2/sw2871,2871,355,b^r,B,176,2,yeah  /,yeah/UH,,
sw08utt/sw_0869_2871.utt,2/sw2871.pos,2871,356,x,B,176,3,<throat_clearing>.,./.
sw08utt/sw_0869_2871.utt,2/sw2871,2871,357,sv,A,177,1,"{C But } it doesn't seem like it's as big, {F uh, } rage to get the movie theater as it used to be. /","But/CC it/PRP does/VBZ n't/RB seem/VB like/IN it/PRP 's/BES as/IN big/JJ ,/, uh/UH ,/, rage/NN to/TO get/VB the/DT movie/NN theater/NN as/IN it/PRP used/VBD to/TO be/VB ./.",,
sw08utt/sw_0869_2871.utt,2/sw2871,2871,358,aa,B,178,1,That's probably true.  /,That/DT 's/BES probably/RB true/JJ ./.,,
sw08utt/sw_0869_2871.utt,2/sw2871,2871,359,%,B,178,2,"[ [  I, + I, ] + I ] - /","I/PRP ,/, I/PRP ,/, I/PRP",,
sw08utt/sw_0869_2871.utt,2/sw2871,2871,360,sv,B,178,3,"just you see the same story lines, different characters  /","just/RB you/PRP see/VBP the/DT same/JJ story/NN lines/NNS ,/, different/JJ characters/NNS",,
sw08utt/sw_0869_2871.utt,2/sw2871,2871,361,o@,B,178,4,"{C and, }","and/CC ,/,",,
sw08utt/sw_0869_2871.utt,2/sw2871,2871,362,aa,A,179,1,"Uh-huh,  /","Uh-huh/UH ,/,",,
sw08utt/sw_0869_2871.utt,2/sw2871,2871,363,aa,A,179,2,"yeah,  /","yeah/UH ,/,",,
sw08utt/sw_0869_2871.utt,2/sw2871,2871,364,aa,A,179,3,exactly. /,exactly/UH ./.,,
sw08utt/sw_0869_2871.utt,2/sw2871,2871,365,+@,B,180,1,"{F um, } I don't know,  /","um/UH ,/, I/PRP do/VBP n't/RB know/VB ,/,",,
sw08utt/sw_0869_2871.utt,2/sw2871,2871,366,sd,B,180,2,"[ [ it's, + it's, ] + it's ] hard to say.  /","it/PRP 's/BES ,/, it/PRP 's/BES ,/, it/PRP 's/BES hard/JJ to/TO say/VB ./.",,
sw08utt/sw_0869_2871.utt,2/sw2871,2871,367,%,B,180,3,"An, - /","An/DT ,/,",,
sw08utt/sw_0869_2871.utt,2/sw2871,2871,368,%,B,180,4,"{C and } I know I don't, - /","and/CC I/PRP know/VBP I/PRP do/VBP n't/RB ,/,",,
sw08utt/sw_0869_2871.utt,2/sw2871,2871,369,sd,B,180,5,"{D you,  know, } I don't keep up with it,","you/PRP ,/, know/VBP ,/, I/PRP do/VBP n't/RB keep/VB up/RP with/IN it/PRP ,/,",,
sw08utt/sw_0869_2871.utt,2/sw2871,2871,370,b,A,181,1,Right. /,Right/UH ./.,,
sw08utt/sw_0869_2871.utt,2/sw2871,2871,371,+,B,182,1,{D you know. }  /,you/PRP know/VBP ./.,,
sw08utt/sw_0869_2871.utt,2/sw2871,2871,372,sd,B,182,2,"{C But, } {F uh, } I don't try to - /","But/CC ,/, uh/UH ,/, I/PRP do/VBP n't/RB try/VB to/TO",,
sw08utt/sw_0869_2871.utt,2/sw2871,2871,373,sd,B,182,3,"[ [ ju-, + ju-, ] + just ] for that reason, [ it is a, + it ] does cost a lot, /","ju-/XX ,/, ju-/XX ,/, just/RB for/IN that/DT reason/NN ,/, it/PRP is/VBZ a/DT ,/, it/PRP does/VBZ cost/VB a/DT lot/NN ,/,",,
sw08utt/sw_0869_2871.utt,2/sw2871,2871,374,b,A,183,1,Uh-huh. /,Uh-huh/UH ./.,,
sw08utt/sw_0869_2871.utt,2/sw2871,2871,375,qh,B,184,1,"{C so } why go out and see something right away, {D you know, }  /","so/RB why/WRB go/VB out/RB and/CC see/VB something/NN right/RB away/RB ,/, you/PRP know/VBP ,/,",,
sw08utt/sw_0869_2871.utt,2/sw2871,2871,376,sv,B,184,2,you kind of wait  /,you/PRP kind/RB of/RB wait/VBP,,
sw08utt/sw_0869_2871.utt,2/sw2871,2871,377,sv,B,184,3,"{C and } if something gets really good reviews, maybe you'd finally go spend the twelve bucks,","and/CC if/IN something/NN gets/VBZ really/RB good/JJ reviews/NNS ,/, maybe/RB you/PRP 'd/MD finally/RB go/VB spend/VB the/DT twelve/CD bucks/NNS ,/,",,
sw08utt/sw_0869_2871.utt,2/sw2871,2871,378,b,A,185,1,"Right,  /","Right/UH ,/,",,
sw08utt/sw_0869_2871.utt,2/sw2871,2871,379,b^r,A,185,2,"right,  /","right/UH ,/,",,
sw08utt/sw_0869_2871.utt,2/sw2871,2871,380,b,A,185,3,uh-huh. /,uh-huh/UH ./.,,
sw08utt/sw_0869_2871.utt,2/sw2871,2871,381,+,B,186,1,{D you know } to go to it.  /,you/PRP know/VBP to/TO go/VB to/IN it/PRP ./.,,
sw08utt/sw_0869_2871.utt,2/sw2871,2871,382,sd,B,186,2,"{C But, } {F um, } {D you know, } I haven't been [ to a g-, + to an ] opening for, {F oh, } {D you know } ages,","But/CC ,/, um/UH ,/, you/PRP know/VBP ,/, I/PRP have/VBP n't/RB been/VBN to/IN a/DT g-/XX ,/, to/IN an/DT opening/NN for/IN ,/, oh/UH ,/, you/PRP know/VBP ages/NNS ,/,",,
sw08utt/sw_0869_2871.utt,2/sw2871,2871,383,b,A,187,1,Uh-huh. /,Uh-huh/UH ./.,,
sw08utt/sw_0869_2871.utt,2/sw2871,2871,384,+,B,188,1,Just because. -/,Just/RB because/IN ./.,,
