swda_filename,ptb_basename,conversation_no,transcript_index,act_tag,caller,utterance_index,subutterance_index,text,pos,trees,ptb_treenumbers
sw08utt/sw_0802_3971.utt,3/sw3971,3971,0,o,B,1,1,All right. /,All/RB right/JJ ./.,,
sw08utt/sw_0802_3971.utt,3/sw3971,3971,1,o,A,2,1,"Okay,  /","Okay/UH ,/,",,
sw08utt/sw_0802_3971.utt,3/sw3971,3971,2,qo,A,2,2,{C so } what do you think of the Giants? /,so/RB what/WP do/VBP you/PRP think/VB of/IN the/DT Giants/NNPS ?/.,,
sw08utt/sw_0802_3971.utt,3/sw3971,3971,3,sd,B,3,1,"{F Uh, } I like the Giants.  /","Uh/UH ,/, I/PRP like/VBP the/DT Giants/NNPS ./.",,
sw08utt/sw_0802_3971.utt,3/sw3971,3971,4,sd,B,3,2,"They got, {F uh, } - /","They/PRP got/VBD ,/, uh/UH ,/,",,
sw08utt/sw_0802_3971.utt,3/sw3971,3971,5,sd,B,3,3,"I probably didn't get into baseball until [ maybe, + maybe ] three years ago really -- /","I/PRP probably/RB did/VBD n't/RB get/VB into/IN baseball/NN until/IN maybe/RB ,/, maybe/RB three/CD years/NNS ago/RB really/UH --/:",,
sw08utt/sw_0802_3971.utt,3/sw3971,3971,6,b,A,4,1,Yeah. /,Yeah/UH ./.,,
sw08utt/sw_0802_3971.utt,3/sw3971,3971,7,sd,B,5,1,"-- {C so, } {F uh, } {C but } [ I, + I ] just like the Giants.  /","--/: so/RB ,/, uh/UH ,/, but/CC I/PRP ,/, I/PRP just/RB like/VBP the/DT Giants/NNPS ./.",,
sw08utt/sw_0802_3971.utt,3/sw3971,3971,8,sd,B,5,2,"[  I don't, + I don't ] know why.  /","I/PRP do/VBP n't/RB ,/, I/PRP do/VBP n't/RB know/VB why/WRB ./.",,
sw08utt/sw_0802_3971.utt,3/sw3971,3971,9,sd,B,5,3,I really got into them.  /,I/PRP really/RB got/VBD into/IN them/PRP ./.,,
sw08utt/sw_0802_3971.utt,3/sw3971,3971,10,sd,B,5,4,"I read, {F uh, } Dave Dreveki's book --","I/PRP read/VBD ,/, uh/UH ,/, Dave/NNP Dreveki/NNP 's/POS book/NN --/:",,
sw08utt/sw_0802_3971.utt,3/sw3971,3971,11,b,A,6,1,"{F Oh, } yeah. /","Oh/UH ,/, yeah/UH ./.",,
sw08utt/sw_0802_3971.utt,3/sw3971,3971,12,+,B,7,1,-- his autobiography -- /,--/: his/PRP$ autobiography/NN --/:,,
sw08utt/sw_0802_3971.utt,3/sw3971,3971,13,b,A,8,1,Yeah -- /,Yeah/UH --/:,,
sw08utt/sw_0802_3971.utt,3/sw3971,3971,14,%,B,9,1,"-- {C and, } -/","--/: and/CC ,/,",,
sw08utt/sw_0802_3971.utt,3/sw3971,3971,15,qh,A,10,1,-- wasn't that something of him. /,--/: was/VBD n't/RB that/DT something/NN of/IN him/PRP ./.,,
sw08utt/sw_0802_3971.utt,3/sw3971,3971,16,ny,B,11,1,"Yeah,  /","Yeah/UH ,/,",,
sw08utt/sw_0802_3971.utt,3/sw3971,3971,17,sd^e,B,11,2,"[ that, + that ] was incredible. /","that/IN ,/, that/DT was/VBD incredible/JJ ./.",,
sw08utt/sw_0802_3971.utt,3/sw3971,3971,18,b,A,12,1,"Yeah,  /","Yeah/UH ,/,",,
sw08utt/sw_0802_3971.utt,3/sw3971,3971,19,%,A,12,2,"that's really a, - /","that/DT 's/BES really/RB a/DT ,/,",,
sw08utt/sw_0802_3971.utt,3/sw3971,3971,20,sd,A,12,3,"really proud of him though, the way he's, {D you know. } -/","really/RB proud/JJ of/IN him/PRP though/RB ,/, the/DT way/NN he/PRP 's/BES ,/, you/PRP know/VBP ./.",,
sw08utt/sw_0802_3971.utt,3/sw3971,3971,21,^2,B,13,1,"The way he handled that # entire situation, there. # /","The/DT way/NN he/PRP handled/VBD that/DT entire/JJ situation/NN ,/, there/RB ./.",,
sw08utt/sw_0802_3971.utt,3/sw3971,3971,22,aa,A,14,1,"# Yeah,  /","Yeah/UH ,/,",,
sw08utt/sw_0802_3971.utt,3/sw3971,3971,23,aa,A,14,2,"really, # {D you know. } /","really/UH ,/, you/PRP know/VBP ./.",,
sw08utt/sw_0802_3971.utt,3/sw3971,3971,24,sd,B,15,1,"{C But, } I just think the Giants have a good team.  /","But/CC ,/, I/PRP just/RB think/VBP the/DT Giants/NNPS have/VBP a/DT good/JJ team/NN ./.",,
sw08utt/sw_0802_3971.utt,3/sw3971,3971,25,sd,B,15,2,"[ They, + they ] got all, {D you know, }  /","They/PRP ,/, they/PRP got/VBD all/DT ,/, you/PRP know/VBP ,/,",,
sw08utt/sw_0802_3971.utt,3/sw3971,3971,26,sd,B,15,3,"[ [ they're, + they're, ] + they're ] real balanced out.  /","they/PRP 're/VBP ,/, they/PRP 're/VBP ,/, they/PRP 're/VBP real/RB balanced/JJ out/RP ./.",,
sw08utt/sw_0802_3971.utt,3/sw3971,3971,27,sd,B,15,4,"They got real good pitching,  /","They/PRP got/VBD real/RB good/JJ pitching/NN ,/,",,
sw08utt/sw_0802_3971.utt,3/sw3971,3971,28,sd,B,15,5,{C and } they got the hitting to go along with it.  /,and/CC they/PRP got/VBD the/DT hitting/NN to/TO go/VB along/IN with/IN it/PRP ./.,,
sw08utt/sw_0802_3971.utt,3/sw3971,3971,29,%,B,15,6,{C So. } -/,So/RB ./.,,
sw08utt/sw_0802_3971.utt,3/sw3971,3971,30,b,A,16,1,"Yeah,  /","Yeah/UH ,/,",,
sw08utt/sw_0802_3971.utt,3/sw3971,3971,31,sd,A,16,2,I just don't understand why they're not right up there on the top --,I/PRP just/RB do/VBP n't/RB understand/VB why/WRB they/PRP 're/VBP not/RB right/RB up/RP there/RB on/IN the/DT top/JJ --/:,,
sw08utt/sw_0802_3971.utt,3/sw3971,3971,32,b,B,17,1,"Yeah,  /","Yeah/UH ,/,",,
sw08utt/sw_0802_3971.utt,3/sw3971,3971,33,sd,B,17,2,[ [ they just -- +,they/PRP just/RB --/:,,
sw08utt/sw_0802_3971.utt,3/sw3971,3971,34,+,A,18,1,-- {D you know. } /,--/: you/PRP know/VBP ./.,,
sw08utt/sw_0802_3971.utt,3/sw3971,3971,35,+,B,19,1,"-- they  need that, + I think they just need that ] [ one, + one ] element to push them over the top, {D you know. }  /","--/: they/PRP need/VBP that/IN ,/, I/PRP think/VBP they/PRP just/RB need/VBP that/DT one/CD ,/, one/CD element/NN to/TO push/VB them/PRP over/IN the/DT top/NN ,/, you/PRP know/VBP ./.",,
sw08utt/sw_0802_3971.utt,3/sw3971,3971,36,sd,B,19,2,"I don't really know what it is,  /","I/PRP do/VBP n't/RB really/RB know/VB what/WP it/PRP is/VBZ ,/,",,
sw08utt/sw_0802_3971.utt,3/sw3971,3971,37,sd,B,19,3,"[ {C but, } + {C but ] } every team [ that's, + that's ] really good seems, - /","but/CC ,/, but/CC every/DT team/NN that/WDT 's/BES ,/, that/WDT 's/BES really/RB good/NN seems/VBZ ,/,",,
sw08utt/sw_0802_3971.utt,3/sw3971,3971,38,sd,B,19,4,"{D you know, } like the A -s [ [ had, + they had, ] + they just had ] it all that one year.  /","you/PRP know/VBP ,/, like/IN the/DT A/NNP -s/NNPS had/VBD ,/, they/PRP had/VBD ,/, they/PRP just/RB had/VBD it/PRP all/DT that/DT one/CD year/NN ./.",,
sw08utt/sw_0802_3971.utt,3/sw3971,3971,39,%,B,19,5,{C So. } -/,So/RB ./.,,
sw08utt/sw_0802_3971.utt,3/sw3971,3971,40,b,A,20,1,"Yeah,  /","Yeah/UH ,/,",,
sw08utt/sw_0802_3971.utt,3/sw3971,3971,41,sd,A,20,2,"{F um } I was mostly an A -s fan, {D you know. }  /","um/UH I/PRP was/VBD mostly/RB an/DT A/NNP -s/NNPS fan/VBP ,/, you/PRP know/VBP ./.",,
sw08utt/sw_0802_3971.utt,3/sw3971,3971,42,sd,A,20,3,I had been to more games at the A -s than I have in the Giants --,I/PRP had/VBD been/VBN to/TO more/JJR games/NNS at/IN the/DT A/NNP -s/NNPS than/IN I/PRP have/VBP in/IN the/DT Giants/NNPS --/:,,
sw08utt/sw_0802_3971.utt,3/sw3971,3971,43,b,B,21,1,Yeah. /,Yeah/UH ./.,,
sw08utt/sw_0802_3971.utt,3/sw3971,3971,44,+,A,22,1,"-- because, {F uh, } I lived in Oakland --","--/: because/IN ,/, uh/UH ,/, I/PRP lived/VBD in/IN Oakland/NNP --/:",,
sw08utt/sw_0802_3971.utt,3/sw3971,3971,45,b,B,23,1,Yeah. /,Yeah/UH ./.,,
sw08utt/sw_0802_3971.utt,3/sw3971,3971,46,+,A,24,1,"-- {D you know, } for some time.  /","--/: you/PRP know/VBP ,/, for/IN some/DT time/NN ./.",,
sw08utt/sw_0802_3971.utt,3/sw3971,3971,47,sd,A,24,2,"{C But, } {F uh, } I still like the Giants, though, {D you know } <laughter>. /","But/CC ,/, uh/UH ,/, I/PRP still/RB like/VBP the/DT Giants/NNPS ,/, though/RB ,/, you/PRP know/VBP ./.",,
sw08utt/sw_0802_3971.utt,3/sw3971,3971,48,b,B,25,1,"Yeah,  /","Yeah/UH ,/,",,
sw08utt/sw_0802_3971.utt,3/sw3971,3971,49,sv,B,25,2,"if you're a fan you got to stay with the team any way, # {D you know, } [ you # + ] --","if/IN you/PRP 're/VBP a/DT fan/NN you/PRP got/VBD to/TO stay/VB with/IN the/DT team/NN any/DT way/NN ,/, you/PRP know/VBP ,/, you/PRP --/:",,
sw08utt/sw_0802_3971.utt,3/sw3971,3971,50,b,A,26,1,"# Yeah,  /","Yeah/UH ,/,",,
sw08utt/sw_0802_3971.utt,3/sw3971,3971,51,b,A,26,2,right. # /,right/UH ./.,,
sw08utt/sw_0802_3971.utt,3/sw3971,3971,52,+,B,27,1,-- good and the bad  /,--/: good/JJ and/CC the/DT bad/JJ,,
sw08utt/sw_0802_3971.utt,3/sw3971,3971,53,sd,B,27,2,"{C but. } [ It's, + it's ] kind of hard.  /","but/CC ./. It/PRP 's/BES ,/, it/PRP 's/BES kind/RB of/RB hard/JJ ./.",,
sw08utt/sw_0802_3971.utt,3/sw3971,3971,54,sd,B,27,3,"I still, basically, [ the, + the, ] - /","I/PRP still/RB ,/, basically/RB ,/, the/DT ,/, the/DT ,/,",,
sw08utt/sw_0802_3971.utt,3/sw3971,3971,55,sd,B,27,4,"me and all my friends around here, since we don't have anywhere, - /","me/PRP and/CC all/DT my/PRP$ friends/NNS around/IN here/RB ,/, since/IN we/PRP do/VBP n't/RB have/VB anywhere/RB ,/,",,
sw08utt/sw_0802_3971.utt,3/sw3971,3971,56,sd,B,27,5,"{E I mean, } we can go to the Astros or the Rangers teams,  /","I/PRP mean/VBP ,/, we/PRP can/MD go/VB to/TO the/DT Astros/NNPS or/CC the/DT Rangers/NNPS teams/NNS ,/,",,
sw08utt/sw_0802_3971.utt,3/sw3971,3971,57,%,B,27,6,"{C but } since, no-, - /","but/CC since/IN ,/, no-/XX ,/,",,
sw08utt/sw_0802_3971.utt,3/sw3971,3971,58,sd,B,27,7,"[ me, none + of me ] and my friends are [ really, + really ] like either one of those teams, - /","me/PRP ,/, none/NN of/IN me/PRP and/CC my/PRP$ friends/NNS are/VBP really/RB ,/, really/RB like/VBP either/DT one/CD of/IN those/DT teams/NNS ,/,",,
sw08utt/sw_0802_3971.utt,3/sw3971,3971,59,%,B,27,8,"{C so } # we, {F uh } # -- -/","so/RB we/PRP ,/, uh/UH --/:",,
sw08utt/sw_0802_3971.utt,3/sw3971,3971,60,b,A,28,1,# Uh-huh. # /,Uh-huh/UH ./.,,
sw08utt/sw_0802_3971.utt,3/sw3971,3971,61,sd,B,29,1,"-- [ about, + about ] the most baseball we get is {C either } T V {C or } we play it on Nintendo.  /","--/: about/RB ,/, about/RB the/DT most/RBS baseball/NN we/PRP get/VBP is/VBZ either/DT T/NN V/NN or/CC we/PRP play/VBP it/PRP on/IN Nintendo/NNP ./.",,
sw08utt/sw_0802_3971.utt,3/sw3971,3971,62,sd,B,29,2,We play R B I baseball on Nintendo  /,We/PRP play/VBP R/NNP B/NNP I/NNP baseball/NN on/IN Nintendo/NNP,,
sw08utt/sw_0802_3971.utt,3/sw3971,3971,63,sd,B,29,3,[ {C so. } +,so/RB ./.,,
sw08utt/sw_0802_3971.utt,3/sw3971,3971,64,b,A,30,1,"Yeah,  /","Yeah/UH ,/,",,
sw08utt/sw_0802_3971.utt,3/sw3971,3971,65,b,A,30,2,"right,  /","right/UH ,/,",,
sw08utt/sw_0802_3971.utt,3/sw3971,3971,66,b^r,A,30,3,right. /,right/UH ./.,,
sw08utt/sw_0802_3971.utt,3/sw3971,3971,67,+,B,31,1,"{C So } ] [ that's just, + {D you know, } that's ] small town trying to make it through [ the + ] --","So/RB that/DT 's/BES just/RB ,/, you/PRP know/VBP ,/, that/DT 's/BES small/JJ town/NN trying/VBG to/TO make/VB it/PRP through/IN the/DT --/:",,
sw08utt/sw_0802_3971.utt,3/sw3971,3971,68,b,A,32,1,Yeah. /,Yeah/UH ./.,,
sw08utt/sw_0802_3971.utt,3/sw3971,3971,69,+,B,33,1,"-- not being around it really,  /","--/: not/RB being/VBG around/IN it/PRP really/RB ,/,",,
sw08utt/sw_0802_3971.utt,3/sw3971,3971,70,%,B,33,2,{C but. } -/,but/CC ./.,,
sw08utt/sw_0802_3971.utt,3/sw3971,3971,71,b,A,34,1,"Yeah,  /","Yeah/UH ,/,",,
sw08utt/sw_0802_3971.utt,3/sw3971,3971,72,b,A,34,2,right.  /,right/UH ./.,,
sw08utt/sw_0802_3971.utt,3/sw3971,3971,73,sd,A,34,3,"{D Well, } I prefer [ ba-, + ] {F uh, } football --","Well/UH ,/, I/PRP prefer/VBP ba-/XX ,/, uh/UH ,/, football/NN --/:",,
sw08utt/sw_0802_3971.utt,3/sw3971,3971,74,b,B,35,1,Yeah. /,Yeah/UH ./.,,
sw08utt/sw_0802_3971.utt,3/sw3971,3971,75,+,A,36,1,"-- over baseball,  /","--/: over/IN baseball/NN ,/,",,
sw08utt/sw_0802_3971.utt,3/sw3971,3971,76,o@,A,36,2,"{C but, } {F uh. }","but/CC ,/, uh/UH ./.",,
sw08utt/sw_0802_3971.utt,3/sw3971,3971,77,aa,B,37,1,"Yeah,  /","Yeah/UH ,/,",,
sw08utt/sw_0802_3971.utt,3/sw3971,3971,78,aa,B,37,2,"so do I,  /","so/RB do/VBP I/PRP ,/,",,
sw08utt/sw_0802_3971.utt,3/sw3971,3971,79,sd,B,37,3,{C but } baseball is still -- -/,but/CC baseball/NN is/VBZ still/RB --/:,,
sw08utt/sw_0802_3971.utt,3/sw3971,3971,80,+@,A,38,1,"Yeah,  /","Yeah/UH ,/,",,
sw08utt/sw_0802_3971.utt,3/sw3971,3971,81,%,A,38,2,it's. -/,it/PRP 's/BES ./.,,
sw08utt/sw_0802_3971.utt,3/sw3971,3971,82,sd,B,39,1,"-- [ you got, + you got ] to do something when football ain't on.  /","--/: you/PRP got/VBD ,/, you/PRP got/VBD to/TO do/VB something/NN when/WRB football/NN ai/VBP n't/RB on/RP ./.",,
sw08utt/sw_0802_3971.utt,3/sw3971,3971,83,%,B,39,2,"{C So } <laughter>, -/","So/RB ,/,",,
sw08utt/sw_0802_3971.utt,3/sw3971,3971,84,bf,A,40,1,"{C So, } hot dogs, baseball and apple pie.  {F Huh. } /","So/RB ,/, hot/JJ dogs/NNS ,/, baseball/NN and/CC apple/NN pie/NN ./. Huh/UH ./.",,
sw08utt/sw_0802_3971.utt,3/sw3971,3971,85,aa,B,41,1,"Yeah,  /","Yeah/UH ,/,",,
sw08utt/sw_0802_3971.utt,3/sw3971,3971,86,aa,B,41,2,exactly. /,exactly/UH ./.,,
sw08utt/sw_0802_3971.utt,3/sw3971,3971,87,x,A,42,1,<Laughter>.,,,
sw08utt/sw_0802_3971.utt,3/sw3971,3971,88,sv,B,43,1,"This is America,  /","This/DT is/VBZ America/NNP ,/,",,
sw08utt/sw_0802_3971.utt,3/sw3971,3971,89,%,B,43,2,{C so. } -/,so/RB ./.,,
sw08utt/sw_0802_3971.utt,3/sw3971,3971,90,b,A,44,1,"Yeah,  /","Yeah/UH ,/,",,
sw08utt/sw_0802_3971.utt,3/sw3971,3971,91,b,A,44,2,# {F um. } # /,um/UH ./.,,
sw08utt/sw_0802_3971.utt,3/sw3971,3971,92,%,B,45,1,# {C But. } # -/,But/CC ./.,,
sw08utt/sw_0802_3971.utt,3/sw3971,3971,93,qw,A,46,1,{D So } what do you think is going to happen this year to the teams? /,So/RB what/WP do/VBP you/PRP think/VB is/VBZ going/VBG to/TO happen/VB this/DT year/NN to/IN the/DT teams/NNS ?/.,,
sw08utt/sw_0802_3971.utt,3/sw3971,3971,94,h,B,47,1,"{F Uh, } I don't know, it's hard to say.  /","Uh/UH ,/, I/PRP do/VBP n't/RB know/VB ,/, it/PRP 's/BES hard/JJ to/TO say/VB ./.",,
sw08utt/sw_0802_3971.utt,3/sw3971,3971,95,%,B,47,2,"I haven't [ really, + really, ] - /","I/PRP have/VBP n't/RB really/RB ,/, really/RB ,/,",,
sw08utt/sw_0802_3971.utt,3/sw3971,3971,96,sv,B,47,3,you have to just keep up with everything in the off- season.  /,you/PRP have/VBP to/TO just/RB keep/VB up/RP with/IN everything/NN in/IN the/DT off-/GW season/^NN ./.,,
sw08utt/sw_0802_3971.utt,3/sw3971,3971,97,sd,B,47,4,"It's kind of hard to do,  /","It/PRP 's/BES kind/RB of/RB hard/JJ to/TO do/VB ,/,",,
sw08utt/sw_0802_3971.utt,3/sw3971,3971,98,sd,B,47,5,"at least, # {D you know, } # --","at/IN least/JJS ,/, you/PRP know/VBP ,/, --/:",,
sw08utt/sw_0802_3971.utt,3/sw3971,3971,99,ba,A,48,1,# I know. # /,I/PRP know/VBP ./.,,
sw08utt/sw_0802_3971.utt,3/sw3971,3971,100,+,B,49,1,"-- you have to read the paper and SPORTS ILLUSTRATED and everything to keep up with who they traded and who they picked up [ and, + and ] all that,  /","--/: you/PRP have/VBP to/TO read/VB the/DT paper/NN and/CC SPORTS/NNP ILLUSTRATED/NNP and/CC everything/NN to/TO keep/VB up/RP with/IN who/WP they/PRP traded/VBD and/CC who/WP they/PRP picked/VBD up/RP and/CC ,/, and/CC all/DT that/DT ,/,",,
sw08utt/sw_0802_3971.utt,3/sw3971,3971,101,sv,B,49,2,"{C but, } like I say, [ if they can, + if they can ] get that one element that they were missing, I think the Giants can do it. /","but/CC ,/, like/IN I/PRP say/VBP ,/, if/IN they/PRP can/MD ,/, if/IN they/PRP can/MD get/VB that/DT one/CD element/NN that/WDT they/PRP were/VBD missing/VBG ,/, I/PRP think/VBP the/DT Giants/NNPS can/MD do/VB it/PRP ./.",,
sw08utt/sw_0802_3971.utt,3/sw3971,3971,102,b,A,50,1,"Yeah,  /","Yeah/UH ,/,",,
sw08utt/sw_0802_3971.utt,3/sw3971,3971,103,%,A,50,2,"# {D well, } the Giants are. # -/","well/UH ,/, the/DT Giants/NNPS are/VBP ./.",,
sw08utt/sw_0802_3971.utt,3/sw3971,3971,104,%,B,51,1,"# They just, - /","They/PRP just/RB ,/,",,
sw08utt/sw_0802_3971.utt,3/sw3971,3971,105,%,B,51,2,"I don't, - /","I/PRP do/VBP n't/RB ,/,",,
sw08utt/sw_0802_3971.utt,3/sw3971,3971,106,%,B,51,3,# yeah  /,yeah/UH,,
sw08utt/sw_0802_3971.utt,3/sw3971,3971,107,sd,B,51,4,I don't really know about the A -s.  /,I/PRP do/VBP n't/RB really/RB know/VB about/IN the/DT A/NNP -s/NNPS ./.,,
sw08utt/sw_0802_3971.utt,3/sw3971,3971,108,sd@,B,51,5,"I don't like the A -s, {F uh, } matter of fact I can't stand the Oakland A -s <laughter>.","I/PRP do/VBP n't/RB like/VB the/DT A/NNP -s/NNPS ,/, uh/UH ,/, matter/NN of/IN fact/NN I/PRP ca/MD n't/RB stand/VB the/DT Oakland/NNP A/NNP -s/NNPS ./.",,
sw08utt/sw_0802_3971.utt,3/sw3971,3971,109,x,A,52,1,<Laughter>.,,,
sw08utt/sw_0802_3971.utt,3/sw3971,3971,110,+@,B,53,1,"Just because [ they have, + {F uh, } {D you know, } they've ] got their Jose Canseco [ and, +  and ] all the attitude that goes along with that, {D you know. }  /","Just/RB because/IN they/PRP have/VBP ,/, uh/UH ,/, you/PRP know/VBP ,/, they/PRP 've/VBP got/VBN their/PRP$ Jose/NNP Canseco/NNP and/CC ,/, and/CC all/PDT the/DT attitude/NN that/WDT goes/VBZ along/IN with/IN that/DT ,/, you/PRP know/VBP ./.",,
sw08utt/sw_0802_3971.utt,3/sw3971,3971,111,%,B,53,2,# They kind of. # -/,They/PRP kind/RB of/RB ./.,,
sw08utt/sw_0802_3971.utt,3/sw3971,3971,112,b,A,54,1,"# Yeah,  /","Yeah/UH ,/,",,
sw08utt/sw_0802_3971.utt,3/sw3971,3971,113,^2,A,54,2,"# makes you sick, doesn't it? /","makes/VBZ you/PRP sick/JJ ,/, does/VBZ n't/RB it/PRP ?/.",,
sw08utt/sw_0802_3971.utt,3/sw3971,3971,114,aa,B,55,1,Yeah. /,Yeah/UH ./.,,
sw08utt/sw_0802_3971.utt,3/sw3971,3971,115,x,A,56,1,<Laughter>.,,,
sw08utt/sw_0802_3971.utt,3/sw3971,3971,116,qy^d,B,57,1,"[ [ You hear what, + you hear what, ] + you hear what ] he did. /","You/PRP hear/VBP what/WP ,/, you/PRP hear/VBP what/WP ,/, you/PRP hear/VBP what/WP he/PRP did/VBD ./.",,
sw08utt/sw_0802_3971.utt,3/sw3971,3971,117,ny,A,58,1,<Laughter> Yes. /,Yes/UH ./.,,
sw08utt/sw_0802_3971.utt,3/sw3971,3971,118,sd,B,59,1,"He ramming his wife's car,  /","He/PRP ramming/VBG his/PRP$ wife/NN 's/POS car/NN ,/,",,
sw08utt/sw_0802_3971.utt,3/sw3971,3971,119,sd,B,59,2,"{C and } I was like, yeah. /","and/CC I/PRP was/VBD like/IN ,/, yeah/UH ./.",,
sw08utt/sw_0802_3971.utt,3/sw3971,3971,120,sv,A,60,1,"He's like a little bitty kid, {F huh. } /","He/PRP 's/BES like/IN a/DT little/JJ bitty/NN kid/NN ,/, huh/UH ./.",,
sw08utt/sw_0802_3971.utt,3/sw3971,3971,121,aa,B,61,1,"Yeah,  /","Yeah/UH ,/,",,
sw08utt/sw_0802_3971.utt,3/sw3971,3971,122,sv,B,61,2,"he's just [ [ a, + a, ] + a ] little boy with a lot of money.  /","he/PRP 's/BES just/RB a/DT ,/, a/DT ,/, a/DT little/JJ boy/NN with/IN a/DT lot/NN of/IN money/NN ./.",,
sw08utt/sw_0802_3971.utt,3/sw3971,3971,123,%,B,61,3,{C So. } -/,So/RB ./.,,
sw08utt/sw_0802_3971.utt,3/sw3971,3971,124,b,A,62,1,Yeah  /,Yeah/UH,,
sw08utt/sw_0802_3971.utt,3/sw3971.pos,3971,125,x,A,62,2,<laughter>.,./.
sw08utt/sw_0802_3971.utt,3/sw3971,3971,126,%,B,63,1,"That's just, - /","That/DT 's/BES just/RB ,/,",,
sw08utt/sw_0802_3971.utt,3/sw3971,3971,127,%,B,63,2,"{D you know, } {C but. } -/","you/PRP know/VBP ,/, but/CC ./.",,
sw08utt/sw_0802_3971.utt,3/sw3971,3971,128,b,A,64,1,"Yeah,  /","Yeah/UH ,/,",,
sw08utt/sw_0802_3971.utt,3/sw3971,3971,129,sd,A,64,2,"{D well, } I guess the Giants [ or, + ] might move away from San Francisco, it sounds like. /","well/UH ,/, I/PRP guess/VBP the/DT Giants/NNPS or/CC ,/, might/MD move/VB away/RB from/IN San/NNP Francisco/NNP ,/, it/PRP sounds/VBZ like/IN ./.",,
sw08utt/sw_0802_3971.utt,3/sw3971,3971,130,b,B,65,1,"Yeah,  /","Yeah/UH ,/,",,
sw08utt/sw_0802_3971.utt,3/sw3971,3971,131,sd,B,65,2,"[ I've heard, + I've heard ] talk about that. /","I/PRP 've/VBP heard/VBN ,/, I/PRP 've/VBP heard/VBN talk/NN about/IN that/DT ./.",,
sw08utt/sw_0802_3971.utt,3/sw3971,3971,132,sd,A,66,1,"{D You know, } {F uh, } they won't be that far away,  /","You/PRP know/VBP ,/, uh/UH ,/, they/PRP wo/MD n't/RB be/VB that/RB far/RB away/RB ,/,",,
sw08utt/sw_0802_3971.utt,3/sw3971,3971,133,sd,A,66,2,"{C but } San Francisco will be hurting, anyhow. /","but/CC San/NNP Francisco/NNP will/MD be/VB hurting/VBG ,/, anyhow/RB ./.",,
sw08utt/sw_0802_3971.utt,3/sw3971,3971,134,b,B,67,1,"Yeah,  /","Yeah/UH ,/,",,
sw08utt/sw_0802_3971.utt,3/sw3971,3971,135,sd,B,67,2,they're not going to be happy about it. /,they/PRP 're/VBP not/RB going/VBG to/TO be/VB happy/JJ about/IN it/PRP ./.,,
sw08utt/sw_0802_3971.utt,3/sw3971,3971,136,qy,A,68,1,{D You know. } /,You/PRP know/VBP ./.,,
sw08utt/sw_0802_3971.utt,3/sw3971,3971,137,sd,B,69,1,{C But } I hope they can do good.  /,But/CC I/PRP hope/VBP they/PRP can/MD do/VB good/JJ ./.,,
sw08utt/sw_0802_3971.utt,3/sw3971,3971,138,%,B,69,2,"{E I mean, } that's just, - /","I/PRP mean/VBP ,/, that/DT 's/BES just/RB ,/,",,
sw08utt/sw_0802_3971.utt,3/sw3971,3971,139,sd,B,69,3,"I think they're a good team.  That just need that [ one, + one ] little thing to push them over.  /","I/PRP think/VBP they/PRP 're/VBP a/DT good/JJ team/NN ./. That/DT just/RB need/VBP that/DT one/CD ,/, one/CD little/JJ thing/NN to/TO push/VB them/PRP over/RB ./.",,
sw08utt/sw_0802_3971.utt,3/sw3971,3971,140,h,B,69,4,I don't know exactly what it is.  /,I/PRP do/VBP n't/RB know/VB exactly/RB what/WP it/PRP is/VBZ ./.,,
sw08utt/sw_0802_3971.utt,3/sw3971,3971,141,%,B,69,5,"They got, - /","They/PRP got/VBD ,/,",,
sw08utt/sw_0802_3971.utt,3/sw3971,3971,142,sd,B,69,6,they're pretty balanced out all the way through.  /,they/PRP 're/VBP pretty/RB balanced/JJ out/RP all/PDT the/DT way/NN through/RB ./.,,
sw08utt/sw_0802_3971.utt,3/sw3971,3971,143,sd,B,69,7,"It just might be the drive, {D you know } --","It/PRP just/RB might/MD be/VB the/DT drive/NN ,/, you/PRP know/VBP --/:",,
sw08utt/sw_0802_3971.utt,3/sw3971,3971,144,b,A,70,1,Uh-huh. /,Uh-huh/UH ./.,,
sw08utt/sw_0802_3971.utt,3/sw3971,3971,145,+,B,71,1,"-- more than anything else,  /","--/: more/JJR than/IN anything/NN else/RB ,/,",,
sw08utt/sw_0802_3971.utt,3/sw3971,3971,146,sd,B,71,2,"[ they just, + they ] probably just need something to push them --","they/PRP just/RB ,/, they/PRP probably/RB just/RB need/VBP something/NN to/TO push/VB them/PRP --/:",,
sw08utt/sw_0802_3971.utt,3/sw3971,3971,147,b,A,72,1,"Uh-huh,  /","Uh-huh/UH ,/,",,
sw08utt/sw_0802_3971.utt,3/sw3971,3971,148,b^r,A,72,2,uh-huh. /,uh-huh/UH ./.,,
sw08utt/sw_0802_3971.utt,3/sw3971,3971,149,+,B,73,1,"-- because [ I, + ] [ that's, + that's ] the only thing I can see that's holding them back, is the ambition to do it.  /","--/: because/IN I/PRP ,/, that/DT 's/BES ,/, that/DT 's/BES the/DT only/JJ thing/NN I/PRP can/MD see/VB that/WDT 's/BES holding/VBG them/PRP back/RB ,/, is/VBZ the/DT ambition/NN to/TO do/VB it/PRP ./.",,
sw08utt/sw_0802_3971.utt,3/sw3971,3971,150,sd,B,73,2,"{C Or } somebody basically, - /","Or/CC somebody/NN basically/RB ,/,",,
sw08utt/sw_0802_3971.utt,3/sw3971,3971,151,sd,B,73,3,maybe they just need everybody to tell them they can't do it.  /,maybe/RB they/PRP just/RB need/NN everybody/NN to/TO tell/VB them/PRP they/PRP ca/MD n't/RB do/VB it/PRP ./.,,
sw08utt/sw_0802_3971.utt,3/sw3971,3971,152,sd,B,73,4,"Maybe [ that's what, + {D you know, } that's what ] some teams need.  /","Maybe/RB that/DT 's/BES what/WP ,/, you/PRP know/VBP ,/, that/DT 's/BES what/WP some/DT teams/NNS need/VBP ./.",,
sw08utt/sw_0802_3971.utt,3/sw3971,3971,153,sd,B,73,5,Look at the Twins going from worst to first. /,Look/VB at/IN the/DT Twins/NNPS going/VBG from/IN worst/JJS to/IN first/JJ ./.,,
sw08utt/sw_0802_3971.utt,3/sw3971,3971,154,qh,A,74,1,"I know, isn't that something -- /","I/PRP know/VBP ,/, is/VBZ n't/RB that/DT something/NN --/:",,
sw08utt/sw_0802_3971.utt,3/sw3971,3971,155,ny,B,75,1,"Yeah,  /","Yeah/UH ,/,",,
sw08utt/sw_0802_3971.utt,3/sw3971,3971,156,sd^e,B,75,2,[ my roommate -- +,my/PRP$ roommate/NN --/:,,
sw08utt/sw_0802_3971.utt,3/sw3971,3971,157,sd,A,76,1,"-- I couldn't believe that, {F huh. } /","--/: I/PRP could/MD n't/RB believe/VB that/DT ,/, huh/UH ./.",,
sw08utt/sw_0802_3971.utt,3/sw3971,3971,158,+,B,77,1,"-- my roommate's ] a Twins fan, for forever,  /","--/: my/PRP$ roommate/NN 's/BES a/DT Twins/NNPS fan/NN ,/, for/IN forever/RB ,/,",,
sw08utt/sw_0802_3971.utt,3/sw3971,3971,159,sd,B,77,2,"{C so, } he had his year this year,  /","so/RB ,/, he/PRP had/VBD his/PRP$ year/NN this/DT year/NN ,/,",,
sw08utt/sw_0802_3971.utt,3/sw3971,3971,160,%,B,77,3,{C so. } -/,so/RB ./.,,
sw08utt/sw_0802_3971.utt,3/sw3971,3971,161,b,A,78,1,"Yeah,  /","Yeah/UH ,/,",,
sw08utt/sw_0802_3971.utt,3/sw3971,3971,162,%,A,78,2,"I just, it. -/","I/PRP just/RB ,/, it/PRP ./.",,
sw08utt/sw_0802_3971.utt,3/sw3971,3971,163,sd,B,79,1,"[ We got pre-, + [ we, + we ] got ] into that a whole bunch. /","We/PRP got/VBD pre-/XX ,/, we/PRP ,/, we/PRP got/VBD into/IN that/DT a/DT whole/JJ bunch/NN ./.",,
sw08utt/sw_0802_3971.utt,3/sw3971,3971,164,b,A,80,1,"Uh-huh,  /","Uh-huh/UH ,/,",,
sw08utt/sw_0802_3971.utt,3/sw3971,3971,165,b^r,A,80,2,uh-huh. /,uh-huh/UH ./.,,
sw08utt/sw_0802_3971.utt,3/sw3971,3971,166,sv,B,81,1,"[ That was a, + that was a ] series to remember, for sure. /","That/DT was/VBD a/DT ,/, that/DT was/VBD a/DT series/NN to/TO remember/VB ,/, for/IN sure/JJ ./.",,
sw08utt/sw_0802_3971.utt,3/sw3971,3971,167,b,A,82,1,Uh-huh. /,Uh-huh/UH ./.,,
sw08utt/sw_0802_3971.utt,3/sw3971,3971,168,sd,B,83,1,"{C So } I saw all seven games of that,  /","So/RB I/PRP saw/VBD all/DT seven/CD games/NNS of/IN that/DT ,/,",,
sw08utt/sw_0802_3971.utt,3/sw3971,3971,169,o@,B,83,2,{C so. },so/RB ./.,,
sw08utt/sw_0802_3971.utt,3/sw3971,3971,170,b,A,84,1,Uh-huh. /,Uh-huh/UH ./.,,
sw08utt/sw_0802_3971.utt,3/sw3971,3971,171,+@,B,85,1,That was definitely worth watching. /,That/DT was/VBD definitely/RB worth/JJ watching/NN ./.,,
sw08utt/sw_0802_3971.utt,3/sw3971,3971,172,%,A,86,1,"Yeah,  /","Yeah/UH ,/,",,
sw08utt/sw_0802_3971.utt,3/sw3971,3971,173,%,A,86,2,"yeah,  /","yeah/UH ,/,",,
sw08utt/sw_0802_3971.utt,3/sw3971,3971,174,sd,A,86,3,"I couldn't believe that, {D you know. } /","I/PRP could/MD n't/RB believe/VB that/IN ,/, you/PRP know/VBP ./.",,
sw08utt/sw_0802_3971.utt,3/sw3971,3971,175,b,B,87,1,Yeah. /,Yeah/UH ./.,,
sw08utt/sw_0802_3971.utt,3/sw3971,3971,176,%,A,88,1,"I don't, {F uh, } - /","I/PRP do/VBP n't/RB ,/, uh/UH ,/,",,
sw08utt/sw_0802_3971.utt,3/sw3971,3971,177,sd,A,88,2,there was Braves in that chanting that they had. - /,there/EX was/VBD Braves/NNPS in/IN that/DT chanting/VBG that/IN they/PRP had/VBD ./.,,
sw08utt/sw_0802_3971.utt,3/sw3971,3971,178,sd,A,88,3,That would drive you up a wall. /,That/DT would/MD drive/VB you/PRP up/RB a/DT wall/NN ./.,,
sw08utt/sw_0802_3971.utt,3/sw3971,3971,179,b,B,89,1,<Laughter>  Yeah  /,Yeah/UH,,
sw08utt/sw_0802_3971.utt,3/sw3971,3971,180,%,B,89,2,"they, -/","they/PRP ,/,",,
sw08utt/sw_0802_3971.utt,3/sw3971,3971,181,x,A,90,1,<Laughter>.,,,
sw08utt/sw_0802_3971.utt,3/sw3971,3971,182,sv,B,91,1,every team with the Indians been doing that now. /,every/DT team/NN with/IN the/DT Indians/NNPS been/VBN doing/VBG that/DT now/RB ./.,,
sw08utt/sw_0802_3971.utt,3/sw3971,3971,183,qy,A,92,1,<Laughter>  {D You know. } /,You/PRP know/VBP ./.,,
sw08utt/sw_0802_3971.utt,3/sw3971,3971,184,sd,B,93,1,I can't figure out why.  /,I/PRP ca/MD n't/RB figure/VB out/RP why/WRB ./.,,
sw08utt/sw_0802_3971.utt,3/sw3971,3971,185,sd,B,93,2,"You have to figure out why they're all doing that, I'm like, it's doesn't work, it's obvious it doesn't work because [ the, + {D you know } --","You/PRP have/VBP to/TO figure/VB out/RP why/WRB they/PRP 're/VBP all/DT doing/VBG that/DT ,/, I/PRP 'm/VBP like/IN ,/, it/PRP 's/BES does/VBZ n't/RB work/VB ,/, it/PRP 's/BES obvious/JJ it/PRP does/VBZ n't/RB work/VB because/IN the/DT ,/, you/PRP know/VBP --/:",,
sw08utt/sw_0802_3971.utt,3/sw3971,3971,186,aa,A,94,1,"Yeah,  /","Yeah/UH ,/,",,
sw08utt/sw_0802_3971.utt,3/sw3971,3971,187,aa,A,94,2,"{D well, } you're right <laughter>. /","well/UH ,/, you/PRP 're/VBP right/JJ ./.",,
sw08utt/sw_0802_3971.utt,3/sw3971,3971,188,+,B,95,1,"-- the ] [ Braves, + Braves ] didn't win,  /","--/: the/DT Braves/NNPS ,/, Braves/NNPS did/VBD n't/RB win/VB ,/,",,
sw08utt/sw_0802_3971.utt,3/sw3971,3971,189,qh,B,95,2,"{C so, } {F uh, } why keep on doing something that didn't work,  /","so/RB ,/, uh/UH ,/, why/WRB keep/VB on/RP doing/VBG something/NN that/WDT did/VBD n't/RB work/VB ,/,",,
sw08utt/sw_0802_3971.utt,3/sw3971,3971,190,h,B,95,3,{C but } --,but/CC --/:,,
sw08utt/sw_0802_3971.utt,3/sw3971,3971,191,b,A,96,1,"Yeah,  /","Yeah/UH ,/,",,
sw08utt/sw_0802_3971.utt,3/sw3971,3971,192,b^r,A,96,2,yeah. /,yeah/UH ./.,,
sw08utt/sw_0802_3971.utt,3/sw3971,3971,193,+,B,97,1,-- I don't know. /,--/: I/PRP do/VBP n't/RB know/VB ./.,,
sw08utt/sw_0802_3971.utt,3/sw3971,3971,194,b,A,98,1,Yeah. /,Yeah/UH ./.,,
sw08utt/sw_0802_3971.utt,3/sw3971,3971,195,sd^t,B,99,1,"[ I was, + I was ] kind of surprised that we were going to talk about baseball,  /","I/PRP was/VBD ,/, I/PRP was/VBD kind/RB of/RB surprised/JJ that/IN we/PRP were/VBD going/VBG to/TO talk/VB about/IN baseball/NN ,/,",,
sw08utt/sw_0802_3971.utt,3/sw3971,3971,196,sd^t,B,99,2,{C and } I get a woman's voice.  /,and/CC I/PRP get/VBP a/DT woman/NN 's/POS voice/NN ./.,,
sw08utt/sw_0802_3971.utt,3/sw3971,3971,197,sd^t,B,99,3,"[ [ I was, +","I/PRP was/VBD ,/,",,
sw08utt/sw_0802_3971.utt,3/sw3971,3971,198,x,A,100,1,<Laughter>.,,,
sw08utt/sw_0802_3971.utt,3/sw3971,3971,199,+,B,101,1,"I was, ] + I was ] thinking, uh-huh,  /","I/PRP was/VBD ,/, I/PRP was/VBD thinking/VBG ,/, uh-huh/UH ,/,",,
sw08utt/sw_0802_3971.utt,3/sw3971,3971,200,sd^t,B,101,2,"I talked to a guy named Vinny last night about fixing your car,  /","I/PRP talked/VBD to/IN a/DT guy/NN named/VBN Vinny/NNP last/JJ night/NN about/IN fixing/VBG your/PRP$ car/NN ,/,",,
sw08utt/sw_0802_3971.utt,3/sw3971,3971,201,%,B,101,3,{C so. } -/,so/RB ./.,,
sw08utt/sw_0802_3971.utt,3/sw3971,3971,202,bh,A,102,1,"{F Oh, } really? /","Oh/UH ,/, really/UH ?/.",,
sw08utt/sw_0802_3971.utt,3/sw3971,3971,203,ny,B,103,1,"Yeah,  /","Yeah/UH ,/,",,
sw08utt/sw_0802_3971.utt,3/sw3971,3971,204,sd^e^t,B,103,2,"I [ got, + [ I called, + ] got ] a call the other night about, {F uh, } fixing your automobile up,  /","I/PRP got/VBD ,/, I/PRP called/VBD ,/, got/VBD a/DT call/NN the/DT other/JJ night/NN about/IN ,/, uh/UH ,/, fixing/VBG your/PRP$ automobile/NN up/RP ,/,",,
sw08utt/sw_0802_3971.utt,3/sw3971,3971,205,%,B,103,3,{C so. } -/,so/RB ./.,,
sw08utt/sw_0802_3971.utt,3/sw3971,3971,206,b,A,104,1,"Uh-huh,  /","Uh-huh/UH ,/,",,
sw08utt/sw_0802_3971.utt,3/sw3971,3971,207,b^r,A,104,2,uh-huh. /,uh-huh/UH ./.,,
sw08utt/sw_0802_3971.utt,3/sw3971,3971,208,sv,B,105,1,"{D Well, } baseball's baseball. /","Well/UH ,/, baseball/NN 's/BES baseball/NN ./.",,
sw08utt/sw_0802_3971.utt,3/sw3971,3971,209,b,A,106,1,"Yeah,  /","Yeah/UH ,/,",,
sw08utt/sw_0802_3971.utt,3/sw3971,3971,210,b,A,106,2,right. /,right/UH ./.,,
sw08utt/sw_0802_3971.utt,3/sw3971,3971,211,%,B,107,1,"It's kind of, - /","It/PRP 's/BES kind/RB of/RB ,/,",,
sw08utt/sw_0802_3971.utt,3/sw3971,3971,212,sd^t,B,107,2,"I don't know, it's kind of odd they pick, - /","I/PRP do/VBP n't/RB know/VB ,/, it/PRP 's/BES kind/RB of/RB odd/JJ they/PRP pick/VBP ,/,",,
sw08utt/sw_0802_3971.utt,3/sw3971,3971,213,qr,B,107,3,do you pick the topic or does the computer? /,do/VBP you/PRP pick/VB the/DT topic/NN or/CC does/VBZ the/DT computer/NN ?/.,,
sw08utt/sw_0802_3971.utt,3/sw3971,3971,214,nn,A,108,1,"No,  /","No/UH ,/,",,
sw08utt/sw_0802_3971.utt,3/sw3971,3971,215,sd^e,A,108,2,"{F uh, } they give you a list of things that you want, /","uh/UH ,/, they/PRP give/VBP you/PRP a/DT list/NN of/IN things/NNS that/WDT you/PRP want/VBP ,/,",,
