swda_filename,ptb_basename,conversation_no,transcript_index,act_tag,caller,utterance_index,subutterance_index,text,pos,trees,ptb_treenumbers
sw08utt/sw_0874_3059.utt,3/sw3059,3059,0,o,A,1,1,<Tone> Okay.  /,Okay/UH ./.,,
sw08utt/sw_0874_3059.utt,3/sw3059,3059,1,sd,A,1,2,"{F Um, } the last movie that I have seen, - /","Um/UH ,/, the/DT last/JJ movie/NN that/WDT I/PRP have/VBP seen/VBN ,/,",,
sw08utt/sw_0874_3059.utt,3/sw3059,3059,2,sd,A,1,3,"[ it's been, + it's been ] a couple of months.   /","it/PRP 's/HVS been/VBN ,/, it/PRP 's/HVS been/VBN a/DT couple/NN of/IN months/NNS ./.",,
sw08utt/sw_0874_3059.utt,3/sw3059,3059,3,sd,A,1,4,"I saw, {F um, } SLEEPING WITH THE ENEMY --","I/PRP saw/VBD ,/, um/UH ,/, SLEEPING/VBG WITH/IN THE/DT ENEMY/NN --/:",,
sw08utt/sw_0874_3059.utt,3/sw3059,3059,4,b,B,2,1,"Yes,  /","Yes/UH ,/,",,
sw08utt/sw_0874_3059.utt,3/sw3059,3059,5,sd,B,2,2,I saw that one. /,I/PRP saw/VBD that/DT one/CD ./.,,
sw08utt/sw_0874_3059.utt,3/sw3059,3059,6,+,A,3,1,-- and FLATLINERS.   /,--/: and/CC FLATLINERS/NNS ./.,,
sw08utt/sw_0874_3059.utt,3/sw3059,3059,7,sd,A,3,2,Those were the last two that I've seen. /,Those/DT were/VBD the/DT last/JJ two/CD that/WDT I/PRP 've/VBP seen/VBN ./.,,
sw08utt/sw_0874_3059.utt,3/sw3059,3059,8,br,B,4,1,What was the second one? /,What/WP was/VBD the/DT second/JJ one/CD ?/.,,
sw08utt/sw_0874_3059.utt,3/sw3059,3059,9,sd^r,A,5,1,FLATLINERS. /,FLATLINERS/NNS ./.,,
sw08utt/sw_0874_3059.utt,3/sw3059,3059,10,sd,B,6,1,I didn't see that one. /,I/PRP did/VBD n't/RB see/VB that/DT one/CD ./.,,
sw08utt/sw_0874_3059.utt,3/sw3059,3059,11,b,A,7,1,Oh. /,Oh/UH ./.,,
sw08utt/sw_0874_3059.utt,3/sw3059,3059,12,qr,B,8,1,"Did you see those because of, {F uh, } Julia Roberts, or <breathing> for, {F uh, }  the subject matter of the two? /","Did/VBD you/PRP see/VBP those/DT because/IN of/IN ,/, uh/UH ,/, Julia/NNP Roberts/NNP ,/, or/CC for/IN ,/, uh/UH ,/, the/DT subject/NN matter/NN of/IN the/DT two/CD ?/.",,
sw08utt/sw_0874_3059.utt,3/sw3059,3059,13,sd,A,9,1,"{F Oh, } it was just, - /","Oh/UH ,/, it/PRP was/VBD just/RB ,/,",,
sw08utt/sw_0874_3059.utt,3/sw3059,3059,14,sd,A,9,2,"{D well, } someone had, - /","well/UH ,/, someone/NN had/VBD ,/,",,
sw08utt/sw_0874_3059.utt,3/sw3059,3059,15,sd,A,9,3,"I had seen the advertisement for FLATLINERS on T V,  /","I/PRP had/VBD seen/VBN the/DT advertisement/NN for/IN FLATLINERS/NNS on/IN T/NN V/NN ,/,",,
sw08utt/sw_0874_3059.utt,3/sw3059,3059,16,sd,A,9,4,"{C and } I thought I'd like it,  /","and/CC I/PRP thought/VBD I/PRP 'd/MD like/VB it/PRP ,/,",,
sw08utt/sw_0874_3059.utt,3/sw3059,3059,17,sd,A,9,5,"{C and then, } {F uh, } one of my friends who went to see SLEEPING WITH THE ENEMY,  [ and + ] she told me to go.  /","and/CC then/RB ,/, uh/UH ,/, one/CD of/IN my/PRP$ friends/NNS who/WP went/VBD to/TO see/VB SLEEPING/VBG WITH/IN THE/DT ENEMY/NN ,/, and/CC she/PRP told/VBD me/PRP to/TO go/VB ./.",,
sw08utt/sw_0874_3059.utt,3/sw3059,3059,18,sd,A,9,6,It was good.  /,It/PRP was/VBD good/JJ ./.,,
sw08utt/sw_0874_3059.utt,3/sw3059,3059,19,sd,A,9,7,{C So } that's why I saw that one. /,So/RB that/DT 's/BES why/WRB I/PRP saw/VBD that/DT one/CD ./.,,
sw08utt/sw_0874_3059.utt,3/sw3059,3059,20,b,B,10,1,Uh-huh  /,Uh-huh/UH,,
sw08utt/sw_0874_3059.utt,3/sw3059,3059,21,%,B,10,2,"<noise>.  {D Well, } I've, {F uh, } - /","./. Well/UH ,/, I/PRP 've/VBP ,/, uh/UH ,/,",,
sw08utt/sw_0874_3059.utt,3/sw3059,3059,22,sd,B,10,3,<breathing> I saw SLEEPING WITH THE ENEMY  /,I/PRP saw/VBD SLEEPING/VBG WITH/IN THE/DT ENEMY/NN,,
sw08utt/sw_0874_3059.utt,3/sw3059,3059,23,sd,B,10,4,"{C and } [ I, + {F um, } I've ] seen, {F uh, } <breathing>  (( {D well } )) , just recently, {F um, } WHAT ABOUT BOB? /","and/CC I/PRP ,/, um/UH ,/, I/PRP 've/VBP seen/VBN ,/, uh/UH ,/, well/UH ,/, just/RB recently/RB ,/, um/UH ,/, WHAT/WP ABOUT/IN BOB/NNP ?/.",,
sw08utt/sw_0874_3059.utt,3/sw3059,3059,24,nn,A,11,1,"No,  /","No/UH ,/,",,
sw08utt/sw_0874_3059.utt,3/sw3059,3059,25,sd^e,A,11,2,"I haven't gotten to see  [ an-, +  {D you know, } any ] real recent ones. /","I/PRP have/VBP n't/RB gotten/VBN to/TO see/VB an-/XX ,/, you/PRP know/VBP ,/, any/DT real/RB recent/JJ ones/NNS ./.",,
sw08utt/sw_0874_3059.utt,3/sw3059,3059,26,sd@,B,12,1,"{D Well, } that one is, {F uh, } it's cute but kind of far out comedy.","Well/UH ,/, that/DT one/NN is/VBZ ,/, uh/UH ,/, it/PRP 's/BES cute/JJ but/CC kind/RB of/RB far/GW out/^JJ comedy/NN ./.",,
sw08utt/sw_0874_3059.utt,3/sw3059,3059,27,sd,A,13,1,<Laughter> I like comedies better than I do dramas. /,I/PRP like/VBP comedies/NNS better/JJR than/IN I/PRP do/VBP dramas/NNS ./.,,
sw08utt/sw_0874_3059.utt,3/sw3059,3059,28,+@,B,14,1,"Yeah,  /","Yeah/UH ,/,",,
sw08utt/sw_0874_3059.utt,3/sw3059,3059,29,sd,B,14,2,"I, {F uh, } am not one for the, {F uh, } - /","I/PRP ,/, uh/UH ,/, am/VBP not/RB one/CD for/IN the/DT ,/, uh/UH ,/,",,
sw08utt/sw_0874_3059.utt,3/sw3059,3059,30,sd,B,14,3,"I don't need the suspense movies or  [ the, +","I/PRP do/VBP n't/RB need/VB the/DT suspense/NN movies/NNS or/CC the/DT ,/,",,
sw08utt/sw_0874_3059.utt,3/sw3059,3059,31,x,A,15,1,<Laughter>.,,,
sw08utt/sw_0874_3059.utt,3/sw3059,3059,32,+,B,16,1,"<Laughter> the ] movies with lots of, {F uh, } the horror movies [ with, + ] {F uh, } trying to shake you out of your chair. /","the/DT movies/NNS with/IN lots/NNS of/IN ,/, uh/UH ,/, the/DT horror/NN movies/NNS with/IN ,/, uh/UH ,/, trying/VBG to/TO shake/VB you/PRP out/IN of/IN your/PRP$ chair/NN ./.",,
sw08utt/sw_0874_3059.utt,3/sw3059,3059,33,b,A,17,1,Uh-huh.  /,Uh-huh/UH ./.,,
sw08utt/sw_0874_3059.utt,3/sw3059,3059,34,qy,A,17,2,Did you care for SLEEPING WITH THE ENEMY? /,Did/VBD you/PRP care/VB for/IN SLEEPING/VBG WITH/IN THE/DT ENEMY/NN ?/.,,
sw08utt/sw_0874_3059.utt,3/sw3059,3059,35,no,B,18,1,"{F Um, } <breathing> I'm not sure <laughter>.  /","Um/UH ,/, I/PRP 'm/VBP not/RB sure/JJ ./.",,
sw08utt/sw_0874_3059.utt,3/sw3059,3059,36,sd,B,18,2,"[  I, + {F uh, } I ] saw it [ and, + ] {F uh, } because my wife wanted to see it. /","I/PRP ,/, uh/UH ,/, I/PRP saw/VBD it/PRP and/CC ,/, uh/UH ,/, because/IN my/PRP$ wife/NN wanted/VBD to/TO see/VB it/PRP ./.",,
sw08utt/sw_0874_3059.utt,3/sw3059,3059,37,b,A,19,1,Uh-huh. /,Uh-huh/UH ./.,,
sw08utt/sw_0874_3059.utt,3/sw3059,3059,38,sd,B,20,1,"{F Uh, } {C but } on the other hand, I'm not sure I would have gone otherwise,  /","Uh/UH ,/, but/CC on/IN the/DT other/JJ hand/NN ,/, I/PRP 'm/VBP not/RB sure/JJ I/PRP would/MD have/VB gone/VBN otherwise/RB ,/,",,
sw08utt/sw_0874_3059.utt,3/sw3059,3059,39,%,B,20,2,"{C and } having gone, {F uh, } - /","and/CC having/VBG gone/VBN ,/, uh/UH ,/,",,
sw08utt/sw_0874_3059.utt,3/sw3059,3059,40,sd,B,20,3,"{D well, } it really wasn't on a theme that I was, {F uh, } {F uh, }  that into,  /","well/UH ,/, it/PRP really/RB was/VBD n't/RB on/IN a/DT theme/NN that/WDT I/PRP was/VBD ,/, uh/UH ,/, uh/UH ,/, that/IN into/IN ,/,",,
sw08utt/sw_0874_3059.utt,3/sw3059,3059,41,sd,B,20,4,"{C or, } as I say, [ th-, + ] I prefer the light movies that, {F uh, } - /","or/CC ,/, as/IN I/PRP say/VBP ,/, th-/XX ,/, I/PRP prefer/VBP the/DT light/JJ movies/NNS that/WDT ,/, uh/UH ,/,",,
sw08utt/sw_0874_3059.utt,3/sw3059,3059,42,sd,B,20,5,"my style of entertainment [ is, + is ] comedy, {F uh, } primarily --","my/PRP$ style/NN of/IN entertainment/NN is/VBZ ,/, is/VBZ comedy/NN ,/, uh/UH ,/, primarily/RB --/:",,
sw08utt/sw_0874_3059.utt,3/sw3059,3059,43,b,A,21,1,Uh-huh -- /,Uh-huh/UH --/:,,
sw08utt/sw_0874_3059.utt,3/sw3059,3059,44,+,B,22,1,-- and then into action films. /,--/: and/CC then/RB into/IN action/NN films/NNS ./.,,
sw08utt/sw_0874_3059.utt,3/sw3059,3059,45,sd,A,23,1,"-- {D well, } I didn't care for the movie myself. /","--/: well/UH ,/, I/PRP did/VBD n't/RB care/VB for/IN the/DT movie/NN myself/PRP ./.",,
sw08utt/sw_0874_3059.utt,3/sw3059,3059,46,br,B,24,1,What? /,What/WP ?/.,,
sw08utt/sw_0874_3059.utt,3/sw3059,3059,47,sd^r,A,25,1,I didn't really care for the movie either. /,I/PRP did/VBD n't/RB really/RB care/VB for/IN the/DT movie/NN either/RB ./.,,
sw08utt/sw_0874_3059.utt,3/sw3059,3059,48,b,B,26,1,"Yeah,  /","Yeah/UH ,/,",,
sw08utt/sw_0874_3059.utt,3/sw3059,3059,49,sv,B,26,2,"you kind of have to like to be, {F uh, } drawn to this point where you aren't sure what's going to happen. /","you/PRP kind/RB of/RB have/VBP to/TO like/VB to/TO be/VB ,/, uh/UH ,/, drawn/VBN to/IN this/DT point/NN where/WRB you/PRP are/VBP n't/RB sure/JJ what/WP 's/BES going/VBG to/TO happen/VB ./.",,
sw08utt/sw_0874_3059.utt,3/sw3059,3059,50,b,A,27,1,"Yeah,  /","Yeah/UH ,/,",,
sw08utt/sw_0874_3059.utt,3/sw3059,3059,51,b,A,27,2,uh-huh.  /,uh-huh/UH ./.,,
sw08utt/sw_0874_3059.utt,3/sw3059,3059,52,b,A,27,3,"{D Well, } okay,  /","Well/UH ,/, okay/UH ,/,",,
sw08utt/sw_0874_3059.utt,3/sw3059,3059,53,qy,A,27,4,"on likewise then, did you see PRETTY WOMAN? /","on/IN likewise/RB then/RB ,/, did/VBD you/PRP see/VBP PRETTY/JJ WOMAN/NN ?/.",,
sw08utt/sw_0874_3059.utt,3/sw3059,3059,54,ny,B,28,1,"{F Uh, } yes. /","Uh/UH ,/, yes/UH ./.",,
sw08utt/sw_0874_3059.utt,3/sw3059,3059,55,qy,A,29,1,Do you enjoy that one? /,Do/VBP you/PRP enjoy/VBP that/DT one/CD ?/.,,
sw08utt/sw_0874_3059.utt,3/sw3059,3059,56,na,B,30,1,"{F Uh, } it was interesting,  /","Uh/UH ,/, it/PRP was/VBD interesting/JJ ,/,",,
sw08utt/sw_0874_3059.utt,3/sw3059,3059,57,sv@,B,30,2,{C but } I felt that one was a bit farfetched.,but/CC I/PRP felt/VBD that/DT one/CD was/VBD a/DT bit/NN farfetched/JJ ./.,,
sw08utt/sw_0874_3059.utt,3/sw3059,3059,58,b,A,31,1,Uh-huh. /,Uh-huh/UH ./.,,
sw08utt/sw_0874_3059.utt,3/sw3059,3059,59,+@,B,32,1,"{F Uh, } in that,  /","Uh/UH ,/, in/IN that/DT ,/,",,
sw08utt/sw_0874_3059.utt,3/sw3059,3059,60,sd,B,32,2,"{D well, } I'm trying to think of the other one I saw recently, the one on, {F um, } DEFENDING YOUR LIFE. /","well/UH ,/, I/PRP 'm/VBP trying/VBG to/TO think/VB of/IN the/DT other/JJ one/CD I/PRP saw/VBD recently/RB ,/, the/DT one/CD on/IN ,/, um/UH ,/, DEFENDING/VBG YOUR/PRP$ LIFE/NN ./.",,
sw08utt/sw_0874_3059.utt,3/sw3059,3059,61,sd,A,33,1,"{F Oh, } I haven't even heard of that one. /","Oh/UH ,/, I/PRP have/VBP n't/RB even/RB heard/VBN of/IN that/DT one/CD ./.",,
sw08utt/sw_0874_3059.utt,3/sw3059,3059,62,sd,B,34,1,"{D Well, } that was one where, {F uh, } - /","Well/UH ,/, that/DT was/VBD one/CD where/WRB ,/, uh/UH ,/,",,
sw08utt/sw_0874_3059.utt,3/sw3059,3059,63,%,B,34,2,"it's kind of like, - /","it/PRP 's/BES kind/RB of/RB like/IN ,/,",,
sw08utt/sw_0874_3059.utt,3/sw3059,3059,64,sv,B,34,3,to me it's somewhat like  PRETTY WOMAN.  /,to/IN me/PRP it/PRP 's/BES somewhat/RB like/IN PRETTY/JJ WOMAN/NN ./.,,
sw08utt/sw_0874_3059.utt,3/sw3059,3059,65,sd,B,34,4,"[  The, + the ] story line, {F um, } - /","The/DT ,/, the/DT story/NN line/NN ,/, um/UH ,/,",,
sw08utt/sw_0874_3059.utt,3/sw3059,3059,66,sd,B,34,5,"if you accept a few of the basic starting points, I guess the rest falls in place.  /","if/IN you/PRP accept/VBP a/DT few/NN of/IN the/DT basic/JJ starting/NN points/NNS ,/, I/PRP guess/VBP the/DT rest/NN falls/VBZ in/IN place/NN ./.",,
sw08utt/sw_0874_3059.utt,3/sw3059,3059,67,sd,B,34,6,"{F Uh, } it was hard to accept that, {F uh, } this, {F uh, } multimillionaire wheeler dealer [ would, + {F uh, }  would, ] {D you know, } find himself and allow himself to get into that situation. /","Uh/UH ,/, it/PRP was/VBD hard/JJ to/TO accept/VB that/DT ,/, uh/UH ,/, this/DT ,/, uh/UH ,/, multimillionaire/NN wheeler/NN dealer/NN would/MD ,/, uh/UH ,/, would/MD ,/, you/PRP know/VB ,/, find/VB himself/PRP and/CC allow/VB himself/PRP to/TO get/VB into/IN that/DT situation/NN ./.",,
sw08utt/sw_0874_3059.utt,3/sw3059,3059,68,b,A,35,1,"Uh-huh,  /","Uh-huh/UH ,/,",,
sw08utt/sw_0874_3059.utt,3/sw3059,3059,69,%,A,35,2,yeah.  /,yeah/UH ./.,,
sw08utt/sw_0874_3059.utt,3/sw3059,3059,70,sd,A,35,3,"{D Well, } I really liked PRETTY WOMAN.  /","Well/UH ,/, I/PRP really/RB liked/VBD PRETTY/JJ WOMAN/NN ./.",,
sw08utt/sw_0874_3059.utt,3/sw3059,3059,71,%,A,35,4,"{D You know, } I just, - /","You/PRP know/VBP ,/, I/PRP just/RB ,/,",,
sw08utt/sw_0874_3059.utt,3/sw3059,3059,72,sd,A,35,5,"{D well, } you just kind of went with it.  /","well/UH ,/, you/PRP just/RB kind/RB of/RB went/VBD with/IN it/PRP ./.",,
sw08utt/sw_0874_3059.utt,3/sw3059,3059,73,sd,A,35,6,"Like you said, you had to accept the beginning of it and just kind of go. /","Like/IN you/PRP said/VBD ,/, you/PRP had/VBD to/TO accept/VB the/DT beginning/NN of/IN it/PRP and/CC just/RB kind/RB of/RB go/VB ./.",,
sw08utt/sw_0874_3059.utt,3/sw3059,3059,74,b,B,36,1,Yeah.  /,Yeah/UH ./.,,
sw08utt/sw_0874_3059.utt,3/sw3059,3059,75,sv,B,36,2,It's sort of a modern CINDERELLA type of story. /,It/PRP 's/BES sort/RB of/RB a/DT modern/JJ CINDERELLA/NNP type/NN of/IN story/NN ./.,,
sw08utt/sw_0874_3059.utt,3/sw3059,3059,76,b,A,37,1,Yeah.  /,Yeah/UH ./.,,
sw08utt/sw_0874_3059.utt,3/sw3059,3059,77,sd,A,37,2,"{C But, } {F um, } FLATLINERS, {D now, } it's a drama,  /","But/CC ,/, um/UH ,/, FLATLINERS/NNS ,/, now/UH ,/, it/PRP 's/BES a/DT drama/NN ,/,",,
sw08utt/sw_0874_3059.utt,3/sw3059,3059,78,sd,A,37,3,"{C and } I don't usually like  them,  /","and/CC I/PRP do/VBP n't/RB usually/RB like/VB them/PRP ,/,",,
sw08utt/sw_0874_3059.utt,3/sw3059,3059,79,sd,A,37,4,{C and } I really enjoyed it.  /,and/CC I/PRP really/RB enjoyed/VBD it/PRP ./.,,
sw08utt/sw_0874_3059.utt,3/sw3059,3059,80,h,A,37,5,"[ I, + {F um, } I ] don't know,  /","I/PRP ,/, um/UH ,/, I/PRP do/VBP n't/RB know/VB ,/,",,
sw08utt/sw_0874_3059.utt,3/sw3059,3059,81,%,A,37,6,"it was kind of, - /","it/PRP was/VBD kind/RB of/RB ,/,",,
sw08utt/sw_0874_3059.utt,3/sw3059,3059,82,sv,A,37,7,it made you think a lot --,it/PRP made/VBD you/PRP think/VBP a/DT lot/NN --/:,,
sw08utt/sw_0874_3059.utt,3/sw3059,3059,83,b,B,38,1,Uh-huh. /,Uh-huh/UH ./.,,
sw08utt/sw_0874_3059.utt,3/sw3059,3059,84,+,A,39,1,-- I think.  /,--/: I/PRP think/VBP ./.,,
sw08utt/sw_0874_3059.utt,3/sw3059,3059,85,qy,A,39,2,Did you see GHOST? /,Did/VBD you/PRP see/VB GHOST/NN ?/.,,
sw08utt/sw_0874_3059.utt,3/sw3059,3059,86,ny,B,40,1,Yes. /,Yes/UH ./.,,
sw08utt/sw_0874_3059.utt,3/sw3059,3059,87,bk,A,41,1,"Okay,  /","Okay/UH ,/,",,
sw08utt/sw_0874_3059.utt,3/sw3059,3059,88,qy,A,41,2,"{D now, } did you care for that one? /","now/UH ,/, did/VBD you/PRP care/VB for/IN that/DT one/CD ?/.",,
sw08utt/sw_0874_3059.utt,3/sw3059,3059,89,%,B,42,1,"{F Uh, } that was, - /","Uh/UH ,/, that/DT was/VBD ,/,",,
sw08utt/sw_0874_3059.utt,3/sw3059,3059,90,na,B,42,2,I enjoyed that one.  /,I/PRP enjoyed/VBD that/DT one/CD ./.,,
sw08utt/sw_0874_3059.utt,3/sw3059,3059,91,sd,B,42,3,"[  I, +  [ in that I, + ]   I ] guess  [ I, +  I ] hate to be too surprised in a movie,  /","I/PRP ,/, in/IN that/DT I/PRP ,/, I/PRP guess/VBP I/PRP ,/, I/PRP hate/VBP to/TO be/VB too/RB surprised/JJ in/IN a/DT movie/NN ,/,",,
sw08utt/sw_0874_3059.utt,3/sw3059,3059,92,sd,B,42,4,"{C and } in that one [ you could, + you could ] pretty well guess where it was,","and/CC in/IN that/DT one/CD you/PRP could/MD ,/, you/PRP could/MD pretty/RB well/RB guess/VB where/WRB it/PRP was/VBD ,/,",,
sw08utt/sw_0874_3059.utt,3/sw3059,3059,93,x,A,43,1,<Laughter>.,,,
sw08utt/sw_0874_3059.utt,3/sw3059,3059,94,+,B,44,1,going to end up.  /,going/VBG to/TO end/VB up/RP ./.,,
sw08utt/sw_0874_3059.utt,3/sw3059,3059,95,sv,B,44,2,"You weren't sure exactly how it would get there,  /","You/PRP were/VBD n't/RB sure/JJ exactly/RB how/WRB it/PRP would/MD get/VB there/RB ,/,",,
sw08utt/sw_0874_3059.utt,3/sw3059,3059,96,sv,B,44,3,{C but } you knew where it would end up. /,but/CC you/PRP knew/VBD where/WRB it/PRP would/MD end/VB up/RP ./.,,
sw08utt/sw_0874_3059.utt,3/sw3059,3059,97,b,A,45,1,Uh-huh.  /,Uh-huh/UH ./.,,
sw08utt/sw_0874_3059.utt,3/sw3059,3059,98,%,A,45,2,"{D See, } {D now, } I didn't, - /","See/UH ,/, now/UH ,/, I/PRP did/VBD n't/RB ,/,",,
sw08utt/sw_0874_3059.utt,3/sw3059,3059,99,sv,A,45,3,"I thought it was an okay movie,  /","I/PRP thought/VBD it/PRP was/VBD an/DT okay/JJ movie/NN ,/,",,
sw08utt/sw_0874_3059.utt,3/sw3059,3059,100,sd,A,45,4,{C but } it wasn't something that I would enjoy seeing twice or three times. /,but/CC it/PRP was/VBD n't/RB something/NN that/WDT I/PRP would/MD enjoy/VB seeing/VBG twice/RB or/CC three/CD times/NNS ./.,,
sw08utt/sw_0874_3059.utt,3/sw3059,3059,101,b,B,46,1,Uh-huh. /,Uh-huh/UH ./.,,
sw08utt/sw_0874_3059.utt,3/sw3059,3059,102,sd,A,47,1,"I didn't think so, {F um, }  /","I/PRP did/VBD n't/RB think/VB so/RB ,/, um/UH ,/,",,
sw08utt/sw_0874_3059.utt,3/sw3059,3059,103,sd,A,47,2,I really didn't care for the ending of it.  /,I/PRP really/RB did/VBD n't/RB care/VB for/IN the/DT ending/NN of/IN it/PRP ./.,,
sw08utt/sw_0874_3059.utt,3/sw3059,3059,104,sv,A,47,3,"I thought it was just of like <laughter> you didn't know this was going to happen,  /","I/PRP thought/VBD it/PRP was/VBD just/RB of/IN like/IN you/PRP did/VBD n't/RB know/VB this/DT was/VBD going/VBG to/TO happen/VB ,/,",,
sw08utt/sw_0874_3059.utt,3/sw3059,3059,105,%,A,47,4,"when, {D you know, } - /","when/WRB ,/, you/PRP know/VBP ,/,",,
sw08utt/sw_0874_3059.utt,3/sw3059,3059,106,h,A,47,5,"{C but, } {F um, } I don't know, {D you know. }  /","but/CC ,/, um/UH ,/, I/PRP do/VBP n't/RB know/VB ,/, you/PRP know/VBP ./.",,
sw08utt/sw_0874_3059.utt,3/sw3059,3059,107,sd,A,47,6,"{D Well, } of course, {F uh, } a bunch of girls had told me and warned me,  /","Well/UH ,/, of/IN course/NN ,/, uh/UH ,/, a/DT bunch/NN of/IN girls/NNS had/VBD told/VBN me/PRP and/CC warned/VBN me/PRP ,/,",,
sw08utt/sw_0874_3059.utt,3/sw3059,3059,108,sd(^q),A,47,7,"{C and } they said, {F ""Oh, } it's a real tearjerker,"" and da, da, da, da, da.  /","and/CC they/PRP said/VBD ,/, ``/`` Oh/UH ,/, it/PRP 's/BES a/DT real/JJ tearjerker/NN ,/, ''/'' and/CC da/UH ,/, da/UH ,/, da/UH ,/, da/UH ,/, da/UH ./.",,
sw08utt/sw_0874_3059.utt,3/sw3059,3059,109,sd,A,47,8,"Meanwhile, I sat through the movie and  said {D well, } [ when are you, + when are you ] supposed to start crying, {D you know } <laughter>. /","Meanwhile/RB ,/, I/PRP sat/VBD through/IN the/DT movie/NN and/CC said/VBD well/UH ,/, when/WRB are/VBP you/PRP ,/, when/WRB are/VBP you/PRP supposed/VBN to/TO start/VB crying/VBG ,/, you/PRP know/VBP ./.",,
sw08utt/sw_0874_3059.utt,3/sw3059,3059,110,b,B,48,1,Yeah. /,Yeah/UH ./.,,
sw08utt/sw_0874_3059.utt,3/sw3059,3059,111,sd,A,49,1,"[  I didn't really, +","I/PRP did/VBD n't/RB really/UH ,/,",,
sw08utt/sw_0874_3059.utt,3/sw3059,3059,112,sd,B,50,1,"{D Well, } whenever she starts crying <laughter>. /","Well/UH ,/, whenever/WRB she/PRP starts/VBZ crying/VBG ./.",,
sw08utt/sw_0874_3059.utt,3/sw3059,3059,113,+,A,51,1,"{F Uh, } I didn't really ] find it to be a tearjerker <laughter>. /","Uh/UH ,/, I/PRP did/VBD n't/RB really/RB find/VB it/PRP to/TO be/VB a/DT tearjerker/NN ./.",,
sw08utt/sw_0874_3059.utt,3/sw3059,3059,114,qy,B,52,1,"{D Well, } do you go to many movies more than once? /","Well/UH ,/, do/VBP you/PRP go/VB to/IN many/JJ movies/NNS more/JJR than/IN once/RB ?/.",,
sw08utt/sw_0874_3059.utt,3/sw3059,3059,115,na,A,53,1,"{F Um, } if I see them more than once, I see them on video.  /","Um/UH ,/, if/IN I/PRP see/VBP them/PRP more/JJR than/IN once/RB ,/, I/PRP see/VBP them/PRP on/IN video/NN ./.",,
sw08utt/sw_0874_3059.utt,3/sw3059,3059,116,sd@,A,53,2,I never pay to see one more than once.,I/PRP never/RB pay/VBP to/TO see/VB one/CD more/JJR than/IN once/RB ./.,,
sw08utt/sw_0874_3059.utt,3/sw3059,3059,117,b,B,54,1,Uh-huh. /,Uh-huh/UH ./.,,
sw08utt/sw_0874_3059.utt,3/sw3059,3059,118,+@,A,55,1,{D You know. }  /,You/PRP know/VBP ./.,,
sw08utt/sw_0874_3059.utt,3/sw3059,3059,119,sd,A,55,2,"{C But } like you said, [ I, + I ] enjoy the comedies a lot better.  /","But/CC like/IN you/PRP said/VBD ,/, I/PRP ,/, I/PRP enjoy/VBP the/DT comedies/NNS a/DT lot/NN better/JJR ./.",,
sw08utt/sw_0874_3059.utt,3/sw3059,3059,120,sd,A,55,3,"In fact, that's where I've seen most of my movies, have been on video. /","In/IN fact/NN ,/, that/DT 's/BES where/WRB I/PRP 've/VBP seen/VBN most/RBS of/IN my/PRP$ movies/NNS ,/, have/VBP been/VBN on/IN video/NN ./.",,
sw08utt/sw_0874_3059.utt,3/sw3059,3059,121,b,B,56,1,Uh-huh.  /,Uh-huh/UH ./.,,
sw08utt/sw_0874_3059.utt,3/sw3059,3059,122,%,B,56,2,"{D Well, } these days it's, {F uh, } -/","Well/UH ,/, these/DT days/NNS it/PRP 's/BES ,/, uh/UH ,/,",,
sw08utt/sw_0874_3059.utt,3/sw3059,3059,123,sv,A,57,1,You see it on video just as soon as it is on the movie screen. /,You/PRP see/VBP it/PRP on/IN video/NN just/RB as/RB soon/RB as/IN it/PRP is/VBZ on/IN the/DT movie/NN screen/NN ./.,,
sw08utt/sw_0874_3059.utt,3/sw3059,3059,124,sv,B,58,1,"{D Well, } [ if you don't, +  with some of the movies, if you don't ] go to them within the first four weeks, the movie may have, {F uh, } left town, never to show up again until it comes back in video. /","Well/UH ,/, if/IN you/PRP do/VBP n't/RB ,/, with/IN some/DT of/IN the/DT movies/NNS ,/, if/IN you/PRP do/VBP n't/RB go/VB to/IN them/PRP within/IN the/DT first/JJ four/CD weeks/NNS ,/, the/DT movie/NN may/MD have/VB ,/, uh/UH ,/, left/VBN town/NN ,/, never/RB to/TO show/VB up/RP again/RB until/IN it/PRP comes/VBZ back/RB in/IN video/NN ./.",,
sw08utt/sw_0874_3059.utt,3/sw3059,3059,125,b,A,59,1,Uh-huh. /,Uh-huh/UH ./.,,
sw08utt/sw_0874_3059.utt,3/sw3059,3059,126,sv,B,60,1,"{C So, } {F uh, } unless a movie is popular and stays around, {F uh, } you probably will see it on video these days more likely than at the movie. /","So/RB ,/, uh/UH ,/, unless/IN a/DT movie/NN is/VBZ popular/JJ and/CC stays/VBZ around/RB ,/, uh/UH ,/, you/PRP probably/RB will/MD see/VB it/PRP on/IN video/NN these/DT days/NNS more/RBR likely/JJ than/IN at/IN the/DT movie/NN ./.",,
sw08utt/sw_0874_3059.utt,3/sw3059,3059,127,b,A,61,1,"Yeah,  /","Yeah/UH ,/,",,
sw08utt/sw_0874_3059.utt,3/sw3059,3059,128,b,A,61,2,uh-huh. /,uh-huh/UH ./.,,
sw08utt/sw_0874_3059.utt,3/sw3059,3059,129,%,B,62,1,"{C So } we have, {F um, } - /","So/RB we/PRP have/VBP ,/, um/UH ,/,",,
sw08utt/sw_0874_3059.utt,3/sw3059,3059,130,sv,B,62,2,"{D well, } I think just most people have V C R -s now  /","well/UH ,/, I/PRP think/VBP just/RB most/RBS people/NNS have/VBP V/NN C/NN R/NN -s/NNS now/RB",,
sw08utt/sw_0874_3059.utt,3/sw3059,3059,131,sd,B,62,3,{C and } we probably watch twice as many movies at home --,and/CC we/PRP probably/RB watch/VBP twice/RB as/IN many/JJ movies/NNS at/IN home/NN --/:,,
sw08utt/sw_0874_3059.utt,3/sw3059,3059,132,b,A,63,1,"{F Oh, } yeah. /","Oh/UH ,/, yeah/UH ./.",,
sw08utt/sw_0874_3059.utt,3/sw3059,3059,133,+,B,64,1,-- as we do at movie theaters. /,--/: as/IN we/PRP do/VBP at/IN movie/NN theaters/NNS ./.,,
sw08utt/sw_0874_3059.utt,3/sw3059,3059,134,b,A,65,1,Uh-huh.  /,Uh-huh/UH ./.,,
sw08utt/sw_0874_3059.utt,3/sw3059,3059,135,nn,A,65,2,"No,  /","No/UH ,/,",,
sw08utt/sw_0874_3059.utt,3/sw3059,3059,136,sd^e,A,65,3,"I saw one, it was a drama also,  /","I/PRP saw/VBD one/CD ,/, it/PRP was/VBD a/DT drama/NN also/RB ,/,",,
sw08utt/sw_0874_3059.utt,3/sw3059,3059,137,sd,A,65,4,"{C and } I can't think of the name of it now, that, {F um, } - /","and/CC I/PRP ca/MD n't/RB think/VB of/IN the/DT name/NN of/IN it/PRP now/RB ,/, that/IN ,/, um/UH ,/,",,
sw08utt/sw_0874_3059.utt,3/sw3059,3059,138,sd,A,65,5,"it was a book before it came out in a movie,  /","it/PRP was/VBD a/DT book/NN before/IN it/PRP came/VBD out/IN in/IN a/DT movie/NN ,/,",,
sw08utt/sw_0874_3059.utt,3/sw3059,3059,139,sd,A,65,6,"{C and } [ it was, + [ it w-, + ] it was ] a drama.  /","and/CC it/PRP was/VBD ,/, it/PRP w-/XX ,/, it/PRP was/VBD a/DT drama/NN ./.",,
sw08utt/sw_0874_3059.utt,3/sw3059,3059,140,sd@,A,65,7,"It wasn't a comedy.  {F Uh, }","It/PRP was/VBD n't/RB a/DT comedy/NN ./. Uh/UH ,/,",,
sw08utt/sw_0874_3059.utt,3/sw3059,3059,141,qy,B,66,1,Did you go to DANCES WITH WOLVES? /,Did/VBD you/PRP go/VBP to/IN DANCES/VBZ WITH/IN WOLVES/NNS ?/.,,
sw08utt/sw_0874_3059.utt,3/sw3059,3059,142,+@,A,67,1,No.  /,No/UH ./.,,
sw08utt/sw_0874_3059.utt,3/sw3059,3059,143,sd^e,A,67,2,I wanted to see that.  /,I/PRP wanted/VBD to/TO see/VB that/DT ./.,,
sw08utt/sw_0874_3059.utt,3/sw3059,3059,144,sd,A,67,3,I didn't get to. /,I/PRP did/VBD n't/RB get/VB to/TO ./.,,
sw08utt/sw_0874_3059.utt,3/sw3059,3059,145,sd,B,68,1,"[ I, + at least what I ] hear on that one, that it's coming out a second time [ in a, + in a ] longer version --","I/PRP ,/, at/IN least/JJS what/WP I/PRP hear/VBP on/IN that/DT one/CD ,/, that/DT it/PRP 's/BES coming/VBG out/RP a/DT second/JJ time/NN in/IN a/DT ,/, in/IN a/DT longer/RB version/NN --/:",,
sw08utt/sw_0874_3059.utt,3/sw3059,3059,146,bh,A,69,1,"{F Oh, } really? /","Oh/UH ,/, really/UH ?/.",,
sw08utt/sw_0874_3059.utt,3/sw3059,3059,147,+,B,70,1,-- even though it was a long movie.  /,--/: even/RB though/IN it/PRP was/VBD a/DT long/JJ movie/NN ./.,,
sw08utt/sw_0874_3059.utt,3/sw3059,3059,148,sd,B,70,2,It's sort of the uncut version.  /,It/PRP 's/BES sort/RB of/RB the/DT uncut/JJ version/NN ./.,,
sw08utt/sw_0874_3059.utt,3/sw3059,3059,149,h,B,70,3,At least that was some of the rumors.  /,At/IN least/JJS that/WDT was/VBD some/DT of/IN the/DT rumors/NNS ./.,,
sw08utt/sw_0874_3059.utt,3/sw3059,3059,150,sd,B,70,4,"We'll have to see, because [ it's, + ] {F uh, } there was some talk about that.  /","We/PRP 'll/MD have/VB to/TO see/VB ,/, because/IN it/PRP 's/BES ,/, uh/UH ,/, there/EX was/VBD some/DT talk/NN about/IN that/DT ./.",,
sw08utt/sw_0874_3059.utt,3/sw3059,3059,151,%,B,70,5,"I, - /","I/PRP ,/,",,
sw08utt/sw_0874_3059.utt,3/sw3059,3059,152,sd,B,70,6,maybe it will come out this fall.  /,maybe/RB it/PRP will/MD come/VB out/RP this/DT fall/NN ./.,,
sw08utt/sw_0874_3059.utt,3/sw3059,3059,153,%,B,70,7,"There, - /","There/EX ,/,",,
sw08utt/sw_0874_3059.utt,3/sw3059,3059,154,sd,B,70,8,"we're sort of in the middle of the summer, {F um, } season of a lot of new movies coming out,  /","we/PRP 're/VBP sort/RB of/RB in/IN the/DT middle/NN of/IN the/DT summer/NN ,/, um/UH ,/, season/NN of/IN a/DT lot/NN of/IN new/JJ movies/NNS coming/VBG out/RP ,/,",,
sw08utt/sw_0874_3059.utt,3/sw3059,3059,155,sv,B,70,9,"{C but } then there's these, {F um, } periods like early fall before Christmas or  early spring when there's sort of a quiet period where if you bring something out again, it, {F uh, } will increase the revenues from the movie. /","but/CC then/RB there/EX 's/BES these/DT ,/, um/UH ,/, periods/NNS like/IN early/JJ fall/NN before/IN Christmas/NNP or/CC early/JJ spring/NN when/WRB there/EX 's/BES sort/RB of/RB a/DT quiet/JJ period/NN where/WRB if/IN you/PRP bring/VBP something/NN out/RB again/RB ,/, it/PRP ,/, uh/UH ,/, will/MD increase/VB the/DT revenues/NNS from/IN the/DT movie/NN ./.",,
sw08utt/sw_0874_3059.utt,3/sw3059,3059,156,b,A,71,1,Uh-huh.  /,Uh-huh/UH ./.,,
sw08utt/sw_0874_3059.utt,3/sw3059,3059,157,qw,A,71,2,"{D Well, } {F um, } what movies are showing down there now? /","Well/UH ,/, um/UH ,/, what/WP movies/NNS are/VBP showing/VBG down/IN there/RB now/RB ?/.",,
sw08utt/sw_0874_3059.utt,3/sw3059,3059,158,sd,B,72,1,"{F Oh, } [ I, + I'd ] actually have to get a newspaper out.  /","Oh/UH ,/, I/PRP ,/, I/PRP 'd/MD actually/UH have/VB to/TO get/VB a/DT newspaper/NN out/RB ./.",,
sw08utt/sw_0874_3059.utt,3/sw3059,3059,159,sd,B,72,2,"My approach to movies is I kind of hear about them, {F uh, }  /","My/PRP$ approach/NN to/IN movies/NNS is/VBZ I/PRP kind/RB of/RB hear/VBP about/IN them/PRP ,/, uh/UH ,/,",,
sw08utt/sw_0874_3059.utt,3/sw3059,3059,160,sd,B,72,3,"I keep track of them a little,  /","I/PRP keep/VBP track/NN of/IN them/PRP a/DT little/JJ ,/,",,
sw08utt/sw_0874_3059.utt,3/sw3059,3059,161,sd,B,72,4,"{C but, } {D you know, } ask me to name the ten that are out there right now,  /","but/CC ,/, you/PRP know/VBP ,/, ask/VB me/PRP to/TO name/VB the/DT ten/CD that/WDT are/VBP out/IN there/RB right/RB now/RB ,/,",,
sw08utt/sw_0874_3059.utt,3/sw3059,3059,162,sd,B,72,5,"{C and } I'd have to say, {F uh, } [ I, + {F uh, } I ] don't know.  /","and/CC I/PRP 'd/MD have/VB to/TO say/VB ,/, uh/UH ,/, I/PRP ,/, uh/UH ,/, I/PRP do/VBP n't/RB know/VB ./.",,
sw08utt/sw_0874_3059.utt,3/sw3059,3059,163,sd,B,72,6,"[ I, + I ] just look at the newspaper before I decide to go  /","I/PRP ,/, I/PRP just/RB look/VBP at/IN the/DT newspaper/NN before/IN I/PRP decide/VBP to/TO go/VB",,
sw08utt/sw_0874_3059.utt,3/sw3059,3059,164,%,B,72,7,"{C and, } -/","and/CC ,/,",,
sw08utt/sw_0874_3059.utt,3/sw3059,3059,165,b,A,73,1,"Yeah,  /","Yeah/UH ,/,",,
sw08utt/sw_0874_3059.utt,3/sw3059,3059,166,sd,A,73,2,that's pretty much what I do.  /,that/DT 's/BES pretty/RB much/JJ what/WP I/PRP do/VBP ./.,,
sw08utt/sw_0874_3059.utt,3/sw3059,3059,167,sd,A,73,3,"[  I, + I ]  know for sure that that one about, - /","I/PRP ,/, I/PRP know/VBP for/IN sure/JJ that/IN that/DT one/CD about/IN ,/,",,
sw08utt/sw_0874_3059.utt,3/sw3059,3059,168,qw,A,73,4,what was that one about Bob? /,what/WP was/VBD that/DT one/CD about/IN Bob/NNP ?/.,,
sw08utt/sw_0874_3059.utt,3/sw3059,3059,169,sd,B,74,1,"{F Uh, } it's kind of,","Uh/UH ,/, it/PRP 's/BES kind/RB of/RB ,/,",,
sw08utt/sw_0874_3059.utt,3/sw3059,3059,170,sv,A,75,1,"I think it's just, -/","I/PRP think/VBP it/PRP 's/BES just/RB ,/,",,
sw08utt/sw_0874_3059.utt,3/sw3059,3059,171,+,B,76,1,WHERE'S BOB? or WHAT ABOUT BOB? /,WHERE/WRB 'S/BES BOB/NNP ?/. or/CC WHAT/WP ABOUT/IN  BOB/NNP ?/.,,
sw08utt/sw_0874_3059.utt,3/sw3059,3059,172,b,A,77,1,"Yeah,  /","Yeah/UH ,/,",,
sw08utt/sw_0874_3059.utt,3/sw3059,3059,173,sv,A,77,2,I think it's just playing now up here. /,I/PRP think/VBP it/PRP 's/BES just/RB playing/VBG now/RB up/IN here/RB ./.,,
sw08utt/sw_0874_3059.utt,3/sw3059,3059,174,b,B,78,1,Yeah.  /,Yeah/UH ./.,,
sw08utt/sw_0874_3059.utt,3/sw3059,3059,175,sv,B,78,2,"{C Because } some of them, [ they, + {F uh, } they'll ] start in one area of the country,  /","Because/IN some/DT of/IN them/PRP ,/, they/PRP ,/, uh/UH ,/, they/PRP 'll/MD start/VB in/IN one/CD area/NN of/IN the/DT country/NN ,/,",,
sw08utt/sw_0874_3059.utt,3/sw3059,3059,176,%,B,78,3,"{C and } if they it's, -/","and/CC if/IN they/PRP it/PRP 's/BES ,/,",,
