swda_filename,ptb_basename,conversation_no,transcript_index,act_tag,caller,utterance_index,subutterance_index,text,pos,trees,ptb_treenumbers
sw08utt/sw_0825_2953.utt,2/sw2953,2953,0,o,B,1,1,{D Well } <laughter>. -/,Well/UH ./.,,
sw08utt/sw_0825_2953.utt,2/sw2953,2953,1,qw,A,2,1,"{D Well, } what kind of music did you all listen to? <Buzz>. /","Well/UH ,/, what/WDT kind/NN of/IN music/NN did/VBD you/PRP all/DT listen/VB to/IN ?/. ./.",,
sw08utt/sw_0825_2953.utt,2/sw2953,2953,2,^h,B,3,1,"{F Oh, } my goodness.  /","Oh/UH ,/, my/PRP$ goodness/NN ./.",,
sw08utt/sw_0825_2953.utt,2/sw2953,2953,3,sd,B,3,2,"{D Now } {D see, } we think of classic rock that they, {D you know, } have on all the easy listening stations now --","Now/UH see/UH ,/, we/PRP think/VBP of/IN classic/JJ rock/NN that/WDT they/PRP ,/, you/PRP know/VBP ,/, have/VBP on/IN all/PDT the/DT easy/JJ listening/NN stations/NNS now/RB --/:",,
sw08utt/sw_0825_2953.utt,2/sw2953,2953,4,b,A,4,1,Uh-huh. /,Uh-huh/UH ./.,,
sw08utt/sw_0825_2953.utt,2/sw2953,2953,5,+,B,5,1,-- as our heart and soul.  /,--/: as/IN our/PRP$ heart/NN and/CC soul/NN ./.,,
sw08utt/sw_0825_2953.utt,2/sw2953,2953,6,%,B,5,2,"{E I mean } it was, - /","I/PRP mean/VBP it/PRP was/VBD ,/,",,
sw08utt/sw_0825_2953.utt,2/sw2953,2953,7,sd^t,B,5,3,that is a really good question because that was everything from the Rolling Stones to the Beatles.  /,that/DT is/VBZ a/DT really/RB good/JJ question/NN because/IN that/DT was/VBD everything/NN from/IN the/DT Rolling/NNP Stones/NNPS to/IN the/DT Beatles/NNPS ./.,,
sw08utt/sw_0825_2953.utt,2/sw2953,2953,8,sd,B,5,4,{E I mean } we were there. /,I/PRP mean/VBP we/PRP were/VBD there/RB ./.,,
sw08utt/sw_0825_2953.utt,2/sw2953,2953,9,ar,A,6,1,"No,  /","No/UH ,/,",,
sw08utt/sw_0825_2953.utt,2/sw2953,2953,10,sd,A,6,2,"{D now, } {D well } then you was, in the, {F uh, } - /","now/UH ,/, well/UH then/RB you/PRP was/VBD ,/, in/IN the/DT ,/, uh/UH ,/,",,
sw08utt/sw_0825_2953.utt,2/sw2953,2953,11,fa,A,6,3,"{C or, } I am sorry, /","or/CC ,/, I/PRP am/VBP sorry/JJ ,/,",,
sw08utt/sw_0825_2953.utt,2/sw2953,2953,12,b,B,7,1,# Yeah.  /,Yeah/UH ./.,,
sw08utt/sw_0825_2953.utt,2/sw2953,2953,13,sd,B,7,2,"I was, # -/","I/PRP was/VBD ,/,",,
sw08utt/sw_0825_2953.utt,2/sw2953,2953,14,sv,A,8,1,# I am going # to make you sound like you're --,I/PRP am/VBP going/VBG to/TO make/VB you/PRP sound/VBP like/IN you/PRP 're/VBP --/:,,
sw08utt/sw_0825_2953.utt,2/sw2953,2953,15,bd,B,9,1,"{D Well, } [ I was, +","Well/UH ,/, I/PRP was/VBD ,/,",,
sw08utt/sw_0825_2953.utt,2/sw2953,2953,16,+,A,10,1,-- # eighty something.  # /,--/: eighty/CD something/NN ./.,,
sw08utt/sw_0825_2953.utt,2/sw2953,2953,17,+,B,11,1,# I was ] in # seventh grade when the Beatles came out. /,I/PRP was/VBD in/IN seventh/JJ grade/NN when/WRB the/DT Beatles/NNPS came/VBD out/RB ./.,,
sw08utt/sw_0825_2953.utt,2/sw2953,2953,18,bk,A,12,1,"# Okay, # /","Okay/UH ,/,",,
sw08utt/sw_0825_2953.utt,2/sw2953,2953,19,sd,B,13,1,# I # was --,I/PRP was/VBD --/:,,
sw08utt/sw_0825_2953.utt,2/sw2953,2953,20,sd,A,14,1,Woodstock. /,Woodstock/NNP ./.,,
sw08utt/sw_0825_2953.utt,2/sw2953,2953,21,+,B,15,1,-- fourteen years old. /,--/: fourteen/CD years/NNS old/JJ ./.,,
sw08utt/sw_0825_2953.utt,2/sw2953,2953,22,qw,A,16,1,"What was, -/","What/WP was/VBD ,/,",,
sw08utt/sw_0825_2953.utt,2/sw2953,2953,23,^2,B,17,1,# Woodstock? # /,Woodstock/NNP ?/.,,
sw08utt/sw_0825_2953.utt,2/sw2953,2953,24,ny,A,18,1,"# yeah,  /","yeah/UH ,/,",,
sw08utt/sw_0825_2953.utt,2/sw2953,2953,25,qw@,A,18,2,# what was you doing during Woodstock?,what/WP was/VBD you/PRP doing/VBG during/IN Woodstock/NNP ?/.,,
sw08utt/sw_0825_2953.utt,2/sw2953,2953,26,^h,B,19,1,"{D Well, } I wanted to go.  /","Well/UH ,/, I/PRP wanted/VBD to/TO go/VB ./.",,
sw08utt/sw_0825_2953.utt,2/sw2953,2953,27,sd,B,19,2,I was in Chicago.  /,I/PRP was/VBD in/IN Chicago/NNP ./.,,
sw08utt/sw_0825_2953.utt,2/sw2953,2953,28,sd,B,19,3,{C And } I guess I was close to eighteen or something.  /,And/CC I/PRP guess/VBP I/PRP was/VBD close/RB to/IN eighteen/CD or/CC something/NN ./.,,
sw08utt/sw_0825_2953.utt,2/sw2953,2953,29,%,B,19,4,"[  I, + I, ] - /","I/PRP ,/, I/PRP ,/,",,
sw08utt/sw_0825_2953.utt,2/sw2953,2953,30,o@,B,19,5,"it was like, I think, the summer between my, {F uh, } high school and college.  Somewhere around in there. /","it/PRP was/VBD like/IN ,/, I/PRP think/VBP ,/, the/DT summer/NN between/IN my/PRP$ ,/, uh/UH ,/, high/JJ school/NN and/CC college/NN ./. Somewhere/RB around/IN in/IN there/RB ./.",,
sw08utt/sw_0825_2953.utt,2/sw2953,2953,31,+@,A,20,1,# Uh-huh. # /,Uh-huh/UH ./.,,
sw08utt/sw_0825_2953.utt,2/sw2953,2953,32,h,B,21,1,# I # can't quite remember the year.  /,I/PRP ca/MD n't/RB quite/RB remember/VB the/DT year/NN ./.,,
sw08utt/sw_0825_2953.utt,2/sw2953,2953,33,%,B,21,2,"{C And, } {F uh, } -/","And/CC ,/, uh/UH ,/,",,
sw08utt/sw_0825_2953.utt,2/sw2953,2953,34,sv,A,22,1,You would have had a ball. /,You/PRP would/MD have/VB had/VBN a/DT ball/NN ./.,,
sw08utt/sw_0825_2953.utt,2/sw2953,2953,35,ny,B,23,1,"{F Uh, } yeah. /","Uh/UH ,/, yeah/UH ./.",,
sw08utt/sw_0825_2953.utt,2/sw2953,2953,36,sv,A,24,1,"[ I, + I ] kind of [ liked, + would have liked ] to have been there. /","I/PRP ,/, I/PRP kind/RB of/RB liked/VBD ,/, would/MD have/VB liked/VBN to/TO have/VB been/VBN there/RB ./.",,
sw08utt/sw_0825_2953.utt,2/sw2953,2953,37,sd,B,25,1,"[ We could not, + we could not ] get it together to drive.  /","We/PRP could/MD not/RB ,/, we/PRP could/MD not/RB get/VB it/PRP together/RB to/TO drive/VB ./.",,
sw08utt/sw_0825_2953.utt,2/sw2953,2953,38,sd,B,25,2,"{E I mean, } {D you know, } we had never driven outside of, {D you know, }","I/PRP mean/VBP ,/, you/PRP know/VBP ,/, we/PRP had/VBD never/RB driven/VBN outside/IN of/IN ,/, you/PRP know/VBP ,/,",,
sw08utt/sw_0825_2953.utt,2/sw2953,2953,39,b,A,26,1,# Yeah. # /,Yeah/UH ./.,,
sw08utt/sw_0825_2953.utt,2/sw2953,2953,40,+,B,27,1,# ten # miles out of town at that time.  /,ten/CD miles/NNS out/IN of/IN town/NN at/IN that/DT time/NN ./.,,
sw08utt/sw_0825_2953.utt,2/sw2953,2953,41,sd,B,27,2,"{C And } here we were all hep to go to Woodstock, {D you know. } /","And/CC here/RB we/PRP were/VBD all/RB hep/JJ to/TO go/VB to/IN Woodstock/NNP ,/, you/PRP know/VBP ./.",,
sw08utt/sw_0825_2953.utt,2/sw2953,2953,42,qy^g,A,28,1,"<Laughter>  Don't you wish you had been able to, though? /","Do/VBP n't/RB you/PRP wish/VB you/PRP had/VBD been/VBN able/JJ to/TO ,/, though/RB ?/.",,
sw08utt/sw_0825_2953.utt,2/sw2953,2953,43,na,B,29,1,I really do.  /,I/PRP really/RB do/VBP ./.,,
sw08utt/sw_0825_2953.utt,2/sw2953,2953,44,%,B,29,2,"You, -/","You/PRP ,/,",,
sw08utt/sw_0825_2953.utt,2/sw2953,2953,45,sv,A,30,1,"{F Oh, } that would have been such a great memory. /","Oh/UH ,/, that/DT would/MD have/VB been/VBN such/PDT a/DT great/JJ memory/NN ./.",,
sw08utt/sw_0825_2953.utt,2/sw2953,2953,46,sv,B,31,1,It would have been incredible.  /,It/PRP would/MD have/VB been/VBN incredible/JJ ./.,,
sw08utt/sw_0825_2953.utt,2/sw2953,2953,47,sd,B,31,2,"[  I, + I ] think of, {F uh, } {D you know, } all the, social changes that were going on around that time. [  And, +","I/PRP ,/, I/PRP think/VBP of/IN ,/, uh/UH ,/, you/PRP know/VBP ,/, all/PDT the/DT ,/, social/JJ changes/NNS that/WDT were/VBD going/VBG on/IN around/IN that/DT time/NN ./. And/CC ,/,",,
sw08utt/sw_0825_2953.utt,2/sw2953,2953,48,b,A,32,1,# Yeah. # /,Yeah/UH ./.,,
sw08utt/sw_0825_2953.utt,2/sw2953,2953,49,+,B,33,1,"# and ] # the sixties as being so revolutionary in a lot of ways in terms of raising people's consciousness.  Everything from, - /","and/CC the/DT sixties/NNS as/IN being/VBG so/RB revolutionary/JJ in/IN a/DT lot/NN of/IN ways/NNS in/IN terms/NNS of/IN raising/VBG people/NNS 's/POS consciousness/NN ./. Everything/NN from/IN ,/,",,
sw08utt/sw_0825_2953.utt,2/sw2953,2953,50,sd,B,33,2,"{D well, }  {E I mean, } I remember we had the first Earth Day back then, {D you know, } /","well/UH ,/, I/PRP mean/VBP ,/, I/PRP remember/VBP we/PRP had/VBD the/DT first/JJ Earth/NNP Day/NNP back/RB then/RB ,/, you/PRP know/VBP ,/,",,
sw08utt/sw_0825_2953.utt,2/sw2953,2953,51,b,A,34,1,# Yeah. # /,Yeah/UH ./.,,
sw08utt/sw_0825_2953.utt,2/sw2953,2953,52,sd,B,35,1,"# we # got out of school [ at, + at, ] {F uh, } the university,  /","we/PRP got/VBD out/IN of/IN school/NN at/IN ,/, at/IN ,/, uh/UH ,/, the/DT university/NN ,/,",,
sw08utt/sw_0825_2953.utt,2/sw2953,2953,53,sd,B,35,2,{C and } we celebrated Earth Day. /,and/CC we/PRP celebrated/VBD Earth/NNP Day/NNP ./.,,
sw08utt/sw_0825_2953.utt,2/sw2953,2953,54,qy,A,36,1,You went and planted a tree or something? /,You/PRP went/VBD and/CC planted/VBD a/DT tree/NN or/CC something/NN ?/.,,
sw08utt/sw_0825_2953.utt,2/sw2953,2953,55,ny,B,37,1,Yeah.  /,Yeah/UH ./.,,
sw08utt/sw_0825_2953.utt,2/sw2953,2953,56,sd^e,B,37,2,"Planted trees and stuff,  /","Planted/VBD trees/NNS and/CC stuff/NN ,/,",,
sw08utt/sw_0825_2953.utt,2/sw2953,2953,57,sd,B,37,3,"{C and } we did not realize, {D you know, } the implications of all that then,","and/CC we/PRP did/VBD not/RB realize/VB ,/, you/PRP know/VBP ,/, the/DT implications/NNS of/IN all/DT that/DT then/RB ,/,",,
sw08utt/sw_0825_2953.utt,2/sw2953,2953,58,b,A,38,1,# Uh-huh.  /,Uh-huh/UH ./.,,
sw08utt/sw_0825_2953.utt,2/sw2953,2953,59,%,A,38,2,"{D Well, } # -/","Well/UH ,/,",,
sw08utt/sw_0825_2953.utt,2/sw2953,2953,60,+,B,39,1,# and a # lot of the stuff that goes on --,and/CC a/DT lot/NN of/IN the/DT stuff/NN that/WDT goes/VBZ on/IN --/:,,
sw08utt/sw_0825_2953.utt,2/sw2953,2953,61,o@,A,40,1,"{D well, }","well/UH ,/,",,
sw08utt/sw_0825_2953.utt,2/sw2953,2953,62,+,B,41,1,-- # today.  # /,--/: today/NN ./.,,
sw08utt/sw_0825_2953.utt,2/sw2953,2953,63,+@,A,42,1,"# growing up # with, - /","growing/VBG up/RP with/IN ,/,",,
sw08utt/sw_0825_2953.utt,2/sw2953,2953,64,sd,A,42,2,"<child_talking>  when I grew up, [ it just was not, + ] we did not have any causes. /","when/WRB I/PRP grew/VBD up/RP ,/, it/PRP just/RB was/VBD not/RB ,/, we/PRP did/VBD not/RB have/VB any/DT causes/NNS ./.",,
sw08utt/sw_0825_2953.utt,2/sw2953,2953,65,o@,B,43,1,"{D Well, }","Well/UH ,/,",,
sw08utt/sw_0825_2953.utt,2/sw2953,2953,66,sv,A,44,1,"To me it [ didn't, + ] doesn't seem like we have got much,  /","To/IN me/PRP it/PRP did/VBD n't/RB ,/, does/VBZ n't/RB seem/VB like/IN we/PRP have/VBP got/VBN much/JJ ,/,",,
sw08utt/sw_0825_2953.utt,2/sw2953,2953,67,qy,A,44,2,you know what I mean? /,you/PRP know/VBP what/WP I/PRP mean/VBP ?/.,,
sw08utt/sw_0825_2953.utt,2/sw2953,2953,68,+@,B,45,1,"{D Well, } you do.  /","Well/UH ,/, you/PRP do/VBP ./.",,
sw08utt/sw_0825_2953.utt,2/sw2953,2953,69,%,B,45,2,"You'll, - /","You/PRP 'll/MD ,/,",,
sw08utt/sw_0825_2953.utt,2/sw2953,2953,70,%,B,45,3,"y-, - /","y-/XX ,/,",,
sw08utt/sw_0825_2953.utt,2/sw2953,2953,71,sv,B,45,4,"{E I mean } [ there w-, + there was ] no name to it.  /","I/PRP mean/VBP there/EX w-/XX ,/, there/EX was/VBD no/DT name/NN to/IN it/PRP ./.",,
sw08utt/sw_0825_2953.utt,2/sw2953,2953,72,sd,B,45,5,It was everything that was started in the sixties.  /,It/PRP was/VBD everything/NN that/WDT was/VBD started/VBN in/IN the/DT sixties/NNS ./.,,
sw08utt/sw_0825_2953.utt,2/sw2953,2953,73,sd,B,45,6,[  You --,You/PRP --/:,,
sw08utt/sw_0825_2953.utt,2/sw2953,2953,74,b,A,46,1,Yeah. /,Yeah/UH ./.,,
sw08utt/sw_0825_2953.utt,2/sw2953,2953,75,+,B,47,1,"-- had, + you had ] to fight for racial equality. /","--/: had/VBD ,/, you/PRP had/VBD to/TO fight/VB for/IN racial/JJ equality/NN ./.",,
sw08utt/sw_0825_2953.utt,2/sw2953,2953,76,sd,A,48,1,"{D Well, } I do remember demonstrations over busing. /","Well/UH ,/, I/PRP do/VBP remember/VB demonstrations/NNS over/IN busing/NN ./.",,
sw08utt/sw_0825_2953.utt,2/sw2953,2953,77,^2,B,49,1,"{C And } busing themsel-, -/","And/CC busing/VBG themsel-/NNS ,/,",,
sw08utt/sw_0825_2953.utt,2/sw2953,2953,78,aa,A,50,1,Yeah. /,Yeah/UH ./.,,
sw08utt/sw_0825_2953.utt,2/sw2953,2953,79,sd,B,51,1,It was {D like } just a continuum.  /,It/PRP was/VBD like/IN just/RB a/DT continuum/NN ./.,,
sw08utt/sw_0825_2953.utt,2/sw2953,2953,80,sv,B,51,2,"{D You know, } everything sort of had a seed in the sixties. /","You/PRP know/VBP ,/, everything/NN sort/RB of/RB had/VBD a/DT seed/NN in/IN the/DT sixties/NNS ./.",,
sw08utt/sw_0825_2953.utt,2/sw2953,2953,81,b,A,52,1,Yeah  /,Yeah/UH,,
sw08utt/sw_0825_2953.utt,2/sw2953.pos,2953,82,x,A,52,2,<<faintly>>.,./.
sw08utt/sw_0825_2953.utt,2/sw2953,2953,83,sv,B,53,1,"{C And } women's rights, {E I mean, } things for women were totally different for you by that time. /","And/CC women/NNS 's/POS rights/NNS ,/, I/PRP mean/VBP ,/, things/NNS for/IN women/NNS were/VBD totally/RB different/JJ for/IN you/PRP by/IN that/DT time/NN ./.",,
sw08utt/sw_0825_2953.utt,2/sw2953,2953,84,aa,A,54,1,Yeah.  /,Yeah/UH ./.,,
sw08utt/sw_0825_2953.utt,2/sw2953,2953,85,aa,A,54,2,"{D Well, } right.  /","Well/UH ,/, right/UH ./.",,
sw08utt/sw_0825_2953.utt,2/sw2953,2953,86,sd,A,54,3,"By the time I was born, even now, {D you know, } women's rights, {F uh, } - /","By/IN the/DT time/NN I/PRP was/VBD born/VBN ,/, even/RB now/RB ,/, you/PRP know/VBP ,/, women/NNS 's/POS rights/NNS ,/, uh/UH ,/,",,
sw08utt/sw_0825_2953.utt,2/sw2953,2953,87,%,A,54,4,"we just, -/","we/PRP just/RB ,/,",,
sw08utt/sw_0825_2953.utt,2/sw2953,2953,88,sv,B,55,1,# You just assume.  # -/,You/PRP just/RB assume/VBP ./.,,
sw08utt/sw_0825_2953.utt,2/sw2953,2953,89,sv,A,56,1,# we are totally # equal now.  /,we/PRP are/VBP totally/RB equal/JJ now/RB ./.,,
sw08utt/sw_0825_2953.utt,2/sw2953,2953,90,sv,A,56,2,There is not really a lot to fight over.  /,There/EX is/VBZ not/RB really/RB a/DT lot/NN to/TO fight/VB over/RP ./.,,
sw08utt/sw_0825_2953.utt,2/sw2953,2953,91,sd,A,56,3,{D Now } I saw something on T V last night on TWENTY-TWENTY.  /,Now/UH I/PRP saw/VBD something/NN on/IN T/NN V/NN last/JJ night/NN on/IN TWENTY-TWENTY/CD ./.,,
sw08utt/sw_0825_2953.utt,2/sw2953,2953,92,%,A,56,4,"{D You know, } men's, {F uh, } fathers or daddies, - /","You/PRP know/VBP ,/, men/NNS 's/POS ,/, uh/UH ,/, fathers/NNS or/CC daddies/NNS ,/,",,
sw08utt/sw_0825_2953.utt,2/sw2953,2953,93,^h,A,56,5,"{D now } wait a minute,  /","now/UH wait/VB a/DT minute/NN ,/,",,
sw08utt/sw_0825_2953.utt,2/sw2953,2953,94,sd,A,56,6,Daddies Are People Too. /,Daddies/NNPS Are/VBP People/NNS Too/RB ./.,,
sw08utt/sw_0825_2953.utt,2/sw2953,2953,95,b,B,57,1,Yeah. /,Yeah/UH ./.,,
sw08utt/sw_0825_2953.utt,2/sw2953,2953,96,sd,A,58,1,"It is about a lot of men, {D you know, }  [ all right, + ] going through divorces.  /","It/PRP is/VBZ about/IN a/DT lot/NN of/IN men/NNS ,/, you/PRP know/VBP ,/, all/RB right/JJ ,/, going/VBG through/IN divorces/NNS ./.",,
sw08utt/sw_0825_2953.utt,2/sw2953,2953,97,sd,A,58,2,"The judge will usually, {F uh, } give custody to the mother ninety-seven percent of the time.  Because they go through the female. /","The/DT judge/NN will/MD usually/RB ,/, uh/UH ,/, give/VB custody/NN to/IN the/DT mother/NN ninety-seven/CD percent/NN of/IN the/DT time/NN ./. Because/IN they/PRP go/VBP through/IN the/DT female/NN ./.",,
sw08utt/sw_0825_2953.utt,2/sw2953,2953,98,b,B,59,1,Yeah.  /,Yeah/UH ./.,,
sw08utt/sw_0825_2953.utt,2/sw2953,2953,99,qy^g,B,59,2,"{D Well, } we learned --","Well/UH ,/, we/PRP learned/VBD --/:",,
sw08utt/sw_0825_2953.utt,2/sw2953,2953,100,o@,A,60,1,"{F Uh, }","Uh/UH ,/,",,
sw08utt/sw_0825_2953.utt,2/sw2953,2953,101,+,B,61,1,"-- from KRAMER VERSUS KRAMER, didn't we? <Laughter>. /","--/: from/IN KRAMER/NNP VERSUS/IN KRAMER/NNP ,/, did/VBD n't/RB we/PRP ?/. ./.",,
sw08utt/sw_0825_2953.utt,2/sw2953,2953,102,+@,A,62,1,Yeah  /,Yeah/UH,,
sw08utt/sw_0825_2953.utt,2/sw2953,2953,103,sd^e,A,62,2,<laughter>.  Something like that.  /,./. Something/NN like/IN that/DT ./.,,
sw08utt/sw_0825_2953.utt,2/sw2953,2953,104,sv,A,62,3,"{C But } it does seem, {D you know, } -/","But/CC it/PRP does/VBZ seem/VB ,/, you/PRP know/VBP ,/,",,
sw08utt/sw_0825_2953.utt,2/sw2953,2953,105,^2,B,63,1,It seems unfair. /,It/PRP seems/VBZ unfair/JJ ./.,,
sw08utt/sw_0825_2953.utt,2/sw2953,2953,106,aa,A,64,1,Yeah.  /,Yeah/UH ./.,,
sw08utt/sw_0825_2953.utt,2/sw2953,2953,107,sv,A,64,2,It really does. /,It/PRP really/RB does/VBZ ./.,,
sw08utt/sw_0825_2953.utt,2/sw2953,2953,108,%,B,65,1,"{C But } it, - /","But/CC it/PRP ,/,",,
sw08utt/sw_0825_2953.utt,2/sw2953,2953,109,sv,B,65,2,{D see } men are coming into their own --,see/UH men/NNS are/VBP coming/VBG into/IN their/PRP$ own/JJ --/:,,
sw08utt/sw_0825_2953.utt,2/sw2953,2953,110,b,A,66,1,Yeah. /,Yeah/UH ./.,,
sw08utt/sw_0825_2953.utt,2/sw2953,2953,111,+,B,67,1,-- now too. /,--/: now/RB too/RB ./.,,
sw08utt/sw_0825_2953.utt,2/sw2953,2953,112,%,A,68,1,"They are, {D well, } - /","They/PRP are/VBP ,/, well/UH ,/,",,
sw08utt/sw_0825_2953.utt,2/sw2953,2953,113,sd,A,68,2,I thought about that.  /,I/PRP thought/VBD about/IN that/DT ./.,,
sw08utt/sw_0825_2953.utt,2/sw2953,2953,114,sv,A,68,3,"I thought {D well, } now men, {D you know, } have to fight to be equal.  /","I/PRP thought/VBD well/UH ,/, now/UH men/NNS ,/, you/PRP know/VBP ,/, have/VBP to/TO fight/VB to/TO be/VB equal/JJ ./.",,
sw08utt/sw_0825_2953.utt,2/sw2953,2953,115,sv,A,68,4,"{C And } I think that is only right though, {D really. }  /","And/CC I/PRP think/VBP that/DT is/VBZ only/JJ right/JJ though/RB ,/, really/UH ./.",,
sw08utt/sw_0825_2953.utt,2/sw2953,2953,116,%,A,68,5,"He, - /","He/PRP ,/,",,
sw08utt/sw_0825_2953.utt,2/sw2953,2953,117,sd(^q),A,68,6,"one guy said the judge looked at him and said, {D ""Well, } {D now, } Mister So and  So,"" he says, ""I have never seen, {F uh, } calves follow a bull.  /","one/CD guy/NN said/VBD the/DT judge/NN looked/VBD at/IN him/PRP and/CC said/VBD ,/, ``/`` Well/UH ,/, now/UH ,/, Mister/NNP So/NNP and/CC So/NNP ,/, ''/'' he/PRP says/VBZ ,/, ``/`` I/PRP have/VBP never/RB seen/VBN ,/, uh/UH ,/, calves/NNS follow/VB a/DT bull/NN ./.",,
sw08utt/sw_0825_2953.utt,2/sw2953,2953,118,^q,A,68,7,"They always follow the heifer."" /",They/PRP always/RB follow/VBP the/DT heifer/NN ./. ''/'',,
sw08utt/sw_0825_2953.utt,2/sw2953,2953,119,x,B,69,1,<Laughter>.,,,
sw08utt/sw_0825_2953.utt,2/sw2953,2953,120,sd(^q),A,70,1,"[ ""That is why I always,"" + he said, ""That is why I always ] give custody to the mama.""  /","``/`` That/DT is/VBZ why/WRB I/PRP always/RB ,/, ''/'' he/PRP said/VBD ,/, ``/`` That/DT is/VBZ why/WRB I/PRP always/RB give/VBP custody/NN to/IN the/DT mama/NN ./. ''/''",,
sw08utt/sw_0825_2953.utt,2/sw2953,2953,121,sd(^q),A,70,2,"{C And } [ he said, + {D ""Well,"" } he said, ] ""does that mean you are going to shoot them if they break a leg and,","And/CC he/PRP said/VBD ,/, ``/`` Well/UH ,/, ''/'' he/PRP said/VBD ,/, ``/`` does/VBZ that/DT mean/VBP you/PRP are/VBP going/VBG to/TO shoot/VB them/PRP if/IN they/PRP break/VBP a/DT leg/NN and/CC ,/,",,
sw08utt/sw_0825_2953.utt,2/sw2953,2953,122,x,B,71,1,<Laughter>.,,,
sw08utt/sw_0825_2953.utt,2/sw2953,2953,123,+,A,72,1,"{D you know, } butcher them if they get fat?""  /","you/PRP know/VBP ,/, butcher/NN them/PRP if/IN they/PRP get/VBP fat/JJ ?/. ''/''",,
sw08utt/sw_0825_2953.utt,2/sw2953,2953,124,sd(^q)@,A,72,2,"He said, ""My kids are my cattle.""","He/PRP said/VBD ,/, ``/`` My/PRP$ kids/NNS are/VBP my/PRP$ cattle/NNS ./. ''/''",,
sw08utt/sw_0825_2953.utt,2/sw2953,2953,125,b,B,73,1,Yeah. /,Yeah/UH ./.,,
sw08utt/sw_0825_2953.utt,2/sw2953,2953,126,+@,A,74,1,"{D You know. }  {C But } [ that, + that ] is the way most people feel, that women should get custody. /","You/PRP know/VBP ./. But/CC that/DT ,/, that/DT is/VBZ the/DT way/NN most/RBS people/NNS feel/VBP ,/, that/IN women/NNS should/MD get/VB custody/NN ./.",,
sw08utt/sw_0825_2953.utt,2/sw2953,2953,127,qy,B,75,1,"{D Well, } are you married  /","Well/UH ,/, are/VBP you/PRP married/JJ",,
sw08utt/sw_0825_2953.utt,2/sw2953,2953,128,qy,B,75,2,{C and } do you have children? /,and/CC do/VBP you/PRP have/VB children/NNS ?/.,,
sw08utt/sw_0825_2953.utt,2/sw2953,2953,129,ny,A,76,1,Yeah.  /,Yeah/UH ./.,,
sw08utt/sw_0825_2953.utt,2/sw2953,2953,130,sd^e,A,76,2,I am married  /,I/PRP am/VBP married/JJ,,
sw08utt/sw_0825_2953.utt,2/sw2953,2953,131,sd,A,76,3,{C and } I have got two kids. /,and/CC I/PRP have/VBP got/VBN two/CD kids/NNS ./.,,
sw08utt/sw_0825_2953.utt,2/sw2953,2953,132,b^m,B,77,1,Two kids.  /,Two/CD kids/NNS ./.,,
sw08utt/sw_0825_2953.utt,2/sw2953,2953,133,qw,B,77,2,"[ {C And, } + {C and ] } how does your husband respond to all the new,","And/CC ,/, and/CC how/WRB does/VBZ your/PRP$ husband/NN respond/NN to/IN all/PDT the/DT new/JJ ,/,",,
sw08utt/sw_0825_2953.utt,2/sw2953,2953,134,x,A,78,1,<Baby_crying>.,,,
sw08utt/sw_0825_2953.utt,2/sw2953,2953,135,+,B,79,1,"social, {F uh, } changes? /","social/JJ ,/, uh/UH ,/, changes/NNS ?/.",,
sw08utt/sw_0825_2953.utt,2/sw2953,2953,136,sd,A,80,1,My husband is not a conformist at all. /,My/PRP$ husband/NN is/VBZ not/RB a/DT conformist/NN at/IN all/DT ./.,,
sw08utt/sw_0825_2953.utt,2/sw2953,2953,137,x,B,81,1,<Laughter>.,,,
sw08utt/sw_0825_2953.utt,2/sw2953,2953,138,sd,A,82,1,He is still back there in the seventies <laughter>. /,He/PRP is/VBZ still/RB back/RB there/RB in/IN the/DT seventies/NNS ./.,,
sw08utt/sw_0825_2953.utt,2/sw2953,2953,139,o@,B,83,1,"{D Well, } {D see, }","Well/UH ,/, see/UH ,/,",,
sw08utt/sw_0825_2953.utt,2/sw2953,2953,140,x,A,84,1,<Laughter>.,,,
sw08utt/sw_0825_2953.utt,2/sw2953,2953,141,+@,B,85,1,"bless his heart, {D you know } <laughter>. /","bless/VB his/PRP$ heart/NN ,/, you/PRP know/VBP ./.",,
sw08utt/sw_0825_2953.utt,2/sw2953,2953,142,sd,A,86,1,"<Laughter>  {D Well, } {E I mean } he is still wearing [ bell bottoms jea-, + ] [ not bell bottoms + {E but, }","Well/UH ,/, I/PRP mean/VBP he/PRP is/VBZ still/RB wearing/VBG bell/NN bottoms/NNS jea-/NNS ,/, not/RB bell/NN bottoms/NNS but/CC ,/,",,
sw08utt/sw_0825_2953.utt,2/sw2953,2953,143,x,B,87,1,<Laughter>.,,,
sw08utt/sw_0825_2953.utt,2/sw2953,2953,144,+,A,88,1,"flared pants. ]  {C And } he, - /","flared/VBN pants/NNS ./. And/CC he/PRP ,/,",,
sw08utt/sw_0825_2953.utt,2/sw2953,2953,145,sd,A,88,2,{D well } I do not like them  /,well/UH I/PRP do/VBP not/RB like/VB them/PRP,,
sw08utt/sw_0825_2953.utt,2/sw2953,2953,146,o@,A,88,3,"{C but, }","but/CC ,/,",,
sw08utt/sw_0825_2953.utt,2/sw2953,2953,147,sv,B,89,1,# They are # --,They/PRP are/VBP --/:,,
sw08utt/sw_0825_2953.utt,2/sw2953,2953,148,+@,A,90,1,"# {D you know, } to # him, -/","you/PRP know/VBP ,/, to/TO him/PRP ,/,",,
sw08utt/sw_0825_2953.utt,2/sw2953,2953,149,+,B,91,1,-- going to be back in style any day now. /,--/: going/VBG to/TO be/VB back/RB in/IN style/NN any/DT day/NN now/RB ./.,,
sw08utt/sw_0825_2953.utt,2/sw2953,2953,150,b,A,92,1,Yeah.  /,Yeah/UH ./.,,
sw08utt/sw_0825_2953.utt,2/sw2953,2953,151,b^m,A,92,2,Any day now <laughter>.  /,Any/DT day/NN now/RB ./.,,
sw08utt/sw_0825_2953.utt,2/sw2953,2953,152,sd,A,92,3,"{D Well, } [ [ he just, + {D you know, } he is, ] + he is ] his own person.  /","Well/UH ,/, he/PRP just/RB ,/, you/PRP know/VBP ,/, he/PRP is/VBZ ,/, he/PRP is/VBZ his/PRP$ own/JJ person/NN ./.",,
sw08utt/sw_0825_2953.utt,2/sw2953,2953,153,sd,A,92,4,"[ He, +","He/PRP ,/,",,
sw08utt/sw_0825_2953.utt,2/sw2953,2953,154,b,B,93,1,# Oh.  # /,Oh/UH ./.,,
sw08utt/sw_0825_2953.utt,2/sw2953,2953,155,+,A,94,1,"# {D you # know, } he ] does stay with it as far as music and stuff goes,  /","you/PRP know/VBP ,/, he/PRP does/VBZ stay/VB with/IN it/PRP as/RB far/RB as/IN music/NN and/CC stuff/NN goes/VBZ ,/,",,
sw08utt/sw_0825_2953.utt,2/sw2953,2953,156,sd,A,94,2,{C but } he wears what clothes he wants to.  Which we are both that way.  /,but/CC he/PRP wears/VBZ what/WP clothes/NNS he/PRP wants/VBZ to/TO ./. Which/WDT we/PRP are/VBP both/DT that/DT way/NN ./.,,
sw08utt/sw_0825_2953.utt,2/sw2953,2953,157,sd,A,94,3,"If something is out of style, I do not really care.  /","If/IN something/NN is/VBZ out/RP of/IN style/NN ,/, I/PRP do/VBP not/RB really/RB care/VB ./.",,
sw08utt/sw_0825_2953.utt,2/sw2953,2953,158,sd,A,94,4,If I like it I am going to wear it. /,If/IN I/PRP like/VBP it/PRP I/PRP am/VBP going/VBG to/TO wear/VB it/PRP ./.,,
sw08utt/sw_0825_2953.utt,2/sw2953,2953,159,b,B,95,1,Yeah. /,Yeah/UH ./.,,
sw08utt/sw_0825_2953.utt,2/sw2953,2953,160,sd,A,96,1,"{C But, } {F uh, } my husband is not a conformist at all <laughter>. /","But/CC ,/, uh/UH ,/, my/PRP$ husband/NN is/VBZ not/RB a/DT conformist/NN at/IN all/DT ./.",,
sw08utt/sw_0825_2953.utt,2/sw2953,2953,161,b,B,97,1,Oh.  /,Oh/UH ./.,,
sw08utt/sw_0825_2953.utt,2/sw2953,2953,162,sv,B,97,2,"{D Well } {D see, } [ that, + that ] is the spirit of the sixties.  /","Well/UH see/UH ,/, that/DT ,/, that/DT is/VBZ the/DT spirit/NN of/IN the/DT sixties/NNS ./.",,
sw08utt/sw_0825_2953.utt,2/sw2953,2953,163,sd,B,97,3,{C And } whether we are talking about the rain forests. -/,And/CC whether/IN we/PRP are/VBP talking/VBG about/IN the/DT rain/NN forests/NNS ./.,,
sw08utt/sw_0825_2953.utt,2/sw2953,2953,164,b,A,98,1,Uh-huh. /,Uh-huh/UH ./.,,
sw08utt/sw_0825_2953.utt,2/sw2953,2953,165,%,B,99,1,I tell - /,I/PRP tell/VBP,,
sw08utt/sw_0825_2953.utt,2/sw2953,2953,166,sd,B,99,2,"[ you, + ] {D you know, } the situation you have right now  /","you/PRP ,/, you/PRP know/VBP ,/, the/DT situation/NN you/PRP have/VBP right/RB now/RB",,
sw08utt/sw_0825_2953.utt,2/sw2953,2953,167,sv,B,99,3,"[ {C and, } + {C and } ] all of our generations is what to do with the children.  Because both mother and father have to work now. /","and/CC ,/, and/CC all/DT of/IN our/PRP$ generations/NNS is/VBZ what/WP to/TO do/VB with/IN the/DT children/NNS ./. Because/IN both/DT mother/NN and/CC father/NN have/VBP to/TO work/VB now/RB ./.",,
sw08utt/sw_0825_2953.utt,2/sw2953,2953,168,ar,A,100,1,"{D Well, } {F uh, } we are trying to keep away from that.  /","Well/UH ,/, uh/UH ,/, we/PRP are/VBP trying/VBG to/TO keep/VB away/RB from/IN that/DT ./.",,
sw08utt/sw_0825_2953.utt,2/sw2953,2953,169,sd,A,100,2,My husband works for the railroad. /,My/PRP$ husband/NN works/VBZ for/IN the/DT railroad/NN ./.,,
sw08utt/sw_0825_2953.utt,2/sw2953,2953,170,bk,B,101,1,"{F Oh, } okay. /","Oh/UH ,/, okay/UH ./.",,
sw08utt/sw_0825_2953.utt,2/sw2953,2953,171,sd,A,102,1,We have got it real tight.  /,We/PRP have/VBP got/VBN it/PRP real/RB tight/JJ ./.,,
sw08utt/sw_0825_2953.utt,2/sw2953,2953,172,sd,A,102,2,"{C But } I have got a four month old baby,  /","But/CC I/PRP have/VBP got/VBN a/DT four/CD month/NN old/JJ baby/NN ,/,",,
sw08utt/sw_0825_2953.utt,2/sw2953,2953,173,sd,A,102,3,{C and } I do not want to work.  /,and/CC I/PRP do/VBP not/RB want/VB to/TO work/VB ./.,,
sw08utt/sw_0825_2953.utt,2/sw2953,2953,174,sd,A,102,4,I want to tend to her. /,I/PRP want/VBP to/TO tend/VB to/IN her/PRP$ ./.,,
sw08utt/sw_0825_2953.utt,2/sw2953,2953,175,sd,B,103,1,"[ [ That's, +","That/DT 's/BES ,/,",,
sw08utt/sw_0825_2953.utt,2/sw2953,2953,176,sd,A,104,1,I want to raise my kids. /,I/PRP want/VBP to/TO raise/VB my/PRP$ kids/NNS ./.,,
sw08utt/sw_0825_2953.utt,2/sw2953,2953,177,+,B,105,1,"That's, ] + {D see, }  that ] is your commitment. /","That/DT 's/BES ,/, see/UH ,/, that/DT is/VBZ your/PRP$ commitment/NN ./.",,
sw08utt/sw_0825_2953.utt,2/sw2953,2953,178,b,A,106,1,Uh-huh. /,Uh-huh/UH ./.,,
sw08utt/sw_0825_2953.utt,2/sw2953,2953,179,sv,B,107,1,You do not know what you are changing when you do something like that. /,You/PRP do/VBP not/RB know/VB what/WP you/PRP are/VBP changing/VBG when/WRB you/PRP do/VBP something/NN like/IN that/DT ./.,,
sw08utt/sw_0825_2953.utt,2/sw2953,2953,180,%,A,108,1,"{D Well, } -/","Well/UH ,/,",,
sw08utt/sw_0825_2953.utt,2/sw2953,2953,181,sv,B,109,1,You do not understand the total commitment it takes to be a parent. /,You/PRP do/VBP not/RB understand/VB the/DT total/JJ commitment/NN it/PRP takes/VBZ to/TO be/VB a/DT parent/NN ./.,,
sw08utt/sw_0825_2953.utt,2/sw2953,2953,182,b,A,110,1,Right.  /,Right/UH ./.,,
sw08utt/sw_0825_2953.utt,2/sw2953,2953,183,sd,A,110,2,"{D Well, } when he grew up, he grew up with his, - /","Well/UH ,/, when/WRB he/PRP grew/VBD up/RP ,/, he/PRP grew/VBD up/RP with/IN his/PRP$ ,/,",,
sw08utt/sw_0825_2953.utt,2/sw2953,2953,184,sd,A,110,3,we both grew up with single mothers. /,we/PRP both/DT grew/VBD up/RP with/IN single/JJ mothers/NNS ./.,,
sw08utt/sw_0825_2953.utt,2/sw2953,2953,185,b,B,111,1,{F Uh. } /,Uh/UH ./.,,
sw08utt/sw_0825_2953.utt,2/sw2953,2953,186,sd,A,112,1,{C And } my mom had six kids. /,And/CC my/PRP$ mom/NN had/VBD six/CD kids/NNS ./.,,
sw08utt/sw_0825_2953.utt,2/sw2953,2953,187,b,B,113,1,Uh-huh. /,Uh-huh/UH ./.,,
sw08utt/sw_0825_2953.utt,2/sw2953,2953,188,sd,A,114,1,"{C So, } she had to work.  /","So/RB ,/, she/PRP had/VBD to/TO work/VB ./.",,
sw08utt/sw_0825_2953.utt,2/sw2953,2953,189,sd,A,114,2,"{C And, } {D you know, } I was raised by my sisters and stuff.  /","And/CC ,/, you/PRP know/VBP ,/, I/PRP was/VBD raised/VBN by/IN my/PRP$ sisters/NNS and/CC stuff/NN ./.",,
sw08utt/sw_0825_2953.utt,2/sw2953,2953,190,sd,A,114,3,"{C And } [ I can, + I can't ] see the difference.  /","And/CC I/PRP can/MD ,/, I/PRP ca/MD n't/RB see/VB the/DT difference/NN ./.",,
sw08utt/sw_0825_2953.utt,2/sw2953,2953,191,sv,A,114,4,{C But } I know that it would have been better had Mom been able to stay home with us. /,But/CC I/PRP know/VBP that/IN it/PRP would/MD have/VB been/VBN better/JJR had/VBN Mom/NNP been/VBN able/JJ to/TO stay/VB home/NN with/IN us/PRP ./.,,
sw08utt/sw_0825_2953.utt,2/sw2953,2953,192,bf,B,115,1,That one person --,That/DT one/CD person/NN --/:,,
sw08utt/sw_0825_2953.utt,2/sw2953,2953,193,b,A,116,1,Right. /,Right/UH ./.,,
sw08utt/sw_0825_2953.utt,2/sw2953,2953,194,+,B,117,1,-- that you could always count on being there. /,--/: that/WDT you/PRP could/MD always/RB count/VB on/RP being/VBG there/RB ./.,,
sw08utt/sw_0825_2953.utt,2/sw2953,2953,195,aa,A,118,1,Right.  /,Right/UH ./.,,
sw08utt/sw_0825_2953.utt,2/sw2953,2953,196,sd,A,118,2,{C And } my husband was the same way.  /,And/CC my/PRP$ husband/NN was/VBD the/DT same/JJ way/NN ./.,,
sw08utt/sw_0825_2953.utt,2/sw2953,2953,197,%,A,118,3,"{C And } we just, - /","And/CC we/PRP just/RB ,/,",,
sw08utt/sw_0825_2953.utt,2/sw2953,2953,198,sd,A,118,4,I want to raise my kids.  /,I/PRP want/VBP to/TO raise/VB my/PRP$ kids/NNS ./.,,
sw08utt/sw_0825_2953.utt,2/sw2953,2953,199,sd,A,118,5,I do not want a day care or an aunt or anybody else raising them. /,I/PRP do/VBP not/RB want/VB a/DT day/NN care/NN or/CC an/DT aunt/NN or/CC anybody/NN else/RB raising/VBG them/PRP ./.,,
sw08utt/sw_0825_2953.utt,2/sw2953,2953,200,%,B,119,1,"{D Well, } -/","Well/UH ,/,",,
sw08utt/sw_0825_2953.utt,2/sw2953,2953,201,sd,A,120,1,"I want to be there to make sure that, - /","I/PRP want/VBP to/TO be/VB there/RB to/TO make/VB sure/JJ that/IN ,/,",,
sw08utt/sw_0825_2953.utt,2/sw2953,2953,202,sv,A,120,2,"{D well, } they need guidance  /","well/UH ,/, they/PRP need/VBP guidance/NN",,
sw08utt/sw_0825_2953.utt,2/sw2953,2953,203,sv,A,120,3,{C and } they do need parental guidance --,and/CC they/PRP do/VBP need/VB parental/JJ guidance/NN --/:,,
sw08utt/sw_0825_2953.utt,2/sw2953,2953,204,aa,B,121,1,They definitely --,They/PRP definitely/RB --/:,,
sw08utt/sw_0825_2953.utt,2/sw2953,2953,205,+,A,122,1,-- twenty-four --,--/: twenty-four/CD --/:,,
sw08utt/sw_0825_2953.utt,2/sw2953,2953,206,+,B,123,1,-- do. /,--/: do/VBP ./.,,
sw08utt/sw_0825_2953.utt,2/sw2953,2953,207,+,A,124,1,-- hours a day. /,--/: hours/NNS a/DT day/NN ./.,,
sw08utt/sw_0825_2953.utt,2/sw2953,2953,208,aa^r,B,125,1,They definitely do.  /,They/PRP definitely/RB do/VBP ./.,,
sw08utt/sw_0825_2953.utt,2/sw2953,2953,209,%,B,125,2,"I, -/","I/PRP ,/,",,
sw08utt/sw_0825_2953.utt,2/sw2953,2953,210,qy,A,126,1,Do you stay home with yours? /,Do/VBP you/PRP stay/VBP home/NN with/IN yours/PRP ?/.,,
sw08utt/sw_0825_2953.utt,2/sw2953,2953,211,na,B,127,1,"{F Uh, } {D well, } {D see, } [ I, + if I ] had some I would.  /","Uh/UH ,/, well/UH ,/, see/UH ,/, I/PRP ,/, if/IN I/PRP had/VBD some/DT I/PRP would/MD ./.",,
sw08utt/sw_0825_2953.utt,2/sw2953,2953,212,%,B,127,2,"[  I, + I ] have not, - /","I/PRP ,/, I/PRP have/VBP not/RB ,/,",,
sw08utt/sw_0825_2953.utt,2/sw2953,2953,213,sd,B,127,3,"I had an unfortunate thing happen,  /","I/PRP had/VBD an/DT unfortunate/JJ thing/NN happen/VB ,/,",,
sw08utt/sw_0825_2953.utt,2/sw2953,2953,214,%,B,127,4,"{C and } I am,  {D you know, } - /","and/CC I/PRP am/VBP ,/, you/PRP know/VBP ,/,",,
sw08utt/sw_0825_2953.utt,2/sw2953,2953,215,sd,B,127,5,{C and } it is not going to happen that way. /,and/CC it/PRP is/VBZ not/RB going/VBG to/TO happen/VB that/DT way/NN ./.,,
sw08utt/sw_0825_2953.utt,2/sw2953,2953,216,b,A,128,1,Uh-huh. /,Uh-huh/UH ./.,,
sw08utt/sw_0825_2953.utt,2/sw2953,2953,217,sd,B,129,1,"{C But } [ my, + my, ] {F uh, } friends are having babies right and left,  /","But/CC my/PRP$ ,/, my/PRP$ ,/, uh/UH ,/, friends/NNS are/VBP having/VBG babies/NNS right/RB and/CC left/RB ,/,",,
sw08utt/sw_0825_2953.utt,2/sw2953,2953,218,sd,B,129,2,"{C so } I get to see the different ways that they,","so/RB I/PRP get/VBP to/TO see/VB the/DT different/JJ ways/NNS that/WDT they/PRP ,/,",,
sw08utt/sw_0825_2953.utt,2/sw2953,2953,219,^2,A,130,1,# They raise them.  # /,They/PRP raise/VBP them/PRP ./.,,
sw08utt/sw_0825_2953.utt,2/sw2953,2953,220,+,B,131,1,"# {F uh, } all raise # them.  /","uh/UH ,/, all/DT raise/VBP them/PRP ./.",,
sw08utt/sw_0825_2953.utt,2/sw2953,2953,221,sd,B,131,2,"[ {C And, } + {C and } ] one gal, she started a business,","And/CC ,/, and/CC one/CD gal/NN ,/, she/PRP started/VBD a/DT business/NN ,/,",,
sw08utt/sw_0825_2953.utt,2/sw2953,2953,222,x,A,132,1,<Child_talking>.,,,
sw08utt/sw_0825_2953.utt,2/sw2953,2953,223,+,B,133,1,in her home.  /,in/IN her/PRP$ home/NN ./.,,
sw08utt/sw_0825_2953.utt,2/sw2953,2953,224,sd,B,133,2,"{C And } [ she, + she ] hired an au pair, which is a college kid to come in and take care of her two boys while she works in the other end of the house. /","And/CC she/PRP ,/, she/PRP hired/VBD an/DT au/FW pair/FW ,/, which/WDT is/VBZ a/DT college/NN kid/NN to/TO come/VB in/RB and/CC take/VB care/NN of/IN her/PRP$ two/CD boys/NNS while/IN she/PRP works/VBZ in/IN the/DT other/JJ end/NN of/IN the/DT house/NN ./.",,
sw08utt/sw_0825_2953.utt,2/sw2953,2953,225,%,A,134,1,"{D Well, } {C but } {D see } {D now, } -/","Well/UH ,/, but/CC see/UH now/UH ,/,",,
sw08utt/sw_0825_2953.utt,2/sw2953,2953,226,sd,B,135,1,"{C And } the guy lives in with her, {D you know, } /","And/CC the/DT guy/NN lives/VBZ in/IN with/IN her/PRP$ ,/, you/PRP know/VBP ,/,",,
sw08utt/sw_0825_2953.utt,2/sw2953,2953,227,b,A,136,1,# Yeah. # /,Yeah/UH ./.,,
sw08utt/sw_0825_2953.utt,2/sw2953,2953,228,sd,B,137,1,"# {E I # mean, } {D you know, } it is a family sort of unit sort of thing  /","I/PRP mean/VBP ,/, you/PRP know/VBP ,/, it/PRP is/VBZ a/DT family/NN sort/NN of/IN unit/NN sort/NN of/IN thing/NN",,
sw08utt/sw_0825_2953.utt,2/sw2953,2953,229,%,B,137,2,"{C and } the, -/","and/CC the/DT ,/,",,
sw08utt/sw_0825_2953.utt,2/sw2953,2953,230,t3,A,138,1,"<<Speaking to child>> Okay,  sweetie.  /","Okay/UH ,/, sweetie/NN ./.",,
sw08utt/sw_0825_2953.utt,2/sw2953,2953,231,t3,A,138,2,Let mommy talk. /,Let/VB mommy/NN talk/VB ./.,,
sw08utt/sw_0825_2953.utt,2/sw2953,2953,232,%,B,139,1,"{C And so, } -/","And/CC so/RB ,/,",,
sw08utt/sw_0825_2953.utt,2/sw2953,2953,233,sv,A,140,1,"{D Well, } I think that's neat. /","Well/UH ,/, I/PRP think/VBP that/DT 's/BES neat/JJ ./.",,
sw08utt/sw_0825_2953.utt,2/sw2953,2953,234,sd,B,141,1,{C So } that is a different way.  /,So/RB that/DT is/VBZ a/DT different/JJ way/NN ./.,,
sw08utt/sw_0825_2953.utt,2/sw2953,2953,235,sd,B,141,2,"{C And then } my other girlfriend just, {D you know, } tears her hair out and goes at it, {D you know, } twenty-four hours a day, watching both kids all the time.  /","And/CC then/RB my/PRP$ other/JJ girlfriend/NN just/RB ,/, you/PRP know/VBP ,/, tears/VBZ her/PRP$ hair/NN out/RB and/CC goes/VBZ at/IN it/PRP ,/, you/PRP know/VBP ,/, twenty-four/CD hours/NNS a/DT day/NN ,/, watching/VBG both/DT kids/VBZ all/PDT the/DT time/NN ./.",,
sw08utt/sw_0825_2953.utt,2/sw2953,2953,236,sv,B,141,3,{C And } I think there is a point where you just have to get away. /,And/CC I/PRP think/VBP there/EX is/VBZ a/DT point/NN where/WRB you/PRP just/RB have/VBP to/TO get/VB away/RB ./.,,
sw08utt/sw_0825_2953.utt,2/sw2953,2953,237,b,A,142,1,Right. /,Right/UH ./.,,
sw08utt/sw_0825_2953.utt,2/sw2953,2953,238,sv,B,143,1,{C And } it is good for the kid  /,And/CC it/PRP is/VBZ good/JJ for/IN the/DT kid/NN,,
sw08utt/sw_0825_2953.utt,2/sw2953,2953,239,sv,B,143,2,"{C and } it is good for you to develop, {D you know, } your interest so you do not stop growing --","and/CC it/PRP is/VBZ good/JJ for/IN you/PRP to/TO develop/VB ,/, you/PRP know/VBP ,/, your/PRP$ interest/NN so/IN you/PRP do/VBP not/RB stop/VB growing/VBG --/:",,
sw08utt/sw_0825_2953.utt,2/sw2953,2953,240,b,A,144,1,Uh-huh. /,Uh-huh/UH ./.,,
sw08utt/sw_0825_2953.utt,2/sw2953,2953,241,+,B,145,1,-- at the same time. /,--/: at/IN the/DT same/JJ time/NN ./.,,
sw08utt/sw_0825_2953.utt,2/sw2953,2953,242,sd,A,146,1,"{D Well, } I know the family is really going through changes.  /","Well/UH ,/, I/PRP know/VBP the/DT family/NN is/VBZ really/RB going/VBG through/IN changes/NNS ./.",,
sw08utt/sw_0825_2953.utt,2/sw2953,2953,243,sd,A,146,2,"{C But } now, we are trying to go back to about the sixties, [ when the parents, + {D you know, } when the mother ] was staying at home. /","But/CC now/RB ,/, we/PRP are/VBP trying/VBG to/TO go/VB back/RB to/IN about/RB the/DT sixties/NNS ,/, when/WRB the/DT parents/NNS ,/, you/PRP know/VBP ,/, when/WRB the/DT mother/NN was/VBD staying/VBG at/IN home/NN ./.",,
sw08utt/sw_0825_2953.utt,2/sw2953,2953,244,b,B,147,1,Yeah. /,Yeah/UH ./.,,
sw08utt/sw_0825_2953.utt,2/sw2953,2953,245,%,A,148,1,(( Unit )) . - /,Unit/NN ./.,,
sw08utt/sw_0825_2953.utt,2/sw2953,2953,246,%,A,148,2,"{C Or } that, - /","Or/CC that/DT ,/,",,
sw08utt/sw_0825_2953.utt,2/sw2953,2953,247,qy^g,A,148,3,"what do they call it, the nuclear family? /","what/WP do/VBP they/PRP call/VB it/PRP ,/, the/DT nuclear/JJ family/NN ?/.",,
sw08utt/sw_0825_2953.utt,2/sw2953,2953,248,ny,B,149,1,Yeah. /,Yeah/UH ./.,,
sw08utt/sw_0825_2953.utt,2/sw2953,2953,249,b,A,150,1,Yeah.  /,Yeah/UH ./.,,
sw08utt/sw_0825_2953.utt,2/sw2953,2953,250,%,A,150,2,"{C But, } {F uh, } <child_talking>. -/","But/CC ,/, uh/UH ,/, ./.",,
sw08utt/sw_0825_2953.utt,2/sw2953,2953,251,qy,B,151,1,"Do you have any, {F uh, } - /","Do/VBP you/PRP have/VBP any/DT ,/, uh/UH ,/,",,
sw08utt/sw_0825_2953.utt,2/sw2953,2953,252,qy,B,151,2,do you have your mom or anybody around you that --,do/VBP you/PRP have/VB your/PRP$ mom/NN or/CC anybody/NN around/IN you/PRP that/WDT --/:,,
sw08utt/sw_0825_2953.utt,2/sw2953,2953,253,b,A,152,1,"{F Uh, } /","Uh/UH ,/,",,
sw08utt/sw_0825_2953.utt,2/sw2953,2953,254,+,B,153,1,-- # helps you? # /,--/: helps/VBZ you/PRP ?/.,,
sw08utt/sw_0825_2953.utt,2/sw2953,2953,255,^h,A,154,1,"# {D well, } my family # is Kentucky.  /","well/UH ,/, my/PRP$ family/NN is/VBZ Kentucky/NNP ./.",,
sw08utt/sw_0825_2953.utt,2/sw2953,2953,256,na,A,154,2,"{D Now } [ my, + one of my ] sisters is down here. /","Now/UH my/PRP$ ,/, one/CD of/IN my/PRP$ sisters/NNS is/VBZ down/IN here/RB ./.",,
sw08utt/sw_0825_2953.utt,2/sw2953,2953,257,b,B,155,1,Yeah. /,Yeah/UH ./.,,
sw08utt/sw_0825_2953.utt,2/sw2953,2953,258,sd,A,156,1,Her husband happened to get a job at T I <child_talking>.  /,Her/PRP$ husband/NN happened/VBD to/TO get/VB a/DT job/NN at/IN T/NNP I/NNP ./.,,
sw08utt/sw_0825_2953.utt,2/sw2953,2953,259,sd,A,156,2,"They moved out here,  /","They/PRP moved/VBD out/IN here/RB ,/,",,
sw08utt/sw_0825_2953.utt,2/sw2953,2953,260,%,A,156,3,"{C but } w-, - /","but/CC w-/XX ,/,",,
sw08utt/sw_0825_2953.utt,2/sw2953,2953,261,sd,A,156,4,his family lives here  /,his/PRP$ family/NN lives/VBZ here/RB,,
sw08utt/sw_0825_2953.utt,2/sw2953,2953,262,sd,A,156,5,"{C and, } my husband was in the service when I met him. /","and/CC ,/, my/PRP$ husband/NN was/VBD in/IN the/DT service/NN when/WRB I/PRP met/VBD him/PRP ./.",,
sw08utt/sw_0825_2953.utt,2/sw2953,2953,263,b,B,157,1,Uh-huh. /,Uh-huh/UH ./.,,
sw08utt/sw_0825_2953.utt,2/sw2953,2953,264,sd,A,158,1,"{C And so } [ we, + we've ] been all over  /","And/CC so/RB we/PRP ,/, we/PRP 've/VBP been/VBN all/RB over/IN",,
sw08utt/sw_0825_2953.utt,2/sw2953,2953,265,t3,A,158,2,"<<Speaking to child>> Okay,  Kyle </child_talking>. /","Okay/UH ,/, Kyle/NNP ./.",,
sw08utt/sw_0825_2953.utt,2/sw2953,2953,266,x,B,159,1,<Laughter>.,,,
sw08utt/sw_0825_2953.utt,2/sw2953,2953,267,%,A,160,1,"Then I, - /","Then/RB I/PRP ,/,",,
sw08utt/sw_0825_2953.utt,2/sw2953,2953,268,sd,A,160,2,<laughter>  he got a sunburn  /,he/PRP got/VBD a/DT sunburn/NN,,
sw08utt/sw_0825_2953.utt,2/sw2953,2953,269,sd,A,160,3,"{C and } he is itching,  /","and/CC he/PRP is/VBZ itching/VBG ,/,",,
sw08utt/sw_0825_2953.utt,2/sw2953,2953,270,sd,A,160,4,{C so } I am keep having to scratch his back. /,so/RB I/PRP am/VBP keep/VB having/VBG to/TO scratch/VB his/PRP$ back/RB ./.,,
sw08utt/sw_0825_2953.utt,2/sw2953,2953,271,b,B,161,1,Oh. /,Oh/UH ./.,,
sw08utt/sw_0825_2953.utt,2/sw2953,2953,272,sd,A,162,1,"{D See, } {F uh, } <<pause>> I would love to get a business going out of my home.  /","See/UH ,/, uh/UH ,/, I/PRP would/MD love/VB to/TO get/VB a/DT business/NN going/VBG out/IN of/IN my/PRP$ home/NN ./.",,
sw08utt/sw_0825_2953.utt,2/sw2953,2953,273,^2,A,162,2,"Outside of, {E I mean, } going, -/","Outside/IN of/IN ,/, I/PRP mean/VBP ,/, going/VBG ,/,",,
sw08utt/sw_0825_2953.utt,2/sw2953,2953,274,aa,B,163,1,# Right. # /,Right/UH ./.,,
sw08utt/sw_0825_2953.utt,2/sw2953,2953,275,b,A,164,1,# yeah. # /,yeah/UH ./.,,
sw08utt/sw_0825_2953.utt,2/sw2953,2953,276,%,B,165,1,"{D Well, } that is, -/","Well/UH ,/, that/DT is/VBZ ,/,",,
sw08utt/sw_0825_2953.utt,2/sw2953,2953,277,sd,A,166,1,"I would rather work at home, if I could. /","I/PRP would/MD rather/RB work/VB at/IN home/NN ,/, if/IN I/PRP could/MD ./.",,
sw08utt/sw_0825_2953.utt,2/sw2953,2953,278,sv,B,167,1,"{D Well, } {D see } [ {C and, } + {C and } ] that is, {F uh, } the sort of the thing of the nineties is --","Well/UH ,/, see/UH and/CC ,/, and/CC that/DT is/VBZ ,/, uh/UH ,/, the/DT sort/NN of/IN the/DT thing/NN of/IN the/DT nineties/NNS is/VBZ --/:",,
sw08utt/sw_0825_2953.utt,2/sw2953,2953,279,b,A,168,1,Yeah.  /,Yeah/UH ./.,,
sw08utt/sw_0825_2953.utt,2/sw2953,2953,280,sv,A,168,2,That --,That/DT --/:,,
sw08utt/sw_0825_2953.utt,2/sw2953,2953,281,+,B,169,1,-- women --,--/: women/NNS --/:,,
sw08utt/sw_0825_2953.utt,2/sw2953,2953,282,+,A,170,1,-- is the trend. /,--/: is/VBZ the/DT trend/NN ./.,,
sw08utt/sw_0825_2953.utt,2/sw2953,2953,283,+,B,171,1,-- working out of their own home. /,--/: working/VBG out/IN of/IN their/PRP$ own/JJ home/NN ./.,,
sw08utt/sw_0825_2953.utt,2/sw2953,2953,284,b,A,172,1,Yeah.  /,Yeah/UH ./.,,
sw08utt/sw_0825_2953.utt,2/sw2953,2953,285,sv,A,172,2,"They are bringing [ offices, +   {E I mean, } [ jus-, + ] {E I mean } big businesses ] into their home.  /","They/PRP are/VBP bringing/VBG offices/NNS ,/, I/PRP mean/VBP ,/, jus-/XX ,/, I/PRP mean/VBP big/JJ businesses/NNS into/IN their/PRP$ home/NN ./.",,
sw08utt/sw_0825_2953.utt,2/sw2953,2953,286,sv,A,172,3,Bringing their computers home --,Bringing/VBG their/PRP$ computers/NNS home/RB --/:,,
sw08utt/sw_0825_2953.utt,2/sw2953,2953,287,b,B,173,1,Right. /,Right/UH ./.,,
sw08utt/sw_0825_2953.utt,2/sw2953,2953,288,+,A,174,1,-- and working from there. /,--/: and/CC working/VBG from/IN there/RB ./.,,
sw08utt/sw_0825_2953.utt,2/sw2953,2953,289,sv,B,175,1,"{C And } I think, {D you know, } the more we try to, {D you know, } shape that, the more input we,","And/CC I/PRP think/VBP ,/, you/PRP know/VBP ,/, the/DT more/JJR we/PRP try/VBP to/TO ,/, you/PRP know/VBP ,/, shape/NN that/DT ,/, the/DT more/JJR input/NN we/PRP ,/,",,
sw08utt/sw_0825_2953.utt,2/sw2953,2953,290,x,A,176,1,<Child_talking>.,,,
sw08utt/sw_0825_2953.utt,2/sw2953,2953,291,+,B,177,1,"have into what that whole system is going to look like. Because [ that is, + that is ] our choice now too.  /","have/VBP into/IN what/WP that/DT whole/JJ system/NN is/VBZ going/VBG to/TO look/VB like/IN ./. Because/IN that/DT is/VBZ ,/, that/DT is/VBZ our/PRP$ choice/NN now/RB too/RB ./.",,
sw08utt/sw_0825_2953.utt,2/sw2953,2953,292,sv,B,177,2,"[  That is, +","That/DT is/VBZ ,/,",,
sw08utt/sw_0825_2953.utt,2/sw2953,2953,293,sv,A,178,1,"# {D Well, } [ I think, # +","Well/UH ,/, I/PRP think/VBP ,/,",,
sw08utt/sw_0825_2953.utt,2/sw2953,2953,294,+,B,179,1,# that is ] our # cause. /,that/DT is/VBZ our/PRP$ cause/NN ./.,,
sw08utt/sw_0825_2953.utt,2/sw2953,2953,295,+,A,180,1,"I think ] one that would be, {F uh, } - /","I/PRP think/VBP one/CD that/WDT would/MD be/VB ,/, uh/UH ,/,",,
sw08utt/sw_0825_2953.utt,2/sw2953,2953,296,%,A,180,2,"it is, {F uh, } - /","it/PRP is/VBZ ,/, uh/UH ,/,",,
sw08utt/sw_0825_2953.utt,2/sw2953,2953,297,sv,A,180,3,"kids could see their parents, {D you know, } how hard they work, /","kids/NNS could/MD see/VB their/PRP$ parents/NNS ,/, you/PRP know/VBP ,/, how/WRB hard/JJ they/PRP work/VBP ,/,",,
sw08utt/sw_0825_2953.utt,2/sw2953,2953,298,b,B,181,1,# Yeah. # /,Yeah/UH ./.,,
sw08utt/sw_0825_2953.utt,2/sw2953,2953,299,sv,A,182,1,# they # would understand more.  /,they/PRP would/MD understand/VB more/JJR ./.,,
sw08utt/sw_0825_2953.utt,2/sw2953,2953,300,sd,A,182,2,"When, {F uh, } we first moved down here, I was working.  /","When/WRB ,/, uh/UH ,/, we/PRP first/JJ moved/VBD down/IN here/RB ,/, I/PRP was/VBD working/VBG ./.",,
sw08utt/sw_0825_2953.utt,2/sw2953,2953,301,sd,A,182,3,"I was working a twelve hour shift,  /","I/PRP was/VBD working/VBG a/DT twelve/CD hour/NN shift/NN ,/,",,
sw08utt/sw_0825_2953.utt,2/sw2953,2953,302,sd,A,182,4,{C and } it was three and four days a week. /,and/CC it/PRP was/VBD three/CD and/CC four/CD days/NNS a/DT week/NN ./.,,
sw08utt/sw_0825_2953.utt,2/sw2953,2953,303,b,B,183,1,Uh-huh. /,Uh-huh/UH ./.,,
sw08utt/sw_0825_2953.utt,2/sw2953,2953,304,%,A,184,1,"{C And, } {F uh, } -/","And/CC ,/, uh/UH ,/,",,
sw08utt/sw_0825_2953.utt,2/sw2953,2953,305,b,B,185,1,# {F Um. }  # /,Um/UH ./.,,
sw08utt/sw_0825_2953.utt,2/sw2953,2953,306,sd,A,186,1,"# {F oh, } # my little boy [ just, + ] he went wild.  {D You know, } [ I + mean ] [ because, + because ] he had been used to me --","oh/UH ,/, my/PRP$ little/JJ boy/NN just/RB ,/, he/PRP went/VBD wild/JJ ./. You/PRP know/VBP ,/, I/PRP mean/VBP because/IN ,/, because/IN he/PRP had/VBD been/VBN used/VBN to/IN me/PRP --/:",,
sw08utt/sw_0825_2953.utt,2/sw2953,2953,307,^2,B,187,1,Being there all --,Being/VBG there/RB all/PDT --/:,,
sw08utt/sw_0825_2953.utt,2/sw2953,2953,308,+,A,188,1,-- being there --,--/: being/VBG there/RB --/:,,
sw08utt/sw_0825_2953.utt,2/sw2953,2953,309,+,B,189,1,-- the time. /,--/: the/DT time/NN ./.,,
sw08utt/sw_0825_2953.utt,2/sw2953,2953,310,+,A,190,1,"-- all the time,  /","--/: all/PDT the/DT time/NN ,/,",,
sw08utt/sw_0825_2953.utt,2/sw2953,2953,311,aa,A,190,2,yeah. /,yeah/UH ./.,,
sw08utt/sw_0825_2953.utt,2/sw2953,2953,312,b,B,191,1,Yeah. /,Yeah/UH ./.,,
sw08utt/sw_0825_2953.utt,2/sw2953,2953,313,sd,A,192,1,"{C And } he is just now, - /","And/CC he/PRP is/VBZ just/RB now/RB ,/,",,
sw08utt/sw_0825_2953.utt,2/sw2953,2953,314,sd,A,192,2,"{D well, } when I got pregnant, I went ahead and quit work and decided just to stay at home  /","well/UH ,/, when/WRB I/PRP got/VBD pregnant/JJ ,/, I/PRP went/VBD ahead/RB and/CC quit/VBP work/NN and/CC decided/VBD just/RB to/TO stay/VB at/IN home/NN",,
sw08utt/sw_0825_2953.utt,2/sw2953,2953,315,sd,A,192,3,"{C and } it was costing too much at home, [ [ than, + more at home than ] + ] I was bringing in.  /","and/CC it/PRP was/VBD costing/VBG too/RB much/JJ at/IN home/NN ,/, than/IN ,/, more/JJR at/IN home/NN than/IN I/PRP was/VBD bringing/VBG in/RB ./.",,
sw08utt/sw_0825_2953.utt,2/sw2953,2953,316,%,A,192,4,"{C So, } -/","So/RB ,/,",,
sw08utt/sw_0825_2953.utt,2/sw2953,2953,317,b,B,193,1,Yeah.  /,Yeah/UH ./.,,
sw08utt/sw_0825_2953.utt,2/sw2953,2953,318,sd,B,193,2,"{D See } [ [ the-, + the-, ] +  the ] economic situation on the whole thing. - /","See/UH the-/XX ,/, the-/XX ,/, the/DT economic/JJ situation/NN on/IN the/DT whole/JJ thing/NN ./.",,
sw08utt/sw_0825_2953.utt,2/sw2953,2953,319,%,B,193,3,"{C And  then, } {F uh, } {D well } it is, - /","And/CC then/RB ,/, uh/UH ,/, well/RB it/PRP is/VBZ ,/,",,
sw08utt/sw_0825_2953.utt,2/sw2953,2953,320,sv,B,193,4,{D see } we do have things that we are <laughter> concerned about here. /,see/UH we/PRP do/VBP have/VB things/NNS that/WDT we/PRP are/VBP concerned/JJ about/IN here/RB ./.,,
sw08utt/sw_0825_2953.utt,2/sw2953,2953,321,b,A,194,1,Uh-huh. /,Uh-huh/UH ./.,,
sw08utt/sw_0825_2953.utt,2/sw2953,2953,322,sv,B,195,1,"This generation, - /","This/DT generation/NN ,/,",,
sw08utt/sw_0825_2953.utt,2/sw2953,2953,323,h,B,195,2,I don't know.  /,I/PRP do/VBP n't/RB know/VB ./.,,
sw08utt/sw_0825_2953.utt,2/sw2953,2953,324,sv,B,195,3,"Social change is always going to go on,  /","Social/JJ change/NN is/VBZ always/RB going/VBG to/TO go/VB on/RP ,/,",,
sw08utt/sw_0825_2953.utt,2/sw2953,2953,325,sv,B,195,4,"{C but } I think we have taken a big leap in the last, {D you know, } twenty, thirty years. /","but/CC I/PRP think/VBP we/PRP have/VBP taken/VBN a/DT big/JJ leap/NN in/IN the/DT last/NN ,/, you/PRP know/VBP ,/, twenty/CD ,/, thirty/CD years/NNS ./.",,
sw08utt/sw_0825_2953.utt,2/sw2953,2953,326,b,A,196,1,Uh-huh. /,Uh-huh/UH ./.,,
sw08utt/sw_0825_2953.utt,2/sw2953,2953,327,sv,B,197,1,"{C And, } {F uh, } nothing is the same. /","And/CC ,/, uh/UH ,/, nothing/NN is/VBZ the/DT same/JJ ./.",,
sw08utt/sw_0825_2953.utt,2/sw2953,2953,328,aa,A,198,1,"No,  /","No/UH ,/,",,
sw08utt/sw_0825_2953.utt,2/sw2953,2953,329,sv,A,198,2,it seems like it is totally different.  /,it/PRP seems/VBZ like/IN it/PRP is/VBZ totally/RB different/JJ ./.,,
sw08utt/sw_0825_2953.utt,2/sw2953,2953,330,sd,A,198,3,"Of course, I do not have much to compare it to.  /","Of/IN course/NN ,/, I/PRP do/VBP not/RB have/VB much/JJ to/TO compare/VB it/PRP to/IN ./.",,
sw08utt/sw_0825_2953.utt,2/sw2953,2953,331,sv,A,198,4,"To me,","To/IN me/PRP ,/,",,
sw08utt/sw_0825_2953.utt,2/sw2953,2953,332,%,B,199,1,# {D Well. }  # -/,Well/UH ./.,,
sw08utt/sw_0825_2953.utt,2/sw2953,2953,333,+,A,200,1,# our # causes do not seem as important as you all's were.  /,our/PRP$ causes/NNS do/VBP not/RB seem/VB as/RB important/JJ as/IN you/PRP all/DT 's/POS were/VBD ./.,,
sw08utt/sw_0825_2953.utt,2/sw2953,2953,334,qy,A,200,2,Do you know what I mean? /,Do/VBP you/PRP know/VBP what/WP I/PRP mean/VBP ?/.,,
sw08utt/sw_0825_2953.utt,2/sw2953,2953,335,ny,B,201,1,Yeah.  /,Yeah/UH ./.,,
sw08utt/sw_0825_2953.utt,2/sw2953,2953,336,sv,B,201,2,"{C But } [ [ we, + we grew, ] + we passed ] them on to you, <laughter>  {D you know, }  /","But/CC we/PRP ,/, we/PRP grew/VBD ,/, we/PRP passed/VBD them/PRP on/IN to/IN you/PRP ,/, you/PRP know/VBP ,/,",,
sw08utt/sw_0825_2953.utt,2/sw2953,2953,337,%,B,201,3,"{E I mean, } -/","I/PRP mean/VBP ,/,",,
sw08utt/sw_0825_2953.utt,2/sw2953,2953,338,br,A,202,1,"[ You, + you ] what? /","You/PRP ,/, you/PRP what/WP ?/.",,
sw08utt/sw_0825_2953.utt,2/sw2953,2953,339,sd^r,B,203,1,"I said, ""We passed --","I/PRP said/VBD ,/, ``/`` We/PRP passed/VBD --/:",,
sw08utt/sw_0825_2953.utt,2/sw2953,2953,340,bk,A,204,1,Okay. /,Okay/UH ./.,,
sw08utt/sw_0825_2953.utt,2/sw2953,2953,341,+,B,205,1,-- them --,--/: them/PRP --/:,,
sw08utt/sw_0825_2953.utt,2/sw2953,2953,342,bf,A,206,1,We passed them on to us. /,We/PRP passed/VBD them/PRP on/IN to/IN us/PRP ./.,,
sw08utt/sw_0825_2953.utt,2/sw2953,2953,343,+,B,207,1,"-- on to you."" /",--/: on/IN to/IN you/PRP ./. ''/'',,
sw08utt/sw_0825_2953.utt,2/sw2953,2953,344,x,A,208,1,<Laughter>.,,,
sw08utt/sw_0825_2953.utt,2/sw2953,2953,345,sv,B,209,1,"{E I mean, } {D you know, } {C because } it takes a lot of hard work.  /","I/PRP mean/VBP ,/, you/PRP know/VBP ,/, because/IN it/PRP takes/VBZ a/DT lot/NN of/IN hard/JJ work/NN ./.",,
sw08utt/sw_0825_2953.utt,2/sw2953,2953,346,sd,B,209,2,"It takes writing letters to Congressmen [ and, +","It/PRP takes/VBZ writing/VBG letters/NNS to/IN Congressmen/NNPS and/CC ,/,",,
sw08utt/sw_0825_2953.utt,2/sw2953,2953,347,b,A,210,1,# Uh-huh. # /,Uh-huh/UH ./.,,
sw08utt/sw_0825_2953.utt,2/sw2953,2953,348,+,B,211,1,"# and, # ] {D you know, } just being very, very politically astute about how to shape and mold the future.  /","and/CC ,/, you/PRP know/VBP ,/, just/RB being/VBG very/RB ,/, very/RB politically/RB astute/JJ about/IN how/WRB to/TO shape/VB and/CC mold/VB the/DT future/NN ./.",,
sw08utt/sw_0825_2953.utt,2/sw2953,2953,349,qh,B,211,2,"[ {C And, } + {C and, } ] {F uh, } {D you know, } {F um, } did we make the right choices?  /","And/CC ,/, and/CC ,/, uh/UH ,/, you/PRP know/VBP ,/, um/UH ,/, did/VBD we/PRP make/VBP the/DT right/JJ choices/NNS ?/.",,
sw08utt/sw_0825_2953.utt,2/sw2953,2953,350,sv,B,211,3,"We do not know,  /","We/PRP do/VBP not/RB know/VB ,/,",,
sw08utt/sw_0825_2953.utt,2/sw2953,2953,351,sv,B,211,4,we will never know. /,we/PRP will/MD never/RB know/VB ./.,,
sw08utt/sw_0825_2953.utt,2/sw2953,2953,352,aa,A,212,1,No. /,No/UH ./.,,
sw08utt/sw_0825_2953.utt,2/sw2953,2953,353,sv,B,213,1,"{E I mean, } {D you know, } [ I, + I ] think we made a wrong choice when I look at the children of today.  /","I/PRP mean/VBP ,/, you/PRP know/VBP ,/, I/PRP ,/, I/PRP think/VBP we/PRP made/VBD a/DT wrong/JJ choice/NN when/WRB I/PRP look/VBP at/IN the/DT children/NNS of/IN today/NN ./.",,
sw08utt/sw_0825_2953.utt,2/sw2953,2953,354,%,B,213,2,"Yeah,  /","Yeah/UH ,/,",,
sw08utt/sw_0825_2953.utt,2/sw2953,2953,355,sv,B,213,3,I think we made some big wrong choices. /,I/PRP think/VBP we/PRP made/VBD some/DT big/JJ wrong/JJ choices/NNS ./.,,
sw08utt/sw_0825_2953.utt,2/sw2953,2953,356,b,A,214,1,"Okay,  /","Okay/UH ,/,",,
sw08utt/sw_0825_2953.utt,2/sw2953,2953,357,b,A,214,2,yeah. /,yeah/UH ./.,,
sw08utt/sw_0825_2953.utt,2/sw2953,2953,358,sv,B,215,1,{C And } I think business got in the way.  /,And/CC I/PRP think/VBP business/NN got/VBD in/IN the/DT way/NN ./.,,
sw08utt/sw_0825_2953.utt,2/sw2953,2953,359,sv,B,215,2,"I think the greed of the eighties got, -/","I/PRP think/VBP the/DT greed/NN of/IN the/DT eighties/NNS got/VBD ,/,",,
