swda_filename,ptb_basename,conversation_no,transcript_index,act_tag,caller,utterance_index,subutterance_index,text,pos,trees,ptb_treenumbers
sw08utt/sw_0815_2354.utt,2/sw2354,2354,0,o,A,1,1,"Okay,  /","Okay/UH ,/,",,
sw08utt/sw_0815_2354.utt,2/sw2354,2354,1,qw,A,1,2,"what kind of books do you like to read,","what/WDT kind/NN of/IN books/NNS do/VBP you/PRP like/VB to/TO read/VB ,/,",,
sw08utt/sw_0815_2354.utt,2/sw2354,2354,2,sd,B,2,1,"{F Uh, } mainly,","Uh/UH ,/, mainly/RB ,/,",,
sw08utt/sw_0815_2354.utt,2/sw2354,2354,3,+,A,3,1,for enjoyment? /,for/IN enjoyment/NN ?/.,,
sw08utt/sw_0815_2354.utt,2/sw2354,2354,4,+,B,4,1,"[ the, + the ] books I read are, {F uh, } business related,","the/DT ,/, the/DT books/NNS I/PRP read/VBP are/VBP ,/, uh/UH ,/, business/NN related/VBN ,/,",,
sw08utt/sw_0815_2354.utt,2/sw2354,2354,5,b,A,5,1,Uh-huh  /,Uh-huh/UH,,
sw08utt/sw_0815_2354.utt,2/sw2354.pos,2354,6,x,A,5,2,<music>.,./.
sw08utt/sw_0815_2354.utt,2/sw2354,2354,7,+,B,6,1,or self improvement.  /,or/CC self/NN improvement/NN ./.,,
sw08utt/sw_0815_2354.utt,2/sw2354,2354,8,sd,B,6,2,"{F Um, } I've got [ a, + a, ] {F uh, } small company on the side [ that I, + that I ] do things with,  /","Um/UH ,/, I/PRP 've/VBP got/VBN a/DT ,/, a/DT ,/, uh/UH ,/, small/JJ company/NN on/IN the/DT side/NN that/WDT I/PRP ,/, that/WDT I/PRP do/VBP things/NNS with/IN ,/,",,
sw08utt/sw_0815_2354.utt,2/sw2354,2354,9,sd,B,6,3,"{C so, } {F uh, } a lot of the reading that [ I, + I ] do has to do with, {F um, } how can I, {F uh, } do better [ at, + at ] my small-time business {F uh, } important issues such as a,","so/RB ,/, uh/UH ,/, a/DT lot/NN of/IN the/DT reading/NN that/WDT I/PRP ,/, I/PRP do/VBP has/VBZ to/TO do/VB with/IN ,/, um/UH ,/, how/WRB can/MD I/PRP ,/, uh/UH ,/, do/VBP better/JJR at/IN ,/, at/IN my/PRP$ small-time/JJ business/NN uh/UH ,/, important/JJ issues/NNS such/IN as/IN a/DT ,/,",,
sw08utt/sw_0815_2354.utt,2/sw2354,2354,10,qw,A,7,1,What kind of business is it? /,What/WDT kind/NN of/IN business/NN is/VBZ it/PRP ?/.,,
sw08utt/sw_0815_2354.utt,2/sw2354,2354,11,+,B,8,1,"{D you know } taxes and,","you/PRP know/VBP taxes/NNS and/CC ,/,",,
sw08utt/sw_0815_2354.utt,2/sw2354,2354,12,b,A,9,1,Uh-huh. /,Uh-huh/UH ./.,,
sw08utt/sw_0815_2354.utt,2/sw2354,2354,13,+,B,10,1,business expenses and all those kind things. /,business/NN expenses/NNS and/CC all/PDT those/DT kind/NN things/NNS ./.,,
sw08utt/sw_0815_2354.utt,2/sw2354,2354,14,ba,A,11,1,"{D Well, } [ that sounds interest-, + that sounds fun ] <laughter>. /","Well/UH ,/, that/DT sounds/VBZ interest/JJ ,/, that/DT sounds/VBZ fun/JJ ./.",,
sw08utt/sw_0815_2354.utt,2/sw2354,2354,15,x,B,12,1,<Laughter>.,,,
sw08utt/sw_0815_2354.utt,2/sw2354,2354,16,qw^r,A,13,1,What kind of business is it? /,What/WDT kind/NN of/IN business/NN is/VBZ it/PRP ?/.,,
sw08utt/sw_0815_2354.utt,2/sw2354,2354,17,sd,B,14,1,"{F Um, } I've got a, {F uh, } small distributorship, {F uh. } /","Um/UH ,/, I/PRP 've/VBP got/VBN a/DT ,/, uh/UH ,/, small/JJ distributorship/NN ,/, uh/UH ./.",,
sw08utt/sw_0815_2354.utt,2/sw2354,2354,18,bk,A,15,1,Uh-huh. /,Uh-huh/UH ./.,,
sw08utt/sw_0815_2354.utt,2/sw2354,2354,19,sd,B,16,1,"I, {F uh, } sell a, {F uh, } healthy cookie on the side. /","I/PRP ,/, uh/UH ,/, sell/VBP a/DT ,/, uh/UH ,/, healthy/JJ cookie/NN on/IN the/DT side/NN ./.",,
sw08utt/sw_0815_2354.utt,2/sw2354,2354,20,bh,A,17,1,Really? /,Really/UH ?/.,,
sw08utt/sw_0815_2354.utt,2/sw2354,2354,21,sd,B,18,1,"{C And, } {F uh, } I have a few health food stores that I send it to.  /","And/CC ,/, uh/UH ,/, I/PRP have/VBP a/DT few/JJ health/NN food/NN stores/NNS that/WDT I/PRP send/VBP it/PRP to/TO ./.",,
sw08utt/sw_0815_2354.utt,2/sw2354,2354,22,sd,B,18,2,"I can buy the cookies in a larger quantity than they can, /","I/PRP can/MD buy/VB the/DT cookies/NNS in/IN a/DT larger/JJR quantity/NN than/IN they/PRP can/MD ,/,",,
sw08utt/sw_0815_2354.utt,2/sw2354,2354,23,b,A,19,1,Uh-huh. /,Uh-huh/UH ./.,,
sw08utt/sw_0815_2354.utt,2/sw2354,2354,24,sd,B,20,1,"{C so } I can get a deal [ [ from the, + {F uh, } from the ma-, ] + from the ] supplier, /","so/RB I/PRP can/MD get/VB a/DT deal/NN from/IN the/DT ,/, uh/UH ,/, from/IN the/DT ma-/XX ,/, from/IN the/DT supplier/NN ,/,",,
sw08utt/sw_0815_2354.utt,2/sw2354,2354,25,ba,A,21,1,"{D Well, } that's interesting. /","Well/UH ,/, that/DT 's/BES interesting/JJ ./.",,
sw08utt/sw_0815_2354.utt,2/sw2354,2354,26,sd,B,22,1,{C and then } I distributed them  /,and/CC then/RB I/PRP distributed/VBD them/PRP,,
sw08utt/sw_0815_2354.utt,2/sw2354,2354,27,sd,B,22,2,"{C and then } [ [ I ca-, + I get, ] + I can ] sell them at a cheaper price.  /","and/CC then/RB I/PRP ca-/XX ,/, I/PRP get/VBP ,/, I/PRP can/MD sell/VB them/PRP at/IN a/DT cheaper/JJR price/NN ./.",,
sw08utt/sw_0815_2354.utt,2/sw2354,2354,28,sd,B,22,3,"Plus I've got a, {F uh, } drinking water system business that I've had on the side for years that I've done.  /","Plus/CC I/PRP 've/VBP got/VBN a/DT ,/, uh/UH ,/, drinking/NN water/NN system/NN business/NN that/WDT I/PRP 've/VBP had/VBN on/IN the/DT side/NN for/IN years/NNS that/WDT I/PRP 've/VBP done/VBN ./.",,
sw08utt/sw_0815_2354.utt,2/sw2354,2354,29,br^m,A,23,1,A what? /,A/DT what/WP ?/.,,
sw08utt/sw_0815_2354.utt,2/sw2354,2354,30,sd^r,B,24,1,"A drinking water business,  /","A/DT drinking/NN water/NN business/NN ,/,",,
sw08utt/sw_0815_2354.utt,2/sw2354,2354,31,%,B,24,2,"{F uh, } yeah  /","uh/UH ,/, yeah/UH",,
sw08utt/sw_0815_2354.utt,2/sw2354,2354,32,x,B,24,3,"((   )) ,","MUMBLEx/XX ,/,",,
sw08utt/sw_0815_2354.utt,2/sw2354,2354,33,bh,A,25,1,"{F Oh, } really? /","Oh/UH ,/, really/UH ?/.",,
sw08utt/sw_0815_2354.utt,2/sw2354,2354,34,ny,B,26,1,Yeah. /,Yeah/UH ./.,,
sw08utt/sw_0815_2354.utt,2/sw2354,2354,35,ba,A,27,1,{D Well } that sounds interesting <sniffing>.  /,Well/UH that/DT sounds/VBZ interesting/JJ ./.,,
sw08utt/sw_0815_2354.utt,2/sw2354,2354,36,sd,A,27,2,My mom always wants me to open a health food store /,My/PRP$ mom/NN always/RB wants/VBZ me/PRP to/TO open/VB a/DT health/NN food/NN store/NN,,
sw08utt/sw_0815_2354.utt,2/sw2354,2354,37,sd,A,27,3,"{C but, } [ I'll, + I'm ] not really into it,  /","but/CC ,/, I/PRP 'll/MD ,/, I/PRP 'm/VBP not/RB really/RB into/IN it/PRP ,/,",,
sw08utt/sw_0815_2354.utt,2/sw2354,2354,38,sd,A,27,4,"[ I don't know the infor-, + I don't know ] that much about it,  /","I/PRP do/VBP n't/RB know/VB the/DT infor-/NN ,/, I/PRP do/VBP n't/RB know/VB that/RB much/JJ about/IN it/PRP ,/,",,
sw08utt/sw_0815_2354.utt,2/sw2354,2354,39,sd,A,27,5,"{D so } {D anyway } {C but, } {D well } that's interesting.  /","so/RB anyway/RB but/CC ,/, well/UH that/DT 's/BES interesting/JJ ./.",,
sw08utt/sw_0815_2354.utt,2/sw2354,2354,40,sv,A,27,6,"[ I, + personally, I ] like mostly <lipsmack> {F um, } - /","I/PRP ,/, personally/RB ,/, I/PRP like/VBP mostly/RB um/UH ,/,",,
sw08utt/sw_0815_2354.utt,2/sw2354,2354,41,sd,A,27,7,"if I had a book of my choice, [ I like  books, + ] I go to the library a lot  /","if/IN I/PRP had/VBD a/DT book/NN of/IN my/PRP$ choice/NN ,/, I/PRP like/VBP books/NNS ,/, I/PRP go/VBP to/IN the/DT library/NN a/DT lot/NN",,
sw08utt/sw_0815_2354.utt,2/sw2354,2354,42,sd,A,27,8,"{C and } it seems like I always, I never go to the fiction section,  /","and/CC it/PRP seems/VBZ like/IN I/PRP always/RB ,/, I/PRP never/RB go/VBP to/IN the/DT fiction/NN section/NN ,/,",,
sw08utt/sw_0815_2354.utt,2/sw2354,2354,43,sv,A,27,9,"{E I mean } that to me is just ridiculous,  /","I/PRP mean/VBP that/DT to/IN me/PRP is/VBZ just/RB ridiculous/JJ ,/,",,
sw08utt/sw_0815_2354.utt,2/sw2354,2354,44,sv,A,27,10,"it's like,","it/PRP 's/BES like/IN ,/,",,
sw08utt/sw_0815_2354.utt,2/sw2354,2354,45,b,B,28,1,Uh-huh. /,Uh-huh/UH ./.,,
sw08utt/sw_0815_2354.utt,2/sw2354,2354,46,+,A,29,1,life is to interesting to read fiction  /,life/NN is/VBZ to/RB interesting/JJ to/TO read/VB  fiction/NN,,
sw08utt/sw_0815_2354.utt,2/sw2354,2354,47,sd,A,29,2,"{C but } I always get books like, {F um, } - /","but/CC I/PRP always/RB get/VBP books/NNS like/IN ,/, um/UH ,/,",,
sw08utt/sw_0815_2354.utt,2/sw2354,2354,48,sd,A,29,3,"I like to quilt,  /","I/PRP like/VBP to/TO quilt/VB ,/,",,
sw08utt/sw_0815_2354.utt,2/sw2354,2354,49,sd,A,29,4,{D well } I'm not into quilting  /,well/UH I/PRP 'm/VBP not/RB into/IN quilting/NN,,
sw08utt/sw_0815_2354.utt,2/sw2354,2354,50,sd,A,29,5,{C but } I check a lot of books out to learn how.  /,but/CC I/PRP check/VBP a/DT lot/NN of/IN books/NNS out/RP to/TO learn/VB how/WRB ./.,,
sw08utt/sw_0815_2354.utt,2/sw2354,2354,51,sv,A,29,6,"I just haven't done it yet because it seems to monstrous to do with a book,  /","I/PRP just/RB have/VBP n't/RB done/VBN it/PRP yet/RB because/IN it/PRP seems/VBZ to/TO monstrous/JJ to/TO  do/VB with/IN a/DT book/NN ,/,",,
sw08utt/sw_0815_2354.utt,2/sw2354,2354,52,sd,A,29,7,"{C but } I like to, {F um, } can and do food preservation,  /","but/CC I/PRP like/VBP to/TO ,/, um/UH ,/, can/MD and/CC do/VB food/NN preservation/NN ,/,",,
sw08utt/sw_0815_2354.utt,2/sw2354,2354,53,sd,A,29,8,"{C and } mostly canning just for fun to go pick the things and just to have fun doing it and  to give them as gifts and stuff,  /","and/CC mostly/JJ canning/NN just/RB for/IN fun/NN to/TO go/VB pick/VB the/DT things/NNS and/CC just/RB to/TO have/VB fun/NN doing/VBG it/PRP and/CC to/TO give/VB them/PRP as/IN gifts/NNS and/CC stuff/NN ,/,",,
sw08utt/sw_0815_2354.utt,2/sw2354,2354,54,sd,A,29,9,{C and } I like to check books out like that  /,and/CC I/PRP like/VBP to/TO check/VB books/NNS out/RP like/IN that/DT,,
sw08utt/sw_0815_2354.utt,2/sw2354,2354,55,sd,A,29,10,"{C and } I always come away with, - /","and/CC I/PRP always/RB come/VBP away/RB with/IN ,/,",,
sw08utt/sw_0815_2354.utt,2/sw2354,2354,56,sd,A,29,11,I'm a Christian  /,I/PRP 'm/VBP a/DT Christian/NNP,,
sw08utt/sw_0815_2354.utt,2/sw2354,2354,57,sd,A,29,12,"{C and } I enjoy reading books about {F um, } - /","and/CC I/PRP enjoy/VBP reading/VBG books/NNS about/IN um/UH ,/,",,
sw08utt/sw_0815_2354.utt,2/sw2354,2354,58,sd,A,29,13,<lipsmack>  ((   ))  I have a real heart for people involved in cults -- /,MUMBLEx/XX I/PRP have/VBP a/DT real/JJ heart/NN for/IN people/NNS involved/JJ in/IN cults/NNS --/:,,
sw08utt/sw_0815_2354.utt,2/sw2354,2354,59,b,B,30,1,Uh-huh. /,Uh-huh/UH ./.,,
sw08utt/sw_0815_2354.utt,2/sw2354,2354,60,sd^r,A,31,1,"-- {C and, so } I have a real, {D you know, } heart for them,  /","--/: and/CC ,/, so/RB I/PRP have/VBP a/DT real/JJ ,/, you/PRP know/VBP ,/, heart/NN for/IN them/PRP ,/,",,
sw08utt/sw_0815_2354.utt,2/sw2354,2354,61,sd,A,31,2,{C and } <laughter> I'm going to bring my Mormon neighbors some Amish bread today  /,and/CC I/PRP 'm/VBP going/VBG to/TO bring/VB my/PRP$ Mormon/NNP neighbors/NNS some/DT Amish/NNP bread/NN today/RB,,
sw08utt/sw_0815_2354.utt,2/sw2354,2354,62,sd,A,31,3,{C and } that's just where my heart is  /,and/CC that/DT 's/BES just/RB where/WRB my/PRP$ heart/NN is/VBZ,,
sw08utt/sw_0815_2354.utt,2/sw2354,2354,63,sd,A,31,4,"{C so, } I read a lot of books on that  /","so/RB ,/, I/PRP read/VBP a/DT lot/NN of/IN books/NNS on/IN that/DT",,
sw08utt/sw_0815_2354.utt,2/sw2354,2354,64,sd,A,31,5,"{C and, } {D you know } Christian books written by people [ about, + ] {D you know } to help you out and stuff  /","and/CC ,/, you/PRP know/VBP Christian/NNP books/NNS written/VBN by/IN people/NNS about/IN ,/, you/PRP know/VBP to/TO help/VB you/PRP out/RP and/CC stuff/NN",,
sw08utt/sw_0815_2354.utt,2/sw2354,2354,65,sd,A,31,6,((   ))  {C and } I read the Bible.  /,MUMBLEx/XX and/CC I/PRP read/VBP the/DT Bible/NNP ./.,,
sw08utt/sw_0815_2354.utt,2/sw2354,2354,66,sd,A,31,7,I don't read the Bible as much as I should  /,I/PRP do/VBP n't/RB read/VB the/DT Bible/NNP as/RB much/JJ as/IN I/PRP should/MD,,
sw08utt/sw_0815_2354.utt,2/sw2354,2354,67,sd,A,31,8,[ {C but } + {C but } ] I think I would always think that no matter what I did  /,but/CC but/CC I/PRP think/VBP I/PRP would/MD always/RB think/VB that/IN no/DT matter/NN what/WP I/PRP did/VBD,,
sw08utt/sw_0815_2354.utt,2/sw2354,2354,68,sd,A,31,9,"[ {C so, } + {C but } ] I do enjoy reading that  /","so/RB ,/, but/CC I/PRP do/VBP enjoy/VB reading/VBG that/DT",,
sw08utt/sw_0815_2354.utt,2/sw2354,2354,69,sv,A,31,10,"<lipsmack> {C and, so } pretty much we have different interests, I think, in reading,  /","and/CC ,/, so/RB pretty/RB much/JJ we/PRP have/VBP different/JJ interests/NNS ,/, I/PRP think/VBP ,/, in/IN reading/NN ,/,",,
sw08utt/sw_0815_2354.utt,2/sw2354,2354,70,sd,A,31,11,"<noise> <<sounds like a motorcycle>> [ {C but, } +","but/CC ,/,",,
sw08utt/sw_0815_2354.utt,2/sw2354,2354,71,aa,B,32,1,<Laughter> Sounds like it. /,Sounds/VBZ like/IN it/PRP ./.,,
sw08utt/sw_0815_2354.utt,2/sw2354,2354,72,+,A,33,1,{C and } ] I have a neighbor with a big motorbike /,and/CC I/PRP have/VBP a/DT neighbor/NN with/IN a/DT big/JJ motorbike/NN,,
sw08utt/sw_0815_2354.utt,2/sw2354,2354,73,sd,A,33,2,{C and } he likes to run down the street with it /,and/CC he/PRP likes/VBZ to/TO run/VB down/RB the/DT street/NN with/IN it/PRP,,
sw08utt/sw_0815_2354.utt,2/sw2354,2354,74,qy^d,A,33,3,"{C and } [ you, + you ] can probably hear him.  /","and/CC you/PRP ,/, you/PRP can/MD probably/RB hear/VB him/PRP ./.",,
sw08utt/sw_0815_2354.utt,2/sw2354,2354,75,h,A,33,4,"((   ))  <laughter> {C But, } {F um, } I don't know  /","MUMBLEx/XX But/CC ,/, um/UH ,/, I/PRP do/VBP n't/RB know/VB",,
sw08utt/sw_0815_2354.utt,2/sw2354,2354,76,qy,A,33,5,{C so. }  Do you enjoy reading anything like that? {F Um. } /,so/RB ./. Do/VBP you/PRP enjoy/VBP reading/VBG anything/NN like/IN that/DT ?/. Um/UH ./.,,
sw08utt/sw_0815_2354.utt,2/sw2354,2354,77,ng,B,34,1,"{F Um, } I haven't really read anything like that [ [ in, + in, ] + in ] years.  /","Um/UH ,/, I/PRP have/VBP n't/RB really/RB read/VBN anything/NN like/IN that/DT in/IN ,/, in/IN ,/, in/IN years/NNS ./.",,
sw08utt/sw_0815_2354.utt,2/sw2354,2354,78,sd,B,34,2,"There was a time when I was really into the home things, /","There/EX was/VBD a/DT time/NN when/WRB I/PRP was/VBD really/RB into/IN the/DT home/NN things/NNS ,/,",,
sw08utt/sw_0815_2354.utt,2/sw2354,2354,79,b,A,35,1,Uh-huh. /,Uh-huh/UH ./.,,
sw08utt/sw_0815_2354.utt,2/sw2354,2354,80,sd,B,36,1,"{C and } I [ did, + {F uh, } had ] my own garden /","and/CC I/PRP did/VBD ,/, uh/UH ,/, had/VBD my/PRP$ own/JJ garden/NN",,
sw08utt/sw_0815_2354.utt,2/sw2354,2354,81,sd,B,36,2,"{C and } I did canning, all those kind of things.  /","and/CC I/PRP did/VBD canning/NN ,/, all/PDT those/DT kind/NN of/IN things/NNS ./.",,
sw08utt/sw_0815_2354.utt,2/sw2354,2354,82,sd,B,36,3,"That was when I was about, {F uh, } ten years younger  /","That/DT was/VBD when/WRB I/PRP was/VBD about/RB ,/, uh/UH ,/, ten/CD years/NNS younger/JJR",,
sw08utt/sw_0815_2354.utt,2/sw2354,2354,83,%,B,36,4,"{C and } {F uh, } I had, -/","and/CC uh/UH ,/, I/PRP had/VBD ,/,",,
sw08utt/sw_0815_2354.utt,2/sw2354,2354,84,br,A,37,1,"Thirty or younger,","Thirty/CD or/CC younger/JJR ,/,",,
sw08utt/sw_0815_2354.utt,2/sw2354,2354,85,x,B,38,1,<Laughter>.,,,
sw08utt/sw_0815_2354.utt,2/sw2354,2354,86,+,A,39,1,Is that what you said? /,Is/VBZ that/DT what/WP you/PRP said/VBD ?/.,,
sw08utt/sw_0815_2354.utt,2/sw2354,2354,87,sd^r,B,40,1,"About ten years younger,  /","About/RB ten/CD years/NNS younger/JJR ,/,",,
sw08utt/sw_0815_2354.utt,2/sw2354,2354,88,%,B,40,2,yeah. /,yeah/UH ./.,,
sw08utt/sw_0815_2354.utt,2/sw2354,2354,89,b^m,A,41,1,"{F Oh, } ten years younger,  /","Oh/UH ,/, ten/CD years/NNS younger/JJR ,/,",,
sw08utt/sw_0815_2354.utt,2/sw2354,2354,90,ba,A,41,2,"{F oh, } that's funny. /","oh/UH ,/, that/DT 's/BES funny/JJ ./.",,
sw08utt/sw_0815_2354.utt,2/sw2354,2354,91,sv,B,42,1,"{C And, } {F uh, } {F uh, } [ th-, + the ] problem that I've had in the past with, {F uh, } my children growing up and moving out of the house  [ and, +  and ] still having three left at home,","And/CC ,/, uh/UH ,/, uh/UH ,/, th-/XX ,/, the/DT problem/NN that/WDT I/PRP 've/VBP had/VBN in/IN the/DT past/NN with/IN ,/, uh/UH ,/, my/PRP$ children/NNS growing/VBG up/RP and/CC moving/VBG out/IN of/IN the/DT house/NN and/CC ,/, and/CC still/RB having/VBG three/CD left/VBN at/IN home/NN ,/,",,
sw08utt/sw_0815_2354.utt,2/sw2354,2354,92,b,A,43,1,Uh-huh. /,Uh-huh/UH ./.,,
sw08utt/sw_0815_2354.utt,2/sw2354,2354,93,+,B,44,1,"out of the five,  /","out/IN of/IN the/DT five/CD ,/,",,
sw08utt/sw_0815_2354.utt,2/sw2354,2354,94,sd,B,44,2,"{F um, } I've tried to devote more time to them and trying to get them interested [ in, + in ] reading more [ and, + and ] spending more time at the library  /","um/UH ,/, I/PRP 've/VBP tried/VBN to/TO devote/VB more/JJR time/NN to/IN them/PRP and/CC trying/VBG to/TO get/VB them/PRP interested/JJ in/IN ,/, in/IN reading/NN more/JJR and/CC ,/, and/CC spending/NN more/JJR time/NN at/IN the/DT library/NN",,
sw08utt/sw_0815_2354.utt,2/sw2354,2354,95,%,B,44,3,"{C and } it, - /","and/CC it/PRP ,/,",,
sw08utt/sw_0815_2354.utt,2/sw2354,2354,96,sd,B,44,4,"I've been moderately successful,","I/PRP 've/VBP been/VBN moderately/RB successful/JJ ,/,",,
sw08utt/sw_0815_2354.utt,2/sw2354,2354,97,b,A,45,1,Uh-huh. /,Uh-huh/UH ./.,,
sw08utt/sw_0815_2354.utt,2/sw2354,2354,98,+,B,46,1,"{F uh, } with my daughter and with my son, they both have different interests in books  /","uh/UH ,/, with/IN my/PRP$ daughter/NN and/CC with/IN my/PRP$ son/NN ,/, they/PRP both/DT have/NN different/JJ interests/NNS in/IN books/NNS",,
sw08utt/sw_0815_2354.utt,2/sw2354,2354,99,sd,B,46,2,"{C but, } {F um, } [ [ they, + they, ] + {F uh, } they ] do read them.  /","but/CC ,/, um/UH ,/, they/PRP ,/, they/PRP ,/, uh/UH ,/, they/PRP do/VBP read/VB them/PRP ./.",,
sw08utt/sw_0815_2354.utt,2/sw2354,2354,100,sd,B,46,3,"{F Um, } <lipsmack> I have some books [ on, + on ] health that I read all the time.  /","Um/UH ,/, I/PRP have/VBP some/DT books/NNS on/IN ,/, on/IN health/NN that/WDT I/PRP read/VBP all/PDT the/DT time/NN ./.",,
sw08utt/sw_0815_2354.utt,2/sw2354,2354,101,sd,B,46,4,"One's on vitamins that are good for you and that kind of thing, /","One/CD 's/BES on/IN vitamins/NNS that/WDT are/VBP good/JJ for/IN you/PRP and/CC that/DT kind/NN of/IN thing/NN ,/,",,
sw08utt/sw_0815_2354.utt,2/sw2354,2354,102,bh,A,47,1,"{F Oh, } really? /","Oh/UH ,/, really/UH ?/.",,
sw08utt/sw_0815_2354.utt,2/sw2354,2354,103,ny,B,48,1,"Yeah,  /","Yeah/UH ,/,",,
sw08utt/sw_0815_2354.utt,2/sw2354,2354,104,o@,B,48,2,"[ I, + I'm, ]","I/PRP ,/, I/PRP 'm/VBP ,/,",,
sw08utt/sw_0815_2354.utt,2/sw2354,2354,105,b,A,49,1,"Yeah,  /","Yeah/UH ,/,",,
sw08utt/sw_0815_2354.utt,2/sw2354,2354,106,sd,A,49,2,"(( Maureen Solomon )) .  I [ had + ] [ a, + a ] friend of mine has a book by her right now called FOODS THAT HEAL. /","Maureen/NNP Solomon/NNP ./. I/PRP had/VBD a/DT ,/, a/DT friend/NN of/IN mine/PRP has/VBZ a/DT book/NN by/IN her/PRP$ right/RB now/RB called/VBN FOODS/NNS THAT/WDT HEAL/VBP ./.",,
sw08utt/sw_0815_2354.utt,2/sw2354,2354,107,+@,B,50,1,Uh-huh. /,Uh-huh/UH ./.,,
sw08utt/sw_0815_2354.utt,2/sw2354,2354,108,sd,A,51,1,"They eat a lot of it,  /","They/PRP eat/VBP a/DT lot/NN of/IN it/PRP ,/,",,
sw08utt/sw_0815_2354.utt,2/sw2354,2354,109,sd,A,51,2,"{D you know, } you can take your vitamins  /","you/PRP know/VBP ,/, you/PRP can/MD take/VB your/PRP$ vitamins/NNS",,
sw08utt/sw_0815_2354.utt,2/sw2354,2354,110,sd,A,51,3,"{C and } she was telling me to take zinc,  /","and/CC she/PRP was/VBD telling/VBG me/PRP to/TO take/VB zinc/NN ,/,",,
sw08utt/sw_0815_2354.utt,2/sw2354,2354,111,sv,A,51,4,"{C so, } <laughter> {D anyway } I've been taking enough zinc, {D you know } <laughter> to kill a horse probably /","so/RB ,/, anyway/RB I/PRP 've/VBP been/VBN taking/VBG enough/JJ zinc/NN ,/, you/PRP know/VBP to/TO kill/VB a/DT horse/NN probably/RB",,
sw08utt/sw_0815_2354.utt,2/sw2354,2354,112,sd,A,51,5,<laughter> I hope it doesn't hurt me  /,I/PRP hope/VBP it/PRP does/VBZ n't/RB hurt/VBN me/PRP,,
sw08utt/sw_0815_2354.utt,2/sw2354,2354,113,sd,A,51,6,"{C but, } {D anyway, } <laughter>.  I did read one chapter of that <laughter>. /","but/CC ,/, anyway/UH ,/, ./. I/PRP did/VBD read/VB one/CD chapter/NN of/IN that/DT ./.",,
sw08utt/sw_0815_2354.utt,2/sw2354,2354,114,sd,B,52,1,"There's [ a, + {F uh, } a ] couple called, {F um, } {F oh, } - /","There/EX 's/BES a/DT ,/, uh/UH ,/, a/DT couple/NN called/VBN ,/, um/UH ,/, oh/UH ,/,",,
sw08utt/sw_0815_2354.utt,2/sw2354,2354,115,h@,B,52,2,"I'm going to forgot his name now, {F uh, } Dirkson, *[[forgot = forget]] /","I/PRP 'm/VBP going/VBG to/TO forgot/VBD his/PRP$ name/NN now/RB ,/, uh/UH ,/, Dirkson/NNP ,/,",,
sw08utt/sw_0815_2354.utt,2/sw2354,2354,116,b,A,53,1,Uh-huh. /,Uh-huh/UH ./.,,
sw08utt/sw_0815_2354.utt,2/sw2354,2354,117,sd,B,54,1,"{F um, } {C and, } {F uh, } there's a book called LIFE EXTENSIONS,  /","um/UH ,/, and/CC ,/, uh/UH ,/, there/EX 's/BES a/DT book/NN called/VBN LIFE/NN EXTENSIONS/NNS ,/,",,
sw08utt/sw_0815_2354.utt,2/sw2354,2354,118,qy^d,B,54,2,"I don't know if you've ever heard of it, /","I/PRP do/VBP n't/RB know/VB if/IN you/PRP 've/VBP ever/RB heard/VBN of/IN it/PRP ,/,",,
sw08utt/sw_0815_2354.utt,2/sw2354,2354,119,nn,A,55,1,"No,  /","No/UH ,/,",,
sw08utt/sw_0815_2354.utt,2/sw2354,2354,120,sd^e,A,55,2,I haven't. /,I/PRP have/VBP n't/RB ./.,,
sw08utt/sw_0815_2354.utt,2/sw2354,2354,121,bk,B,56,1,Okay.  /,Okay/UH ./.,,
sw08utt/sw_0815_2354.utt,2/sw2354,2354,122,sd,B,56,2,It's a book called LIFE EXTENSIONS.  /,It/PRP 's/BES a/DT book/NN called/VBN LIFE/NN EXTENSIONS/NNS ./.,,
sw08utt/sw_0815_2354.utt,2/sw2354,2354,123,sd,B,56,3,"There's also a book called THE LIFE [ EXTANS-, + EXTENSION ] COMPANION, /","There/EX 's/BES also/RB a/DT book/NN called/VBD THE/DT LIFE/NN EXTANS-/NN ,/, EXTENSION/NN COMPANION/NN ,/,",,
sw08utt/sw_0815_2354.utt,2/sw2354,2354,124,b,A,57,1,Uh-huh. /,Uh-huh/UH ./.,,
sw08utt/sw_0815_2354.utt,2/sw2354,2354,125,sd,B,58,1,"{F Uh, } Dirk Pearson and, - /","Uh/UH ,/, Dirk/NNP Pearson/NNP and/CC ,/,",,
sw08utt/sw_0815_2354.utt,2/sw2354,2354,126,sd,B,58,2,"{F oh, } {A I forgot Sally's last name, anyway } it's a couple.  /","oh/UH ,/, I/PRP forgot/VBD Sally/NNP 's/POS last/JJ name/NN ,/, anyway/RB it/PRP 's/BES a/DT couple/NN ./.",,
sw08utt/sw_0815_2354.utt,2/sw2354,2354,127,sd,B,58,3,"[ I've, + I've ] seen them on T V,  /","I/PRP 've/VBP ,/, I/PRP 've/VBP seen/VBN them/PRP on/IN T/NN V/NN ,/,",,
sw08utt/sw_0815_2354.utt,2/sw2354,2354,128,sv,B,58,4,"{C and, } {F uh, } [ they an-, + they are ] pretty down to earth about {F uh, } <lipsmack> what you can take [ and, + and ] what you can't take  /","and/CC ,/, uh/UH ,/, they/PRP an-/XX ,/, they/PRP are/VBP pretty/RB down/RB to/IN earth/NN about/IN uh/UH ,/, what/WP you/PRP can/MD take/VB and/CC ,/, and/CC what/WP you/PRP ca/MD n't/RB take/VB",,
sw08utt/sw_0815_2354.utt,2/sw2354,2354,129,o@,B,58,5,"{C and, } {F um, }","and/CC ,/, um/UH ,/,",,
sw08utt/sw_0815_2354.utt,2/sw2354,2354,130,^2,A,59,1,The quantities  /,The/DT quantities/NNS,,
sw08utt/sw_0815_2354.utt,2/sw2354,2354,131,%,A,59,2,"{C and, } -/","and/CC ,/,",,
sw08utt/sw_0815_2354.utt,2/sw2354,2354,132,+@,B,60,1,"The quantities, what are good for you, what isn't /","The/DT quantities/NNS ,/, what/WP are/VBP good/JJ for/IN you/PRP ,/, what/WP is/VBZ n't/RB",,
sw08utt/sw_0815_2354.utt,2/sw2354,2354,133,%,B,60,2,"{C and, } -/","and/CC ,/,",,
sw08utt/sw_0815_2354.utt,2/sw2354,2354,134,qw,A,61,1,What's the name of it again? /,What/WP 's/BES the/DT name/NN of/IN it/PRP again/RB ?/.,,
sw08utt/sw_0815_2354.utt,2/sw2354,2354,135,sd^r,B,62,1,"{F Um, } LIFE EXTENSIONS. /","Um/UH ,/, LIFE/NN EXTENSIONS/NNS ./.",,
sw08utt/sw_0815_2354.utt,2/sw2354,2354,136,br^m,A,63,1,LIFE EXTENSIONS? /,LIFE/NN EXTENSIONS/NNS ?/.,,
sw08utt/sw_0815_2354.utt,2/sw2354,2354,137,ny,B,64,1,"{F Uh, } yeah,  /","Uh/UH ,/, yeah/UH ,/,",,
sw08utt/sw_0815_2354.utt,2/sw2354,2354,138,sd^e,B,64,2,"he's probably about forty years old now, /","he/PRP 's/BES probably/RB about/RB forty/CD years/NNS old/JJ now/RB ,/,",,
sw08utt/sw_0815_2354.utt,2/sw2354,2354,139,b,A,65,1,Uh-huh. /,Uh-huh/UH ./.,,
sw08utt/sw_0815_2354.utt,2/sw2354,2354,140,sd,B,66,1,"I saw him probably seven years ago,","I/PRP saw/VBD him/PRP probably/RB seven/CD years/NNS ago/RB ,/,",,
sw08utt/sw_0815_2354.utt,2/sw2354,2354,141,b,A,67,1,Uh-huh. /,Uh-huh/UH ./.,,
sw08utt/sw_0815_2354.utt,2/sw2354,2354,142,+,B,68,1,on Johnny Carson show -- /,on/IN Johnny/NNP Carson/NNP show/NN --/:,,
sw08utt/sw_0815_2354.utt,2/sw2354,2354,143,bh,A,69,1,"{F Oh, } really? /","Oh/UH ,/, really/UH ?/.",,
sw08utt/sw_0815_2354.utt,2/sw2354,2354,144,sd,B,70,1,"-- {C and, } {F uh, } I was pretty impressed.  /","--/: and/CC ,/, uh/UH ,/, I/PRP was/VBD pretty/RB impressed/JJ ./.",,
sw08utt/sw_0815_2354.utt,2/sw2354,2354,145,sd,B,70,2,"He had a, - /","He/PRP had/VBD a/DT ,/,",,
sw08utt/sw_0815_2354.utt,2/sw2354,2354,146,%,B,70,3,"he, - /","he/PRP ,/,",,
sw08utt/sw_0815_2354.utt,2/sw2354,2354,147,sd,B,70,4,before he started out on his experiments he had a battery of tests done on his body to determine the age of each one of his organs --,before/IN he/PRP started/VBD out/RP on/IN his/PRP$ experiments/NNS he/PRP had/VBD a/DT battery/NN of/IN tests/NNS done/VBN on/IN his/PRP$ body/NN to/TO determine/VB the/DT age/NN of/IN each/DT one/CD of/IN his/PRP$ organs/NNS --/:,,
sw08utt/sw_0815_2354.utt,2/sw2354,2354,148,b,A,71,1,Uh-huh. /,Uh-huh/UH ./.,,
sw08utt/sw_0815_2354.utt,2/sw2354,2354,149,+,B,72,1,"-- {D you know } based on how well it was performing, /","--/: you/PRP know/VBP based/VBN on/IN how/WRB well/RB it/PRP was/VBD performing/VBG ,/,",,
sw08utt/sw_0815_2354.utt,2/sw2354,2354,150,b,A,73,1,Uh-huh. /,Uh-huh/UH ./.,,
sw08utt/sw_0815_2354.utt,2/sw2354,2354,151,sd,B,74,1,"{C and then } he embarked on this, {F uh, } vitamin treatment  /","and/CC then/RB he/PRP embarked/VBD on/IN this/DT ,/, uh/UH ,/, vitamin/NN treatment/NN",,
sw08utt/sw_0815_2354.utt,2/sw2354,2354,152,sd,B,74,2,"{C and then } every year he had the same tests run, /","and/CC then/RB every/DT year/NN he/PRP had/VBD the/DT same/JJ tests/NNS run/VBP ,/,",,
sw08utt/sw_0815_2354.utt,2/sw2354,2354,153,b,A,75,1,Uh-huh. /,Uh-huh/UH ./.,,
sw08utt/sw_0815_2354.utt,2/sw2354,2354,154,sd,B,76,1,"{C and } at the age of thirty-two, I think it was, his, {F um, } heart was that of a fourteen year old -- /","and/CC at/IN the/DT age/NN of/IN thirty-two/CD ,/, I/PRP think/VBP it/PRP was/VBD ,/, his/PRP$ ,/, um/UH ,/, heart/NN was/VBD that/DT of/IN a/DT fourteen/CD year/NN old/JJ --/:",,
sw08utt/sw_0815_2354.utt,2/sw2354,2354,155,bh,A,77,1,Really? /,Really/UH ?/.,,
sw08utt/sw_0815_2354.utt,2/sw2354,2354,156,sd,B,78,1,"-- {C and } all the rest of his organs were [ all greatly, + {D you know, } all tested out greatly ] below his actual age. /","--/: and/CC all/PDT the/DT rest/NN of/IN his/PRP$ organs/NNS were/VBD all/DT greatly/RB ,/, you/PRP know/VBP ,/, all/DT tested/VBN out/RP greatly/RB below/IN his/PRP$ actual/JJ age/NN ./.",,
sw08utt/sw_0815_2354.utt,2/sw2354,2354,157,sd,B,78,2,"{C And, } of course, Sally, {F uh, } isn't a very big woman, /","And/CC ,/, of/IN course/NN ,/, Sally/NNP ,/, uh/UH ,/, is/VBZ n't/RB a/DT very/RB big/JJ woman/NN ,/,",,
sw08utt/sw_0815_2354.utt,2/sw2354,2354,158,b,A,79,1,Uh-huh. /,Uh-huh/UH ./.,,
sw08utt/sw_0815_2354.utt,2/sw2354,2354,159,sv,B,80,1,"{E I mean, } [ she's, + {D you know, } she ] appeared to me to be very petite  /","I/PRP mean/VBP ,/, she/PRP 's/BES ,/, you/PRP know/VBP ,/, she/PRP appeared/VBD to/IN me/PRP to/TO be/VB very/RB petite/JJ",,
sw08utt/sw_0815_2354.utt,2/sw2354,2354,160,sd,B,80,2,"{C and } {F um, } she took a horse shoe [ and, + and ] [ turned it, + turned it ] into an S, /","and/CC um/UH ,/, she/PRP took/VBD a/DT horse/NN shoe/NN and/CC ,/, and/CC turned/VBD it/PRP ,/, turned/VBD it/PRP into/IN an/DT S/NNP ,/,",,
sw08utt/sw_0815_2354.utt,2/sw2354,2354,161,bh,A,81,1,"{F Oh, } really? /","Oh/UH ,/, really/UH ?/.",,
sw08utt/sw_0815_2354.utt,2/sw2354,2354,162,sv,B,82,1,"{C and, } {F uh, } it was all from taking the right vitamins and things [ that, + that ] give you the strength, /","and/CC ,/, uh/UH ,/, it/PRP was/VBD all/DT from/IN taking/VBG the/DT right/JJ vitamins/NNS and/CC things/NNS that/WDT ,/, that/WDT give/VBP you/PRP the/DT strength/NN ,/,",,
sw08utt/sw_0815_2354.utt,2/sw2354,2354,163,sv,B,82,2,"{C and, } of course, doing Isometric exercises, {F uh, } together they both exercised about five minutes a day,","and/CC ,/, of/IN course/NN ,/, doing/VBG Isometric/JJ exercises/NNS ,/, uh/UH ,/, together/RB they/PRP both/DT exercised/VBD about/RB five/CD minutes/NNS a/DT day/NN ,/,",,
sw08utt/sw_0815_2354.utt,2/sw2354,2354,164,bh,A,83,1,Really? /,Really/UH ?/.,,
sw08utt/sw_0815_2354.utt,2/sw2354,2354,165,+,B,84,1,"doing Isometrics rather than, {D you know } physical strenuous exercises. /","doing/VBG Isometrics/NNS rather/IN than/IN ,/, you/PRP know/VBP physical/JJ strenuous/JJ exercises/NNS ./.",,
sw08utt/sw_0815_2354.utt,2/sw2354,2354,166,sv,A,85,1,"I know there's not any food that you can get,  /","I/PRP know/VBP there/EX 's/BES not/RB any/DT food/NN that/WDT you/PRP can/MD get/VB ,/,",,
sw08utt/sw_0815_2354.utt,2/sw2354,2354,167,sv,A,85,2,"{C and } it's grown on good soil hardly anymore,  /","and/CC it/PRP 's/BES grown/VBN on/IN good/JJ soil/NN hardly/RB anymore/RB ,/,",,
sw08utt/sw_0815_2354.utt,2/sw2354,2354,168,sd,A,85,3,"{C and } I know [ my, + my ] husband's uncle owns [ di-, + ] some acreage in, [ a, + ] Eastland, Texas, which is in West Texas,  /","and/CC I/PRP know/VBP my/PRP$ ,/, my/PRP$ husband/NN 's/POS uncle/NN owns/VBZ di-/XX ,/, some/DT acreage/NN in/IN ,/, a/DT ,/, Eastland/NNP ,/, Texas/NNP ,/, which/WDT is/VBZ in/IN West/JJ Texas/NNP ,/,",,
sw08utt/sw_0815_2354.utt,2/sw2354,2354,169,%,A,85,4,owns -- -/,owns/VBZ --/:,,
sw08utt/sw_0815_2354.utt,2/sw2354,2354,170,b,B,86,1,Uh-huh. /,Uh-huh/UH ./.,,
sw08utt/sw_0815_2354.utt,2/sw2354,2354,171,sd,A,87,1,"-- {C and } he owns a lot of acreage that's been farmed properly, {D you know } -- /","--/: and/CC he/PRP owns/VBZ a/DT lot/NN of/IN acreage/NN that/WDT 's/HVS been/VBN farmed/VBD properly/RB ,/, you/PRP know/VBP --/:",,
sw08utt/sw_0815_2354.utt,2/sw2354,2354,172,b,B,88,1,Yes. /,Yes/UH ./.,,
sw08utt/sw_0815_2354.utt,2/sw2354,2354,173,sd,A,89,1,"-- {C and, } {F uh, } we get black-eyed peas off of it and stuff  /","--/: and/CC ,/, uh/UH ,/, we/PRP get/VBP black-eyed/JJ peas/NNS off/RP of/IN it/PRP and/CC stuff/NN",,
sw08utt/sw_0815_2354.utt,2/sw2354,2354,174,sv,A,89,2,"{C but, } I know that, {D you know, } the further we go from Adam the worse the food is for you,  /","but/CC ,/, I/PRP know/VBP that/IN ,/, you/PRP know/VBP ,/, the/DT further/JJ we/PRP go/VBP from/IN Adam/NNP the/DT worse/JJR the/DT food/NN is/VBZ for/IN you/PRP ,/,",,
sw08utt/sw_0815_2354.utt,2/sw2354,2354,175,sv,A,89,3,{C but } God still somehow makes us all be able to still live.  /,but/CC God/NNP still/RB somehow/RB makes/VBZ us/PRP all/DT be/VB able/JJ to/TO still/RB live/VB ./.,,
sw08utt/sw_0815_2354.utt,2/sw2354,2354,176,sv,A,89,4,"I think it's a miracle we're all still alive after so many generations,  /","I/PRP think/VBP it/PRP 's/BES a/DT miracle/NN we/PRP 're/VBP all/DT still/RB alive/JJ after/IN so/RB many/JJ generations/NNS ,/,",,
sw08utt/sw_0815_2354.utt,2/sw2354,2354,177,sd,A,89,5,"{D well } the last couple of processed foods, - /","well/UH the/DT last/JJ couple/NN of/IN processed/VBN foods/NNS ,/,",,
sw08utt/sw_0815_2354.utt,2/sw2354,2354,178,h,A,89,6,"{D you know, } {E I mean, } {C but, } <lipsmack> I don't know.  /","you/PRP know/VBP ,/, I/PRP mean/VBP ,/, but/CC ,/, I/PRP do/VBP n't/RB know/VB ./.",,
sw08utt/sw_0815_2354.utt,2/sw2354,2354,179,sd,A,89,7,"[ I like  to, + I like to, ] - /","I/PRP like/VBP to/TO ,/, I/PRP like/VBP to/TO ,/,",,
sw08utt/sw_0815_2354.utt,2/sw2354,2354,180,%,A,89,8,"my, - /","my/PRP$ ,/,",,
sw08utt/sw_0815_2354.utt,2/sw2354,2354,181,sd,A,89,9,"I like to be able to eat really healthy,  /","I/PRP like/VBP to/TO be/VB able/JJ to/TO eat/VB really/RB healthy/JJ ,/,",,
sw08utt/sw_0815_2354.utt,2/sw2354,2354,182,o@,A,89,10,"{D you know, } {C and } ((   )) ,","you/PRP know/VBP ,/, and/CC MUMBLEx/XX ,/,",,
sw08utt/sw_0815_2354.utt,2/sw2354,2354,183,b,B,90,1,Uh-huh. /,Uh-huh/UH ./.,,
sw08utt/sw_0815_2354.utt,2/sw2354,2354,184,+@,A,91,1,"I guess I'm going to have to wait for the millennium, I think though because  I [ do, + don't ] think we're going to restore the earth to, - /","I/PRP guess/VBP I/PRP 'm/VBP going/VBG to/TO have/VB to/TO wait/VB for/IN the/DT millennium/NN ,/, I/PRP think/VBP though/IN because/IN I/PRP do/VBP ,/, do/VBP n't/RB think/VB we/PRP 're/VBP going/VBG to/TO restore/VB the/DT earth/NN to/IN ,/,",,
sw08utt/sw_0815_2354.utt,2/sw2354,2354,185,sv,A,91,2,"{D you know, } I think <laughter> Jesus is the only one that can make this earth be restored to what it should be, /","you/PRP know/VBP ,/, I/PRP think/VBP Jesus/NNP is/VBZ the/DT only/RB one/CD that/WDT can/MD make/VB this/DT earth/NN be/VB restored/VBN to/IN what/WP it/PRP should/MD be/VB ,/,",,
sw08utt/sw_0815_2354.utt,2/sw2354,2354,186,sd,A,91,3,"{C but, } {F uh, } in the meantime we pray over our food because I'm always looking down my plate  /","but/CC ,/, uh/UH ,/, in/IN the/DT meantime/NN we/PRP pray/VBP over/IN our/PRP$ food/NN because/IN I/PRP 'm/VBP always/RB looking/VBG down/RB my/PRP$ plate/NN",,
sw08utt/sw_0815_2354.utt,2/sw2354,2354,187,sd,A,91,4,"{C and } I think {D man } this  ((   ))  stuff was probably grown in who knows what, {D you know, } kind of environment /","and/CC I/PRP think/VBP man/UH this/DT MUMBLEx/XX stuff/NN was/VBD probably/RB grown/VBN in/IN who/WP knows/VBZ what/WP ,/, you/PRP know/VBP ,/, kind/NN of/IN environment/NN",,
sw08utt/sw_0815_2354.utt,2/sw2354,2354,188,sd,A,91,5,{C but } I do take some vitamins on the side  /,but/CC I/PRP do/VBP take/VB some/DT vitamins/NNS on/IN the/DT side/NN,,
sw08utt/sw_0815_2354.utt,2/sw2354,2354,189,sd,A,91,6,"{C and, } I do like reading books like that [ I just, + I ] have a hard time, a lot of the books are real new age oriented like Mother Earth  /","and/CC ,/, I/PRP do/VBP like/VB reading/NN books/NNS like/IN that/DT I/PRP just/RB ,/, I/PRP have/VBP a/DT hard/JJ time/NN ,/, a/DT lot/NN of/IN the/DT books/NNS are/VBP real/RB new/JJ age/NN oriented/JJ like/IN Mother/NNP Earth/NNP",,
sw08utt/sw_0815_2354.utt,2/sw2354,2354,190,sd,A,91,7,{C and } we're going to restore the earth.  /,and/CC we/PRP 're/VBP going/VBG to/TO restore/VB the/DT earth/NN ./.,,
sw08utt/sw_0815_2354.utt,2/sw2354,2354,191,sd,A,91,8,I just don't see that.  /,I/PRP just/RB do/VBP n't/RB see/VB that/DT ./.,,
sw08utt/sw_0815_2354.utt,2/sw2354,2354,192,sv,A,91,9,"[ I think, + {E I mean, } I think ] to think that is almost, - /","I/PRP think/VBP ,/, I/PRP mean/VBP ,/, I/PRP think/VBP to/TO think/VB that/DT is/VBZ almost/RB ,/,",,
sw08utt/sw_0815_2354.utt,2/sw2354,2354,193,sv,A,91,10,"it's hopeless to think that man can do anything with the, - /","it/PRP 's/BES hopeless/JJ to/TO think/VB that/DT man/NN can/MD do/VB anything/NN with/IN the/DT ,/,",,
sw08utt/sw_0815_2354.utt,2/sw2354,2354,194,qy,A,91,11,you know what I'm saying? /,you/PRP know/VBP what/WP I/PRP 'm/VBP saying/VBG ?/.,,
sw08utt/sw_0815_2354.utt,2/sw2354,2354,195,ny,B,92,1,Yes. /,Yes/UH ./.,,
sw08utt/sw_0815_2354.utt,2/sw2354,2354,196,%,A,93,1,It's  ((   )) - /,It/PRP 's/BES MUMBLEx/XX,,
sw08utt/sw_0815_2354.utt,2/sw2354,2354,197,sv,A,93,2,{C and } I think God's in charge  /,and/CC I/PRP think/VBP God/NNP 's/BES in/IN charge/NN,,
sw08utt/sw_0815_2354.utt,2/sw2354,2354,198,sv,A,93,3,{C and } God's going to restore it when he wants to /,and/CC God/NNP 's/BES going/VBG to/TO restore/VB it/PRP when/WRB he/PRP wants/VBZ to/TO,,
sw08utt/sw_0815_2354.utt,2/sw2354,2354,199,sd,A,93,4,"{C so } sometimes I get bogged down [ in the, + <breathing> {D you know, } in the ] ideology that motivates a lot of health food and motivates a lot of vitamin taking,  /","so/RB sometimes/RB I/PRP get/VBP bogged/VBD down/RP in/IN the/DT ,/, you/PRP know/VBP ,/, in/IN the/DT ideology/NN that/WDT motivates/VBZ a/DT lot/NN of/IN health/NN food/NN and/CC motivates/VBZ a/DT lot/NN of/IN vitamin/NN taking/VBG ,/,",,
sw08utt/sw_0815_2354.utt,2/sw2354,2354,200,sd,A,93,5,"{C but, } {D you know } there's a balance in it sometimes I read stuff like that  /","but/CC ,/, you/PRP know/VBP there/EX 's/BES a/DT balance/NN in/IN it/PRP sometimes/RB I/PRP read/VBP stuff/NN like/IN that/DT",,
sw08utt/sw_0815_2354.utt,2/sw2354,2354,201,sd,A,93,6,"{C and then } I just chunk off like water off your back, some of it,  /","and/CC then/RB I/PRP just/RB chunk/VBP off/RP like/IN water/NN off/RP your/PRP$ back/RB ,/, some/DT of/IN it/PRP ,/,",,
sw08utt/sw_0815_2354.utt,2/sw2354,2354,202,sd,A,93,7,"[ {C and, } + {D you know, } {C and } ] try and do [ what's, +  what ] I can do out of it that's practical, /","and/CC ,/, you/PRP know/VBP ,/, and/CC try/VB and/CC do/VB what/WP 's/BES ,/, what/WP I/PRP can/MD do/VB out/RP of/IN it/PRP that/DT 's/BES practical/JJ ,/,",,
sw08utt/sw_0815_2354.utt,2/sw2354,2354,203,b,B,94,1,"Yeah, /","Yeah/UH ,/,",,
sw08utt/sw_0815_2354.utt,2/sw2354,2354,204,o@,A,95,1,"{C but, }","but/CC ,/,",,
sw08utt/sw_0815_2354.utt,2/sw2354,2354,205,%,B,96,1,"there's, -/","there/EX 's/BES ,/,",,
sw08utt/sw_0815_2354.utt,2/sw2354,2354,206,+@,A,97,1,"anyway, {F uh, } /","anyway/UH ,/, uh/UH ,/,",,
sw08utt/sw_0815_2354.utt,2/sw2354,2354,207,sd,B,98,1,"[ I've, + I've ] read a lot of things, {F um, } since I got involved in the water business back in eighty-three, /","I/PRP 've/VBP ,/, I/PRP 've/VBP read/VBN a/DT lot/NN of/IN things/NNS ,/, um/UH ,/, since/IN I/PRP got/VBD involved/VBN in/IN the/DT water/NN business/NN back/RB in/IN eighty-three/CD ,/,",,
sw08utt/sw_0815_2354.utt,2/sw2354,2354,208,b,A,99,1,Uh-huh  /,Uh-huh/UH,,
sw08utt/sw_0815_2354.utt,2/sw2354.pos,2354,209,x,A,99,2,</noise>.,./.
sw08utt/sw_0815_2354.utt,2/sw2354,2354,210,sd,B,100,1,"{F um, } {C and } it's amazing that [ the, + the ] legislation they have, {F um, } for food that doesn't apply to water, /","um/UH ,/, and/CC it/PRP 's/BES amazing/JJ that/IN the/DT ,/, the/DT legislation/NN they/PRP have/VBP ,/, um/UH ,/, for/IN food/NN that/WDT does/VBZ n't/RB apply/VB to/TO water/VB ,/,",,
sw08utt/sw_0815_2354.utt,2/sw2354,2354,211,sv,B,100,2,they don't consider water a food -- /,they/PRP do/VBP n't/RB consider/VB water/NN a/DT food/NN --/:,,
sw08utt/sw_0815_2354.utt,2/sw2354,2354,212,b,A,101,1,Uh-huh. /,Uh-huh/UH ./.,,
sw08utt/sw_0815_2354.utt,2/sw2354,2354,213,sv,B,102,1,"-- {C and, } {F uh, } the basics premise is that if water was a food [ it would be, + ] {D you know, } they wouldn't be able to sell it to you through your pipes because it's toxic <noise>.  {F Um, } chlorine, /","--/: and/CC ,/, uh/UH ,/, the/DT basics/NNS premise/NN is/VBZ that/IN if/IN water/NN was/VBD a/DT food/NN it/PRP would/MD be/VB ,/, you/PRP know/VBP ,/, they/PRP would/MD n't/RB be/VB able/JJ to/TO sell/VB it/PRP to/IN you/PRP through/IN your/PRP$ pipes/NNS because/IN it/PRP 's/BES toxic/JJ ./. Um/UH ,/, chlorine/NN ,/,",,
sw08utt/sw_0815_2354.utt,2/sw2354,2354,214,br^m,A,103,1,Because it's what? /,Because/IN it/PRP 's/BES what/WP ?/.,,
sw08utt/sw_0815_2354.utt,2/sw2354,2354,215,sv^r,B,104,1,It's toxic.  /,It/PRP 's/BES toxic/JJ ./.,,
sw08utt/sw_0815_2354.utt,2/sw2354,2354,216,%,B,104,2,"It's a, -/","It/PRP 's/BES a/DT ,/,",,
sw08utt/sw_0815_2354.utt,2/sw2354,2354,217,b,A,105,1,Oh. /,Oh/UH ./.,,
sw08utt/sw_0815_2354.utt,2/sw2354,2354,218,qy^d,B,106,1,"I don't know if your on city water,  /","I/PRP do/VBP n't/RB know/VB if/IN your/PRP$ on/IN city/NN water/NN ,/,",,
sw08utt/sw_0815_2354.utt,2/sw2354,2354,219,sd,B,106,2,"city water has chlorine in it,  /","city/NN water/NN has/VBZ chlorine/NN in/IN it/PRP ,/,",,
sw08utt/sw_0815_2354.utt,2/sw2354,2354,220,sv,B,106,3,"chlorine,","chlorine/NN ,/,",,
sw08utt/sw_0815_2354.utt,2/sw2354,2354,221,b,A,107,1,Uh-huh. /,Uh-huh/UH ./.,,
sw08utt/sw_0815_2354.utt,2/sw2354,2354,222,+,B,108,1,"causes cancer, /","causes/VBZ cancer/NN ,/,",,
sw08utt/sw_0815_2354.utt,2/sw2354,2354,223,b,A,109,1,Uh-huh. /,Uh-huh/UH ./.,,
sw08utt/sw_0815_2354.utt,2/sw2354,2354,224,sv,B,110,1,"they know that,  /","they/PRP know/VBP that/DT ,/,",,
sw08utt/sw_0815_2354.utt,2/sw2354,2354,225,sv,B,110,2,they've proven that.  /,they/PRP 've/VBP proven/VBN that/DT ./.,,
sw08utt/sw_0815_2354.utt,2/sw2354,2354,226,sv(^q),B,110,3,"{F Um, } yet their saying {D well } we're putting such low doses in there, that, {D well, }","Um/UH ,/, yet/RB their/PRP$ saying/VBG well/UH we/PRP 're/VBP putting/VBG such/JJ low/JJ doses/NNS in/IN there/RB ,/, that/IN ,/, well/UH ,/,",,
sw08utt/sw_0815_2354.utt,2/sw2354,2354,227,b,A,111,1,Uh-huh  /,Uh-huh/UH,,
sw08utt/sw_0815_2354.utt,2/sw2354.pos,2354,228,x,A,111,2,<breathing> <<heavily>>.,./.
sw08utt/sw_0815_2354.utt,2/sw2354,2354,229,+,B,112,1,you don't have to worry about dying from it.  /,you/PRP do/VBP n't/RB have/VB to/TO worry/VB about/IN dying/VBG from/IN it/PRP ./.,,
sw08utt/sw_0815_2354.utt,2/sw2354,2354,230,sv,B,112,2,"The problem is [ that I've, + that I've ] read books that,","The/DT problem/NN is/VBZ that/IN I/PRP 've/VBP ,/, that/IN I/PRP 've/VBP read/VBN books/NNS that/WDT ,/,",,
sw08utt/sw_0815_2354.utt,2/sw2354,2354,231,b,A,113,1,Uh-huh  /,Uh-huh/UH,,
sw08utt/sw_0815_2354.utt,2/sw2354.pos,2354,232,x,A,113,2,<noise>.,./.
sw08utt/sw_0815_2354.utt,2/sw2354,2354,233,+,B,114,1,"{F uh, } have proven that <noise> there is a link between the ingestation of chlorine and arteriosclerosis, which is heart attack, /","uh/UH ,/, have/VBP proven/VBN that/IN there/EX is/VBZ a/DT link/NN between/IN the/DT ingestation/NN of/IN chlorine/NN and/CC arteriosclerosis/NN ,/, which/WDT is/VBZ heart/NN attack/NN ,/,",,
sw08utt/sw_0815_2354.utt,2/sw2354,2354,234,b,A,115,1,{F Um. } /,Um/UH ./.,,
sw08utt/sw_0815_2354.utt,2/sw2354,2354,235,sv*,B,116,1,"{C and } if you look at the history of hear attacks, heart attacks were nonexistent prior to nineteen twenty, /   *[[typo hear -> heart]]","and/CC if/IN you/PRP look/VBP at/IN the/DT history/NN of/IN hear/VB attacks/NNS ,/, heart/NN attacks/NNS  were/VBD nonexistent/JJ prior/IN to/IN nineteen/CD twenty/CD ,/,",,
sw08utt/sw_0815_2354.utt,2/sw2354,2354,236,bh,A,117,1,Really? /,Really/UH ?/.,,
sw08utt/sw_0815_2354.utt,2/sw2354,2354,237,sd,B,118,1,"{C and } we started doing, {F um, } large quantities of chlorination of water starting around, {F uh, } where we experimented with it in nineteen oh three and nineteen thirteen </noise> most of the major cities had chlorinated water./","and/CC we/PRP started/VBD doing/VBG ,/, um/UH ,/, large/JJ quantities/NNS of/IN chlorination/NN of/IN water/NN starting/VBG around/IN ,/, uh/UH ,/, where/WRB we/PRP experimented/VBD with/IN it/PRP in/IN nineteen/CD oh/UH three/CD and/CC nineteen/CD thirteen/CD most/RBS of/IN the/DT major/JJ cities/NNS had/VBD chlorinated/JJ water/NN ./.",,
sw08utt/sw_0815_2354.utt,2/sw2354,2354,238,bh,A,119,1,Really?  /,Really/UH ?/.,,
sw08utt/sw_0815_2354.utt,2/sw2354,2354,239,sv,A,119,2,"{D You know } I bet that's why we have some friends that eat only, - /","You/PRP know/VBP I/PRP bet/VBP that/DT 's/BES why/WRB we/PRP have/VBP some/DT friends/NNS that/WDT eat/VBP only/RB ,/,",,
sw08utt/sw_0815_2354.utt,2/sw2354,2354,240,sd,A,119,3,"I just took this Amish bread out of the oven,  /","I/PRP just/RB took/VBD this/DT Amish/NNP bread/NN out/IN of/IN the/DT oven/NN ,/,",,
sw08utt/sw_0815_2354.utt,2/sw2354,2354,241,sd,A,119,4,"{D man, } it's going to be good.  /","man/UH ,/, it/PRP 's/BES going/VBG to/TO be/VB good/JJ ./.",,
sw08utt/sw_0815_2354.utt,2/sw2354,2354,242,sd,A,119,5,"I had a starter that friend of mine made,  /","I/PRP had/VBD a/DT starter/NN that/DT friend/NN of/IN mine/PRP made/VBD ,/,",,
sw08utt/sw_0815_2354.utt,2/sw2354,2354,243,sd,A,119,6,"{D anyway, } {F uh, } I had a friend that read a book on that  /","anyway/UH ,/, uh/UH ,/, I/PRP had/VBD a/DT friend/NN that/WDT read/VBD a/DT book/NN on/IN that/DT",,
sw08utt/sw_0815_2354.utt,2/sw2354,2354,244,%,A,119,7,"{C and, } {F um, } I've, - /","and/CC ,/, um/UH ,/, I/PRP 've/VBP ,/,",,
sw08utt/sw_0815_2354.utt,2/sw2354,2354,245,sd,A,119,8,"all my relatives my m-, - /","all/DT my/PRP$ relatives/NNS my/PRP$ m-/XX ,/,",,
sw08utt/sw_0815_2354.utt,2/sw2354,2354,246,qy^d,A,119,9,"{D you know, } you probably read BACK TO EDEN or something,  /","you/PRP know/VBP ,/, you/PRP probably/RB read/VBP BACK/RB TO/IN EDEN/NNP or/CC something/NN ,/,",,
sw08utt/sw_0815_2354.utt,2/sw2354,2354,247,h,A,119,10,"I don't know,  /","I/PRP do/VBP n't/RB know/VB ,/,",,
sw08utt/sw_0815_2354.utt,2/sw2354,2354,248,sd,A,119,11,"((   ))  we read a lot,  /","MUMBLEx/XX we/PRP read/VBP a/DT lot/NN ,/,",,
sw08utt/sw_0815_2354.utt,2/sw2354,2354,249,sd,A,119,12,I know people have read all those books  /,I/PRP know/VBP people/NNS have/VBP read/VBN all/PDT those/DT books/NNS,,
sw08utt/sw_0815_2354.utt,2/sw2354,2354,250,%,A,119,13,"{C but, } the, {F um, } - /","but/CC ,/, the/DT ,/, um/UH ,/,",,
sw08utt/sw_0815_2354.utt,2/sw2354,2354,251,sd,A,119,14,"[ they dr-, + they drilled ] a well, I don't know how many feet  /","they/PRP dr-/XX ,/, they/PRP drilled/VBD a/DT well/NN ,/, I/PRP do/VBP n't/RB know/VB how/WRB many/JJ feet/NNS",,
sw08utt/sw_0815_2354.utt,2/sw2354,2354,252,sd,A,119,15,"{C but } it's three or four times deeper than it needed to be, /","but/CC it/PRP 's/BES three/CD or/CC four/CD times/NNS deeper/JJR than/IN it/PRP needed/VBD to/TO be/VB ,/,",,
sw08utt/sw_0815_2354.utt,2/sw2354,2354,253,b,B,120,1,Uh-huh. /,Uh-huh/UH ./.,,
sw08utt/sw_0815_2354.utt,2/sw2354,2354,254,sd,A,121,1,"{C and so } their water comes out, - /","and/CC so/RB their/PRP$ water/NN comes/VBZ out/RB ,/,",,
sw08utt/sw_0815_2354.utt,2/sw2354,2354,255,sd,A,121,2,"they live in Grand Prairie,  /","they/PRP live/VBP in/IN Grand/NNP Prairie/NNP ,/,",,
sw08utt/sw_0815_2354.utt,2/sw2354,2354,256,%,A,121,3,"{C but } it's, - /","but/CC it/PRP 's/BES ,/,",,
sw08utt/sw_0815_2354.utt,2/sw2354,2354,257,sd,A,121,4,"they live kind of in [ a, + the ] planes go right over from D F W,  /","they/PRP live/VBP kind/RB of/RB in/IN a/DT ,/, the/DT planes/NNS go/VBP right/RB over/IN from/IN D/NNP F/NNP W/NNP ,/,",,
sw08utt/sw_0815_2354.utt,2/sw2354,2354,258,sd,A,121,5,"{C so } it's not real developed,  /","so/RB it/PRP 's/BES not/RB real/RB developed/JJ ,/,",,
sw08utt/sw_0815_2354.utt,2/sw2354,2354,259,sd,A,121,6,"{C and so } they have [ a, + ]","and/CC so/RB they/PRP have/VBP a/DT ,/,",,
sw08utt/sw_0815_2354.utt,2/sw2354,2354,260,b,B,122,1,"Yeah,  /","Yeah/UH ,/,",,
sw08utt/sw_0815_2354.utt,2/sw2354,2354,261,sd,B,122,2,I'm very familiar with the area. /,I/PRP 'm/VBP very/RB familiar/JJ with/IN the/DT area/NN ./.,,
sw08utt/sw_0815_2354.utt,2/sw2354,2354,262,+,A,123,1,"probably half an acre,  /","probably/RB half/PDT an/DT acre/NN ,/,",,
sw08utt/sw_0815_2354.utt,2/sw2354,2354,263,%,A,123,2,"{C and, } yeah,  /","and/CC ,/, yeah/UH ,/,",,
sw08utt/sw_0815_2354.utt,2/sw2354,2354,264,sd,A,123,3,{C and } they drilled this well  /,and/CC they/PRP drilled/VBD this/DT well/UH,,
sw08utt/sw_0815_2354.utt,2/sw2354,2354,265,sd,A,123,4,"{C and } the water comes out at thirty-two degrees, /","and/CC the/DT water/NN comes/VBZ out/RB at/IN thirty-two/CD degrees/NNS ,/,",,
sw08utt/sw_0815_2354.utt,2/sw2354,2354,266,sd,A,123,5,{C so } <laughter> it's kinds of neat.  /,so/IN it/PRP 's/BES kinds/RB of/RB neat/JJ ./.,,
sw08utt/sw_0815_2354.utt,2/sw2354,2354,267,qy,A,123,6,"Would that be healthier [ do, + to do ] that, to drill your own fresh water well like that? /","Would/MD that/DT be/VB healthier/JJR do/VBP ,/, to/TO do/VB that/IN ,/, to/TO drill/VB your/PRP$ own/JJ fresh/JJ water/NN well/NN like/IN that/DT ?/.",,
sw08utt/sw_0815_2354.utt,2/sw2354,2354,268,^h,B,124,1,"It depends, [ a lot of, + {F uh, } a lot of ] things were thought <breathing> that, {F uh, } as, - /","It/PRP depends/VBZ ,/, a/DT lot/NN of/IN ,/, uh/UH ,/, a/DT lot/NN of/IN things/NNS were/VBD thought/VBN that/IN ,/, uh/UH ,/, as/IN ,/,",,
sw08utt/sw_0815_2354.utt,2/sw2354,2354,269,sv(^q),B,124,2,"{D you know, } the farmers thought, {D okay, } we got chemicals, we're putting chemicals on the field,  /","you/PRP know/VBP ,/, the/DT farmers/NNS thought/VBD ,/, okay/UH ,/, we/PRP got/VBD chemicals/NNS ,/, we/PRP 're/VBP putting/VBG chemicals/NNS on/IN the/DT field/NN ,/,",,
sw08utt/sw_0815_2354.utt,2/sw2354,2354,270,^q,B,124,3,{D well } the ground will naturally filter out the <<End of document>> ... -/,well/UH the/DT ground/NN will/MD naturally/RB filter/VB out/RP the/IN .../:,,
