swda_filename,ptb_basename,conversation_no,transcript_index,act_tag,caller,utterance_index,subutterance_index,text,pos,trees,ptb_treenumbers
sw08utt/sw_0823_2827.utt,2/sw2827,2827,0,qy,A,1,1,"Okay, {F um, } do you like to cook? /","Okay/UH ,/, um/UH ,/, do/VBP you/PRP like/VB to/TO cook/VB ?/.",,
sw08utt/sw_0823_2827.utt,2/sw2827,2827,1,na,B,2,1,"{D Well, } I love to cook as a matter of fact I'm making dinner right now <laughter>. /","Well/UH ,/, I/PRP love/VBP to/TO cook/VB as/IN a/DT matter/NN of/IN fact/NN I/PRP 'm/VBP making/VBG dinner/NN right/RB now/RB ./.",,
sw08utt/sw_0823_2827.utt,2/sw2827,2827,2,b,A,3,1,"{F Oh, } really,  /","Oh/UH ,/, really/UH ,/,",,
sw08utt/sw_0823_2827.utt,2/sw2827,2827,3,qw,A,3,2,what are you making? /,what/WP are/VBP you/PRP making/VBG ?/.,,
sw08utt/sw_0823_2827.utt,2/sw2827,2827,4,sd,B,4,1,"{F Um, } [ I, + {F um, } I'm ] making, some, {F uh, } - /","Um/UH ,/, I/PRP ,/, um/UH ,/, I/PRP 'm/VBP making/VBG ,/, some/DT ,/, uh/UH ,/,",,
sw08utt/sw_0823_2827.utt,2/sw2827,2827,5,sd,B,4,2,"I have a little turkey left from a passover [ [ whi-, + whi-, ] + which ] was in April. /","I/PRP have/VBP a/DT little/JJ turkey/NN left/VBN from/IN a/DT passover/NN whi-/XX ,/, whi-/XX ,/, which/WDT was/VBD in/IN April/NNP ./.",,
sw08utt/sw_0823_2827.utt,2/sw2827,2827,6,b,A,5,1,Uh-huh. /,Uh-huh/UH ./.,,
sw08utt/sw_0823_2827.utt,2/sw2827,2827,7,sd,B,6,1,{C And } I had frozen it  /,And/CC I/PRP had/VBD frozen/VBN it/PRP,,
sw08utt/sw_0823_2827.utt,2/sw2827,2827,8,sd,B,6,2,"{C and } I'm defrosting that and making some dressing and  gravy and making corn and wheat  ((   ))  stuff that you can buy at a store, which is like, {F uh, } rice pilaf, /","and/CC I/PRP 'm/VBP defrosting/VBG that/DT and/CC making/VBG some/DT dressing/NN and/CC gravy/NN and/CC making/VBG corn/NN and/CC wheat/NN MUMBLEx/XX stuff/NN that/WDT you/PRP can/MD buy/VB at/IN a/DT store/NN ,/, which/WDT is/VBZ like/IN ,/, uh/UH ,/, rice/NN pilaf/NN ,/,",,
sw08utt/sw_0823_2827.utt,2/sw2827,2827,9,b,A,7,1,# Uh-huh. # /,Uh-huh/UH ./.,,
sw08utt/sw_0823_2827.utt,2/sw2827,2827,10,%,B,8,1,# {C but } # we - /,but/CC we/PRP,,
sw08utt/sw_0823_2827.utt,2/sw2827,2827,11,sd,B,8,2,"[ [ with, + with, ] + with ] wheat kernel that, -/","with/IN ,/, with/IN ,/, with/IN wheat/NN kernel/NN that/WDT ,/,",,
sw08utt/sw_0823_2827.utt,2/sw2827,2827,12,qy,A,9,1,"{C And } do you cook,  /","And/CC do/VBP you/PRP cook/VB ,/,",,
sw08utt/sw_0823_2827.utt,2/sw2827,2827,13,qy,A,9,2,{E I mean } are you single do you cook every night for yourself? /,I/PRP mean/VBP are/VBP you/PRP single/JJ do/VBP you/PRP cook/VB every/DT night/NN for/IN yourself/PRP ?/.,,
sw08utt/sw_0823_2827.utt,2/sw2827,2827,14,nn,B,10,1,"No,  /","No/UH ,/,",,
sw08utt/sw_0823_2827.utt,2/sw2827,2827,15,sd^e,B,10,2,"{F um, } I'm married  /","um/UH ,/, I/PRP 'm/VBP married/JJ",,
sw08utt/sw_0823_2827.utt,2/sw2827,2827,16,%,B,10,3,"{C and } {D actually } the, - /","and/CC actually/UH the/DT ,/,",,
sw08utt/sw_0823_2827.utt,2/sw2827,2827,17,sd,B,10,4,"my wife is a vegetarian, /","my/PRP$ wife/NN is/VBZ a/DT vegetarian/NN ,/,",,
sw08utt/sw_0823_2827.utt,2/sw2827,2827,18,b,A,11,1,# Uh-huh. # /,Uh-huh/UH ./.,,
sw08utt/sw_0823_2827.utt,2/sw2827,2827,19,sd,B,12,1,"# {C so } # this isn't for her,  /","so/RB this/DT is/VBZ n't/RB for/IN her/PRP$ ,/,",,
sw08utt/sw_0823_2827.utt,2/sw2827,2827,20,sd,B,12,2,this is for our friends that came over and  [ helped. +,this/DT is/VBZ for/IN our/PRP$ friends/NNS that/WDT came/VBD over/RB and/CC helped/VBD ./.,,
sw08utt/sw_0823_2827.utt,2/sw2827,2827,21,b,A,13,1,Uh-huh. /,Uh-huh/UH ./.,,
sw08utt/sw_0823_2827.utt,2/sw2827,2827,22,+,B,14,1,helped ] me do some stuff  /,helped/VBD me/PRP do/VBP some/DT stuff/NN,,
sw08utt/sw_0823_2827.utt,2/sw2827,2827,23,%,B,14,2,"{C so, } -/","so/RB ,/,",,
sw08utt/sw_0823_2827.utt,2/sw2827,2827,24,b,A,15,1,# Uh-huh. # /,Uh-huh/UH ./.,,
sw08utt/sw_0823_2827.utt,2/sw2827,2827,25,sd^r,B,16,1,"# stuff # {D so, } -/","stuff/NN so/RB ,/,",,
sw08utt/sw_0823_2827.utt,2/sw2827,2827,26,b,A,17,1,# Uh-huh. # /,Uh-huh/UH ./.,,
sw08utt/sw_0823_2827.utt,2/sw2827,2827,27,%,B,18,1,"# he # and I, - /","he/PRP and/CC I/PRP ,/,",,
sw08utt/sw_0823_2827.utt,2/sw2827,2827,28,sd,B,18,2,"[ {C and, } + {C and  } ] she's having, - /","and/CC ,/, and/CC she/PRP 's/BES having/VBG ,/,",,
sw08utt/sw_0823_2827.utt,2/sw2827,2827,29,sd,B,18,3,"[ I, + I ] do cook, {F um, } virtually, - /","I/PRP ,/, I/PRP do/VBP cook/VB ,/, um/UH ,/, virtually/UH ,/,",,
sw08utt/sw_0823_2827.utt,2/sw2827,2827,30,sd,B,18,4,"I cook most of the time because I, -/","I/PRP cook/VBP most/RBS of/IN the/DT time/NN because/IN I/PRP ,/,",,
sw08utt/sw_0823_2827.utt,2/sw2827,2827,31,b,A,19,1,"Uh-huh,  /","Uh-huh/UH ,/,",,
sw08utt/sw_0823_2827.utt,2/sw2827,2827,32,qy,A,19,2,"{D well } {D like } if you were having a dinner party what, would you cook a variety of things, {E I mean, } {D you know, } vegetarian and nonvegetarian? /","well/UH like/UH if/IN you/PRP were/VBD having/VBG a/DT dinner/NN party/NN what/WP ,/, would/MD you/PRP cook/VB a/DT variety/NN of/IN things/NNS ,/, I/PRP mean/VBP ,/, you/PRP know/VBP ,/, vegetarian/JJ and/CC nonvegetarian/JJ ?/.",,
sw08utt/sw_0823_2827.utt,2/sw2827,2827,33,ny,B,20,1,"Yeah,  /","Yeah/UH ,/,",,
sw08utt/sw_0823_2827.utt,2/sw2827,2827,34,sd^e,B,20,2,"[ we, + we, ] consistently, - /","we/PRP ,/, we/PRP ,/, consistently/RB ,/,",,
sw08utt/sw_0823_2827.utt,2/sw2827,2827,35,%,B,20,3,"if we cook, - /","if/IN we/PRP cook/VBP ,/,",,
sw08utt/sw_0823_2827.utt,2/sw2827,2827,36,sd,B,20,4,"[ if, + if ] we have a dinner party we usually make it vegetarian just to make life easier. /","if/IN ,/, if/IN we/PRP have/VBP a/DT dinner/NN party/NN we/PRP usually/RB make/VBP it/PRP vegetarian/JJ just/RB to/TO make/VB life/NN easier/JJR ./.",,
sw08utt/sw_0823_2827.utt,2/sw2827,2827,37,b,A,21,1,Uh-huh. /,Uh-huh/UH ./.,,
sw08utt/sw_0823_2827.utt,2/sw2827,2827,38,sd,B,22,1,"{C So } we'll make [ something, + ] {D you know, } {F uh, } some sort of pasta or something,","So/RB we/PRP 'll/MD make/VB something/NN ,/, you/PRP know/VBP ,/, uh/UH ,/, some/DT sort/NN of/IN pasta/NN or/CC something/NN ,/,",,
sw08utt/sw_0823_2827.utt,2/sw2827,2827,39,b,A,23,1,# Uh-huh. # /,Uh-huh/UH ./.,,
sw08utt/sw_0823_2827.utt,2/sw2827,2827,40,+,B,24,1,"# {D you # know, } homemade pasta or lasagna or something. /","you/PRP know/VBP ,/, homemade/JJ pasta/NN or/CC lasagna/NN or/CC something/NN ./.",,
sw08utt/sw_0823_2827.utt,2/sw2827,2827,41,b,A,25,1,"Yeah,  /","Yeah/UH ,/,",,
sw08utt/sw_0823_2827.utt,2/sw2827,2827,42,sd,A,25,2,"that's something that's, {D you know, } really easy. /","that/DT 's/BES something/NN that/WDT 's/BES ,/, you/PRP know/VBP ,/, really/RB easy/JJ ./.",,
sw08utt/sw_0823_2827.utt,2/sw2827,2827,43,sd,A,25,3,In fact I'm having a dinner <laughter>  party next Saturday  /,In/IN fact/NN I/PRP 'm/VBP having/VBG a/DT dinner/NN party/NN next/JJ Saturday/NNP,,
sw08utt/sw_0823_2827.utt,2/sw2827,2827,44,sd,A,25,4,{C and } that is what I'm having is pasta. /,and/CC that/DT is/VBZ what/WP I/PRP 'm/VBP having/VBG is/VBZ pasta/NN ./.,,
sw08utt/sw_0823_2827.utt,2/sw2827,2827,45,ba,B,26,1,"{F Oh, } good idea. /","Oh/UH ,/, good/JJ idea/NN ./.",,
sw08utt/sw_0823_2827.utt,2/sw2827,2827,46,sd,A,27,1,"{D Well } [ for, +","Well/UH for/IN ,/,",,
sw08utt/sw_0823_2827.utt,2/sw2827,2827,47,qw,B,28,1,"# What, # -/","What/WP ,/,",,
sw08utt/sw_0823_2827.utt,2/sw2827,2827,48,+,A,29,1,"# for ] # Christmas I got a, {F um, } pasta machine, /","for/IN Christmas/NNP I/PRP got/VBD a/DT ,/, um/UH ,/, pasta/NN machine/NN ,/,",,
sw08utt/sw_0823_2827.utt,2/sw2827,2827,49,b,B,30,1,# {F Um. }  # /,Um/UH ./.,,
sw08utt/sw_0823_2827.utt,2/sw2827,2827,50,sd,A,31,1,"# {C and } # [ all, + all ] my friends are really anxious, {D you know, } to have the homemade noodles  /","and/CC all/DT ,/, all/DT my/PRP$ friends/NNS are/VBP really/RB anxious/JJ ,/, you/PRP know/VBP ,/, to/TO have/VB the/DT homemade/JJ noodles/NNS",,
sw08utt/sw_0823_2827.utt,2/sw2827,2827,51,%,A,31,2,"{C so, } {F um, } -/","so/RB ,/, um/UH ,/,",,
sw08utt/sw_0823_2827.utt,2/sw2827,2827,52,qr,B,32,1,"Electric or, {F uh, } -/","Electric/JJ or/CC ,/, uh/UH ,/,",,
sw08utt/sw_0823_2827.utt,2/sw2827,2827,53,nn,A,33,1,No  /,No/UH,,
sw08utt/sw_0823_2827.utt,2/sw2827,2827,54,sd^e,A,33,2,"it's the hand kind,","it/PRP 's/BES the/DT hand/NN kind/NN ,/,",,
sw08utt/sw_0823_2827.utt,2/sw2827,2827,55,sv,B,34,1,"# Best, #","Best/JJS ,/,",,
sw08utt/sw_0823_2827.utt,2/sw2827,2827,56,+,A,35,1,# old # fashion kind <laughter>. /,old/JJ fashion/NN kind/NN ./.,,
sw08utt/sw_0823_2827.utt,2/sw2827,2827,57,+,B,36,1,kind.  /,kind/NN ./.,,
sw08utt/sw_0823_2827.utt,2/sw2827,2827,58,%,B,36,2,"[ [ [ That, + that, ] +  that, ] + that's ] - /","That/WDT ,/, that/WDT ,/, that/WDT ,/, that/WDT 's/BES",,
sw08utt/sw_0823_2827.utt,2/sw2827,2827,59,sd,B,36,3,"[ we, + we ] bought one in Italy. /","we/PRP ,/, we/PRP bought/VBD one/CD in/IN Italy/NNP ./.",,
sw08utt/sw_0823_2827.utt,2/sw2827,2827,60,b,A,37,1,Uh-huh. /,Uh-huh/UH ./.,,
sw08utt/sw_0823_2827.utt,2/sw2827,2827,61,sv,B,38,1,That's the best kind to have. /,That/DT 's/BES the/DT best/JJS kind/NN to/TO have/VB ./.,,
sw08utt/sw_0823_2827.utt,2/sw2827,2827,62,b,A,39,1,"Yeah,  /","Yeah/UH ,/,",,
sw08utt/sw_0823_2827.utt,2/sw2827,2827,63,b^r,A,39,2,"yeah,  /","yeah/UH ,/,",,
sw08utt/sw_0823_2827.utt,2/sw2827,2827,64,sd@,A,39,3,"I {D like, } {D you know, } kind of still having in put that not everything's being done for me.","I/PRP like/VBP ,/, you/PRP know/VBP ,/, kind/RB of/RB still/RB having/VBG in/GW put/^NN that/IN not/RB everything/NN 's/BES being/VBG done/VBN for/IN me/PRP ./.",,
sw08utt/sw_0823_2827.utt,2/sw2827,2827,65,b,B,40,1,"Uh-huh, /","Uh-huh/UH ,/,",,
sw08utt/sw_0823_2827.utt,2/sw2827,2827,66,+@,A,41,1,# {D You know. }  # /,You/PRP know/VBP ./.,,
sw08utt/sw_0823_2827.utt,2/sw2827,2827,67,ba,B,42,1,# that's real # good. /,that/DT 's/BES real/JJ good/NN ./.,,
sw08utt/sw_0823_2827.utt,2/sw2827,2827,68,b,A,43,1,"{C But, } {F um, } yeah,  /","But/CC ,/, um/UH ,/, yeah/UH ,/,",,
sw08utt/sw_0823_2827.utt,2/sw2827,2827,69,sd,A,43,2,"{C so } that's what I'm going to be cooking, {D you know, } /","so/RB that/DT 's/BES what/WP I/PRP 'm/VBP going/VBG to/TO be/VB cooking/VBG ,/, you/PRP know/VBP ,/,",,
sw08utt/sw_0823_2827.utt,2/sw2827,2827,70,b,B,44,1,# {F Um. }  # /,Um/UH ./.,,
sw08utt/sw_0823_2827.utt,2/sw2827,2827,71,sd,A,45,1,# I # thought I would - /,I/PRP thought/VBD I/PRP would/MD,,
sw08utt/sw_0823_2827.utt,2/sw2827,2827,72,sd,A,45,2,"((   )) , {F um, } pasta salad first,  /","MUMBLEx/XX ,/, um/UH ,/, pasta/NN salad/NN first/JJ ,/,",,
sw08utt/sw_0823_2827.utt,2/sw2827,2827,73,sd,A,45,3,"{C and, {F um, } then } just something for desert, {D you know, } bread and wine and cheese stuff like that. /","and/CC ,/, um/UH ,/, then/RB just/RB something/NN for/IN desert/NN ,/, you/PRP know/VBP ,/, bread/NN and/CC wine/NN and/CC cheese/NN stuff/NN like/IN that/DT ./.",,
sw08utt/sw_0823_2827.utt,2/sw2827,2827,74,ba,B,46,1,That would be great.  /,That/DT would/MD be/VB great/JJ ./.,,
sw08utt/sw_0823_2827.utt,2/sw2827,2827,75,qy,B,46,2,Have you made pasta before? /,Have/VBP you/PRP made/VBD pasta/NN before/RB ?/.,,
sw08utt/sw_0823_2827.utt,2/sw2827,2827,76,ny,A,47,1,Uh-huh.  /,Uh-huh/UH ./.,,
sw08utt/sw_0823_2827.utt,2/sw2827,2827,77,ny,A,47,2,Yeah. /,Yeah/UH ./.,,
sw08utt/sw_0823_2827.utt,2/sw2827,2827,78,sv,B,48,1,"{F Um, } [ {C so } + {D you know, } {C so } ] {D you know } that it's [ a, + a ] lot of fun {D actually. } /","Um/UH ,/, so/RB you/PRP know/VBP ,/, so/RB you/PRP know/VBP that/IN it/PRP 's/BES a/DT ,/, a/DT lot/NN of/IN fun/NN actually/UH ./.",,
sw08utt/sw_0823_2827.utt,2/sw2827,2827,79,b,A,49,1,"Yeah,  /","Yeah/UH ,/,",,
sw08utt/sw_0823_2827.utt,2/sw2827,2827,80,b^r,A,49,2,yeah. /,yeah/UH ./.,,
sw08utt/sw_0823_2827.utt,2/sw2827,2827,81,%,B,50,1,"I, -/","I/PRP ,/,",,
sw08utt/sw_0823_2827.utt,2/sw2827,2827,82,sd,A,51,1,"A lot of people think though that I've talked to about it think that it's, {D you know } a lot of hard work  /","A/DT lot/NN of/IN people/NNS think/VBP though/IN that/DT I/PRP 've/VBP talked/VBN to/IN about/IN it/PRP think/VBP that/IN it/PRP 's/BES ,/, you/PRP know/VBP a/DT lot/NN of/IN hard/JJ work/NN",,
sw08utt/sw_0823_2827.utt,2/sw2827,2827,83,sd,A,51,2,{C and } I said {D heck } <laughter>  it's kind of easy. /,and/CC I/PRP said/VBD heck/UH it/PRP 's/BES kind/RB of/RB easy/JJ ./.,,
sw08utt/sw_0823_2827.utt,2/sw2827,2827,84,sv,B,52,1,"It actually is, [ [ if, + if, ] + if ] you have a food processor,  /","It/PRP actually/RB is/VBZ ,/, if/IN ,/, if/IN ,/, if/IN you/PRP have/VBP a/DT food/NN processor/NN ,/,",,
sw08utt/sw_0823_2827.utt,2/sw2827,2827,85,qy^d,B,52,2,I don't know if you have a food processor or not.  /,I/PRP do/VBP n't/RB know/VB if/IN you/PRP have/VBP a/DT food/NN processor/NN or/CC not/RB ./.,,
sw08utt/sw_0823_2827.utt,2/sw2827,2827,86,sd,B,52,3,"{D Actually, }","Actually/UH ,/,",,
sw08utt/sw_0823_2827.utt,2/sw2827,2827,87,ny,A,53,1,"# Yeah,  /","Yeah/UH ,/,",,
sw08utt/sw_0823_2827.utt,2/sw2827,2827,88,sd^e,A,53,2,I do.  # /,I/PRP do/VBP ./.,,
sw08utt/sw_0823_2827.utt,2/sw2827,2827,89,+,B,54,1,"# [ it, + it ] turns # out that [ [ [ i-, + i-, ] + if, ] + if ] you really want to be nice and  easy about it you can make the dough in the food processor really simply. /","it/PRP ,/, it/PRP turns/VBZ out/RP that/IN i-/XX ,/, i-/XX ,/, if/IN ,/, if/IN you/PRP really/RB want/VBP to/TO be/VB nice/JJ and/CC easy/JJ about/IN it/PRP you/PRP can/MD make/VB the/DT dough/NN in/IN the/DT food/NN processor/NN really/RB simply/RB ./.",,
sw08utt/sw_0823_2827.utt,2/sw2827,2827,90,b,A,55,1,Uh-huh. /,Uh-huh/UH ./.,,
sw08utt/sw_0823_2827.utt,2/sw2827,2827,91,sd@,B,56,1,"[ {C And then, } + {F um, } {C and  } ] with that it becomes really easy to make colorful pasta.","And/CC then/RB ,/, um/UH ,/, and/CC with/IN that/DT it/PRP becomes/VBZ really/RB easy/JJ to/TO make/VB colorful/JJ pasta/NN ./.",,
sw08utt/sw_0823_2827.utt,2/sw2827,2827,92,b,A,57,1,"Right,  /","Right/UH ,/,",,
sw08utt/sw_0823_2827.utt,2/sw2827,2827,93,b^r,A,57,2,right. /,right/UH ./.,,
sw08utt/sw_0823_2827.utt,2/sw2827,2827,94,+@,B,58,1,By throwing in some spinach or some tomato or something and mixing it up  /,By/IN throwing/VBG in/IN some/DT spinach/NN or/CC some/DT tomato/NN or/CC something/NN and/CC mixing/VBG it/PRP up/RP,,
sw08utt/sw_0823_2827.utt,2/sw2827,2827,95,o@,B,58,2,"[ it, + it's, ]","it/PRP ,/, it/PRP 's/BES ,/,",,
sw08utt/sw_0823_2827.utt,2/sw2827,2827,96,b,A,59,1,# Uh-huh. # /,Uh-huh/UH ./.,,
sw08utt/sw_0823_2827.utt,2/sw2827,2827,97,+@,B,60,1,# a # snap from there.  /,a/DT snap/NN from/IN there/RB ./.,,
sw08utt/sw_0823_2827.utt,2/sw2827,2827,98,o@,B,60,2,"{C And then }  ((   )) ,","And/CC then/RB MUMBLEx/XX ,/,",,
sw08utt/sw_0823_2827.utt,2/sw2827,2827,99,b,A,61,1,# Uh-huh. # /,Uh-huh/UH ./.,,
sw08utt/sw_0823_2827.utt,2/sw2827,2827,100,+@,B,62,1,"# I # made, - /","I/PRP made/VBD ,/,",,
sw08utt/sw_0823_2827.utt,2/sw2827,2827,101,sd,B,62,2,((   ))  I making yucky  ((   )) . -/,MUMBLEx/XX I/PRP making/VBG yucky/JJ MUMBLEx/XX ./.,,
sw08utt/sw_0823_2827.utt,2/sw2827,2827,102,b,A,63,1,Uh-huh. /,Uh-huh/UH ./.,,
sw08utt/sw_0823_2827.utt,2/sw2827,2827,103,%,B,64,1,"It's also, - /","It/PRP 's/BES also/RB ,/,",,
sw08utt/sw_0823_2827.utt,2/sw2827,2827,104,sv,B,64,2,"people think it's real hard,  /","people/NNS think/VBP it/PRP 's/BES real/RB hard/JJ ,/,",,
sw08utt/sw_0823_2827.utt,2/sw2827,2827,105,sd,B,64,3,it just time consuming to get all of the little things right. /,it/PRP just/RB time/NN consuming/VBG to/TO get/VB all/DT of/IN the/DT little/JJ things/NNS right/JJ ./.,,
sw08utt/sw_0823_2827.utt,2/sw2827,2827,106,b,A,65,1,Uh-huh. /,Uh-huh/UH ./.,,
sw08utt/sw_0823_2827.utt,2/sw2827,2827,107,sd,B,66,1,"Otherwise it's real  ((   )) , -/","Otherwise/RB it/PRP 's/BES real/RB MUMBLEx/XX ,/,",,
sw08utt/sw_0823_2827.utt,2/sw2827,2827,108,b,A,67,1,# Uh-huh. # /,Uh-huh/UH ./.,,
sw08utt/sw_0823_2827.utt,2/sw2827,2827,109,sd,B,68,1,# it's # good stuff.  /,it/PRP 's/BES good/JJ stuff/NN ./.,,
sw08utt/sw_0823_2827.utt,2/sw2827,2827,110,qw,B,68,2,"What other kinds of, {F uh, } dinner parties <laughter> do you serve? /","What/WP other/JJ kinds/NNS of/IN ,/, uh/UH ,/, dinner/NN parties/NNS do/VBP you/PRP serve/VB ?/.",,
sw08utt/sw_0823_2827.utt,2/sw2827,2827,111,sd,A,69,1,"{F Um, } {D well, } I don't entertain that often, /","Um/UH ,/, well/UH ,/, I/PRP do/VBP n't/RB entertain/VB that/RB often/RB ,/,",,
sw08utt/sw_0823_2827.utt,2/sw2827,2827,112,sd,A,69,2,"{F uh, } when I do though [ I, + I ] have some friends that I always <laughter>  like to experiment on. /","uh/UH ,/, when/WRB I/PRP do/VBP though/IN I/PRP ,/, I/PRP have/VBP some/DT friends/NNS that/WDT I/PRP always/RB like/VBP to/TO experiment/VB on/RP ./.",,
sw08utt/sw_0823_2827.utt,2/sw2827,2827,113,x,B,70,1,<Laughter>.,,,
sw08utt/sw_0823_2827.utt,2/sw2827,2827,114,sd,A,71,1,"{C But, } {D you know, } {F um, } I see a recipe and think, {F oh } {D wow, } I'd really like to try this, cause I'm single  /","But/CC ,/, you/PRP know/VBP ,/, um/UH ,/, I/PRP see/VBP a/DT recipe/NN and/CC think/VBP ,/, oh/UH wow/UH ,/, I/PRP 'd/MD really/RB like/VB to/TO try/VB this/DT ,/, cause/IN I/PRP 'm/VBP single/JJ",,
sw08utt/sw_0823_2827.utt,2/sw2827,2827,115,sd,A,71,2,"{C and } I live by myself, /","and/CC I/PRP live/VBP by/IN myself/PRP ,/,",,
sw08utt/sw_0823_2827.utt,2/sw2827,2827,116,b,B,72,1,# Uh-huh. # /,Uh-huh/UH ./.,,
sw08utt/sw_0823_2827.utt,2/sw2827,2827,117,sd,A,73,1,# {C so } # it's not necessarily something that I would cook just for myself. /,so/RB it/PRP 's/BES not/RB necessarily/RB something/NN that/WDT I/PRP would/MD cook/VB just/RB for/IN myself/PRP ./.,,
sw08utt/sw_0823_2827.utt,2/sw2827,2827,118,b,B,74,1,"Right,  /","Right/UH ,/,",,
sw08utt/sw_0823_2827.utt,2/sw2827,2827,119,bf,B,74,2,you didn't want to cook. /,you/PRP did/VBD n't/RB want/VB to/TO cook/VB ./.,,
sw08utt/sw_0823_2827.utt,2/sw2827,2827,120,sd@,A,75,1,"{C So } I'll say, {D okay, } you guys are experimental I want say how this is going to turn out / *[[say = see]]","So/RB I/PRP 'll/MD say/VB ,/, okay/UH ,/, you/PRP guys/NNS are/VBP experimental/JJ I/PRP want/VBP say/VB how/WRB this/DT is/VBZ going/VBG to/TO turn/VB out/RP",,
sw08utt/sw_0823_2827.utt,2/sw2827,2827,121,ad,A,75,2,"<laughter> {C but, } <laughter> here we go  /","but/CC ,/, here/RB we/PRP go/VBP",,
sw08utt/sw_0823_2827.utt,2/sw2827,2827,122,sd,A,75,3,"{C and } usually [ I'm, + I'm ] pretty good about it. /","and/CC usually/RB I/PRP 'm/VBP ,/, I/PRP 'm/VBP pretty/RB good/JJ about/IN it/PRP ./.",,
sw08utt/sw_0823_2827.utt,2/sw2827,2827,123,ba,B,76,1,That's great. /,That/DT 's/BES great/JJ ./.,,
sw08utt/sw_0823_2827.utt,2/sw2827,2827,124,sd,A,77,1,"{F Um, } I have this really good recipe for this, {F um, } pork chop and apple casserole kind of thing  /","Um/UH ,/, I/PRP have/VBP this/DT really/RB good/JJ recipe/NN for/IN this/DT ,/, um/UH ,/, pork/NN chop/NN and/CC apple/NN casserole/NN kind/NN of/IN thing/NN",,
sw08utt/sw_0823_2827.utt,2/sw2827,2827,125,sd,A,77,2,"{C and, } {F um, } you put stuffing and put poached apples and  everything  /","and/CC ,/, um/UH ,/, you/PRP put/VBP stuffing/NN and/CC put/VB poached/VBN apples/NNS and/CC everything/NN",,
sw08utt/sw_0823_2827.utt,2/sw2827,2827,126,sd,A,77,3,"{C and } my girlfriend and her husband loved it,","and/CC my/PRP$ girlfriend/NN and/CC her/PRP$ husband/NN loved/VBD it/PRP ,/,",,
sw08utt/sw_0823_2827.utt,2/sw2827,2827,127,b@,B,78,1,# {F Uh. }  #,Uh/UH ./.,,
sw08utt/sw_0823_2827.utt,2/sw2827,2827,128,+,A,79,1,# in # fact she passed it on to her parent  /,in/IN fact/NN she/PRP passed/VBD it/PRP on/IN to/IN her/PRP$ parent/NN,,
sw08utt/sw_0823_2827.utt,2/sw2827,2827,129,o@,A,79,2,"{C and <laughter>,","and/CC ,/,",,
sw08utt/sw_0823_2827.utt,2/sw2827,2827,130,+@,B,80,1,# <Laughter>.  #,,,
sw08utt/sw_0823_2827.utt,2/sw2827,2827,131,+@,A,81,1,# so } # it's like it really made the rounds  /,so/RB it/PRP 's/BES like/IN it/PRP really/RB made/VBD the/DT rounds/NNS,,
sw08utt/sw_0823_2827.utt,2/sw2827,2827,132,sv,A,81,2,{C and } I was quite impressed with myself if I should say so. /,and/CC I/PRP was/VBD quite/RB impressed/JJ with/IN myself/PRP if/IN I/PRP should/MD say/VB so/RB ./.,,
sw08utt/sw_0823_2827.utt,2/sw2827,2827,133,b,B,82,1,"Yeah,  /","Yeah/UH ,/,",,
sw08utt/sw_0823_2827.utt,2/sw2827,2827,134,sd,B,82,2,that's  (( how these things sort ))  of make it for one person as an experiment  /,that/DT 's/BES how/WRB these/DT things/NNS sort/RB of/RB make/VBP it/PRP for/IN one/CD person/NN as/IN an/DT experiment/NN,,
sw08utt/sw_0823_2827.utt,2/sw2827,2827,135,o@,B,82,3,"{C and, }","and/CC ,/,",,
sw08utt/sw_0823_2827.utt,2/sw2827,2827,136,b,A,83,1,Uh-huh. /,Uh-huh/UH ./.,,
sw08utt/sw_0823_2827.utt,2/sw2827,2827,137,+@,B,84,1,"I usually find it when I make up for the first time I usually doctor it just a,","I/PRP usually/RB find/VBP it/PRP when/WRB I/PRP make/VBP up/RP for/IN the/DT first/JJ time/NN I/PRP usually/RB doctor/VBP it/PRP just/RB a/DT ,/,",,
sw08utt/sw_0823_2827.utt,2/sw2827,2827,138,b,A,85,1,# Uh-huh. # /,Uh-huh/UH ./.,,
sw08utt/sw_0823_2827.utt,2/sw2827,2827,139,+,B,86,1,# little # bit  ((   ))  and little here and there /,little/JJ bit/NN MUMBLEx/XX and/CC little/JJ here/RB and/CC there/RB,,
sw08utt/sw_0823_2827.utt,2/sw2827,2827,140,o@,B,86,2,"{C and, }","and/CC ,/,",,
sw08utt/sw_0823_2827.utt,2/sw2827,2827,141,b,A,87,1,# Uh-huh. # /,Uh-huh/UH ./.,,
sw08utt/sw_0823_2827.utt,2/sw2827,2827,142,+@,B,88,1,# it # works real well. /,it/PRP works/VBZ real/RB well/RB ./.,,
sw08utt/sw_0823_2827.utt,2/sw2827,2827,143,sd,A,89,1,"{D Well, } I'm the kind of cook that I don't normally measure things,  /","Well/UH ,/, I/PRP 'm/VBP the/DT kind/NN of/IN cook/NN that/IN I/PRP do/VBP n't/RB normally/RB measure/VBP things/NNS ,/,",,
sw08utt/sw_0823_2827.utt,2/sw2827,2827,144,sd,A,89,2,I just kind of throw them in  /,I/PRP just/RB kind/RB of/RB throw/VBP them/PRP in/IN,,
sw08utt/sw_0823_2827.utt,2/sw2827,2827,145,sd,A,89,3,"{C and, } {D you know, } I don't to the point of, {D you know, } measuring down to the exact amount that they say. /","and/CC ,/, you/PRP know/VBP ,/, I/PRP do/VBP n't/RB to/IN the/DT point/NN of/IN ,/, you/PRP know/VBP ,/, measuring/VBG down/RP to/IN the/DT exact/JJ amount/NN that/WDT they/PRP say/VBP ./.",,
sw08utt/sw_0823_2827.utt,2/sw2827,2827,146,sv,B,90,1,That means you're a real cook. /,That/DT means/VBZ you/PRP 're/VBP a/DT real/JJ cook/NN ./.,,
sw08utt/sw_0823_2827.utt,2/sw2827,2827,147,bd,A,91,1,"<Laughter> {F Oh, } is that what it means. /","Oh/UH ,/, is/VBZ that/DT what/WP it/PRP means/VBZ ./.",,
sw08utt/sw_0823_2827.utt,2/sw2827,2827,148,sd@,B,92,1,"If you've ever watched the ones on television like, {F uh, } Jeff Schmidt, the super gourmet.","If/IN you/PRP 've/VBP ever/RB watched/VBD the/DT ones/NNS on/IN television/NN like/IN ,/, uh/UH ,/, Jeff/NNP Schmidt/NNP ,/, the/DT super/JJ gourmet/NN ./.",,
sw08utt/sw_0823_2827.utt,2/sw2827,2827,149,b,A,93,1,Uh-huh. /,Uh-huh/UH ./.,,
sw08utt/sw_0823_2827.utt,2/sw2827,2827,150,+@,B,94,1,"[ He, + he ] just, [ thro-, + ] takes stuff he says, {D yeah }  about an ounce of this <laughter>   (( or something )) .  /","He/PRP ,/, he/PRP just/RB ,/, thro-/XX ,/, takes/VBZ stuff/NN he/PRP says/VBZ ,/, yeah/UH about/RB an/DT ounce/NN of/IN this/DT or/CC something/NN ./.",,
sw08utt/sw_0823_2827.utt,2/sw2827,2827,151,x,A,95,1,<Laughter>.,,,
sw08utt/sw_0823_2827.utt,2/sw2827,2827,152,sd,B,96,1,It's real good. /,It/PRP 's/BES real/JJ good/NN ./.,,
sw08utt/sw_0823_2827.utt,2/sw2827,2827,153,b,A,97,1,Uh-huh. /,Uh-huh/UH ./.,,
sw08utt/sw_0823_2827.utt,2/sw2827,2827,154,b,B,98,1,"Yeah,  /","Yeah/UH ,/,",,
sw08utt/sw_0823_2827.utt,2/sw2827,2827,155,sd,B,98,2,"[ we have a, + we do, ] {F uh, } {F uh, } middle eastern dinner quite a bit {D actually, } /","we/PRP have/VBP a/DT ,/, we/PRP do/VBP ,/, uh/UH ,/, uh/UH ,/, middle/JJ eastern/JJ dinner/NN quite/RB a/DT bit/NN actually/UH ,/,",,
sw08utt/sw_0823_2827.utt,2/sw2827,2827,156,b,A,99,1,# Uh-huh. # /,Uh-huh/UH ./.,,
sw08utt/sw_0823_2827.utt,2/sw2827,2827,157,sd@,B,100,1,"# {C or, } # {F uh, } we have people other that have never experienced it before and  haven't had much middle eastern food. / *[[other = over]]","or/CC ,/, uh/UH ,/, we/PRP have/VBP people/NNS other/JJ that/WDT have/VBP never/RB experienced/VBN it/PRP before/IN and/CC have/VBP n't/RB had/VBN much/JJ middle/JJ eastern/JJ food/NN ./.",,
sw08utt/sw_0823_2827.utt,2/sw2827,2827,158,nn,A,101,1,"No,  /","No/UH ,/,",,
sw08utt/sw_0823_2827.utt,2/sw2827,2827,159,sd^e,A,101,2,I haven't. /,I/PRP have/VBP n't/RB ./.,,
sw08utt/sw_0823_2827.utt,2/sw2827,2827,160,sd,B,102,1,"We make, {F uh, } cause we're my wife is Syrian.  /","We/PRP make/VBP ,/, uh/UH ,/, cause/IN we/PRP 're/VBP my/PRP$ wife/NN is/VBZ Syrian/JJ ./.",,
sw08utt/sw_0823_2827.utt,2/sw2827,2827,161,b,A,103,1,Uh-huh. /,Uh-huh/UH ./.,,
sw08utt/sw_0823_2827.utt,2/sw2827,2827,162,sd,B,104,1,"{C And, } {F um, } her families always have this food she grew up in,  /","And/CC ,/, um/UH ,/, her/PRP$ families/NNS always/RB have/VBP this/DT food/NN she/PRP grew/VBD up/RP in/IN ,/,",,
sw08utt/sw_0823_2827.utt,2/sw2827,2827,163,sd,B,104,2,"{C and } I've made some of it before as well, /","and/CC I/PRP 've/VBP made/VBN some/DT of/IN it/PRP before/IN as/IN well/RB ,/,",,
sw08utt/sw_0823_2827.utt,2/sw2827,2827,164,b,A,105,1,# Uh-huh. # /,Uh-huh/UH ./.,,
sw08utt/sw_0823_2827.utt,2/sw2827,2827,165,sd,B,106,1,"# {C so } # we make, {F uh, } four or five middle eastern dishes that are just all real simple. /","so/RB we/PRP make/VBP ,/, uh/UH ,/, four/CD or/CC five/CD middle/NN eastern/JJ dishes/NNS that/WDT are/VBP just/RB all/DT real/RB simple/NN ./.",,
sw08utt/sw_0823_2827.utt,2/sw2827,2827,166,b,A,107,1,Uh-huh. /,Uh-huh/UH ./.,,
sw08utt/sw_0823_2827.utt,2/sw2827,2827,167,sd,B,108,1,We put them out for people  /,We/PRP put/VBP them/PRP out/RP for/IN people/NNS,,
sw08utt/sw_0823_2827.utt,2/sw2827,2827,168,sd,B,108,2,"[ {C an-, } + {C and } ] that's always a real big kick for people [ who want, + {D you know, } who've ] never tried it before. /","an-/XX ,/, and/CC that/DT 's/BES always/RB a/DT real/RB big/JJ kick/NN for/IN people/NNS who/WP want/VBP ,/, you/PRP know/VBP ,/, who/WP 've/VBP never/RB tried/VBN it/PRP before/RB ./.",,
sw08utt/sw_0823_2827.utt,2/sw2827,2827,169,b,A,109,1,Uh-huh. /,Uh-huh/UH ./.,,
sw08utt/sw_0823_2827.utt,2/sw2827,2827,170,sd,B,110,1,"[ [ [ That's +  ((   )) , that's, ] +  that's, ] + that's ] a fun idea {E I mean } if you ever, {F uh, } want something different to try. /","That/DT 's/BES MUMBLEx/XX ,/, that/DT 's/BES ,/, that/DT 's/BES ,/, that/DT 's/BES a/DT fun/NN idea/NN I/PRP mean/VBP if/IN you/PRP ever/RB ,/, uh/UH ,/, want/VBP something/NN different/JJ to/TO try/VB ./.",,
sw08utt/sw_0823_2827.utt,2/sw2827,2827,171,b,A,111,1,Uh-huh. /,Uh-huh/UH ./.,,
sw08utt/sw_0823_2827.utt,2/sw2827,2827,172,cc,B,112,1,I would try that. /,I/PRP would/MD try/VB that/DT ./.,,
sw08utt/sw_0823_2827.utt,2/sw2827,2827,173,b,A,113,1,"{F Um, } yeah,  /","Um/UH ,/, yeah/UH ,/,",,
sw08utt/sw_0823_2827.utt,2/sw2827,2827,174,sd,A,113,2,"I've been wanting to take an, {F um, } oriental cooking class  /","I/PRP 've/VBP been/VBN wanting/VBG to/TO take/VB an/DT ,/, um/UH ,/, oriental/JJ cooking/NN class/NN",,
sw08utt/sw_0823_2827.utt,2/sw2827,2827,175,sd,A,113,3,{C and } I just haven't gotten around to it yet. /,and/CC I/PRP just/RB have/VBP n't/RB gotten/VBN around/RP to/IN it/PRP yet/RB ./.,,
sw08utt/sw_0823_2827.utt,2/sw2827,2827,176,qy,B,114,1,"{F Oh, } do you have a wok though? /","Oh/UH ,/, do/VBP you/PRP have/VB a/DT wok/NN though/RB ?/.",,
sw08utt/sw_0823_2827.utt,2/sw2827,2827,177,ny,A,115,1,"Yeah, /","Yeah/UH ,/,",,
sw08utt/sw_0823_2827.utt,2/sw2827,2827,178,b,B,116,1,# Yeah. # /,Yeah/UH ./.,,
sw08utt/sw_0823_2827.utt,2/sw2827,2827,179,sd,A,117,1,# I # stir fry things on occasion  /,I/PRP stir/GW fry/^VBP things/NNS on/IN occasion/NN,,
sw08utt/sw_0823_2827.utt,2/sw2827,2827,180,sd,A,117,2,"{C but } I'd like to know more about, {D you know, } more elaborate things like guess. -/","but/CC I/PRP 'd/MD like/VB to/TO know/VB more/JJR about/IN ,/, you/PRP know/VBP ,/, more/JJR elaborate/JJ things/NNS like/IN guess/VBP ./.",,
sw08utt/sw_0823_2827.utt,2/sw2827,2827,181,sv@,B,118,1,I think it's God's gift to cooking.,I/PRP think/VBP it/PRP 's/BES God/NNP 's/POS gift/NN to/IN cooking/NN ./.,,
sw08utt/sw_0823_2827.utt,2/sw2827,2827,182,x,A,119,1,<Laughter>.,,,
sw08utt/sw_0823_2827.utt,2/sw2827,2827,183,+@,B,120,1,"Cause it's just quick, /","Cause/IN it/PRP 's/BES just/RB quick/JJ ,/,",,
sw08utt/sw_0823_2827.utt,2/sw2827,2827,184,b,A,121,1,# Uh-huh. # /,Uh-huh/UH ./.,,
sw08utt/sw_0823_2827.utt,2/sw2827,2827,185,sd,B,122,1,"# it's # easy, {F um, }  /","it/PRP 's/BES easy/JJ ,/, um/UH ,/,",,
sw08utt/sw_0823_2827.utt,2/sw2827,2827,186,sd,B,122,2,"{C and } the food just comes out, - /","and/CC the/DT food/NN just/RB comes/VBZ out/RB ,/,",,
sw08utt/sw_0823_2827.utt,2/sw2827,2827,187,sd,B,122,3,"{D you know, } if you do it right I think [ it comes out, + ] the food comes out very tasty not very mushy, /","you/PRP know/VBP ,/, if/IN you/PRP do/VBP it/PRP right/JJ I/PRP think/VBP it/PRP comes/VBZ out/RB ,/, the/DT food/NN comes/VBZ out/RB very/RB tasty/JJ not/RB very/RB mushy/JJ ,/,",,
sw08utt/sw_0823_2827.utt,2/sw2827,2827,188,b,A,123,1,# Uh-huh. # /,Uh-huh/UH ./.,,
sw08utt/sw_0823_2827.utt,2/sw2827,2827,189,sv,B,124,1,"# {D you # know, } [ {C and, } + {C and } ] it doesn't taste like a million calories of oil  /","you/PRP know/VBP ,/, and/CC ,/, and/CC it/PRP does/VBZ n't/RB taste/VB like/IN a/DT million/CD calories/NNS of/IN oil/NN",,
sw08utt/sw_0823_2827.utt,2/sw2827,2827,190,o@,B,124,2,{C so. },so/RB ./.,,
sw08utt/sw_0823_2827.utt,2/sw2827,2827,191,b,A,125,1,Uh-huh. /,Uh-huh/UH ./.,,
sw08utt/sw_0823_2827.utt,2/sw2827,2827,192,+@,B,126,1,"We [ li-, + live ] in our wok. /","We/PRP li-/XX ,/, live/VBP in/IN our/PRP$ wok/NN ./.",,
sw08utt/sw_0823_2827.utt,2/sw2827,2827,193,b,A,127,1,"Uh-huh,  /","Uh-huh/UH ,/,",,
sw08utt/sw_0823_2827.utt,2/sw2827,2827,194,b,A,127,2,really. /,really/UH ./.,,
sw08utt/sw_0823_2827.utt,2/sw2827,2827,195,ny,B,128,1,"Yeah,  /","Yeah/UH ,/,",,
sw08utt/sw_0823_2827.utt,2/sw2827,2827,196,sd^e,B,128,2,"[ [ we, + we, ] + we ] like to eat even when we eat out {C and } stuff we eat a lot of Chinese food,","we/PRP ,/, we/PRP ,/, we/PRP like/VBP to/TO eat/VB even/RB when/WRB we/PRP eat/VBP out/RB and/CC stuff/NN we/PRP eat/VBP a/DT lot/NN of/IN Chinese/JJ food/NN ,/,",,
sw08utt/sw_0823_2827.utt,2/sw2827,2827,197,b,A,129,1,# Uh-huh. # /,Uh-huh/UH ./.,,
sw08utt/sw_0823_2827.utt,2/sw2827,2827,198,+,B,130,1,"# or # Japanese food or, {D you know, }","or/CC Japanese/JJ food/NN or/CC ,/, you/PRP know/VBP ,/,",,
sw08utt/sw_0823_2827.utt,2/sw2827,2827,199,b,A,131,1,# Uh-huh. # /,Uh-huh/UH ./.,,
sw08utt/sw_0823_2827.utt,2/sw2827,2827,200,+,B,132,1,"# Korean #  ((   )) , /","Korean/JJ MUMBLEx/XX ,/,",,
sw08utt/sw_0823_2827.utt,2/sw2827,2827,201,b,A,133,1,# Uh-huh. # /,Uh-huh/UH ./.,,
sw08utt/sw_0823_2827.utt,2/sw2827,2827,202,%,B,134,1,"# {C and } # that seems to, - /","and/CC that/DT seems/VBZ to/TO ,/,",,
sw08utt/sw_0823_2827.utt,2/sw2827,2827,203,sd,B,134,2,{C so } wok food seems to be our thing. /,so/RB wok/VBP food/NN seems/VBZ to/TO be/VB our/PRP$ thing/NN ./.,,
sw08utt/sw_0823_2827.utt,2/sw2827,2827,204,b,A,135,1,Uh-huh. /,Uh-huh/UH ./.,,
sw08utt/sw_0823_2827.utt,2/sw2827,2827,205,qo,B,136,1,{D So } anything else you cook <laughter>. /,So/RB anything/NN else/RB you/PRP cook/VBP ./.,,
sw08utt/sw_0823_2827.utt,2/sw2827,2827,206,sd,A,137,1,"{F Um, } I just kind of, {D you know } cook here cook there <laughter>.  /","Um/UH ,/, I/PRP just/RB kind/RB of/RB ,/, you/PRP know/VBP cook/VBP here/RB cook/VBP there/RB ./.",,
sw08utt/sw_0823_2827.utt,2/sw2827,2827,207,sd,A,137,2,I don't have any one specialty  /,I/PRP do/VBP n't/RB have/VB any/DT one/CD specialty/NN,,
sw08utt/sw_0823_2827.utt,2/sw2827,2827,208,sd,A,137,3,{E I mean } I'm always willing to try anything usually. /,I/PRP mean/VBP I/PRP 'm/VBP always/RB willing/JJ to/TO try/VB anything/NN usually/RB ./.,,
sw08utt/sw_0823_2827.utt,2/sw2827,2827,209,ba,B,138,1,"{D Well, } that's good,  /","Well/UH ,/, that/DT 's/BES good/JJ ,/,",,
sw08utt/sw_0823_2827.utt,2/sw2827,2827,210,sv,B,138,2,that's always the way to do it.  /,that/DT 's/BES always/RB the/DT way/NN to/TO do/VB it/PRP ./.,,
sw08utt/sw_0823_2827.utt,2/sw2827,2827,211,%,B,138,3,"I think  (( it's, {F uh, } )) . -/","I/PRP think/VBP it/PRP 's/BES ,/, uh/UH ,/, ./.",,
sw08utt/sw_0823_2827.utt,2/sw2827,2827,212,sd,A,139,1,"{C And } [ I, + I ] especially like baking and making deserts.  /","And/CC I/PRP ,/, I/PRP especially/RB like/VBP baking/NN and/CC making/VBG deserts/NNS ./.",,
sw08utt/sw_0823_2827.utt,2/sw2827,2827,213,sd,A,139,2,I've taken a cake decorating class  /,I/PRP 've/VBP taken/VBN a/DT cake/NN decorating/NN class/NN,,
sw08utt/sw_0823_2827.utt,2/sw2827,2827,214,%,A,139,3,"{C and, } -/","and/CC ,/,",,
sw08utt/sw_0823_2827.utt,2/sw2827,2827,215,qy,B,140,1,"{F Oh, } the Wilson course? /","Oh/UH ,/, the/DT Wilson/NNP course/NN ?/.",,
sw08utt/sw_0823_2827.utt,2/sw2827,2827,216,nn,A,141,1,"No,  /","No/UH ,/,",,
sw08utt/sw_0823_2827.utt,2/sw2827,2827,217,nn^r,A,141,2,"no,  /","no/UH ,/,",,
sw08utt/sw_0823_2827.utt,2/sw2827,2827,218,sd^e,A,141,3,"{D actually } it was a private course,","actually/UH it/PRP was/VBD a/DT private/JJ course/NN ,/,",,
sw08utt/sw_0823_2827.utt,2/sw2827,2827,219,sd,B,142,1,#  (( I like it )) . # /,I/PRP like/VBP it/PRP ./.,,
sw08utt/sw_0823_2827.utt,2/sw2827,2827,220,+,A,143,1,"# through {D like } a # com-, -/","through/IN like/IN a/DT com-/XX ,/,",,
sw08utt/sw_0823_2827.utt,2/sw2827,2827,221,ba,B,144,1,"That's great,  /","That/DT 's/BES great/JJ ,/,",,
sw08utt/sw_0823_2827.utt,2/sw2827,2827,222,sd,B,144,2,I haven't  ((   ))  the Wilson class. -/,I/PRP have/VBP n't/RB MUMBLEx/XX the/DT Wilson/NNP class/NN ./.,,
sw08utt/sw_0823_2827.utt,2/sw2827,2827,223,sd,A,145,1,"[ [ It is, + it's, ] + it's neat ] {C but } it takes a long time,  /","It/PRP is/VBZ ,/, it/PRP 's/BES ,/, it/PRP 's/BES neat/JJ but/CC it/PRP takes/VBZ a/DT long/JJ time/NN ,/,",,
sw08utt/sw_0823_2827.utt,2/sw2827,2827,224,sd@,A,145,2,"{D you know, } {E I mean } {D like } I'm elected to always bring cakes into work <laughter>.","you/PRP know/VBP ,/, I/PRP mean/VBP like/UH I/PRP 'm/VBP elected/VBN to/TO always/RB bring/VB cakes/NNS into/IN work/NN ./.",,
sw08utt/sw_0823_2827.utt,2/sw2827,2827,225,x,B,146,1,<Laughter>.,,,
sw08utt/sw_0823_2827.utt,2/sw2827,2827,226,+@,A,147,1,Like for people's birthdays and that  /,Like/IN for/IN people/NNS 's/POS birthdays/NNS and/CC that/DT,,
sw08utt/sw_0823_2827.utt,2/sw2827,2827,227,sd,A,147,2,"{C and } it's like, {D you know, } you bake the cakes  /","and/CC it/PRP 's/BES like/IN ,/, you/PRP know/VBP ,/, you/PRP bake/VBP the/DT cakes/NNS",,
sw08utt/sw_0823_2827.utt,2/sw2827,2827,228,sd,A,147,3,"{C and then } I guess just because I don't have the expertise to just hurry up and do it,","and/CC then/RB I/PRP guess/VBP just/RB because/IN I/PRP do/VBP n't/RB have/VB the/DT expertise/NN to/TO just/RB hurry/VB up/RP and/CC do/VB it/PRP ,/,",,
sw08utt/sw_0823_2827.utt,2/sw2827,2827,229,b,B,148,1,# Right. # /,Right/UH ./.,,
sw08utt/sw_0823_2827.utt,2/sw2827,2827,230,+,A,149,1,"# like, # {D you know, } [  some, + a ] professional would [ I try to, + I go ] real slow  /","like/IN ,/, you/PRP know/VBP ,/, some/DT ,/, a/DT professional/JJ would/MD I/PRP try/VBP to/TO ,/, I/PRP go/VBP real/RB slow/JJ",,
sw08utt/sw_0823_2827.utt,2/sw2827,2827,231,sd,A,149,2,"{C and, } {D you know, } it's a little time consuming, /","and/CC ,/, you/PRP know/VBP ,/, it/PRP 's/BES a/DT little/JJ time/NN consuming/VBG ,/,",,
sw08utt/sw_0823_2827.utt,2/sw2827,2827,232,b,B,150,1,# Uh-huh. # /,Uh-huh/UH ./.,,
sw08utt/sw_0823_2827.utt,2/sw2827,2827,233,sv,A,151,1,# {C but } # it's really worth your effort once you see how you do. /,but/CC it/PRP 's/BES really/RB worth/JJ your/PRP$ effort/NN once/RB you/PRP see/VBP how/WRB you/PRP do/VBP ./.,,
sw08utt/sw_0823_2827.utt,2/sw2827,2827,234,b,B,152,1,"Yeah,  /","Yeah/UH ,/,",,
sw08utt/sw_0823_2827.utt,2/sw2827,2827,235,b^r,B,152,2,"{F oh, } yeah,  /","oh/UH ,/, yeah/UH ,/,",,
sw08utt/sw_0823_2827.utt,2/sw2827,2827,236,%,B,152,3,"we have, {F um, } - /","we/PRP have/VBP ,/, um/UH ,/,",,
sw08utt/sw_0823_2827.utt,2/sw2827,2827,237,sd,B,152,4,"my brother can do it, /","my/PRP$ brother/NN can/MD do/VB it/PRP ,/,",,
sw08utt/sw_0823_2827.utt,2/sw2827,2827,238,b,A,153,1,# Uh-huh. # /,Uh-huh/UH ./.,,
sw08utt/sw_0823_2827.utt,2/sw2827,2827,239,sd,B,154,1,"# [ he's, + # he's, ] {F uh, } got a degree in business management  /","he/PRP 's/HVS ,/, he/PRP 's/HVS ,/, uh/UH ,/, got/VBN a/DT degree/NN in/IN business/NN management/NN",,
sw08utt/sw_0823_2827.utt,2/sw2827,2827,240,sd,B,154,2,"{C so } he learned [ to, + {F uh, } how to ] do this  ((   )) . /","so/RB he/PRP learned/VBD to/TO ,/, uh/UH ,/, how/WRB to/TO do/VB this/DT MUMBLEx/XX ./.",,
sw08utt/sw_0823_2827.utt,2/sw2827,2827,241,b,A,155,1,Uh-huh. /,Uh-huh/UH ./.,,
sw08utt/sw_0823_2827.utt,2/sw2827,2827,242,ad,B,156,1,Can you hold on one second? /,Can/MD you/PRP hold/VB on/RP one/CD second/JJ ?/.,,
sw08utt/sw_0823_2827.utt,2/sw2827,2827,243,aa,A,157,1,Sure. /,Sure/UH ./.,,
sw08utt/sw_0823_2827.utt,2/sw2827,2827,244,ft,B,158,1,Thank you.  /,Thank/VB you/PRP ./.,,
sw08utt/sw_0823_2827.utt,2/sw2827,2827,245,fa,B,158,2,Sorry about that. /,Sorry/JJ about/IN that/DT ./.,,
sw08utt/sw_0823_2827.utt,2/sw2827,2827,246,bd,A,159,1,That's okay <laughter>. /,That/DT 's/BES okay/JJ ./.,,
sw08utt/sw_0823_2827.utt,2/sw2827,2827,247,sd,B,160,1,"Some one kept beeping in our calling waiting  ((   )) , /","Some/GW one/^NN kept/VBD beeping/VBG in/IN our/PRP$ calling/NN waiting/NN MUMBLEx/XX ,/,",,
sw08utt/sw_0823_2827.utt,2/sw2827,2827,248,b,A,161,1,# Uh-huh. # /,Uh-huh/UH ./.,,
sw08utt/sw_0823_2827.utt,2/sw2827,2827,249,%,B,162,1,# {D so. }  # /,so/RB ./.,,
sw08utt/sw_0823_2827.utt,2/sw2827,2827,250,b,A,163,1,Uh-huh. /,Uh-huh/UH ./.,,
sw08utt/sw_0823_2827.utt,2/sw2827,2827,251,b,B,164,1,"Yeah,  /","Yeah/UH ,/,",,
sw08utt/sw_0823_2827.utt,2/sw2827,2827,252,sd,B,164,2,"[ he, + he, ] [ do-, + does ] that a lot, /","he/PRP ,/, he/PRP ,/, do-/XX ,/, does/VBZ that/DT a/DT lot/NN ,/,",,
sw08utt/sw_0823_2827.utt,2/sw2827,2827,253,%,A,165,1,# {D So. }  # /,So/RB ./.,,
sw08utt/sw_0823_2827.utt,2/sw2827,2827,254,sd,B,166,1,"# {C so, } # {D you know, } he cooks a lot  /","so/RB ,/, you/PRP know/VBP ,/, he/PRP cooks/VBZ a/DT lot/NN",,
sw08utt/sw_0823_2827.utt,2/sw2827,2827,255,o@,B,166,2,"{C but, }","but/CC ,/,",,
sw08utt/sw_0823_2827.utt,2/sw2827,2827,256,b,A,167,1,# Uh-huh. # /,Uh-huh/UH ./.,,
sw08utt/sw_0823_2827.utt,2/sw2827,2827,257,+,B,168,1,"# {D you # know, } he bakes a lot whenever he, - /","you/PRP know/VBP ,/, he/PRP bakes/VBZ a/DT lot/NN whenever/WRB he/PRP ,/,",,
sw08utt/sw_0823_2827.utt,2/sw2827,2827,258,sd@,B,168,2,"[ whe-, + when ] my wife and I got married the night before we had a party.","whe-/XX ,/, when/WRB my/PRP$ wife/NN and/CC I/PRP got/VBD married/VBN the/DT night/NN before/IN we/PRP had/VBD a/DT party/NN ./.",,
sw08utt/sw_0823_2827.utt,2/sw2827,2827,259,b,A,169,1,Uh-huh. /,Uh-huh/UH ./.,,
sw08utt/sw_0823_2827.utt,2/sw2827,2827,260,+@,B,170,1,Or two nights before  /,Or/CC two/CD nights/NNS before/IN,,
sw08utt/sw_0823_2827.utt,2/sw2827,2827,261,sd,B,170,2,"{C and } [ he baked us, + he made ] a real big cake himself, /","and/CC he/PRP baked/VBD us/PRP ,/, he/PRP made/VBD a/DT real/RB big/JJ cake/NN himself/PRP ,/,",,
sw08utt/sw_0823_2827.utt,2/sw2827,2827,262,b,A,171,1,# Uh-huh. # /,Uh-huh/UH ./.,,
sw08utt/sw_0823_2827.utt,2/sw2827,2827,263,sd@,B,172,1,"#  ((   )) , # {C so } New Years our friend made a baby.","MUMBLEx/XX ,/, so/RB New/NNP Years/NNS our/PRP$ friend/NN made/VBD a/DT baby/NN ./.",,
sw08utt/sw_0823_2827.utt,2/sw2827,2827,264,ba@,A,173,1,"{F Oh, } my.","Oh/UH ,/, my/PRP$ ./UH",,
sw08utt/sw_0823_2827.utt,2/sw2827,2827,265,+@,B,174,1,Cake like a baby New York. /,Cake/NN like/IN a/DT baby/NN New/NNP York/NNP ./.,,
sw08utt/sw_0823_2827.utt,2/sw2827,2827,266,+@,A,175,1,Uh-huh. /,Uh-huh/UH ./.,,
sw08utt/sw_0823_2827.utt,2/sw2827,2827,267,ba,B,176,1,It was amazing  /,It/PRP was/VBD amazing/JJ,,
sw08utt/sw_0823_2827.utt,2/sw2827,2827,268,sd,B,176,2,"I never  ((   )) ,","I/PRP never/RB MUMBLEx/XX ,/,",,
sw08utt/sw_0823_2827.utt,2/sw2827,2827,269,b,A,177,1,# Uh-huh. # /,Uh-huh/UH ./.,,
sw08utt/sw_0823_2827.utt,2/sw2827,2827,270,+,B,178,1,# could # do anything with cakes  /,could/MD do/VB anything/NN with/IN cakes/NNS,,
sw08utt/sw_0823_2827.utt,2/sw2827,2827,271,o@,B,178,2,{C so. },so/RB ./.,,
sw08utt/sw_0823_2827.utt,2/sw2827,2827,272,x,A,179,1,<Laughter>.,,,
sw08utt/sw_0823_2827.utt,2/sw2827,2827,273,+@,B,180,1,"I get the mold [ I put, + I put ] it on, {D you know, } the frosting  (( always ))  melts  /","I/PRP get/VBP the/DT mold/NN I/PRP put/VBP ,/, I/PRP put/VBP it/PRP on/RB ,/, you/PRP know/VBP ,/, the/DT frosting/NN always/RB melts/VBZ",,
sw08utt/sw_0823_2827.utt,2/sw2827,2827,274,sd,B,180,2,"{C and } [ it's, +","and/CC it/PRP 's/BES ,/,",,
sw08utt/sw_0823_2827.utt,2/sw2827,2827,275,x,A,181,1,# <Laughter>.  #,,,
sw08utt/sw_0823_2827.utt,2/sw2827,2827,276,+,B,182,1,# it's ] # just horrible. /,it/PRP 's/BES just/RB horrible/JJ ./.,,
sw08utt/sw_0823_2827.utt,2/sw2827,2827,277,sv,A,183,1,"{D Well, } you learn helpful hints in the classes at least. /","Well/UH ,/, you/PRP learn/VBP helpful/JJ hints/NNS in/IN the/DT classes/NNS at/IN least/JJS ./.",,
sw08utt/sw_0823_2827.utt,2/sw2827,2827,278,b,B,184,1,"Yeah,  /","Yeah/UH ,/,",,
sw08utt/sw_0823_2827.utt,2/sw2827,2827,279,%,B,184,2,"I'm, -/","I/PRP 'm/VBP ,/,",,
sw08utt/sw_0823_2827.utt,2/sw2827,2827,280,sd,A,185,1,"{D You know, } the instructor told us certain things about {D well, } don't follow what's really necessarily on the box, {D you know, } if you're making just a cake from a box, {D you know, } do this cause, {D you know, } make it a variety. /","You/PRP know/VBP ,/, the/DT instructor/NN told/VBD us/PRP certain/JJ things/NNS about/IN well/UH ,/, do/VBP n't/RB follow/VB what/WP 's/BES really/RB necessarily/RB on/IN the/DT box/NN ,/, you/PRP know/VBP ,/, if/IN you/PRP 're/VBP making/VBG just/RB a/DT cake/NN from/IN a/DT box/NN ,/, you/PRP know/VBP ,/, do/VBP this/DT cause/IN ,/, you/PRP know/VBP ,/, make/VB it/PRP a/DT variety/NN ./.",,
sw08utt/sw_0823_2827.utt,2/sw2827,2827,281,bf,B,186,1,"{F Oh } [ that, + that ] you mean about the,","Oh/UH that/IN ,/, that/IN you/PRP mean/VBP about/IN the/DT ,/,",,
sw08utt/sw_0823_2827.utt,2/sw2827,2827,282,sd,A,187,1,"# {D You know, } [ some different hints. # +","You/PRP know/VBP ,/, some/DT different/JJ hints/NNS ./.",,
sw08utt/sw_0823_2827.utt,2/sw2827,2827,283,+,B,188,1,# mix itself.  # /,mix/NN itself/PRP ./.,,
sw08utt/sw_0823_2827.utt,2/sw2827,2827,284,+,A,189,1,Yeah. /,Yeah/UH ./.,,
sw08utt/sw_0823_2827.utt,2/sw2827,2827,285,ba,B,190,1,"{D Well, } that helps. /","Well/UH ,/, that/DT helps/VBZ ./.",,
sw08utt/sw_0823_2827.utt,2/sw2827,2827,286,sd,A,191,1,"Some different hints, ] {D you know, } {C and } [ the different thi-, + the different ] kinds of frostings you can make, - /","Some/DT different/JJ hints/NNS ,/, you/PRP know/VBP ,/, and/CC the/DT different/JJ thi-/XX ,/, the/DT different/JJ kinds/NNS of/IN frostings/NNS you/PRP can/MD make/VB ,/,",,
sw08utt/sw_0823_2827.utt,2/sw2827,2827,287,sd,A,191,2,"{D you know, } {C and } I have a book an it, - /","you/PRP know/VBP ,/, and/CC I/PRP have/VBP a/DT book/NN an/DT it/PRP ,/,",,
sw08utt/sw_0823_2827.utt,2/sw2827,2827,288,sd,A,191,3,"{C and, } {D you know, } all of the different, {D you know, } decorating tips an things like that. /","and/CC ,/, you/PRP know/VBP ,/, all/DT of/IN the/DT different/JJ ,/, you/PRP know/VBP ,/, decorating/NN tips/NNS an/CC things/NNS like/IN that/DT ./.",,
sw08utt/sw_0823_2827.utt,2/sw2827,2827,289,b,B,192,1,Yeah. /,Yeah/UH ./.,,
sw08utt/sw_0823_2827.utt,2/sw2827,2827,290,%,A,193,1,{D So. } /,So/UH ./.,,
sw08utt/sw_0823_2827.utt,2/sw2827,2827,291,qy^g*,B,194,1,"{D Well, } most frostings are sort of butter cream to aren't they. / *[[ to = too ]]","Well/UH ,/, most/RBS frostings/NNS are/VBP sort/RB of/RB butter/NN cream/NN to/RB are/VBP n't/RB they/PRP  ./.",,
sw08utt/sw_0823_2827.utt,2/sw2827,2827,292,ny,A,195,1,"Yeah,  /","Yeah/UH ,/,",,
sw08utt/sw_0823_2827.utt,2/sw2827,2827,293,ny^r,A,195,2,yeah. /,yeah/UH ./.,,
sw08utt/sw_0823_2827.utt,2/sw2827,2827,294,sd,B,196,1,"[ Those are, + those ] kill me  /","Those/DT are/VBP ,/, those/DT kill/VBP me/PRP",,
sw08utt/sw_0823_2827.utt,2/sw2827,2827,295,sd,B,196,2,"[ it's like, + it's like ] I'm eating sugar,  /","it/PRP 's/BES like/IN ,/, it/PRP 's/BES like/IN I/PRP 'm/VBP eating/VBG sugar/NN ,/,",,
sw08utt/sw_0823_2827.utt,2/sw2827,2827,296,sd,B,196,3,{C but } they're good sugar. /,but/CC they/PRP 're/VBP good/JJ sugar/NN ./.,,
sw08utt/sw_0823_2827.utt,2/sw2827,2827,297,b,A,197,1,"{D Well, } yeah  /","Well/UH ,/, yeah/UH",,
sw08utt/sw_0823_2827.utt,2/sw2827.pos,2827,298,x,A,197,2,<laughter>.,./.
sw08utt/sw_0823_2827.utt,2/sw2827,2827,299,sv,B,198,1,"I think  (( that's ))  part of the problem,  /","I/PRP think/VBP that/DT 's/BES part/NN of/IN the/DT problem/NN ,/,",,
sw08utt/sw_0823_2827.utt,2/sw2827,2827,300,%,B,198,2,yeah. /,yeah/UH ./.,,
sw08utt/sw_0823_2827.utt,2/sw2827,2827,301,b,A,199,1,"Yeah,  /","Yeah/UH ,/,",,
sw08utt/sw_0823_2827.utt,2/sw2827,2827,302,fc,A,199,2,{D so } that's about it. /,so/RB that/DT 's/BES about/RB it/PRP ./.,,
sw08utt/sw_0823_2827.utt,2/sw2827,2827,303,fc,B,200,1,"Yeah,  /","Yeah/UH ,/,",,
sw08utt/sw_0823_2827.utt,2/sw2827,2827,304,fc,B,200,2,I guess so. /,I/PRP guess/VBP so/RB ./.,,
sw08utt/sw_0823_2827.utt,2/sw2827,2827,305,fc,A,201,1,"Okay, {D well. } /","Okay/UH ,/, well/RB ./.",,
sw08utt/sw_0823_2827.utt,2/sw2827,2827,306,fc,B,202,1,"[ It was, + it was ] a pleasure chatting with you.  /","It/PRP was/VBD ,/, it/PRP was/VBD a/DT pleasure/NN chatting/VBG with/IN you/PRP ./.",,
sw08utt/sw_0823_2827.utt,2/sw2827,2827,307,fc^m,A,203,1,It was nice talking to you. /,It/PRP was/VBD nice/JJ talking/VBG to/IN you/PRP ./.,,
sw08utt/sw_0823_2827.utt,2/sw2827,2827,308,fc,B,204,1,"Yes,  /","Yes/UH ,/,",,
sw08utt/sw_0823_2827.utt,2/sw2827,2827,309,fc,B,204,2,"{D well, } have a good time cooking for your dinner party next week. /","well/UH ,/, have/VB a/DT good/JJ time/NN cooking/VBG for/IN your/PRP$ dinner/NN party/NN next/JJ week/NN ./.",,
sw08utt/sw_0823_2827.utt,2/sw2827,2827,310,fc,A,205,1,<Laughter>  Thank you. /,Thank/VB you/PRP ./.,,
sw08utt/sw_0823_2827.utt,2/sw2827,2827,311,fc,B,206,1,# Bye-bye. # /,Bye-bye/UH ./.,,
sw08utt/sw_0823_2827.utt,2/sw2827,2827,312,fc^m,A,207,1,# Bye-bye. # /,Bye-bye/UH ./.,,
