swda_filename,ptb_basename,conversation_no,transcript_index,act_tag,caller,utterance_index,subutterance_index,text,pos,trees,ptb_treenumbers
sw08utt/sw_0872_3034.utt,3/sw3034,3034,0,o,A,1,1,Okay.  /,Okay/UH ./.,,
sw08utt/sw_0872_3034.utt,3/sw3034,3034,1,sd^t,A,1,2,I hope you know more about the subject of baseball  /,I/PRP hope/VBP you/PRP know/VBP more/JJR about/IN the/DT subject/NN of/IN baseball/NN,,
sw08utt/sw_0872_3034.utt,3/sw3034,3034,2,sd,A,1,3,"{C and } where they're going <laughter> than I do beca-, -/","and/CC where/WRB they/PRP 're/VBP going/VBG than/IN I/PRP do/VBP beca-/IN ,/,",,
sw08utt/sw_0872_3034.utt,3/sw3034,3034,3,sd^t,B,2,1,"{F Oh, } I know a little bit about it.  /","Oh/UH ,/, I/PRP know/VBP a/DT little/JJ bit/NN about/IN it/PRP ./.",,
sw08utt/sw_0872_3034.utt,3/sw3034,3034,4,sd,B,2,2,I'm not a die-hard fan  /,I/PRP 'm/VBP not/RB a/DT die-hard/JJ fan/NN,,
sw08utt/sw_0872_3034.utt,3/sw3034,3034,5,sd,B,2,3,"{C but } [ I, + I ] enjoy the, - /","but/CC I/PRP ,/, I/PRP enjoy/VBP the/DT ,/,",,
sw08utt/sw_0872_3034.utt,3/sw3034,3034,6,sd,B,2,4,I like the Boston Red Sox myself. /,I/PRP like/VBP the/DT Boston/NNP Red/NNP Sox/NNPS myself/PRP ./.,,
sw08utt/sw_0872_3034.utt,3/sw3034,3034,7,%,A,3,1,"{D Well, } I, - /","Well/UH ,/, I/PRP ,/,",,
sw08utt/sw_0872_3034.utt,3/sw3034,3034,8,sd,A,3,2,"of all the sports [ that there are, + that there is, ] I like baseball the best.  /","of/IN all/PDT the/DT sports/NNS that/IN there/EX are/VBP ,/, that/IN there/EX is/VBZ ,/, I/PRP like/VBP baseball/NN the/DT best/JJS ./.",,
sw08utt/sw_0872_3034.utt,3/sw3034,3034,9,sd,A,3,3,"However, I haven't been to a baseball game in years,  /","However/RB ,/, I/PRP have/VBP n't/RB been/VBN to/IN a/DT baseball/NN game/NN in/IN years/NNS ,/,",,
sw08utt/sw_0872_3034.utt,3/sw3034,3034,10,sd,A,3,4,"{C but } I have kept, {F uh, } my eye on the Rangers. /","but/CC I/PRP have/VBP kept/VBN ,/, uh/UH ,/, my/PRP$ eye/NN on/IN the/DT Rangers/NNPS ./.",,
sw08utt/sw_0872_3034.utt,3/sw3034,3034,11,b,B,4,1,Uh-huh. /,Uh-huh/UH ./.,,
sw08utt/sw_0872_3034.utt,3/sw3034,3034,12,qy,A,5,1,{D You know } - /,You/PRP know/VBP,,
sw08utt/sw_0872_3034.utt,3/sw3034,3034,13,sd,A,5,2,"{C and } I guess they were doing pretty good up to a point,  /","and/CC I/PRP guess/VBP they/PRP were/VBD doing/VBG pretty/RB good/JJ up/IN to/IN a/DT point/NN ,/,",,
sw08utt/sw_0872_3034.utt,3/sw3034,3034,14,sd,A,5,3,{C and then } they kind of fell on their face <laughter>. /,and/CC then/RB they/PRP kind/RB of/RB fell/VBD on/IN their/PRP$ face/NN ./.,,
sw08utt/sw_0872_3034.utt,3/sw3034,3034,15,%,B,6,1,"{D Well, } with, {F uh, } - /","Well/UH ,/, with/IN ,/, uh/UH ,/,",,
sw08utt/sw_0872_3034.utt,3/sw3034,3034,16,sd,B,6,2,"their biggest point of interest has been Nolan Ryan not the rest of the team lately,  /","their/PRP$ biggest/JJS point/NN of/IN interest/NN has/VBZ been/VBN Nolan/NNP Ryan/NNP not/RB the/DT rest/NN of/IN the/DT team/NN lately/RB ,/,",,
sw08utt/sw_0872_3034.utt,3/sw3034,3034,17,%,B,6,3,{C so. } -/,so/RB ./.,,
sw08utt/sw_0872_3034.utt,3/sw3034,3034,18,ba,A,7,1,"Correct,  /","Correct/UH ,/,",,
sw08utt/sw_0872_3034.utt,3/sw3034,3034,19,b,A,7,2,right.  /,right/UH ./.,,
sw08utt/sw_0872_3034.utt,3/sw3034,3034,20,sv@,A,7,3,They've got a one man show going there.,They/PRP 've/VBP got/VBN a/DT one/CD man/NN show/NN going/VBG there/RB ./.,,
sw08utt/sw_0872_3034.utt,3/sw3034,3034,21,b,B,8,1,Right <laughter>. /,Right/UH ./.,,
sw08utt/sw_0872_3034.utt,3/sw3034,3034,22,+@,A,9,1,"<Laughter> Which is interesting, {D you know. }  /","Which/WDT is/VBZ interesting/JJ ,/, you/PRP know/VBP ./.",,
sw08utt/sw_0872_3034.utt,3/sw3034,3034,23,o@,A,9,2,"{F Um, }","Um/UH ,/,",,
sw08utt/sw_0872_3034.utt,3/sw3034,3034,24,ba,B,10,1,"{F Oh, } it's amazing. /","Oh/UH ,/, it/PRP 's/BES amazing/JJ ./.",,
sw08utt/sw_0872_3034.utt,3/sw3034,3034,25,+@,A,11,1,"[ I guess he can, + I guess he can ] really  (( call down ))  a salary <laughter>.  /","I/PRP guess/VBP he/PRP can/MD ,/, I/PRP guess/VB he/PRP can/MD really/RB call/VB down/RP a/DT salary/NN ./.",,
sw08utt/sw_0872_3034.utt,3/sw3034,3034,26,sd,A,11,2,They're so astronomical I can't even imagine --,They/PRP 're/VBP so/RB astronomical/JJ I/PRP ca/MD n't/RB even/RB imagine/VB --/:,,
sw08utt/sw_0872_3034.utt,3/sw3034,3034,27,b,B,12,1,Right. /,Right/UH ./.,,
sw08utt/sw_0872_3034.utt,3/sw3034,3034,28,+,A,13,1,-- <Laughter> that kind of money.  /,--/: that/DT kind/NN of/IN money/NN ./.,,
sw08utt/sw_0872_3034.utt,3/sw3034,3034,29,sd,A,13,2,"You know it's just, {F uh, } phenomenal <lipsmack>. /","You/PRP know/VBP it/PRP 's/BES just/RB ,/, uh/UH ,/, phenomenal/JJ ./.",,
sw08utt/sw_0872_3034.utt,3/sw3034,3034,30,sd,B,14,1,"{D Well, } fortunately the Red Sox, last time I saw the paper earlier this week, were in first place and doing quite well. /","Well/UH ,/, fortunately/RB the/DT Red/NNP Sox/NNPS ,/, last/JJ time/NN I/PRP saw/VBD the/DT paper/NN earlier/RBR this/DT week/NN ,/, were/VBD in/IN first/JJ place/NN and/CC doing/VBG quite/RB well/RB ./.",,
sw08utt/sw_0872_3034.utt,3/sw3034,3034,31,ba,A,15,1,"{D Well, } good. /","Well/UH ,/, good/UH ./.",,
sw08utt/sw_0872_3034.utt,3/sw3034,3034,32,sd,B,16,1,"{F Um, } I've been really busy at work this past week  /","Um/UH ,/, I/PRP 've/VBP been/VBN really/RB busy/JJ at/IN work/NN this/DT past/JJ week/NN",,
sw08utt/sw_0872_3034.utt,3/sw3034,3034,33,sd,B,16,2,{C and } normally on my way into work I'll pick up a newspaper  /,and/CC normally/RB on/IN my/PRP$ way/NN into/IN work/NN I/PRP 'll/MD pick/VB up/RB a/DT newspaper/NN,,
sw08utt/sw_0872_3034.utt,3/sw3034,3034,34,%,B,16,3,"{C and, } {F uh, } i-, - /","and/CC ,/, uh/UH ,/, i-/XX ,/,",,
sw08utt/sw_0872_3034.utt,3/sw3034,3034,35,sd,B,16,4,"{C so } every day I'll have a newspaper at work,  /","so/RB every/DT day/NN I/PRP 'll/MD have/VB a/DT newspaper/NN at/IN work/NN ,/,",,
sw08utt/sw_0872_3034.utt,3/sw3034,3034,36,sd,B,16,5,"{C and } when I take a break, I'll take a look at the newspaper.  /","and/CC when/WRB I/PRP take/VBP a/DT break/NN ,/, I/PRP 'll/MD take/VB a/DT look/NN at/IN the/DT newspaper/NN ./.",,
sw08utt/sw_0872_3034.utt,3/sw3034,3034,37,sd,B,16,6,{C But } this week I've been so busy I didn't even bother to stop <laughter>. /,But/CC this/DT week/NN I/PRP 've/VBP been/VBN so/RB busy/JJ I/PRP did/VBD n't/RB even/RB bother/VB to/TO stop/VB ./.,,
sw08utt/sw_0872_3034.utt,3/sw3034,3034,38,ba,A,17,1,I understand.  /,I/PRP understand/VBP ./.,,
sw08utt/sw_0872_3034.utt,3/sw3034,3034,39,ba^r,A,17,2,I understand. /,I/PRP understand/VBP ./.,,
sw08utt/sw_0872_3034.utt,3/sw3034,3034,40,sd,B,18,1,"{C But } [ hopefully, + hopefully ] next week I'll get back to my normal routine. /","But/CC hopefully/RB ,/, hopefully/RB next/JJ week/NN I/PRP 'll/MD get/VB back/RB to/IN my/PRP$ normal/JJ routine/NN ./.",,
sw08utt/sw_0872_3034.utt,3/sw3034,3034,41,b,A,19,1,Okay.  /,Okay/UH ./.,,
sw08utt/sw_0872_3034.utt,3/sw3034,3034,42,qy,A,19,2,"{F Uh, } you are involved with T I -s, {F uh, } speech, {F um, } recognition? /","Uh/UH ,/, you/PRP are/VBP involved/JJ with/IN T/NNP I/NNP -s/POS ,/, uh/UH ,/, speech/NN ,/, um/UH ,/, recognition/NN ?/.",,
sw08utt/sw_0872_3034.utt,3/sw3034,3034,43,ng,B,20,1,"{D Well, } not really.  /","Well/UH ,/, not/RB really/RB ./.",,
sw08utt/sw_0872_3034.utt,3/sw3034,3034,44,sd,B,20,2,"[ I, + {F um } --","I/PRP ,/, um/UH --/:",,
sw08utt/sw_0872_3034.utt,3/sw3034,3034,45,qw,A,21,1,How did you find out about it? /,How/WRB did/VBD you/PRP find/VBP out/RP about/IN it/PRP ?/.,,
sw08utt/sw_0872_3034.utt,3/sw3034,3034,46,+,B,22,1,-- I ] work at  ((   ))  laboratory. /,--/: I/PRP work/VBP at/IN MUMBLEx/XX laboratory/NN ./.,,
sw08utt/sw_0872_3034.utt,3/sw3034,3034,47,bk,A,23,1,"{F Oh, } okay. /","Oh/UH ,/, okay/UH ./.",,
sw08utt/sw_0872_3034.utt,3/sw3034,3034,48,%,B,24,1,"From, {F uh, } - /","From/IN ,/, uh/UH ,/,",,
sw08utt/sw_0872_3034.utt,3/sw3034,3034,49,sd,B,24,2,"I'm an officer in the Air Force, /","I/PRP 'm/VBP an/DT officer/NN in/IN the/DT Air/NNP Force/NNP ,/,",,
sw08utt/sw_0872_3034.utt,3/sw3034,3034,50,ba,A,25,1,I see. /,I/PRP see/VBP ./.,,
sw08utt/sw_0872_3034.utt,3/sw3034,3034,51,o@,B,26,1,"{C and, } {F uh, }","and/CC ,/, uh/UH ,/,",,
sw08utt/sw_0872_3034.utt,3/sw3034,3034,52,ba,A,27,1,Interesting. /,Interesting/JJ ./.,,
sw08utt/sw_0872_3034.utt,3/sw3034,3034,53,+@,B,28,1,they have a speech lab across the hall from us. /,they/PRP have/VBP a/DT speech/NN lab/NN across/IN the/DT hall/NN from/IN us/PRP ./.,,
sw08utt/sw_0872_3034.utt,3/sw3034,3034,54,ba,A,29,1,"{F Oh, } great. /","Oh/UH ,/, great/UH ./.",,
sw08utt/sw_0872_3034.utt,3/sw3034,3034,55,sd,B,30,1,"{C And, } {F uh, } the speech laboratory does some work with, {F uh, } T I,","And/CC ,/, uh/UH ,/, the/DT speech/NN laboratory/NN does/VBZ some/DT work/NN with/IN ,/, uh/UH ,/, T/NNP I/NNP ,/,",,
sw08utt/sw_0872_3034.utt,3/sw3034,3034,56,ba,A,31,1,I see. /,I/PRP see/VBP ./.,,
sw08utt/sw_0872_3034.utt,3/sw3034,3034,57,+,B,32,1,"[ at, + ] {F uh, } not in my office  /","at/IN ,/, uh/UH ,/, not/RB in/IN my/PRP$ office/NN",,
sw08utt/sw_0872_3034.utt,3/sw3034,3034,58,sd,B,32,2,"{C but, } {F uh, } in my division they do,","but/CC ,/, uh/UH ,/, in/IN my/PRP$ division/NN they/PRP do/VBP ,/,",,
sw08utt/sw_0872_3034.utt,3/sw3034,3034,59,b,A,33,1,Uh-huh. /,Uh-huh/UH ./.,,
sw08utt/sw_0872_3034.utt,3/sw3034,3034,60,+,B,34,1,quite a bit of speech work. /,quite/RB a/DT bit/NN of/IN speech/NN work/NN ./.,,
sw08utt/sw_0872_3034.utt,3/sw3034,3034,61,ba,A,35,1,"{D Well, } that's good.  /","Well/UH ,/, that/DT 's/BES good/JJ ./.",,
sw08utt/sw_0872_3034.utt,3/sw3034,3034,62,ba,A,35,2,"{D Well, } that's interesting.  /","Well/UH ,/, that/DT 's/BES interesting/JJ ./.",,
sw08utt/sw_0872_3034.utt,3/sw3034,3034,63,sd^t,A,35,3,"{C And } the topics are interesting, {F uh, }  /","And/CC the/DT topics/NNS are/VBP interesting/JJ ,/, uh/UH ,/,",,
sw08utt/sw_0872_3034.utt,3/sw3034,3034,64,sd^t,A,35,4,"they run a whole  (( gamut )) [ of, + of, ] {F uh, } subjects,  /","they/PRP run/VBP a/DT whole/JJ gamut/NN of/IN ,/, of/IN ,/, uh/UH ,/, subjects/NNS ,/,",,
sw08utt/sw_0872_3034.utt,3/sw3034,3034,65,sv^t,A,35,5,"{C and, } {F uh, } I think we can address every topic,  /","and/CC ,/, uh/UH ,/, I/PRP think/VBP we/PRP can/MD address/VB every/DT topic/NN ,/,",,
sw08utt/sw_0872_3034.utt,3/sw3034,3034,66,sv,A,35,6,{C but } the depth of knowledge is quite different. /,but/CC the/DT depth/NN of/IN knowledge/NN is/VBZ quite/RB different/JJ ./.,,
sw08utt/sw_0872_3034.utt,3/sw3034,3034,67,b,B,36,1,Sure.  /,Sure/UH ./.,,
sw08utt/sw_0872_3034.utt,3/sw3034,3034,68,b^r,B,36,2,Sure. /,Sure/UH ./.,,
sw08utt/sw_0872_3034.utt,3/sw3034,3034,69,sd^t,A,37,1,"{C So, } {F uh, } when they chose baseball, - /","So/RB ,/, uh/UH ,/, when/WRB they/PRP chose/VBD baseball/NN ,/,",,
sw08utt/sw_0872_3034.utt,3/sw3034,3034,70,sd,A,37,2,"{E I mean, } [ [ I'm, + I'm, ] + I ] can understand baseball, {D you know, }  /","I/PRP mean/VBP ,/, I/PRP 'm/VBP ,/, I/PRP 'm/VBP ,/, I/PRP can/MD understand/VB baseball/NN ,/, you/PRP know/VBP ,/,",,
sw08utt/sw_0872_3034.utt,3/sw3034,3034,71,sd,A,37,3,I don't understand football. /,I/PRP do/VBP n't/RB understand/VB football/NN ./.,,
sw08utt/sw_0872_3034.utt,3/sw3034,3034,72,b,B,38,1,Uh-huh. /,Uh-huh/UH ./.,,
sw08utt/sw_0872_3034.utt,3/sw3034,3034,73,sd@,A,39,1,"{F Um, } {D you know, } {F uh, } it's such a rugged game that [ it, + {F uh, } {F uh, } it ] seems to be too physical for my, {F uh, } interest <laughter>.","Um/UH ,/, you/PRP know/VBP ,/, uh/UH ,/, it/PRP 's/BES such/PDT a/DT rugged/JJ game/NN that/IN it/PRP ,/, uh/UH ,/, uh/UH ,/, it/PRP seems/VBZ to/TO be/VB too/RB physical/JJ for/IN my/PRP$ ,/, uh/UH ,/, interest/NN ./.",,
sw08utt/sw_0872_3034.utt,3/sw3034,3034,74,sd,B,40,1,"<Laughter> {F Oh, } I prefer to, - /","Oh/UH ,/, I/PRP prefer/VBP to/TO ,/,",,
sw08utt/sw_0872_3034.utt,3/sw3034,3034,75,sd,B,40,2,"[ I, + I ] like, - /","I/PRP ,/, I/PRP like/VBP ,/,",,
sw08utt/sw_0872_3034.utt,3/sw3034,3034,76,sd,B,40,3,I never used to really like  watching football that much  /,I/PRP never/RB used/VBD to/TO really/RB like/VB watching/VBG football/NN that/RB much/JJ,,
sw08utt/sw_0872_3034.utt,3/sw3034,3034,77,sd,B,40,4,"{C but } more and more these days [ I'm, + I'll ] like a football game,  /","but/CC more/JJR and/CC more/JJR these/DT days/NNS I/PRP 'm/VBP ,/, I/PRP 'll/MD like/VB a/DT football/NN game/NN ,/,",,
sw08utt/sw_0872_3034.utt,3/sw3034,3034,78,sd,B,40,5,{C but } I've always liked baseball. /,but/CC I/PRP 've/VBP always/RB liked/VBN baseball/NN ./.,,
sw08utt/sw_0872_3034.utt,3/sw3034,3034,79,+@,A,41,1,Uh-huh. /,Uh-huh/UH ./.,,
sw08utt/sw_0872_3034.utt,3/sw3034,3034,80,sd,B,42,1,"[ I, + I ] prefer to watch, {F um, } - /","I/PRP ,/, I/PRP prefer/VBP to/TO watch/VB ,/, um/UH ,/,",,
sw08utt/sw_0872_3034.utt,3/sw3034,3034,81,sv,B,42,2,I guess I'm one of the few people that also prefers baseball to football.  /,I/PRP guess/VBP I/PRP 'm/VBP one/CD of/IN the/DT few/JJ people/NNS that/WDT also/RB prefers/VBZ baseball/NN to/IN football/NN ./.,,
sw08utt/sw_0872_3034.utt,3/sw3034,3034,82,sd,B,42,3,"{C And } [ I, + I'd ] much rather go to a baseball game than to a football game. /","And/CC I/PRP ,/, I/PRP 'd/MD much/RB rather/RB go/VB to/IN a/DT baseball/NN game/NN than/IN to/IN a/DT football/NN game/NN ./.",,
sw08utt/sw_0872_3034.utt,3/sw3034,3034,83,sd,A,43,1,"{D Well, } [ I, + I ] can relate to baseball because I used to play baseball.  /","Well/UH ,/, I/PRP ,/, I/PRP can/MD relate/VB to/IN baseball/NN because/IN I/PRP used/VBD to/TO play/VB baseball/NN ./.",,
sw08utt/sw_0872_3034.utt,3/sw3034,3034,84,sd,A,43,2,"{C But } I can't relate to football because I've never,","But/CC I/PRP ca/MD n't/RB relate/VB to/IN football/NN because/IN I/PRP 've/VBP never/RB ,/,",,
sw08utt/sw_0872_3034.utt,3/sw3034,3034,85,b,B,44,1,Uh-huh. /,Uh-huh/UH ./.,,
sw08utt/sw_0872_3034.utt,3/sw3034,3034,86,+,A,45,1,"played football [ and, + and ] don't, [ and + ] have any interest,  /","played/VBN football/NN and/CC ,/, and/CC do/VBP n't/RB ,/, and/CC have/VBP any/DT interest/NN ,/,",,
sw08utt/sw_0872_3034.utt,3/sw3034,3034,87,sd,A,45,2,"{C and } I said if I ever had a son, he would not play football.  /","and/CC I/PRP said/VBD if/IN I/PRP ever/RB had/VBD a/DT son/NN ,/, he/PRP would/MD not/RB play/VB football/NN ./.",,
sw08utt/sw_0872_3034.utt,3/sw3034,3034,88,sd,A,45,3,"{C And, } {F uh, } I had four daughters  /","And/CC ,/, uh/UH ,/, I/PRP had/VBD four/CD daughters/NNS",,
sw08utt/sw_0872_3034.utt,3/sw3034,3034,89,sd,A,45,4,"<laughter> {C so } that wasn't a question,  /","so/RB that/DT was/VBD n't/RB a/DT question/NN ,/,",,
sw08utt/sw_0872_3034.utt,3/sw3034,3034,90,sd,A,45,5,"{C but } now I have a grandson that [ i-, + {D you know, } is ] gung ho for, {F uh, } football. /","but/CC now/RB I/PRP have/VBP a/DT grandson/NN that/WDT i-/XX ,/, you/PRP know/VBP ,/, is/VBZ gung/GW ho/^JJ for/IN ,/, uh/UH ,/, football/NN ./.",,
sw08utt/sw_0872_3034.utt,3/sw3034,3034,91,b,B,46,1,Uh-huh. /,Uh-huh/UH ./.,,
sw08utt/sw_0872_3034.utt,3/sw3034,3034,92,sd@,A,47,1,"{C And, } {F uh, } that doesn't please Grandma too much.","And/CC ,/, uh/UH ,/, that/DT does/VBZ n't/RB please/VB Grandma/NNP too/RB much/JJ ./.",,
sw08utt/sw_0872_3034.utt,3/sw3034,3034,93,%,B,48,1,"{D Well, } -/","Well/UH ,/,",,
sw08utt/sw_0872_3034.utt,3/sw3034,3034,94,+@,A,49,1,"[ I'm always af-, + ] because the injuries [ are, + ] {F uh, } can be very, very devastating. /","I/PRP 'm/VBP always/RB af-/XX ,/, because/IN the/DT injuries/NNS are/VBP ,/, uh/UH ,/, can/MD be/VB very/RB ,/, very/RB devastating/JJ ./.",,
sw08utt/sw_0872_3034.utt,3/sw3034,3034,95,sd,B,50,1,"{D Well, } there's injuries in a lot of sport. /","Well/UH ,/, there/EX 's/BES injuries/NNS in/IN a/DT lot/NN of/IN sport/NN ./.",,
sw08utt/sw_0872_3034.utt,3/sw3034,3034,96,ba,A,51,1,"I understand that, /","I/PRP understand/VBP that/DT ,/,",,
sw08utt/sw_0872_3034.utt,3/sw3034,3034,97,%,B,52,1,"[ I'd, + I, ] -/","I/PRP 'd/MD ,/, I/PRP ,/,",,
sw08utt/sw_0872_3034.utt,3/sw3034,3034,98,sv,A,53,1,"{C but } I think [ the, + ] they happen more in football.  /","but/CC I/PRP think/VBP the/DT ,/, they/PRP happen/VBP more/JJR in/IN football/NN ./.",,
sw08utt/sw_0872_3034.utt,3/sw3034,3034,99,sv,A,53,2,I think the odds are cut down. /,I/PRP think/VBP the/DT odds/NNS are/VBP cut/VB down/RP ./.,,
sw08utt/sw_0872_3034.utt,3/sw3034,3034,100,b,B,54,1,Uh-huh. /,Uh-huh/UH ./.,,
sw08utt/sw_0872_3034.utt,3/sw3034,3034,101,sv,A,55,1,"{D You know, } [ I, + I ] know they can get hurt in baseball too.  /","You/PRP know/VBP ,/, I/PRP ,/, I/PRP know/VBP they/PRP can/MD get/VB hurt/JJ in/IN baseball/NN too/RB ./.",,
sw08utt/sw_0872_3034.utt,3/sw3034,3034,102,sv,A,55,2,"The bat is a very heavy object, can do a lot of damage  /","The/DT bat/NN is/VBZ a/DT very/RB heavy/JJ object/NN ,/, can/MD do/VB a/DT lot/NN of/IN damage/NN",,
sw08utt/sw_0872_3034.utt,3/sw3034,3034,103,sv,A,55,3,"{C but, } {F uh, } I think that they have [ a, + a ] lower  [ (( racial ))  of injuries, +","but/CC ,/, uh/UH ,/, I/PRP think/VBP that/IN they/PRP have/VBP a/DT ,/, a/DT lower/JJR racial/JJ of/IN  injuries/NNS ,/,",,
sw08utt/sw_0872_3034.utt,3/sw3034,3034,104,o@,B,56,1,"{F Uh, }","Uh/UH ,/,",,
sw08utt/sw_0872_3034.utt,3/sw3034,3034,105,+,A,57,1,ratio of injuries ] in baseball. /,ratio/NN of/IN injuries/NNS in/IN baseball/NN ./.,,
sw08utt/sw_0872_3034.utt,3/sw3034,3034,106,+@,B,58,1,"baseball,  /","baseball/NN ,/,",,
sw08utt/sw_0872_3034.utt,3/sw3034,3034,107,aa,B,58,2,it's true.  /,it/PRP 's/BES true/JJ ./.,,
sw08utt/sw_0872_3034.utt,3/sw3034,3034,108,sv,B,58,3,"[  I, + I ] would say that baseball tends to be one of the less,","I/PRP ,/, I/PRP would/MD say/VB that/DT baseball/NN tends/VBZ to/TO be/VB one/CD of/IN the/DT less/JJR ,/,",,
sw08utt/sw_0872_3034.utt,3/sw3034,3034,109,%,A,59,1,"Because the-, -/","Because/IN the-/XX ,/,",,
sw08utt/sw_0872_3034.utt,3/sw3034,3034,110,+,B,60,1,"troublesome sports, /","troublesome/JJ sports/NNS ,/,",,
sw08utt/sw_0872_3034.utt,3/sw3034,3034,111,b,A,61,1,Yeah. /,Yeah/UH ./.,,
sw08utt/sw_0872_3034.utt,3/sw3034,3034,112,sd,B,62,1,"{C but, } {F uh, } for some people it's just, {F uh, } {F uh, } -/","but/CC ,/, uh/UH ,/, for/IN some/DT people/NNS it/PRP 's/BES just/RB ,/, uh/UH ,/, uh/UH ,/,",,
sw08utt/sw_0872_3034.utt,3/sw3034,3034,113,^2,A,63,1,A love for them. /,A/DT love/NN for/IN them/PRP ./.,,
sw08utt/sw_0872_3034.utt,3/sw3034,3034,114,%,B,64,1,"{D Well, } that, - /","Well/UH ,/, that/DT ,/,",,
sw08utt/sw_0872_3034.utt,3/sw3034,3034,115,ar,B,64,2,not so much that - /,not/RB so/RB much/JJ that/DT,,
sw08utt/sw_0872_3034.utt,3/sw3034,3034,116,sv,B,64,3,"{C but, } {F uh, } even in baseball you can, - /","but/CC ,/, uh/UH ,/, even/RB in/IN baseball/NN you/PRP can/MD ,/,",,
sw08utt/sw_0872_3034.utt,3/sw3034,3034,117,sd,B,64,4,"{D like } when I played baseball when I was growing up, I had trouble, {F uh, } {F uh, } just throwing the ball because [ I wa-, very, + I was ] always very strong  /","like/IN when/WRB I/PRP played/VBD baseball/NN when/WRB I/PRP was/VBD growing/VBG up/RP ,/, I/PRP had/VBD trouble/NN ,/, uh/UH ,/, uh/UH ,/, just/RB throwing/VBG the/DT ball/NN because/IN I/PRP wa-/XX ,/, very/RB ,/, I/PRP was/VBD always/RB very/RB strong/JJ",,
sw08utt/sw_0872_3034.utt,3/sw3034,3034,118,%,B,64,5,"{C and } I could-, th-, - /","and/CC I/PRP could-/XX ,/, th-/XX ,/,",,
sw08utt/sw_0872_3034.utt,3/sw3034,3034,119,sd,B,64,6,"when I was young I could throw harder,","when/WRB I/PRP was/VBD young/JJ I/PRP could/MD throw/VB harder/JJR ,/,",,
sw08utt/sw_0872_3034.utt,3/sw3034,3034,120,b,A,65,1,Uh-huh. /,Uh-huh/UH ./.,,
sw08utt/sw_0872_3034.utt,3/sw3034,3034,121,+,B,66,1,"than my, {F uh, }  {D like } ligaments and all that should have been allowed to. /","than/IN my/PRP$ ,/, uh/UH ,/, like/IN ligaments/NNS and/CC all/DT that/DT should/MD have/VB been/VBN allowed/VBN to/TO ./.",,
sw08utt/sw_0872_3034.utt,3/sw3034,3034,122,ba,A,67,1,I see. /,I/PRP see/VBP ./.,,
sw08utt/sw_0872_3034.utt,3/sw3034,3034,123,sd,B,68,1,"{C And so } I was always throwing my arm out  and, {F uh, }","And/CC so/RB I/PRP was/VBD always/RB throwing/VBG my/PRP$ arm/NN out/RP and/CC ,/, uh/UH ,/,",,
sw08utt/sw_0872_3034.utt,3/sw3034,3034,124,b,A,69,1,Uh-huh. /,Uh-huh/UH ./.,,
sw08utt/sw_0872_3034.utt,3/sw3034,3034,125,+,B,70,1,having trouble.  /,having/VBG trouble/NN ./.,,
sw08utt/sw_0872_3034.utt,3/sw3034,3034,126,sd,B,70,2,"[ I, + {C and } I ] was a catcher  /","I/PRP ,/, and/CC I/PRP was/VBD a/DT catcher/NN",,
sw08utt/sw_0872_3034.utt,3/sw3034,3034,127,sd,B,70,3,"{C so } I was constantly throwing back to the pitcher and then down to second base and all and [ k-, + ] that kind of stuff.  /","so/RB I/PRP was/VBD constantly/RB throwing/VBG back/RB to/IN the/DT pitcher/NN and/CC then/RB down/IN to/IN second/JJ base/NN and/CC all/DT and/CC k-/XX ,/, that/DT kind/NN of/IN stuff/NN ./.",,
sw08utt/sw_0872_3034.utt,3/sw3034,3034,128,%,B,70,4,"{C So } I, - /","So/RB I/PRP ,/,",,
sw08utt/sw_0872_3034.utt,3/sw3034,3034,129,sd,B,70,5,"that was always a problem for me was [ just, + just ] the constant throwing,  /","that/DT was/VBD always/RB a/DT problem/NN for/IN me/PRP was/VBD just/RB ,/, just/RB the/DT constant/JJ throwing/NN ,/,",,
sw08utt/sw_0872_3034.utt,3/sw3034,3034,130,%,B,70,6,{C so. } -/,so/RB ./.,,
sw08utt/sw_0872_3034.utt,3/sw3034,3034,131,qy,A,71,1,"[ Did you, + did you ] sustain any permanent, {F uh, } injury with that? /","Did/VBD you/PRP ,/, did/VBD you/PRP sustain/VB any/DT permanent/JJ ,/, uh/UH ,/, injury/NN with/IN that/DT ?/.",,
sw08utt/sw_0872_3034.utt,3/sw3034,3034,132,nn,B,72,1,"No,  /","No/UH ,/,",,
sw08utt/sw_0872_3034.utt,3/sw3034,3034,133,sd^e,B,72,2,I did that wrestling <laughter>. /,I/PRP did/VBD that/DT wrestling/VBG ./.,,
sw08utt/sw_0872_3034.utt,3/sw3034,3034,134,b,A,73,1,Oh.  /,Oh/UH ./.,,
sw08utt/sw_0872_3034.utt,3/sw3034,3034,135,bk,A,73,2,"{F Oh, } okay. /","Oh/UH ,/, okay/UH ./.",,
sw08utt/sw_0872_3034.utt,3/sw3034,3034,136,nn,B,74,1,"No,  /","No/UH ,/,",,
sw08utt/sw_0872_3034.utt,3/sw3034,3034,137,%,B,74,2,"I'd, - /","I/PRP 'd/MD ,/,",,
sw08utt/sw_0872_3034.utt,3/sw3034,3034,138,sd,B,74,3,"{D well, } [ I, + I, ] {F uh, } always been quite an athlete and doing different things  /","well/UH ,/, I/PRP ,/, I/PRP ,/, uh/UH ,/, always/RB been/VBN quite/RB an/DT athlete/NN and/CC doing/VBG different/JJ things/NNS",,
sw08utt/sw_0872_3034.utt,3/sw3034,3034,139,sd,B,74,4,"{C and, } {F um, } the other thing was I'd never really let injuries stop me.  /","and/CC ,/, um/UH ,/, the/DT other/JJ thing/NN was/VBD I/PRP 'd/MD never/RB really/RB let/VB injuries/NNS stop/VB me/PRP ./.",,
sw08utt/sw_0872_3034.utt,3/sw3034,3034,140,sd,B,74,5,"{C But } interestingly enough you mentioned football, is like, - /","But/CC interestingly/RB enough/RB you/PRP mentioned/VBD football/NN ,/, is/VBZ like/IN ,/,",,
sw08utt/sw_0872_3034.utt,3/sw3034,3034,141,sd,B,74,6,"now I won't play football anymore because of [ the, + {F uh, } the ] separated shoulder wrestling, /","now/RB I/PRP wo/MD n't/RB play/VB football/NN anymore/RB because/IN of/IN the/DT ,/, uh/UH ,/, the/DT separated/JJ shoulder/NN wrestling/VBG ,/,",,
sw08utt/sw_0872_3034.utt,3/sw3034,3034,142,b,A,75,1,"Uh-huh,  /","Uh-huh/UH ,/,",,
sw08utt/sw_0872_3034.utt,3/sw3034,3034,143,b^r,A,75,2,uh-huh. /,uh-huh/UH ./.,,
sw08utt/sw_0872_3034.utt,3/sw3034,3034,144,sd,B,76,1,"[ {C so. } + {F Um, } {C but } ] [ I stood the, + stood the ] injury wrestling,  /","so/RB ./. Um/UH ,/, but/CC I/PRP stood/VBD the/DT ,/, stood/VBD the/DT injury/NN wrestling/VBG ,/,",,
sw08utt/sw_0872_3034.utt,3/sw3034,3034,145,%,B,76,2,"{C but } it, - /","but/CC it/PRP ,/,",,
sw08utt/sw_0872_3034.utt,3/sw3034,3034,146,sd,B,76,3,"as long as I let it heal, it never really bothered me  /","as/RB long/RB as/IN I/PRP let/VBP it/PRP heal/VB ,/, it/PRP never/RB really/RB bothered/VBN me/PRP",,
sw08utt/sw_0872_3034.utt,3/sw3034,3034,147,sd,B,76,4,"then playing football this fall,","then/RB playing/VBG football/NN this/DT fall/NN ,/,",,
sw08utt/sw_0872_3034.utt,3/sw3034,3034,148,b,A,77,1,Uh-huh. /,Uh-huh/UH ./.,,
sw08utt/sw_0872_3034.utt,3/sw3034,3034,149,+,B,78,1,"[ I, + {A it was just flag football too. }  I ] separated it again  /","I/PRP ,/, it/PRP was/VBD just/RB flag/NN football/NN too/RB ./. I/PRP separated/VBD it/PRP again/RB",,
sw08utt/sw_0872_3034.utt,3/sw3034,3034,150,sd,B,78,2,"{C and } it seemed to be,","and/CC it/PRP seemed/VBD to/TO be/VB ,/,",,
sw08utt/sw_0872_3034.utt,3/sw3034,3034,151,ba,A,79,1,"{F Oh, } boy. /","Oh/UH ,/, boy/UH ./.",,
sw08utt/sw_0872_3034.utt,3/sw3034,3034,152,+,B,80,1,"{D like } the straw that broke the camels back,  /","like/IN the/DT straw/NN that/WDT broke/VBD the/DT camels/NNS back/NN ,/,",,
sw08utt/sw_0872_3034.utt,3/sw3034,3034,153,%,B,80,2,{C so. } -/,so/RB ./.,,
sw08utt/sw_0872_3034.utt,3/sw3034,3034,154,b,A,81,1,Uh-huh.  /,Uh-huh/UH ./.,,
sw08utt/sw_0872_3034.utt,3/sw3034,3034,155,sd,A,81,2,"{D Well, } [ I have, + {F uh, } I have ] a broken arm that I had since I was three.  /","Well/UH ,/, I/PRP have/VBP ,/, uh/UH ,/, I/PRP have/VBP a/DT broken/JJ arm/NN that/WDT I/PRP had/VBD since/IN I/PRP was/VBD three/CD ./.",,
sw08utt/sw_0872_3034.utt,3/sw3034,3034,156,sd,A,81,3,It was never set right. /,It/PRP was/VBD never/RB set/VBN right/RB ./.,,
sw08utt/sw_0872_3034.utt,3/sw3034,3034,157,b,B,82,1,Uh-huh. /,Uh-huh/UH ./.,,
sw08utt/sw_0872_3034.utt,3/sw3034,3034,158,sd,A,83,1,"{C And, } {F uh, } {F uh, } I liked bowling [ as a, + as a ] kind of a relaxing sport.   /","And/CC ,/, uh/UH ,/, uh/UH ,/, I/PRP liked/VBD bowling/NN as/IN a/DT ,/, as/IN a/DT kind/NN of/IN a/DT relaxing/JJ sport/NN ./.",,
sw08utt/sw_0872_3034.utt,3/sw3034,3034,159,sd,A,83,2,"{C And, } {F uh, } one of the men that was [ in our rel-, + on our ] league, {F uh, } noticed, {F uh, } {D you know, } {F uh, } my broken arm and the way my ball would do.   /","And/CC ,/, uh/UH ,/, one/CD of/IN the/DT men/NNS that/WDT was/VBD in/IN our/PRP$ rel-/XX ,/, on/IN our/PRP$ league/NN ,/, uh/UH ,/, noticed/VBD ,/, uh/UH ,/, you/PRP know/VBP ,/, uh/UH ,/, my/PRP$ broken/JJ arm/NN and/CC the/DT way/NN my/PRP$ ball/NN would/MD do/VB ./.",,
sw08utt/sw_0872_3034.utt,3/sw3034,3034,160,sd(^q),A,83,3,"{C And } he says, let me show you how to use your arm to your advantage.  /","And/CC he/PRP says/VBZ ,/, let/VB me/PRP show/VB you/PRP how/WRB to/TO use/VB your/PRP$ arm/NN to/IN your/PRP$ advantage/NN ./.",,
sw08utt/sw_0872_3034.utt,3/sw3034,3034,161,sd,A,83,4,"{C And so } he brought me up from like a hundred and fifteen, I had my high game of two eighty-seven. /","And/CC so/RB he/PRP brought/VBD me/PRP up/IN from/IN like/IN a/DT hundred/CD and/CC fifteen/CD ,/, I/PRP had/VBD my/PRP$ high/JJ game/NN of/IN two/CD eighty-seven/CD ./.",,
sw08utt/sw_0872_3034.utt,3/sw3034,3034,162,ba,B,84,1,My God. /,My/PRP$ God/NNP ./.,,
sw08utt/sw_0872_3034.utt,3/sw3034,3034,163,b,A,85,1,"<Laughter> {C So, } {F uh, } yeah  /","So/RB ,/, uh/UH ,/, yeah/UH",,
sw08utt/sw_0872_3034.utt,3/sw3034,3034,164,sd,A,85,2,"<throat_clearing>.  {F Um, } it was really funny, {D you know, } that he would tell me where to stand and how to hold my arm [ and, + and ] how to, {F uh, } follow through with my, {F uh, } - /","./. Um/UH ,/, it/PRP was/VBD really/RB funny/JJ ,/, you/PRP know/VBP ,/, that/IN he/PRP would/MD tell/VB me/PRP where/WRB to/TO stand/VB and/CC how/WRB to/TO hold/VB my/PRP$ arm/NN and/CC ,/, and/CC how/WRB to/TO ,/, uh/UH ,/, follow/VB through/IN with/IN my/PRP$ ,/, uh/UH ,/,",,
sw08utt/sw_0872_3034.utt,3/sw3034,3034,165,sd,A,85,3,"(( addressing that )) , to put the ball, -/","addressing/VBG that/IN ,/, to/TO put/VB the/DT ball/NN ,/,",,
sw08utt/sw_0872_3034.utt,3/sw3034,3034,166,b,B,86,1,Uh-huh. /,Uh-huh/UH ./.,,
sw08utt/sw_0872_3034.utt,3/sw3034,3034,167,%,A,87,1,"the, {F uh, } pins. - /","the/DT ,/, uh/UH ,/, pins/NNS ./.",,
sw08utt/sw_0872_3034.utt,3/sw3034,3034,168,sd,A,87,2,{C So } that was interesting.   /,So/RB that/DT was/VBD interesting/JJ ./.,,
sw08utt/sw_0872_3034.utt,3/sw3034,3034,169,sd,A,87,3,"{C So } [ I really, + {F um, } I ] got a lot of, {F uh, } recognition from [ the, + {F uh, } {F uh, } the ] bowling league, I guess. /","So/RB I/PRP really/RB ,/, um/UH ,/, I/PRP got/VBD a/DT lot/NN of/IN ,/, uh/UH ,/, recognition/NN from/IN the/DT ,/, uh/UH ,/, uh/UH ,/, the/DT bowling/NN league/NN ,/, I/PRP guess/VBP ./.",,
sw08utt/sw_0872_3034.utt,3/sw3034,3034,170,b,B,88,1,Uh-huh. /,Uh-huh/UH ./.,,
sw08utt/sw_0872_3034.utt,3/sw3034,3034,171,sd,A,89,1,"I'm not sure where all my pins came from,  /","I/PRP 'm/VBP not/RB sure/JJ where/WRB all/DT my/PRP$ pins/NNS came/VBD from/IN ,/,",,
sw08utt/sw_0872_3034.utt,3/sw3034,3034,172,%,A,89,2,"{C but } it's, - /","but/CC it/PRP 's/BES ,/,",,
sw08utt/sw_0872_3034.utt,3/sw3034,3034,173,sd,A,89,3,{C but } that was quite awhile ago  /,but/CC that/DT was/VBD quite/RB awhile/RB ago/RB,,
sw08utt/sw_0872_3034.utt,3/sw3034,3034,174,sd,A,89,4,"[ {C but } I, + {C and } I ] never pursued it.  /","but/CC I/PRP ,/, and/CC I/PRP never/RB pursued/VBD it/PRP ./.",,
sw08utt/sw_0872_3034.utt,3/sw3034,3034,175,sd(^q),A,89,5,"{C And } a lot of people said, {D well, } you should have turned pro.  /","And/CC a/DT lot/NN of/IN people/NNS said/VBD ,/, well/UH ,/, you/PRP should/MD have/VB turned/VBN pro/JJ ./.",,
sw08utt/sw_0872_3034.utt,3/sw3034,3034,176,sd,A,89,6,"{C And } I thought, no,  /","And/CC I/PRP thought/VBD ,/, no/UH ,/,",,
sw08utt/sw_0872_3034.utt,3/sw3034,3034,177,%,A,89,7,"not m-, - /","not/RB m-/XX ,/,",,
sw08utt/sw_0872_3034.utt,3/sw3034,3034,178,%,A,89,8,"m-, - /","m/IN ,/,",,
sw08utt/sw_0872_3034.utt,3/sw3034,3034,179,%,A,89,9,"I don't, - /","I/PRP do/VBP n't/RB ,/,",,
sw08utt/sw_0872_3034.utt,3/sw3034,3034,180,sd,A,89,10,my love wasn't there for the game.  /,my/PRP$ love/NN was/VBD n't/RB there/RB for/IN the/DT game/NN ./.,,
sw08utt/sw_0872_3034.utt,3/sw3034,3034,181,sd,A,89,11,"I liked to [ as a, + as a ] method of, {F uh, } entertainment and I, {F uh, }","I/PRP liked/VBD to/TO as/IN a/DT ,/, as/IN a/DT method/NN of/IN ,/, uh/UH ,/, entertainment/NN and/CC I/PRP ,/, uh/UH ,/,",,
sw08utt/sw_0872_3034.utt,3/sw3034,3034,182,b,B,90,1,Sure. /,Sure/UH ./.,,
sw08utt/sw_0872_3034.utt,3/sw3034,3034,183,+,A,91,1,fellowship  /,fellowship/NN,,
sw08utt/sw_0872_3034.utt,3/sw3034,3034,184,sd,A,91,2,"{C but } outside of that, no.  /","but/CC outside/IN of/IN that/DT ,/, no/UH ./.",,
sw08utt/sw_0872_3034.utt,3/sw3034,3034,185,sd,A,91,3,I didn't.  /,I/PRP did/VBD n't/RB ./.,,
sw08utt/sw_0872_3034.utt,3/sw3034,3034,186,sd,A,91,4,"[ [ {C And } I, + {C and } I ] + still, I ] like to bowl,  /","And/CC I/PRP ,/, and/CC I/PRP still/RB ,/, I/PRP like/VBP to/TO bowl/VB ,/,",,
sw08utt/sw_0872_3034.utt,3/sw3034,3034,187,sd,A,91,5,"{C but, } {F uh, } <lipsmack> I don't have, {F uh, } Jack <laughter> standing behind me to tell me what to do <laughter>. /","but/CC ,/, uh/UH ,/, I/PRP do/VBP n't/RB have/VB ,/, uh/UH ,/, Jack/NNP standing/VBG behind/IN me/PRP to/TO tell/VB me/PRP what/WP to/TO do/VB ./.",,
sw08utt/sw_0872_3034.utt,3/sw3034,3034,188,qy,B,92,1,"Are  [ you  on, + you on ] any leagues now? /","Are/VBP you/PRP on/IN ,/, you/PRP on/IN any/DT leagues/NNS now/RB ?/.",,
sw08utt/sw_0872_3034.utt,3/sw3034,3034,189,nn,A,93,1,"No,  /","No/UH ,/,",,
sw08utt/sw_0872_3034.utt,3/sw3034,3034,190,sd^e,A,93,2,I'm not. /,I/PRP 'm/VBP not/RB ./.,,
sw08utt/sw_0872_3034.utt,3/sw3034,3034,191,b,B,94,1,Oh. /,Oh/UH ./.,,
sw08utt/sw_0872_3034.utt,3/sw3034,3034,192,nn,A,95,1,No.  /,No/UH ./.,,
sw08utt/sw_0872_3034.utt,3/sw3034,3034,193,nn^r,A,95,2,"No, {F uh,  /","No/UH ,/, uh/UH ,/,",,
sw08utt/sw_0872_3034.utt,3/sw3034,3034,194,sd^e,A,95,3,"} at T I they have [ a sponsor, + ] a junior league achievement  /","at/IN T/NNP I/NNP they/PRP have/VBP a/DT sponsor/NN ,/, a/DT junior/JJ league/NN achievement/NN",,
sw08utt/sw_0872_3034.utt,3/sw3034,3034,195,sd,A,95,4,"{C and, } {F uh, } it's true bowling  /","and/CC ,/, uh/UH ,/, it/PRP 's/BES true/JJ bowling/NN",,
sw08utt/sw_0872_3034.utt,3/sw3034,3034,196,sd,A,95,5,"{C and } I've never, {F uh, } shared that with them.  /","and/CC I/PRP 've/VBP never/RB ,/, uh/UH ,/, shared/VBN that/DT with/IN them/PRP ./.",,
sw08utt/sw_0872_3034.utt,3/sw3034,3034,197,sd,A,95,6,"I would have to brush up on my bowling before I even tried to, {F uh, } win a lot of money for the junior achievement,","I/PRP would/MD have/VB to/TO brush/VB up/RP on/IN my/PRP$ bowling/NN before/IN I/PRP even/RB tried/VBD to/TO ,/, uh/UH ,/, win/VB a/DT lot/NN of/IN money/NN for/IN the/DT junior/JJ achievement/NN ,/,",,
sw08utt/sw_0872_3034.utt,3/sw3034,3034,198,b,B,96,1,Uh-huh. /,Uh-huh/UH ./.,,
sw08utt/sw_0872_3034.utt,3/sw3034,3034,199,+,A,97,1,"{F uh, } organization.  /","uh/UH ,/, organization/NN ./.",,
sw08utt/sw_0872_3034.utt,3/sw3034,3034,200,sd,A,97,2,"{C But } that's the only thing that I would, {D you know, } be ((   ))  to do. /","But/CC that/DT 's/BES the/DT only/JJ thing/NN that/WDT I/PRP would/MD ,/, you/PRP know/VB ,/, be/VB MUMBLEx/XX to/TO do/VB ./.",,
sw08utt/sw_0872_3034.utt,3/sw3034,3034,201,b,B,98,1,Right.  /,Right/UH ./.,,
sw08utt/sw_0872_3034.utt,3/sw3034,3034,202,sd,B,98,2,"{D Well, } my grandmother has been bowling for, gosh, maybe thirty, forty years.  /","Well/UH ,/, my/PRP$ grandmother/NN has/VBZ been/VBN bowling/VBG for/IN ,/, gosh/UH ,/, maybe/RB thirty/CD ,/, forty/CD years/NNS ./.",,
sw08utt/sw_0872_3034.utt,3/sw3034,3034,203,h,B,98,3,"I don't know, /","I/PRP do/VBP n't/RB know/VB ,/,",,
sw08utt/sw_0872_3034.utt,3/sw3034,3034,204,b,A,99,1,"Uh-huh,  /","Uh-huh/UH ,/,",,
sw08utt/sw_0872_3034.utt,3/sw3034,3034,205,b^r,A,99,2,uh-huh. /,uh-huh/UH ./.,,
sw08utt/sw_0872_3034.utt,3/sw3034,3034,206,sd,B,100,1,a long time. /,a/DT long/JJ time/NN ./.,,
sw08utt/sw_0872_3034.utt,3/sw3034,3034,207,b,A,101,1,Uh-huh. /,Uh-huh/UH ./.,,
sw08utt/sw_0872_3034.utt,3/sw3034,3034,208,sd,B,102,1,"{C And } [ she still, + she's ] got to be, -/","And/CC she/PRP still/RB ,/, she/PRP 's/HVS got/VBN to/TO be/VB ,/,",,
sw08utt/sw_0872_3034.utt,3/sw3034,3034,209,qy^d,A,103,1,"Still carries a good [ lim-, + ] {F uh, } average? /","Still/RB carries/VBZ a/DT good/JJ lim-/XX ,/, uh/UH ,/, average/JJ ?/.",,
sw08utt/sw_0872_3034.utt,3/sw3034,3034,210,nn,B,104,1,"{D Well, } no,  /","Well/UH ,/, no/UH ,/,",,
sw08utt/sw_0872_3034.utt,3/sw3034,3034,211,%,B,104,2,"she does-, -/","she/PRP does-/XX ,/,",,
