swda_filename,ptb_basename,conversation_no,transcript_index,act_tag,caller,utterance_index,subutterance_index,text,pos,trees,ptb_treenumbers
sw08utt/sw_0827_3019.utt,3/sw3019,3019,0,o,A,1,1,Okay  /,Okay/UH,,
sw08utt/sw_0827_3019.utt,3/sw3019,3019,1,%,A,1,2,"{D so, } -/","so/UH ,/,",,
sw08utt/sw_0827_3019.utt,3/sw3019,3019,2,qw,B,2,1,First how much television watching do you do? -/,First/LS how/WRB much/JJ television/NN watching/NN do/VBP you/PRP do/VB ?/.,,
sw08utt/sw_0827_3019.utt,3/sw3019,3019,3,sd,A,3,1,"I do a little bit more than I think usual people do because I am here alone during the day, /","I/PRP do/VBP a/DT little/JJ bit/NN more/JJR than/IN I/PRP think/VBP usual/JJ people/NNS do/VBP because/IN I/PRP am/VBP here/RB alone/JJ during/IN the/DT day/NN ,/,",,
sw08utt/sw_0827_3019.utt,3/sw3019,3019,4,b,B,4,1,Uh-huh. /,Uh-huh/UH ./.,,
sw08utt/sw_0827_3019.utt,3/sw3019,3019,5,sd,A,5,1,{C and } I like it just for the noise <laughter>. /,and/CC I/PRP like/IN it/PRP just/RB for/IN the/DT noise/NN ./.,,
sw08utt/sw_0827_3019.utt,3/sw3019,3019,6,b,B,6,1,"That's right,  /","That/DT 's/BES right/JJ ,/,",,
sw08utt/sw_0827_3019.utt,3/sw3019,3019,7,qy,B,6,2,"{C but } do you actually watch it,","but/CC do/VBP you/PRP actually/RB watch/VB it/PRP ,/,",,
sw08utt/sw_0827_3019.utt,3/sw3019,3019,8,b,A,7,1,{F Um. } /,Um/UH ./.,,
sw08utt/sw_0827_3019.utt,3/sw3019,3019,9,+,B,8,1,pay attention to it  /,pay/VB attention/NN to/IN it/PRP,,
sw08utt/sw_0827_3019.utt,3/sw3019,3019,10,qrr,B,8,2,{C or } is it more of a company? /,or/CC is/VBZ it/PRP more/JJR of/IN a/DT company/NN ?/.,,
sw08utt/sw_0827_3019.utt,3/sw3019,3019,11,b,A,9,1,"{F Um, }  /","Um/UH ,/,",,
sw08utt/sw_0827_3019.utt,3/sw3019,3019,12,^h,A,9,2,it just depends on what it is. /,it/PRP just/RB depends/VBZ on/IN what/WP it/PRP is/VBZ ./.,,
sw08utt/sw_0827_3019.utt,3/sw3019,3019,13,b,B,10,1,Uh-huh. /,Uh-huh/UH ./.,,
sw08utt/sw_0827_3019.utt,3/sw3019,3019,14,sd,A,11,1,"{E I mean, } I have my favorite things that I do, /","I/PRP mean/VBP ,/, I/PRP have/VBP my/PRP$ favorite/JJ things/NNS that/WDT I/PRP do/VBP ,/,",,
sw08utt/sw_0827_3019.utt,3/sw3019,3019,15,b,B,12,1,"Uh-huh,  /","Uh-huh/UH ,/,",,
sw08utt/sw_0827_3019.utt,3/sw3019,3019,16,b,B,12,2,okay. /,okay/UH ./.,,
sw08utt/sw_0827_3019.utt,3/sw3019,3019,17,sd,A,13,1,{C and then } some fun thing to do sometime. /,and/CC then/RB some/DT fun/NN thing/NN to/TO do/VB sometime/RB ./.,,
sw08utt/sw_0827_3019.utt,3/sw3019,3019,18,b,B,14,1,Right. /,Right/UH ./.,,
sw08utt/sw_0827_3019.utt,3/sw3019,3019,19,qo,A,15,1,"{F Um, } what about you? /","Um/UH ,/, what/WP about/IN you/PRP ?/.",,
sw08utt/sw_0827_3019.utt,3/sw3019,3019,20,^h,B,16,1,"{D Well, } {D actually, } I work full time  /","Well/UH ,/, actually/UH ,/, I/PRP work/VBP full/JJ time/NN",,
sw08utt/sw_0827_3019.utt,3/sw3019,3019,21,^h,B,16,2,{C and } when I am not working I am running  /,and/CC when/WRB I/PRP am/VBP not/RB working/VBG I/PRP am/VBP running/VBG,,
sw08utt/sw_0827_3019.utt,3/sw3019,3019,22,sd,B,16,3,{C and } I do not watch a lot of television  /,and/CC I/PRP do/VBP not/RB watch/VB a/DT lot/NN of/IN television/NN,,
sw08utt/sw_0827_3019.utt,3/sw3019,3019,23,sd,B,16,4,{C and } I am very selective in what I watch. /,and/CC I/PRP am/VBP very/RB selective/JJ in/IN what/WP I/PRP watch/VBP ./.,,
sw08utt/sw_0827_3019.utt,3/sw3019,3019,24,b,A,17,1,Right. /,Right/UH ./.,,
sw08utt/sw_0827_3019.utt,3/sw3019,3019,25,sd,B,18,1,If there's something that I absolutely want to watch I will turn it on and  watch it and then turn it off.  /,If/IN there/EX 's/BES something/NN that/WDT I/PRP absolutely/RB want/VBP to/TO watch/VB I/PRP will/MD turn/VB it/PRP on/RP and/CC watch/NN it/PRP and/CC then/RB turn/VB it/PRP off/RP ./.,,
sw08utt/sw_0827_3019.utt,3/sw3019,3019,26,sd,B,18,2,"I probably watch television four hours a week, max. /","I/PRP probably/RB watch/VBP television/NN four/CD hours/NNS a/DT week/NN ,/, max/JJ ./.",,
sw08utt/sw_0827_3019.utt,3/sw3019,3019,27,ba,A,19,1,"{D Well } {D see } that's great,  /","Well/UH see/UH that/DT 's/BES great/JJ ,/,",,
sw08utt/sw_0827_3019.utt,3/sw3019,3019,28,%,A,19,2,yeah. /,yeah/UH ./.,,
sw08utt/sw_0827_3019.utt,3/sw3019,3019,29,%,B,20,1,"[ {C And, } + {C and, } ] {F uh, } -/","And/CC ,/, and/CC ,/, uh/UH ,/,",,
sw08utt/sw_0827_3019.utt,3/sw3019,3019,30,%,A,21,1,"{D Well, } -/","Well/UH ,/,",,
sw08utt/sw_0827_3019.utt,3/sw3019,3019,31,sd,B,22,1,"[ if, + if ] I do not find something that I really want or really want to watch, {D well, } then I just do not turn it on.  /","if/IN ,/, if/IN I/PRP do/VBP not/RB find/VB something/NN that/WDT I/PRP really/RB want/VBP or/CC really/RB want/VBP to/TO watch/VB ,/, well/UH ,/, then/RB I/PRP just/RB do/VBP not/RB turn/VB it/PRP on/RP ./.",,
sw08utt/sw_0827_3019.utt,3/sw3019,3019,32,sd,B,22,2,I would rather listen to music. /,I/PRP would/MD rather/RB listen/VB to/IN music/NN ./.,,
sw08utt/sw_0827_3019.utt,3/sw3019,3019,33,b,A,23,1,Right. /,Right/UH ./.,,
sw08utt/sw_0827_3019.utt,3/sw3019,3019,34,sv,B,24,1,"Part of it is that, {F uh, } I think we need to be very selective about the kinds of things that come to us on a subliminal basis  /","Part/NN of/IN it/PRP is/VBZ that/IN ,/, uh/UH ,/, I/PRP think/VBP we/PRP need/VBP to/TO be/VB very/RB selective/JJ about/IN the/DT kinds/NNS of/IN things/NNS that/WDT come/VBP to/IN us/PRP on/IN a/DT subliminal/JJ basis/NN",,
sw08utt/sw_0827_3019.utt,3/sw3019,3019,35,sv,B,24,2,"{C and } I think that if we are doing other things and these programs come in, sometimes they influence us  /","and/CC I/PRP think/VBP that/IN if/IN we/PRP are/VBP doing/VBG other/JJ things/NNS and/CC these/DT programs/NNS come/VBP in/RB ,/, sometimes/RB they/PRP influence/VBP us/PRP",,
sw08utt/sw_0827_3019.utt,3/sw3019,3019,36,sv,B,24,3,{C and } we do not know where that influence came from. /,and/CC we/PRP do/VBP not/RB know/VB where/WRB that/DT influence/NN came/VBD from/RB ./.,,
sw08utt/sw_0827_3019.utt,3/sw3019,3019,37,aap,A,25,1,"{D Well, } [ I think that, {D well, } part, + I think that's partially ] true, too. /","Well/UH ,/, I/PRP think/VBP that/IN ,/, well/UH ,/, part/NN ,/, I/PRP think/VBP that/DT 's/BES partially/RB true/JJ ,/, too/RB ./.",,
sw08utt/sw_0827_3019.utt,3/sw3019,3019,38,b,B,26,1,Yeah. /,Yeah/UH ./.,,
sw08utt/sw_0827_3019.utt,3/sw3019,3019,39,sv,A,27,1,"I think you have to have the will and the, - /","I/PRP think/VBP you/PRP have/VBP to/TO have/VB the/DT will/NN and/CC the/DT ,/,",,
sw08utt/sw_0827_3019.utt,3/sw3019,3019,40,%,A,27,2,"{C and, } {F uh, } {D anyway, } I think it, -/","and/CC ,/, uh/UH ,/, anyway/UH ,/, I/PRP think/VBP it/PRP ,/,",,
sw08utt/sw_0827_3019.utt,3/sw3019,3019,41,aa,B,28,1,"{F Uh, } right,  /","Uh/UH ,/, right/UH ,/,",,
sw08utt/sw_0827_3019.utt,3/sw3019,3019,42,aa^r,B,28,2,"right,  /","right/UH ,/,",,
sw08utt/sw_0827_3019.utt,3/sw3019,3019,43,aa^r,B,28,3,right. /,right/UH ./.,,
sw08utt/sw_0827_3019.utt,3/sw3019,3019,44,sv,A,29,1,"[ you are, + you would ] be susceptible to stuff. /","you/PRP are/VBP ,/, you/PRP would/MD be/VB susceptible/JJ to/IN stuff/NN ./.",,
sw08utt/sw_0827_3019.utt,3/sw3019,3019,45,%,B,30,1,"Of course, I, {F uh, } -/","Of/IN course/NN ,/, I/PRP ,/, uh/UH ,/,",,
sw08utt/sw_0827_3019.utt,3/sw3019,3019,46,sv,A,31,1,{C And } it has to be reinforced at another level too.  /,And/CC it/PRP has/VBZ to/TO be/VB reinforced/VBN at/IN another/DT level/NN too/RB ./.,,
sw08utt/sw_0827_3019.utt,3/sw3019,3019,47,o@,A,31,2,"{C But, }","But/CC ,/,",,
sw08utt/sw_0827_3019.utt,3/sw3019,3019,48,%,B,32,1,That's  /,That/DT 's/BES,,
sw08utt/sw_0827_3019.utt,3/sw3019,3019,49,b@,B,32,2,[ right. + ],right/JJ ./.,,
sw08utt/sw_0827_3019.utt,3/sw3019,3019,50,+@,A,33,1,"{D anyway, } what would you watch, if you had, {D you know, } this week to watch? /","anyway/UH ,/, what/WP would/MD you/PRP watch/VB ,/, if/IN you/PRP had/VBD ,/, you/PRP know/VBP ,/, this/DT week/NN to/TO watch/VB ?/.",,
sw08utt/sw_0827_3019.utt,3/sw3019,3019,51,+@,B,34,1,"I, {F uh, } -/","I/PRP ,/, uh/UH ,/,",,
sw08utt/sw_0827_3019.utt,3/sw3019,3019,52,qy,A,35,1,Do you like specials? /,Do/VBP you/PRP like/IN specials/NNS ?/.,,
sw08utt/sw_0827_3019.utt,3/sw3019,3019,53,na,B,36,1,"{D Well, } last night, for example, I really would have liked to have watched UNSOLVED MYSTERIES.  /","Well/UH ,/, last/JJ night/NN ,/, for/IN example/NN ,/, I/PRP really/RB would/MD have/VB liked/VBN to/TO have/VB watched/VBN UNSOLVED/JJ MYSTERIES/NNS ./.",,
sw08utt/sw_0827_3019.utt,3/sw3019,3019,54,sd,B,36,2,Those are fascinating to me. /,Those/DT are/VBP fascinating/JJ to/IN me/PRP ./.,,
sw08utt/sw_0827_3019.utt,3/sw3019,3019,55,b,A,37,1,Oh. /,Oh/UH ./.,,
sw08utt/sw_0827_3019.utt,3/sw3019,3019,56,sd,B,38,1,"If I have the opportunity, I watch it.  /","If/IN I/PRP have/VBP the/DT opportunity/NN ,/, I/PRP watch/VBP it/PRP ./.",,
sw08utt/sw_0827_3019.utt,3/sw3019,3019,57,sd,B,38,2,"Unfortunately, I was with someone else who was flipping channels. /","Unfortunately/RB ,/, I/PRP was/VBD with/IN someone/NN else/RB who/WP was/VBD flipping/VBG channels/NNS ./.",,
sw08utt/sw_0827_3019.utt,3/sw3019,3019,58,b,A,39,1,Oh <laughter>. /,Oh/UH ./.,,
sw08utt/sw_0827_3019.utt,3/sw3019,3019,59,sd,B,40,1,I hate that.  /,I/PRP hate/VBP that/DT ./.,,
sw08utt/sw_0827_3019.utt,3/sw3019,3019,60,sd,B,40,2,<laughter> I do not care a whole lot for some of the contemporary humor. /,I/PRP do/VBP not/RB care/VB a/DT whole/JJ lot/NN for/IN some/DT of/IN the/DT contemporary/JJ humor/NN ./.,,
sw08utt/sw_0827_3019.utt,3/sw3019,3019,61,b,A,41,1,"{F Oh, } right,  /","Oh/UH ,/, right/UH ,/,",,
sw08utt/sw_0827_3019.utt,3/sw3019,3019,62,b,A,41,2,yeah. /,yeah/UH ./.,,
sw08utt/sw_0827_3019.utt,3/sw3019,3019,63,sd,B,42,1,"In our comedy programs, although, - /","In/IN our/PRP$ comedy/NN programs/NNS ,/, although/IN ,/,",,
sw08utt/sw_0827_3019.utt,3/sw3019,3019,64,sv,B,42,2,"<inhaling> nobody can appreciate comedy any more than I can,  /","nobody/NN can/MD appreciate/VB comedy/NN any/DT more/JJR than/IN I/PRP can/MD ,/,",,
sw08utt/sw_0827_3019.utt,3/sw3019,3019,65,sv,B,42,3,"{C but } I would prefer to find, <inhaling> a good comedian on one of the educational channels or one of the older comedians. /","but/CC I/PRP would/MD prefer/VB to/TO find/VB ,/, a/DT good/JJ comedian/NN on/IN one/CD of/IN the/DT educational/JJ channels/NNS or/CC one/CD of/IN the/DT older/JJR comedians/NNS ./.",,
sw08utt/sw_0827_3019.utt,3/sw3019,3019,66,sd,A,43,1,"{D Well, } we have cable also, /","Well/UH ,/, we/PRP have/VBP cable/NN also/RB ,/,",,
sw08utt/sw_0827_3019.utt,3/sw3019,3019,67,b,B,44,1,Uh-huh. /,Uh-huh/UH ./.,,
sw08utt/sw_0827_3019.utt,3/sw3019,3019,68,sd,A,45,1,"{C and } sometimes you can, {F um, } get the H B O specials, /","and/CC sometimes/RB you/PRP can/MD ,/, um/UH ,/, get/VB the/DT H/NNP B/NNP O/NNP specials/NNS ,/,",,
sw08utt/sw_0827_3019.utt,3/sw3019,3019,69,o@,B,46,1,"That's right,","That/DT 's/BES right/JJ ,/,",,
sw08utt/sw_0827_3019.utt,3/sw3019,3019,70,sv,A,47,1,"{C and } sometimes those are really,","and/CC sometimes/RB those/DT are/VBP really/RB ,/,",,
sw08utt/sw_0827_3019.utt,3/sw3019,3019,71,+@,B,48,1,{C and } some of those are fine programs. /,and/CC some/DT of/IN those/DT are/VBP fine/JJ programs/NNS ./.,,
sw08utt/sw_0827_3019.utt,3/sw3019,3019,72,+,A,49,1,pretty hysterical. /,pretty/RB hysterical/JJ ./.,,
sw08utt/sw_0827_3019.utt,3/sw3019,3019,73,b,B,50,1,Uh-huh. /,Uh-huh/UH ./.,,
sw08utt/sw_0827_3019.utt,3/sw3019,3019,74,sd,A,51,1,"{C So, } [ I, +  I ] like to watch comedy,  /","So/RB ,/, I/PRP ,/, I/PRP like/VB to/TO watch/VB comedy/NN ,/,",,
sw08utt/sw_0827_3019.utt,3/sw3019,3019,75,%,A,51,2,"{E I mean, } -/","I/PRP mean/VBP ,/,",,
sw08utt/sw_0827_3019.utt,3/sw3019,3019,76,b,B,52,1,Uh-huh. /,Uh-huh/UH ./.,,
sw08utt/sw_0827_3019.utt,3/sw3019,3019,77,sd,A,53,1,{C and } that's something.  /,and/CC that/DT 's/BES something/NN ./.,,
sw08utt/sw_0827_3019.utt,3/sw3019,3019,78,o@,A,53,2,"{C But, }","But/CC ,/,",,
sw08utt/sw_0827_3019.utt,3/sw3019,3019,79,sd,B,54,1,"[ I, + I ] enjoy comedy. /","I/PRP ,/, I/PRP enjoy/VBP comedy/NN ./.",,
sw08utt/sw_0827_3019.utt,3/sw3019,3019,80,+@,A,55,1,"I am not,","I/PRP am/VBP not/RB ,/,",,
sw08utt/sw_0827_3019.utt,3/sw3019,3019,81,b,B,56,1,Uh-huh. /,Uh-huh/UH ./.,,
sw08utt/sw_0827_3019.utt,3/sw3019,3019,82,+@,A,57,1,"real up to date on what's going on now, /","real/RB up/RP to/IN date/NN on/IN what/WP 's/BES going/VBG on/IN now/RB ,/,",,
sw08utt/sw_0827_3019.utt,3/sw3019,3019,83,b,B,58,1,Uh-huh. /,Uh-huh/UH ./.,,
sw08utt/sw_0827_3019.utt,3/sw3019,3019,84,sd,A,59,1,"[ I, + I ] guess I have my old favorites,  /","I/PRP ,/, I/PRP guess/VBP I/PRP have/VBP my/PRP$ old/JJ favorites/NNS ,/,",,
sw08utt/sw_0827_3019.utt,3/sw3019,3019,85,o@,A,59,2,"{C but } I am,","but/CC I/PRP am/VBP ,/,",,
sw08utt/sw_0827_3019.utt,3/sw3019,3019,86,b,B,60,1,Uh-huh. /,Uh-huh/UH ./.,,
sw08utt/sw_0827_3019.utt,3/sw3019,3019,87,+@,A,61,1,"hooked on, {D you know } {D like } - /","hooked/VBN on/RP ,/, you/PRP know/VBP like/UH",,
sw08utt/sw_0827_3019.utt,3/sw3019,3019,88,sd,A,61,2,Bob Newhart is still on. /,Bob/NNP Newhart/NNP is/VBZ still/RB on/RP ./.,,
sw08utt/sw_0827_3019.utt,3/sw3019,3019,89,b,B,62,1,Uh-huh. /,Uh-huh/UH ./.,,
sw08utt/sw_0827_3019.utt,3/sw3019,3019,90,sd,A,63,1,I watch him. /,I/PRP watch/VBP him/PRP ./.,,
sw08utt/sw_0827_3019.utt,3/sw3019,3019,91,aa,B,64,1,"I enjoy that,  /","I/PRP enjoy/VBP that/DT ,/,",,
sw08utt/sw_0827_3019.utt,3/sw3019,3019,92,aa,B,64,2,uh-huh. /,uh-huh/UH ./.,,
sw08utt/sw_0827_3019.utt,3/sw3019,3019,93,sd,A,65,1,"{C And, } {F uh, } {D you know, } something on that level, -/","And/CC ,/, uh/UH ,/, you/PRP know/VBP ,/, something/NN on/IN that/DT level/NN ,/,",,
sw08utt/sw_0827_3019.utt,3/sw3019,3019,94,b,B,66,1,Uh-huh. /,Uh-huh/UH ./.,,
sw08utt/sw_0827_3019.utt,3/sw3019,3019,95,sd,A,67,1,"[ I, + I ] also enjoy, {F uh, } - /","I/PRP ,/, I/PRP also/RB enjoy/VBP ,/, uh/UH ,/,",,
sw08utt/sw_0827_3019.utt,3/sw3019,3019,96,h,A,67,2,"I do not know,  /","I/PRP do/VBP not/RB know/VB ,/,",,
sw08utt/sw_0827_3019.utt,3/sw3019,3019,97,sd,A,67,3,"Sunday mornings, it's Channel Thirteen, - /","Sunday/NNP mornings/NNS ,/, it/PRP 's/BES Channel/NNP Thirteen/CD ,/,",,
sw08utt/sw_0827_3019.utt,3/sw3019,3019,98,sd,A,67,4,"I watch a lot,","I/PRP watch/VBP a/DT lot/NN ,/,",,
sw08utt/sw_0827_3019.utt,3/sw3019,3019,99,b,B,68,1,"Uh-huh,  /","Uh-huh/UH ,/,",,
sw08utt/sw_0827_3019.utt,3/sw3019,3019,100,b^r,B,68,2,uh-huh. /,uh-huh/UH ./.,,
sw08utt/sw_0827_3019.utt,3/sw3019,3019,101,+,A,69,1,"of Thirteen, {F uh, } THE MCLAUGHLIN GROUP,  /","of/IN Thirteen/CD ,/, uh/UH ,/, THE/DT MCLAUGHLIN/NNP GROUP/NNP ,/,",,
sw08utt/sw_0827_3019.utt,3/sw3019,3019,102,sd,A,69,2,"{C and } [ I, +","and/CC I/PRP ,/,",,
sw08utt/sw_0827_3019.utt,3/sw3019,3019,103,b,B,70,1,That's right. /,That/DT 's/BES right/JJ ./.,,
sw08utt/sw_0827_3019.utt,3/sw3019,3019,104,+,A,71,1,"I ] just laugh,  /","I/PRP just/RB laugh/VBP ,/,",,
sw08utt/sw_0827_3019.utt,3/sw3019,3019,105,sv,A,71,2,"{E I mean, } I think that's so hysterical,","I/PRP mean/VBP ,/, I/PRP think/VBP that/DT 's/BES so/RB hysterical/JJ ,/,",,
sw08utt/sw_0827_3019.utt,3/sw3019,3019,106,b,B,72,1,Uh-huh  /,Uh-huh/UH,,
sw08utt/sw_0827_3019.utt,3/sw3019.pos,3019,107,x,B,72,2,<laughter>.,./.
sw08utt/sw_0827_3019.utt,3/sw3019,3019,108,+,A,73,1,these guys.  /,these/DT guys/NNS ./.,,
sw08utt/sw_0827_3019.utt,3/sw3019,3019,109,sd,A,73,2,It's just so  much fun.  /,It/PRP 's/BES just/RB so/RB much/JJ fun/NN ./.,,
sw08utt/sw_0827_3019.utt,3/sw3019,3019,110,sd,A,73,3,"[ It's just, + it's just ] a lot of fun,","It/PRP 's/BES just/RB ,/, it/PRP 's/BES just/RB a/DT lot/NN of/IN fun/NN ,/,",,
sw08utt/sw_0827_3019.utt,3/sw3019,3019,111,b,B,74,1,Uh-huh. /,Uh-huh/UH ./.,,
sw08utt/sw_0827_3019.utt,3/sw3019,3019,112,+,A,75,1,watching that.  /,watching/VBG that/DT ./.,,
sw08utt/sw_0827_3019.utt,3/sw3019,3019,113,sd,A,75,2,"{E I mean, } I do not agree with a whole lot of the stuff the, they say,  /","I/PRP mean/VBP ,/, I/PRP do/VBP not/RB agree/VB with/IN a/DT whole/JJ lot/NN of/IN the/DT stuff/NN the/DT ,/, they/PRP say/VBP ,/,",,
sw08utt/sw_0827_3019.utt,3/sw3019,3019,114,sd@,A,75,3,<laughter> {C but } it's fun.,but/CC it/PRP 's/BES fun/NN ./.,,
sw08utt/sw_0827_3019.utt,3/sw3019,3019,115,b,B,76,1,Right.  /,Right/UH ./.,,
sw08utt/sw_0827_3019.utt,3/sw3019,3019,116,b^r,B,76,2,Right. /,Right/UH ./.,,
sw08utt/sw_0827_3019.utt,3/sw3019,3019,117,+@,A,77,1,"{D You know, }  /","You/PRP know/VBP ,/,",,
sw08utt/sw_0827_3019.utt,3/sw3019,3019,118,%,A,77,2,"{C so, } yeah, /","so/RB ,/, yeah/UH ,/,",,
sw08utt/sw_0827_3019.utt,3/sw3019,3019,119,%,B,78,1,"{D Well } <sigh>, -/","Well/UH ,/,",,
sw08utt/sw_0827_3019.utt,3/sw3019,3019,120,sd,A,79,1,"I like to be entertained,  /","I/PRP like/VBP to/TO be/VB entertained/JJ ,/,",,
sw08utt/sw_0827_3019.utt,3/sw3019,3019,121,sd,A,79,2,I really do <laughter>. /,I/PRP really/RB do/VBP ./.,,
sw08utt/sw_0827_3019.utt,3/sw3019,3019,122,b,B,80,1,Yeah.  /,Yeah/UH ./.,,
sw08utt/sw_0827_3019.utt,3/sw3019,3019,123,sd,B,80,2,"I watch it for entertainment,  /","I/PRP watch/VBP it/PRP for/IN entertainment/NN ,/,",,
sw08utt/sw_0827_3019.utt,3/sw3019,3019,124,sd,B,80,3,"{C but } I also watch it for, {F uh, } cultural impact.  /","but/CC I/PRP also/RB watch/VBP it/PRP for/IN ,/, uh/UH ,/, cultural/JJ impact/NN ./.",,
sw08utt/sw_0827_3019.utt,3/sw3019,3019,125,sd,B,80,4,"I do a lot of channel thirteen, channel three, some of the educational channels,  /","I/PRP do/VBP a/DT lot/NN of/IN channel/NN thirteen/CD ,/, channel/NN three/CD ,/, some/DT of/IN the/DT educational/JJ channels/NNS ,/,",,
sw08utt/sw_0827_3019.utt,3/sw3019,3019,126,sd,B,80,5,"{C and } I watch for special programs that have [ special, + a special ] play, a special concert, {F uh, }  /","and/CC I/PRP watch/VBP for/IN special/JJ programs/NNS that/WDT have/VBP special/JJ ,/, a/DT special/JJ play/NN ,/, a/DT special/JJ concert/NN ,/, uh/UH ,/,",,
sw08utt/sw_0827_3019.utt,3/sw3019,3019,127,sd,B,80,6,I recently watched a tribute to three of the finest opera stars. /,I/PRP recently/RB watched/VBD a/DT tribute/NN to/IN three/CD of/IN the/DT finest/JJS opera/NN stars/NNS ./.,,
sw08utt/sw_0827_3019.utt,3/sw3019,3019,128,ba,A,81,1,"{F Oh, } {D now } that was fabulous, /","Oh/UH ,/, now/UH that/DT was/VBD fabulous/JJ ,/,",,
sw08utt/sw_0827_3019.utt,3/sw3019,3019,129,aa^m,B,82,1,"{F Uh, } {C and } it was fabulous. /","Uh/UH ,/, and/CC it/PRP was/VBD fabulous/JJ ./.",,
sw08utt/sw_0827_3019.utt,3/sw3019,3019,130,qy,A,83,1,"{C and } that, {D you know, } -/","and/CC that/DT ,/, you/PRP know/VBP ,/,",,
sw08utt/sw_0827_3019.utt,3/sw3019,3019,131,sd,B,84,1,"I was just absolutely, -/","I/PRP was/VBD just/RB absolutely/RB ,/,",,
sw08utt/sw_0827_3019.utt,3/sw3019,3019,132,b,A,85,1,Yeah. /,Yeah/UH ./.,,
sw08utt/sw_0827_3019.utt,3/sw3019,3019,133,sv,B,86,1,"you just held you breath,","you/PRP just/RB held/VBD you/PRP breath/NN ,/,",,
sw08utt/sw_0827_3019.utt,3/sw3019,3019,134,b,A,87,1,Yeah. /,Yeah/UH ./.,,
sw08utt/sw_0827_3019.utt,3/sw3019,3019,135,+,B,88,1,in some of those.  /,in/IN some/DT of/IN those/DT ./.,,
sw08utt/sw_0827_3019.utt,3/sw3019,3019,136,%,B,88,2,"((    ))  {C and, } {F uh, } -/","MUMBLEx/XX and/CC ,/, uh/UH ,/,",,
sw08utt/sw_0827_3019.utt,3/sw3019,3019,137,b,A,89,1,Yeah. /,Yeah/UH ./.,,
sw08utt/sw_0827_3019.utt,3/sw3019,3019,138,sd,B,90,1,"{F oh, } I was just, - /","oh/UH ,/, I/PRP was/VBD just/RB ,/,",,
sw08utt/sw_0827_3019.utt,3/sw3019,3019,139,sv,B,90,2,"it makes chills all,","it/PRP makes/VBZ chills/NNS all/RB ,/,",,
sw08utt/sw_0827_3019.utt,3/sw3019,3019,140,ba,A,91,1,I know. /,I/PRP know/VBP ./.,,
sw08utt/sw_0827_3019.utt,3/sw3019,3019,141,+,B,92,1,over you.  /,over/IN you/PRP ./.,,
sw08utt/sw_0827_3019.utt,3/sw3019,3019,142,%,B,92,2,"# {C So, } # -/","So/RB ,/,",,
sw08utt/sw_0827_3019.utt,3/sw3019,3019,143,%,A,93,1,"# {D So, } # -/","So/UH ,/,",,
sw08utt/sw_0827_3019.utt,3/sw3019,3019,144,sd,B,94,1,"[ I, + I ] may or may not even look at the T V guide,  /","I/PRP ,/, I/PRP may/MD or/CC may/MD not/RB even/RB look/VB at/IN the/DT T/NN V/NN guide/NN ,/,",,
sw08utt/sw_0827_3019.utt,3/sw3019,3019,145,sd,B,94,2,{C but } if I have time I may flip through and say {D hey } this looks good if I finish this task I can watch that in an hour.  /,but/CC if/IN I/PRP have/VBP time/NN I/PRP may/MD flip/VB through/IN and/CC say/VBP hey/UH this/DT looks/VBZ good/JJ if/IN I/PRP finish/VBP this/DT task/NN I/PRP can/MD watch/VB that/DT in/IN an/DT hour/NN ./.,,
sw08utt/sw_0827_3019.utt,3/sw3019,3019,146,sd,B,94,3,"<inhaling> {F Uh, } if the hour comes and I do not get a chance to watch it, so what. /","Uh/UH ,/, if/IN the/DT hour/NN comes/VBZ and/CC I/PRP do/VBP not/RB get/VB a/DT chance/NN to/TO watch/VB it/PRP ,/, so/RB what/WP ./.",,
sw08utt/sw_0827_3019.utt,3/sw3019,3019,147,%,A,95,1,"{D You know, } {D well, } there's certain thin-, - /","You/PRP know/VBP ,/, well/UH ,/, there/EX 's/BES certain/JJ thin-/XX ,/,",,
sw08utt/sw_0827_3019.utt,3/sw3019,3019,148,%,A,95,2,"{E I mean, } -/","I/PRP mean/VBP ,/,",,
sw08utt/sw_0827_3019.utt,3/sw3019,3019,149,b,B,96,1,Uh-huh. /,Uh-huh/UH ./.,,
sw08utt/sw_0827_3019.utt,3/sw3019,3019,150,sd,A,97,1,"I have got, {F um, } my T V in the kitchen here  /","I/PRP have/VBP got/VBN ,/, um/UH ,/, my/PRP$ T/NN V/NN in/IN the/DT kitchen/NN here/RB",,
sw08utt/sw_0827_3019.utt,3/sw3019,3019,151,o@,A,97,2,"{C and, }","and/CC ,/,",,
sw08utt/sw_0827_3019.utt,3/sw3019,3019,152,b,B,98,1,Uh-huh. /,Uh-huh/UH ./.,,
sw08utt/sw_0827_3019.utt,3/sw3019,3019,153,+@,A,99,1,"{F uh, } {D you know, } if there's something like cooking shows. - /","uh/UH ,/, you/PRP know/VBP ,/, if/IN there/EX 's/BES something/NN like/IN cooking/NN shows/NNS ./.",,
sw08utt/sw_0827_3019.utt,3/sw3019,3019,154,sd,A,99,2,I love to watch cooking shows.  /,I/PRP love/VBP to/TO watch/VB cooking/NN shows/NNS ./.,,
sw08utt/sw_0827_3019.utt,3/sw3019,3019,155,sd,A,99,3,"[  I, + I ] really do. /","I/PRP ,/, I/PRP really/RB do/VBP ./.",,
sw08utt/sw_0827_3019.utt,3/sw3019,3019,156,aa,B,100,1,"<Noise> <swallowing> <<sounds like she is drinking something>> I do too,  /","I/PRP do/VBP too/RB ,/,",,
sw08utt/sw_0827_3019.utt,3/sw3019,3019,157,sd,B,100,2,"it makes me want to cook, /","it/PRP makes/VBZ me/PRP want/VBP to/TO cook/VB ,/,",,
sw08utt/sw_0827_3019.utt,3/sw3019,3019,158,ba,A,101,1,"I know <laughter>, /","I/PRP know/VBP ,/,",,
sw08utt/sw_0827_3019.utt,3/sw3019,3019,159,sd,B,102,1,"{C and then } I eat, /","and/CC then/RB I/PRP eat/VBP ,/,",,
sw08utt/sw_0827_3019.utt,3/sw3019,3019,160,x,A,103,1,<Laughter>.,,,
sw08utt/sw_0827_3019.utt,3/sw3019,3019,161,sd,B,104,1,"{C and then } I get fat,  /","and/CC then/RB I/PRP get/VBP fat/JJ ,/,",,
sw08utt/sw_0827_3019.utt,3/sw3019,3019,162,sd,B,104,2,"{C so, } I just let other people watch <laughter> /","so/RB ,/, I/PRP just/RB let/VBP other/JJ people/NNS watch/VBP",,
sw08utt/sw_0827_3019.utt,3/sw3019,3019,163,%,A,105,1,"[ I, + I, ] - /","I/PRP ,/, I/PRP ,/,",,
sw08utt/sw_0827_3019.utt,3/sw3019,3019,164,%,A,105,2,yeah. /,yeah/UH ./.,,
sw08utt/sw_0827_3019.utt,3/sw3019,3019,165,sd,B,106,1,then I eat what they cook </laughter>. /,then/RB I/PRP eat/VBP what/WP they/PRP cook/VBP ./.,,
sw08utt/sw_0827_3019.utt,3/sw3019,3019,166,%,A,107,1,"[ {C And, } + {C and } ] there's some, {F um, } - /","And/CC ,/, and/CC there/EX 's/BES some/DT ,/, um/UH ,/,",,
sw08utt/sw_0827_3019.utt,3/sw3019,3019,167,sd,A,107,2,"in fact, one of the water color shows, I know, has inspired me to take water color lessons, {D you know. } /","in/IN fact/NN ,/, one/CD of/IN the/DT water/NN color/NN shows/NNS ,/, I/PRP know/VBP ,/, has/VBZ inspired/VBN me/PRP to/TO take/VB water/NN color/NN lessons/NNS ,/, you/PRP know/VBP ./.",,
sw08utt/sw_0827_3019.utt,3/sw3019,3019,168,sd,B,108,1,"{F Oh, } I think that's,","Oh/UH ,/, I/PRP think/VBP that/DT 's/BES ,/,",,
sw08utt/sw_0827_3019.utt,3/sw3019,3019,169,o@,A,109,1,"{D So, }","So/RB ,/,",,
sw08utt/sw_0827_3019.utt,3/sw3019,3019,170,+,B,110,1,marvelous. /,marvelous/JJ ./.,,
sw08utt/sw_0827_3019.utt,3/sw3019,3019,171,+@,A,111,1,"{D you know, }","you/PRP know/VBP ,/,",,
sw08utt/sw_0827_3019.utt,3/sw3019,3019,172,b,B,112,1,Yeah. /,Yeah/UH ./.,,
sw08utt/sw_0827_3019.utt,3/sw3019,3019,173,+@,A,113,1,"things like that, you get,","things/NNS like/IN that/DT ,/, you/PRP get/VBP ,/,",,
sw08utt/sw_0827_3019.utt,3/sw3019,3019,174,b,B,114,1,"{F Oh, } yeah,  /","Oh/UH ,/, yeah/UH ,/,",,
sw08utt/sw_0827_3019.utt,3/sw3019,3019,175,sd,B,114,2,"I took # a lot of my, #","I/PRP took/VBD a/DT lot/NN of/IN my/PRP$ ,/,",,
sw08utt/sw_0827_3019.utt,3/sw3019,3019,176,+@,A,115,1,# a whole lot of exposure. # /,a/DT whole/JJ lot/NN of/IN exposure/NN ./.,,
sw08utt/sw_0827_3019.utt,3/sw3019,3019,177,+,B,116,1,"college courses, - /","college/NN courses/NNS ,/,",,
sw08utt/sw_0827_3019.utt,3/sw3019,3019,178,sd^r,B,116,2,"I took some of my,","I/PRP took/VBD some/DT of/IN my/PRP$ ,/,",,
sw08utt/sw_0827_3019.utt,3/sw3019,3019,179,x,A,117,1,((   )),MUMBLEx/XX,,
sw08utt/sw_0827_3019.utt,3/sw3019,3019,180,+,B,118,1,"college courses on television, /","college/NN courses/NNS on/IN television/NN ,/,",,
sw08utt/sw_0827_3019.utt,3/sw3019,3019,181,b,A,119,1,Yeah. /,Yeah/UH ./.,,
sw08utt/sw_0827_3019.utt,3/sw3019,3019,182,%,B,120,1,"{C so } that, - /","so/RB that/DT ,/,",,
sw08utt/sw_0827_3019.utt,3/sw3019,3019,183,sd,B,120,2,"it's very successful for some of,","it/PRP 's/BES very/RB successful/JJ for/IN some/DT of/IN ,/,",,
sw08utt/sw_0827_3019.utt,3/sw3019,3019,184,b,A,121,1,Oh. /,Oh/UH ./.,,
sw08utt/sw_0827_3019.utt,3/sw3019,3019,185,+,B,122,1,"those things,  /","those/DT things/NNS ,/,",,
sw08utt/sw_0827_3019.utt,3/sw3019,3019,186,sv,B,122,2,"{C but } I think <inhaling> I really got stung very badly about having influence in your life,  /","but/CC I/PRP think/VBP I/PRP really/RB got/VBD stung/VBN very/RB badly/RB about/IN having/VBG influence/NN in/IN your/PRP$ life/NN ,/,",,
sw08utt/sw_0827_3019.utt,3/sw3019,3019,187,sd,B,122,3,"{C or } at least I saw a very bad example of having television influence your life, {F uh, }  /","or/CC at/IN least/JJS I/PRP saw/VBD a/DT very/RB bad/JJ example/NN of/IN having/VBG television/NN influence/VB your/PRP$ life/NN ,/, uh/UH ,/,",,
sw08utt/sw_0827_3019.utt,3/sw3019,3019,188,sd,B,122,4,"<sigh> my husband had an aunt who was addicted to soaps, /","my/PRP$ husband/NN had/VBD an/DT aunt/NN who/WP was/VBD addicted/JJ to/IN soaps/NNS ,/,",,
sw08utt/sw_0827_3019.utt,3/sw3019,3019,189,b,A,123,1,Uh-huh. /,Uh-huh/UH ./.,,
sw08utt/sw_0827_3019.utt,3/sw3019,3019,190,sd,B,124,1,"{C and, } I want you to know that became the most suspicious, cantankerous, contrary old <laughter> woman <laughter> ever walked. /","and/CC ,/, I/PRP want/VBP you/PRP to/TO know/VB that/DT became/VBD the/DT most/RBS suspicious/JJ ,/, cantankerous/JJ ,/, contrary/JJ old/JJ woman/NN ever/RB walked/VBD ./.",,
sw08utt/sw_0827_3019.utt,3/sw3019,3019,191,bf,A,125,1,<Laughter> She got you a  ((   ))  <laughter>. -/,She/PRP got/VBD you/PRP a/DT MUMBLEx/XX ./.,,
sw08utt/sw_0827_3019.utt,3/sw3019,3019,192,aa,B,126,1,"Absolutely, /","Absolutely/UH ,/,",,
sw08utt/sw_0827_3019.utt,3/sw3019,3019,193,x,A,127,1,<Laughter>.,,,
sw08utt/sw_0827_3019.utt,3/sw3019,3019,194,sd,B,128,1,"I do not know who she thought she was,  /","I/PRP do/VBP not/RB know/VB who/WP she/PRP thought/VBD she/PRP was/VBD ,/,",,
sw08utt/sw_0827_3019.utt,3/sw3019,3019,195,sd,B,128,2,"{C but } she just got to the point where [ you could might near, + you could ] almost hear those soaps being echoed in her voice,","but/CC she/PRP just/RB got/VBD to/IN the/DT point/NN where/WRB you/PRP could/MD might/RB near/RB ,/, you/PRP could/MD almost/RB hear/VB those/DT soaps/NNS being/VBG echoed/VBN in/IN her/PRP$ voice/NN ,/,",,
sw08utt/sw_0827_3019.utt,3/sw3019,3019,196,b,A,129,1,Yeah. /,Yeah/UH ./.,,
sw08utt/sw_0827_3019.utt,3/sw3019,3019,197,+,B,130,1,and that attitude being demonstrated.  /,and/CC that/DT attitude/NN being/VBG demonstrated/VBN ./.,,
sw08utt/sw_0827_3019.utt,3/sw3019,3019,198,sd,B,130,2,"<inhaling> {C And } for her to miss a soap, it was a big withdrawal. /","And/CC for/IN her/PRP$ to/TO miss/NN a/DT soap/NN ,/, it/PRP was/VBD a/DT big/JJ withdrawal/NN ./.",,
sw08utt/sw_0827_3019.utt,3/sw3019,3019,199,%,A,131,1,"{F Oh, } {D well, } {D see } that's, -/","Oh/UH ,/, well/UH ,/, see/UH that/DT 's/BES ,/,",,
sw08utt/sw_0827_3019.utt,3/sw3019,3019,200,%,B,132,1,"{C And, } -/","And/CC ,/,",,
sw08utt/sw_0827_3019.utt,3/sw3019,3019,201,sv,A,133,1,{C But } she was probably depressed to begin with. /,But/CC she/PRP was/VBD probably/RB depressed/JJ to/TO begin/VB with/IN ./.,,
sw08utt/sw_0827_3019.utt,3/sw3019,3019,202,h,B,134,1,"{D Well, } I do not know. /","Well/UH ,/, I/PRP do/VBP not/RB know/VB ./.",,
sw08utt/sw_0827_3019.utt,3/sw3019,3019,203,qy,A,135,1,You know what I mean? /,You/PRP know/VBP what/WP I/PRP mean/VBP ?/.,,
sw08utt/sw_0827_3019.utt,3/sw3019,3019,204,sd,B,136,1,"{D Well, } she was grumpy to begin with. /","Well/UH ,/, she/PRP was/VBD grumpy/JJ to/TO begin/VB with/RB ./.",,
sw08utt/sw_0827_3019.utt,3/sw3019,3019,205,b,A,137,1,"Yeah,  /","Yeah/UH ,/,",,
sw08utt/sw_0827_3019.utt,3/sw3019,3019,206,b^m,A,137,2,grumpy to begin with.  /,grumpy/NN to/TO begin/VB with/IN ./.,,
sw08utt/sw_0827_3019.utt,3/sw3019,3019,207,%,A,137,3,<laughter> Yeah. /,Yeah/UH ./.,,
sw08utt/sw_0827_3019.utt,3/sw3019,3019,208,sv,B,138,1,"There's no doubt about that,  /","There/EX 's/BES no/DT doubt/NN about/IN that/DT ,/,",,
sw08utt/sw_0827_3019.utt,3/sw3019,3019,209,sv,B,138,2,"[ {C but, } + {F uh, } {C but } ] you could clearly see those influences,","but/CC ,/, uh/UH ,/, but/CC you/PRP could/MD clearly/RB see/VB those/DT influences/NNS ,/,",,
sw08utt/sw_0827_3019.utt,3/sw3019,3019,210,b,A,139,1,Uh-huh. /,Uh-huh/UH ./.,,
sw08utt/sw_0827_3019.utt,3/sw3019,3019,211,+,B,140,1,"[ and + ] in my youngsters,  /","and/CC in/IN my/PRP$ youngsters/NNS ,/,",,
sw08utt/sw_0827_3019.utt,3/sw3019,3019,212,sd,B,140,2,"I know that one day, {F uh, } my youngsters were watching THE THREE STOOGES,  /","I/PRP know/VBP that/IN one/CD day/NN ,/, uh/UH ,/, my/PRP$ youngsters/NNS were/VBD watching/VBG THE/DT THREE/CD STOOGES/NNS ,/,",,
sw08utt/sw_0827_3019.utt,3/sw3019,3019,213,sd,B,140,3,"{C and } I always thought that was just casual slap stick,","and/CC I/PRP always/RB thought/VBD that/DT was/VBD just/RB casual/JJ slap/GW stick/^NN ,/,",,
sw08utt/sw_0827_3019.utt,3/sw3019,3019,214,sd,A,141,1,I hate that show <laughter>. /,I/PRP hate/VBP that/DT show/NN ./.,,
sw08utt/sw_0827_3019.utt,3/sw3019,3019,215,+,B,142,1,"comedy,  /","comedy/NN ,/,",,
sw08utt/sw_0827_3019.utt,3/sw3019,3019,216,sd,B,142,2,"{C but } when one tries to lift the other one up with a pipe wrench, I decided that was not funny,","but/CC when/WRB one/CD tries/VBZ to/TO lift/VB the/DT other/JJ one/CD up/RB with/IN a/DT pipe/NN wrench/NN ,/, I/PRP decided/VBD that/DT was/VBD not/RB funny/JJ ,/,",,
sw08utt/sw_0827_3019.utt,3/sw3019,3019,217,b,A,143,1,Yeah. /,Yeah/UH ./.,,
sw08utt/sw_0827_3019.utt,3/sw3019,3019,218,+,B,144,1,any more. /,any/DT more/JJR ./.,,
sw08utt/sw_0827_3019.utt,3/sw3019,3019,219,%,A,145,1,"[ I, + I, ] -/","I/PRP ,/, I/PRP ,/,",,
sw08utt/sw_0827_3019.utt,3/sw3019,3019,220,sv,B,146,1,"{C And, } [ I really, +","And/CC ,/, I/PRP really/RB ,/,",,
sw08utt/sw_0827_3019.utt,3/sw3019,3019,221,ba,A,147,1,Good. /,Good/UH ./.,,
sw08utt/sw_0827_3019.utt,3/sw3019,3019,222,+,B,148,1,I really ] feel very strong about the BART SIMPSON SHOW.  /,I/PRP really/RB feel/VBP very/RB strong/RB about/IN the/DT BART/NNP SIMPSON/NNP SHOW/NN ./.,,
sw08utt/sw_0827_3019.utt,3/sw3019,3019,223,sv,B,148,2,"I think that is, - /","I/PRP think/VBP that/DT is/VBZ ,/,",,
sw08utt/sw_0827_3019.utt,3/sw3019,3019,224,sd,B,148,3,the kids watch that  /,the/DT kids/NNS watch/VBP that/DT,,
sw08utt/sw_0827_3019.utt,3/sw3019,3019,225,sd,B,148,4,{C and } that's absolutely the mouthiest kid I ever saw. /,and/CC that/DT 's/BES absolutely/RB the/DT mouthiest/JJS kid/NN I/PRP ever/RB saw/VBD ./.,,
sw08utt/sw_0827_3019.utt,3/sw3019,3019,226,x,A,149,1,<Laughter>.,,,
sw08utt/sw_0827_3019.utt,3/sw3019,3019,227,sd,B,150,1,"{C And } [ I just, + I ] do not like it. /","And/CC I/PRP just/RB ,/, I/PRP do/VBP not/RB like/VB it/PRP ./.",,
sw08utt/sw_0827_3019.utt,3/sw3019,3019,228,qh,A,151,1,Is not that amazing.  /,Is/VBZ not/RB that/DT amazing/JJ ./.,,
sw08utt/sw_0827_3019.utt,3/sw3019,3019,229,qw,A,151,2,How old are your kids? /,How/WRB old/JJ are/VBP your/PRP$ kids/NNS ?/.,,
sw08utt/sw_0827_3019.utt,3/sw3019,3019,230,sd,B,152,1,"<Clinking> <swallowing> <<sounds like ice against a glass, then drinking something>> Mine are grown,  /","Mine/PRP are/VBP grown/VBN ,/,",,
sw08utt/sw_0827_3019.utt,3/sw3019,3019,231,sd,B,152,2,{C but } I have grandchildren.,but/CC I/PRP have/VBP grandchildren/NNS ./.,,
sw08utt/sw_0827_3019.utt,3/sw3019,3019,232,bk,A,153,1,"{F Oh, } okay,  /","Oh/UH ,/, okay/UH ,/,",,
sw08utt/sw_0827_3019.utt,3/sw3019,3019,233,%,A,153,2,"{C so } that's, -/","so/RB that/DT 's/BES ,/,",,
sw08utt/sw_0827_3019.utt,3/sw3019,3019,234,+,B,154,1,"And, young children around, /","And/CC ,/, young/JJ children/NNS around/IN ,/,",,
sw08utt/sw_0827_3019.utt,3/sw3019,3019,235,b,A,155,1,Yeah. /,Yeah/UH ./.,,
sw08utt/sw_0827_3019.utt,3/sw3019,3019,236,sv,B,156,1,"{C and, } {F uh, } for a four year old to think Bart Simpson is a hero is tragic <laughter>. /","and/CC ,/, uh/UH ,/, for/IN a/DT four/CD year/NN old/JJ to/TO think/VB Bart/NNP Simpson/NNP is/VBZ a/DT hero/NN is/VBZ tragic/JJ ./.",,
sw08utt/sw_0827_3019.utt,3/sw3019,3019,237,sd,A,157,1,"I had forgotten about that,  /","I/PRP had/VBD forgotten/VBN about/IN that/DT ,/,",,
sw08utt/sw_0827_3019.utt,3/sw3019,3019,238,sd,A,157,2,"{D see, } it's just my husband and I  /","see/UH ,/, it/PRP 's/BES just/RB my/PRP$ husband/NN and/CC I/PRP",,
sw08utt/sw_0827_3019.utt,3/sw3019,3019,239,o@,A,157,3,"{C and,","and/CC ,/,",,
sw08utt/sw_0827_3019.utt,3/sw3019,3019,240,b,B,158,1,Uh-huh. /,Uh-huh/UH ./.,,
sw08utt/sw_0827_3019.utt,3/sw3019,3019,241,+@,A,159,1,"so } I do not have [ that, + {D you know, } [ I, + ] that ] [ constant + ] influence,","so/RB I/PRP do/VBP not/RB have/VB that/DT ,/, you/PRP know/VBP ,/, I/PRP ,/, that/DT constant/JJ influence/NN ,/,",,
sw08utt/sw_0827_3019.utt,3/sw3019,3019,242,b,B,160,1,"Uh-huh,  /","Uh-huh/UH ,/,",,
sw08utt/sw_0827_3019.utt,3/sw3019,3019,243,b^r,B,160,2,uh-huh. /,uh-huh/UH ./.,,
sw08utt/sw_0827_3019.utt,3/sw3019,3019,244,+,A,161,1,"of the kids shows and all that, /","of/IN the/DT kids/NNS shows/NNS and/CC all/DT that/DT ,/,",,
sw08utt/sw_0827_3019.utt,3/sw3019,3019,245,b,B,162,1,"Yeah,  /","Yeah/UH ,/,",,
sw08utt/sw_0827_3019.utt,3/sw3019,3019,246,b^r,B,162,2,yeah. /,yeah/UH ./.,,
sw08utt/sw_0827_3019.utt,3/sw3019,3019,247,h,A,163,1,"{C but, } {F uh, } {F um, } I don't know. /","but/CC ,/, uh/UH ,/, um/UH ,/, I/PRP do/VBP n't/RB know/VB ./.",,
sw08utt/sw_0827_3019.utt,3/sw3019,3019,248,sd,B,164,1,"{D Well, } I was very careful even when my [ kids were, +","Well/UH ,/, I/PRP was/VBD very/RB careful/JJ even/RB when/WRB my/PRP$ kids/NNS were/VBD ,/,",,
sw08utt/sw_0827_3019.utt,3/sw3019,3019,249,b,A,165,1,Yeah. /,Yeah/UH ./.,,
sw08utt/sw_0827_3019.utt,3/sw3019,3019,250,+,B,166,1,kids were ] at home.  /,kids/NNS were/VBD at/IN home/NN ./.,,
sw08utt/sw_0827_3019.utt,3/sw3019,3019,251,sd,B,166,2,"{C And } when they were young I [ was, + ] really did, {F uh, } watch what they watched.  /","And/CC when/WRB they/PRP were/VBD young/JJ I/PRP was/VBD ,/, really/RB did/VBD ,/, uh/UH ,/, watch/VB what/WP they/PRP watched/VBD ./.",,
sw08utt/sw_0827_3019.utt,3/sw3019,3019,252,sd,B,166,3,"I was cau-, - /","I/PRP was/VBD cau-/XX ,/,",,
sw08utt/sw_0827_3019.utt,3/sw3019,3019,253,sd,B,166,4,I sat down with them  /,I/PRP sat/VBD down/RB with/IN them/PRP,,
sw08utt/sw_0827_3019.utt,3/sw3019,3019,254,sd,B,166,5,"{C and } I watched it,  /","and/CC I/PRP watched/VBD it/PRP ,/,",,
sw08utt/sw_0827_3019.utt,3/sw3019,3019,255,sd,B,166,6,"{C and } if I did not like it, I changed the channel for them.  {D You know, } /","and/CC if/IN I/PRP did/VBD not/RB like/IN it/PRP ,/, I/PRP changed/VBD the/DT channel/NN for/IN them/PRP ./. You/PRP know/VBP ,/,",,
sw08utt/sw_0827_3019.utt,3/sw3019,3019,256,b,A,167,1,<Laughter> Right. /,Right/UH ./.,,
sw08utt/sw_0827_3019.utt,3/sw3019,3019,257,sd@,B,168,1,"[ I, + {D you know, } I ] distracted them, changed their interest.","I/PRP ,/, you/PRP know/VBP ,/, I/PRP distracted/VBD them/PRP ,/, changed/VBD their/PRP$ interest/NN ./.",,
sw08utt/sw_0827_3019.utt,3/sw3019,3019,258,b,A,169,1,Right. /,Right/UH ./.,,
sw08utt/sw_0827_3019.utt,3/sw3019,3019,259,+@,B,170,1,Because I just could not tolerate that kind of influence on the kiddos.  /,Because/IN I/PRP just/RB could/MD not/RB tolerate/VB that/DT kind/NN of/IN influence/NN on/IN the/DT kiddos/NNS ./.,,
sw08utt/sw_0827_3019.utt,3/sw3019,3019,260,%,B,170,2,"I just wou-, -/","I/PRP just/RB wou-/XX ,/,",,
sw08utt/sw_0827_3019.utt,3/sw3019,3019,261,sv,A,171,1,"[ {C And,  } + {C and } ] {D you know } we get it at school, too,  /","And/CC ,/, and/CC you/PRP know/VBP we/PRP get/VBP it/PRP at/IN school/NN ,/, too/RB ,/,",,
sw08utt/sw_0827_3019.utt,3/sw3019,3019,262,sv,A,171,2,"{D anyway, } {C so } you might as well not,","anyway/UH ,/, so/RB you/PRP might/MD as/RB well/RB not/RB ,/,",,
sw08utt/sw_0827_3019.utt,3/sw3019,3019,263,b,B,172,1,Sure. /,Sure/UH ./.,,
sw08utt/sw_0827_3019.utt,3/sw3019,3019,264,+,A,173,1,"reinforce it <laughter>,","reinforce/VB it/PRP ,/,",,
sw08utt/sw_0827_3019.utt,3/sw3019,3019,265,aa,B,174,1,"That's right,  /","That/DT 's/BES right/JJ ,/,",,
sw08utt/sw_0827_3019.utt,3/sw3019,3019,266,aa^r,B,174,2,that's right. /,that/DT 's/BES right/JJ ./.,,
sw08utt/sw_0827_3019.utt,3/sw3019,3019,267,+,A,175,1,{D you know. } /,you/PRP know/VBP ./.,,
sw08utt/sw_0827_3019.utt,3/sw3019,3019,268,ba,B,176,1,"Gosh,  /","Gosh/UH ,/,",,
sw08utt/sw_0827_3019.utt,3/sw3019,3019,269,sd,B,176,2,"[ they got, + they are ] mouthy enough anyway. /","they/PRP got/VBD ,/, they/PRP are/VBP mouthy/JJ enough/RB anyway/RB ./.",,
sw08utt/sw_0827_3019.utt,3/sw3019,3019,270,sd,A,177,1,"[ I know, + I ] remember going to sch-, - /","I/PRP know/VBP ,/, I/PRP remember/VBP going/VBG to/IN sch-/NN ,/,",,
sw08utt/sw_0827_3019.utt,3/sw3019,3019,271,sd,A,177,2,"my parents were a lot like, too - /","my/PRP$ parents/NNS were/VBD a/DT lot/NN like/IN ,/, too/RB",,
sw08utt/sw_0827_3019.utt,3/sw3019,3019,272,o@,A,177,3,"{C and } of course,","and/CC of/IN course/NN ,/,",,
sw08utt/sw_0827_3019.utt,3/sw3019,3019,273,b,B,178,1,Uh-huh. /,Uh-huh/UH ./.,,
sw08utt/sw_0827_3019.utt,3/sw3019,3019,274,+@,A,179,1,"we did not have any of the variety, {D you know, }  /","we/PRP did/VBD not/RB have/VB any/DT of/IN the/DT variety/NN ,/, you/PRP know/VBP ,/,",,
sw08utt/sw_0827_3019.utt,3/sw3019,3019,275,sd,A,179,2,"kids [ have, + ]","kids/NNS have/VBP ,/,",,
sw08utt/sw_0827_3019.utt,3/sw3019,3019,276,b,B,180,1,Uh-huh. /,Uh-huh/UH ./.,,
sw08utt/sw_0827_3019.utt,3/sw3019,3019,277,+,A,181,1,"{C but, } all the watch RAWHIDE and all those shows. /","but/CC ,/, all/PDT the/DT watch/VB RAWHIDE/NNP and/CC all/PDT those/DT shows/NNS ./.",,
sw08utt/sw_0827_3019.utt,3/sw3019,3019,278,b,B,182,1,Uh-huh. /,Uh-huh/UH ./.,,
sw08utt/sw_0827_3019.utt,3/sw3019,3019,279,sd,A,183,1,"{C And, } my parents never let me watch anything like that.  /","And/CC ,/, my/PRP$ parents/NNS never/RB let/VBP me/PRP watch/VBP anything/NN like/IN that/DT ./.",,
sw08utt/sw_0827_3019.utt,3/sw3019,3019,280,sd,A,183,2,"I could watch YOGI BEAR, {D you know, } /","I/PRP could/MD watch/VB YOGI/NNP BEAR/NN ,/, you/PRP know/VBP ,/,",,
sw08utt/sw_0827_3019.utt,3/sw3019,3019,281,b,B,184,1,Uh-huh. /,Uh-huh/UH ./.,,
sw08utt/sw_0827_3019.utt,3/sw3019,3019,282,qh,A,185,1,what kind of culture was that <laughter>? /,what/WDT kind/NN of/IN culture/NN was/VBD that/DT ?/.,,
sw08utt/sw_0827_3019.utt,3/sw3019,3019,283,b,B,186,1,Yeah  /,Yeah/UH,,
sw08utt/sw_0827_3019.utt,3/sw3019,3019,284,%,B,186,2,"{D well, } -/","well/UH ,/,",,
sw08utt/sw_0827_3019.utt,3/sw3019,3019,285,sd,A,187,1,"{C And, } I remember going to school the next day  /","And/CC ,/, I/PRP remember/VBP going/VBG to/IN school/NN the/DT next/JJ day/NN",,
sw08utt/sw_0827_3019.utt,3/sw3019,3019,286,sd(^q),A,187,2,"{C and } everybody would be asking, {F oh, } did you see that,","and/CC everybody/NN would/MD be/VB asking/VBG ,/, oh/UH ,/, did/VBD you/PRP see/VBP that/DT ,/,",,
sw08utt/sw_0827_3019.utt,3/sw3019,3019,287,b,B,188,1,Uh-huh  /,Uh-huh/UH,,
sw08utt/sw_0827_3019.utt,3/sw3019.pos,3019,288,x,B,188,2,<noise>.,./.
sw08utt/sw_0827_3019.utt,3/sw3019,3019,289,+,A,189,1,did you see how he did that  /,did/VBD you/PRP see/VBP how/WRB he/PRP did/VBD that/DT,,
sw08utt/sw_0827_3019.utt,3/sw3019,3019,290,^q,A,189,2,"{C and } did you see, - /","and/CC did/VBD you/PRP see/VBP ,/,",,
sw08utt/sw_0827_3019.utt,3/sw3019,3019,291,sd,A,189,3,{C and } I could never participate. /,and/CC I/PRP could/MD never/RB participate/VB ./.,,
sw08utt/sw_0827_3019.utt,3/sw3019,3019,292,b,B,190,1,Uh-huh. /,Uh-huh/UH ./.,,
sw08utt/sw_0827_3019.utt,3/sw3019,3019,293,sd,A,191,1,"{C And } it always made me feel a little bit, {D you know, } a loner  /","And/CC it/PRP always/RB made/VBD me/PRP feel/VBP a/DT little/JJ bit/NN ,/, you/PRP know/VBP ,/, a/DT loner/NN",,
sw08utt/sw_0827_3019.utt,3/sw3019,3019,294,qy,A,191,2,"{D like } I, {D you know, } -/","like/IN I/PRP ,/, you/PRP know/VBP ,/,",,
sw08utt/sw_0827_3019.utt,3/sw3019,3019,295,na,B,192,1,"<Noise> Sure,  /","Sure/UH ,/,",,
sw08utt/sw_0827_3019.utt,3/sw3019,3019,296,sd^e,B,192,2,"I can,","I/PRP can/MD ,/,",,
sw08utt/sw_0827_3019.utt,3/sw3019,3019,297,%,A,193,1,"{C But, } {F uh, } -/","But/CC ,/, uh/UH ,/,",,
sw08utt/sw_0827_3019.utt,3/sw3019,3019,298,+,B,194,1,understand how that would happen. /,understand/VB how/WRB that/DT would/MD happen/VB ./.,,
sw08utt/sw_0827_3019.utt,3/sw3019,3019,299,sd,A,195,1,"{C But } {D see, } then my parents, - /","But/CC see/UH ,/, then/RB my/PRP$ parents/NNS ,/,",,
sw08utt/sw_0827_3019.utt,3/sw3019,3019,300,sv@,A,195,2,I think then you have to replace it with other things.,I/PRP think/VBP then/RB you/PRP have/VBP to/TO replace/VB it/PRP with/IN other/JJ things/NNS ./.,,
sw08utt/sw_0827_3019.utt,3/sw3019,3019,301,aa,B,196,1,"Absolutely,  /","Absolutely/UH ,/,",,
sw08utt/sw_0827_3019.utt,3/sw3019,3019,302,sd,B,196,2,"{D well, } I did, /","well/UH ,/, I/PRP did/VBD ,/,",,
sw08utt/sw_0827_3019.utt,3/sw3019,3019,303,+@,A,197,1,"{D You know, }  /","You/PRP know/VBP ,/,",,
sw08utt/sw_0827_3019.utt,3/sw3019,3019,304,%,A,197,2,"to, {F uh, } -/","to/TO ,/, uh/UH ,/,",,
sw08utt/sw_0827_3019.utt,3/sw3019,3019,305,sd,B,198,1,I ran my kids to death <laughter>. /,I/PRP ran/VBD my/PRP$ kids/NNS to/IN death/NN ./.,,
sw08utt/sw_0827_3019.utt,3/sw3019,3019,306,x,A,199,1,<Laughter>.,,,
sw08utt/sw_0827_3019.utt,3/sw3019,3019,307,sd,B,200,1,"I said, {D hey, } I think that's enough television for awhile, /","I/PRP said/VBD ,/, hey/UH ,/, I/PRP think/VBP that/DT 's/BES enough/JJ television/NN for/IN awhile/RB ,/,",,
sw08utt/sw_0827_3019.utt,3/sw3019,3019,308,b,A,201,1,Really. /,Really/UH ./.,,
sw08utt/sw_0827_3019.utt,3/sw3019,3019,309,sd,B,202,1,"maybe we need to go outside, /","maybe/RB we/PRP need/VBP to/TO go/VB outside/IN ,/,",,
sw08utt/sw_0827_3019.utt,3/sw3019,3019,310,b,A,203,1,Yeah. /,Yeah/UH ./.,,
sw08utt/sw_0827_3019.utt,3/sw3019,3019,311,sd,B,204,1,{C and } we need to go out and play and enjoy some company.  /,and/CC we/PRP need/VBP to/TO go/VB out/RB and/CC play/VB and/CC enjoy/VB some/DT company/NN ./.,,
sw08utt/sw_0827_3019.utt,3/sw3019,3019,312,sd,B,204,2,"{C So } I would go out with them,  /","So/RB I/PRP would/MD go/VB out/RB with/IN them/PRP ,/,",,
sw08utt/sw_0827_3019.utt,3/sw3019,3019,313,sv,B,204,3,"{D now } {D see } there's the problem, parents do not do that.  /","now/UH see/UH there/EX 's/BES the/DT problem/NN ,/, parents/NNS do/VBP not/RB do/VB that/DT ./.",,
sw08utt/sw_0827_3019.utt,3/sw3019,3019,314,sv(^q),B,204,4,"They,","They/PRP ,/,",,
sw08utt/sw_0827_3019.utt,3/sw3019,3019,315,aa,A,205,1,That's true. /,That/DT 's/BES true/JJ ./.,,
sw08utt/sw_0827_3019.utt,3/sw3019,3019,316,+,B,206,1,"say, you go outside and play, /","say/UH ,/, you/PRP go/VBP outside/RB and/CC play/VBP ,/,",,
sw08utt/sw_0827_3019.utt,3/sw3019,3019,317,^q,A,207,1,"{C Or, } you go rent a video up at,","Or/CC ,/, you/PRP go/VBP rent/VB a/DT video/NN up/IN at/IN ,/,",,
sw08utt/sw_0827_3019.utt,3/sw3019,3019,318,b,B,208,1,Yeah.  /,Yeah/UH ./.,,
sw08utt/sw_0827_3019.utt,3/sw3019,3019,319,%,B,208,2,"I said, - /","I/PRP said/VBD ,/,",,
sw08utt/sw_0827_3019.utt,3/sw3019,3019,320,o@,B,208,3,"[ {C but, } +","but/CC ,/,",,
sw08utt/sw_0827_3019.utt,3/sw3019,3019,321,+,A,209,1,the store and come home and sit down and watch it. /,the/DT store/NN and/CC come/VBP home/RB and/CC sit/VBP down/RB and/CC watch/VBP it/PRP ./.,,
sw08utt/sw_0827_3019.utt,3/sw3019,3019,322,+@,B,210,1,"{C but, } ] we went on field trips  /","but/CC ,/, we/PRP went/VBD on/IN field/NN trips/NNS",,
sw08utt/sw_0827_3019.utt,3/sw3019,3019,323,sd,B,210,2,{C and } we did other things.  /,and/CC we/PRP did/VBD other/JJ things/NNS ./.,,
sw08utt/sw_0827_3019.utt,3/sw3019,3019,324,sv,B,210,3,"{C And } I think that was, -/","And/CC I/PRP think/VBP that/DT was/VBD ,/,",,
sw08utt/sw_0827_3019.utt,3/sw3019,3019,325,sv,A,211,1,"{D Well } [ that's, + {D you know, } that's ] something people do not do,  /","Well/UH that/DT 's/BES ,/, you/PRP know/VBP ,/, that/DT 's/BES something/NN people/NNS do/VBP not/RB do/VB ,/,",,
sw08utt/sw_0827_3019.utt,3/sw3019,3019,326,sd,A,211,2,"{D well, } here we are talking on that subject,  /","well/UH ,/, here/RB we/PRP are/VBP talking/VBG on/IN that/DT subject/NN ,/,",,
sw08utt/sw_0827_3019.utt,3/sw3019,3019,327,sd,A,211,3,"{C but } [ that's, + that's ] an interesting concept  /","but/CC that/DT 's/BES ,/, that/DT 's/BES an/DT interesting/JJ concept/NN",,
sw08utt/sw_0827_3019.utt,3/sw3019,3019,328,sd,A,211,4,"I have got to stick in my  ((   )) , {F uh, } -/","I/PRP have/VBP got/VBN to/TO stick/VB in/RP my/PRP$ MUMBLEx/XX ,/, uh/UH ,/,",,
sw08utt/sw_0827_3019.utt,3/sw3019,3019,329,b,B,212,1,"Of course, /","Of/IN course/NN ,/,",,
sw08utt/sw_0827_3019.utt,3/sw3019,3019,330,sd,A,213,1,{D You know } work with kids  ((   ))  /,You/PRP know/VBP work/VB with/IN kids/NNS MUMBLEx/XX,,
sw08utt/sw_0827_3019.utt,3/sw3019,3019,331,%,A,213,2,"{C but, } {F uh,. } -/","but/CC ,/, uh/UH ,/, ./.",,
