swda_filename,ptb_basename,conversation_no,transcript_index,act_tag,caller,utterance_index,subutterance_index,text,pos,trees,ptb_treenumbers
sw08utt/sw_0828_3055.utt,3/sw3055,3055,0,oo^t,A,1,1,"{C And } I guess, the suggestion is that we maybe talk about a menu for a dinner party, if we wanted to do something like that or,","And/CC I/PRP guess/VBP ,/, the/DT suggestion/NN is/VBZ that/IN we/PRP maybe/RB talk/VBP about/IN a/DT menu/NN for/IN a/DT dinner/NN party/NN ,/, if/IN we/PRP wanted/VBD to/TO do/VB something/NN like/IN that/DT or/CC ,/,",,
sw08utt/sw_0828_3055.utt,3/sw3055,3055,1,aa,B,2,1,"Yes,  /","Yes/UH ,/,",,
sw08utt/sw_0828_3055.utt,3/sw3055,3055,2,b,B,2,2,uh-huh.  /,uh-huh/UH ./.,,
sw08utt/sw_0828_3055.utt,3/sw3055,3055,3,b,B,2,3,sure. /,sure/UH ./.,,
sw08utt/sw_0828_3055.utt,3/sw3055,3055,4,+,A,3,1,"share recipes or something, {F um. } /","share/VB recipes/NNS or/CC something/NN ,/, um/UH ./.",,
sw08utt/sw_0828_3055.utt,3/sw3055,3055,5,b,B,4,1,"Right, /","Right/UH ,/,",,
sw08utt/sw_0828_3055.utt,3/sw3055,3055,6,qy,A,5,1,Are you one who gives dinner parties very often? /,Are/VBP you/PRP one/CD who/WP gives/VBZ dinner/NN parties/NNS very/RB often/RB ?/.,,
sw08utt/sw_0828_3055.utt,3/sw3055,3055,7,nn,B,6,1,No. /,No/UH ./.,,
sw08utt/sw_0828_3055.utt,3/sw3055,3055,8,nn^m,A,7,1,"No,  /","No/UH ,/,",,
sw08utt/sw_0828_3055.utt,3/sw3055,3055,9,sd^e,A,7,2,nor am I. /,nor/CC am/VBP I/PRP ./.,,
sw08utt/sw_0828_3055.utt,3/sw3055,3055,10,sd,B,8,1,"<Laughter> I avoid them with all <laughter>, /","I/PRP avoid/VBP them/PRP with/IN all/DT ,/,",,
sw08utt/sw_0828_3055.utt,3/sw3055,3055,11,sv,A,9,1,"They are a lot of work,  /","They/PRP are/VBP a/DT lot/NN of/IN work/NN ,/,",,
sw08utt/sw_0828_3055.utt,3/sw3055,3055,12,sd,A,9,2,that is for sure. /,that/WDT is/VBZ for/IN sure/JJ ./.,,
sw08utt/sw_0828_3055.utt,3/sw3055,3055,13,aa,B,10,1,"Yeah,  /","Yeah/UH ,/,",,
sw08utt/sw_0828_3055.utt,3/sw3055,3055,14,aa,B,10,2,"they are, - /","they/PRP are/VBP ,/,",,
sw08utt/sw_0828_3055.utt,3/sw3055,3055,15,sd,B,10,3,"{E I mean } I do them, /","I/PRP mean/VBP I/PRP do/VBP them/PRP ,/,",,
sw08utt/sw_0828_3055.utt,3/sw3055,3055,16,b,A,11,1,Yes. /,Yes/UH ./.,,
sw08utt/sw_0828_3055.utt,3/sw3055,3055,17,sv^m,B,12,1,{C but } they are a lot of work. /,but/CC they/PRP are/VBP a/DT lot/NN of/IN work/NN ./.,,
sw08utt/sw_0828_3055.utt,3/sw3055,3055,18,b,A,13,1,Yeah. /,Yeah/UH ./.,,
sw08utt/sw_0828_3055.utt,3/sw3055,3055,19,sd,B,14,1,"I usually have them when [ I, + ] <sigh> there is a special event in our lives  /","I/PRP usually/RB have/VBP them/PRP when/WRB I/PRP ,/, there/EX is/VBZ a/DT special/JJ event/NN in/IN our/PRP$ lives/NNS",,
sw08utt/sw_0828_3055.utt,3/sw3055,3055,20,sd,B,14,2,"{C and } [ I, +","and/CC I/PRP ,/,",,
sw08utt/sw_0828_3055.utt,3/sw3055,3055,21,b,A,15,1,Yeah. /,Yeah/UH ./.,,
sw08utt/sw_0828_3055.utt,3/sw3055,3055,22,+,B,16,1,I ] make a big deal out of it for them. /,I/PRP make/VBP a/DT big/JJ deal/NN out/IN of/IN it/PRP for/IN them/PRP ./.,,
sw08utt/sw_0828_3055.utt,3/sw3055,3055,23,b,A,17,1,"Uh-huh,  /","Uh-huh/UH ,/,",,
sw08utt/sw_0828_3055.utt,3/sw3055,3055,24,b^r,A,17,2,uh-huh. /,uh-huh/UH ./.,,
sw08utt/sw_0828_3055.utt,3/sw3055,3055,25,sd,B,18,1,"{C And, } {F uh, } I think I am most, {F uh, } happiest with my most,","And/CC ,/, uh/UH ,/, I/PRP think/VBP I/PRP am/VBP most/RBS ,/, uh/UH ,/, happiest/JJS with/IN my/PRP$ most/RBS ,/,",,
sw08utt/sw_0828_3055.utt,3/sw3055,3055,26,b,A,19,1,Yeah. /,Yeah/UH ./.,,
sw08utt/sw_0828_3055.utt,3/sw3055,3055,27,+,B,20,1,familiar foods that I know are successful. /,familiar/JJ foods/NNS that/WDT I/PRP know/VBP are/VBP successful/JJ ./.,,
sw08utt/sw_0828_3055.utt,3/sw3055,3055,28,b,A,21,1,"Right,  /","Right/UH ,/,",,
sw08utt/sw_0828_3055.utt,3/sw3055,3055,29,b,A,21,2,yes. /,yes/UH ./.,,
sw08utt/sw_0828_3055.utt,3/sw3055,3055,30,sd,B,22,1,"{D You know, } {C and } [ I have, + I make ] my own pies and pie crust  /","You/PRP know/VBP ,/, and/CC I/PRP have/VBP ,/, I/PRP make/VBP my/PRP$ own/JJ pies/NNS and/CC pie/NN crust/NN",,
sw08utt/sw_0828_3055.utt,3/sw3055,3055,31,sd,B,22,2,"{C and, }","and/CC ,/,",,
sw08utt/sw_0828_3055.utt,3/sw3055,3055,32,b,A,23,1,Uh-huh. /,Uh-huh/UH ./.,,
sw08utt/sw_0828_3055.utt,3/sw3055,3055,33,+,B,24,1,"{D you know, } I can make my pies from scratch,  /","you/PRP know/VBP ,/, I/PRP can/MD make/VB my/PRP$ pies/NNS from/IN scratch/NN ,/,",,
sw08utt/sw_0828_3055.utt,3/sw3055,3055,34,sd,B,24,2,I do not need a recipe to follow.  /,I/PRP do/VBP not/RB need/VB a/DT recipe/NN to/TO follow/VB ./.,,
sw08utt/sw_0828_3055.utt,3/sw3055,3055,35,%,B,24,3,"{C And, } {F uh, } -/","And/CC ,/, uh/UH ,/,",,
sw08utt/sw_0828_3055.utt,3/sw3055,3055,36,ba,A,25,1,"{F Oh, } that's great.  /","Oh/UH ,/, that/DT 's/BES great/JJ ./.",,
sw08utt/sw_0828_3055.utt,3/sw3055,3055,37,sd,A,25,2,"You sound like my mother who has been, - /","You/PRP sound/VBP like/IN my/PRP$ mother/NN who/WP has/VBZ been/VBN ,/,",,
sw08utt/sw_0828_3055.utt,3/sw3055,3055,38,sd,A,25,3,"{D well } I bake pies too,  /","well/UH I/PRP bake/VBP pies/NNS too/RB ,/,",,
sw08utt/sw_0828_3055.utt,3/sw3055,3055,39,sd,A,25,4,{C but } my mother was always the famous pie baker in the family  /,but/CC my/PRP$ mother/NN was/VBD always/RB the/DT famous/JJ pie/NN baker/NN in/IN the/DT family/NN,,
sw08utt/sw_0828_3055.utt,3/sw3055,3055,40,sd,A,25,5,"{C and } <sigh> she has [ the same, + the same ] technique,  /","and/CC she/PRP has/VBZ the/DT same/JJ ,/, the/DT same/JJ technique/NN ,/,",,
sw08utt/sw_0828_3055.utt,3/sw3055,3055,41,sv,A,25,6,"{E I mean, } I guess after many years of doing it, you just,","I/PRP mean/VBP ,/, I/PRP guess/VBP after/IN many/JJ years/NNS of/IN doing/VBG it/PRP ,/, you/PRP just/RB ,/,",,
sw08utt/sw_0828_3055.utt,3/sw3055,3055,42,b,B,26,1,"Yeah,  /","Yeah/UH ,/,",,
sw08utt/sw_0828_3055.utt,3/sw3055,3055,43,^2,B,26,2,# you just know from heart. # /,you/PRP just/RB know/VBP from/IN heart/NN ./.,,
sw08utt/sw_0828_3055.utt,3/sw3055,3055,44,+,A,27,1,# kind of do it second nature. # /,kind/RB of/RB do/VBP it/PRP second/JJ nature/NN ./.,,
sw08utt/sw_0828_3055.utt,3/sw3055,3055,45,sd,B,28,1,I had one of the ladies at church that tasted my coconut cream pie  /,I/PRP had/VBD one/CD of/IN the/DT ladies/NNS at/IN church/NN that/WDT tasted/VBD my/PRP$ coconut/NN cream/NN pie/NN,,
sw08utt/sw_0828_3055.utt,3/sw3055,3055,46,sd(^q),B,28,2,"{C and } she said make me one,  /","and/CC she/PRP said/VBD make/VB me/PRP one/CD ,/,",,
sw08utt/sw_0828_3055.utt,3/sw3055,3055,47,sd,B,28,3,{C and } I made her one. /,and/CC I/PRP made/VBD her/PRP$ one/CD ./.,,
sw08utt/sw_0828_3055.utt,3/sw3055,3055,48,b,A,29,1,{F Uh. } /,Uh/UH ./.,,
sw08utt/sw_0828_3055.utt,3/sw3055,3055,49,sd(^q),B,30,1,"{C And } [ when I, + when she ] gave me back the plate, she said ""I did not share this with anybody"".  /","And/CC when/WRB I/PRP ,/, when/WRB she/PRP gave/VBD me/PRP back/RB the/DT plate/NN ,/, she/PRP said/VBD ``/`` I/PRP did/VBD not/RB share/VB this/DT with/JJ anybody/NN ''/'' ./.",,
sw08utt/sw_0828_3055.utt,3/sw3055,3055,50,sd,B,30,2,"<laughter> {C And } I thought {D whoa, } <laughter> that was a big pie. /","And/CC I/PRP thought/VBD whoa/UH ,/, that/DT was/VBD a/DT big/JJ pie/NN ./.",,
sw08utt/sw_0828_3055.utt,3/sw3055,3055,51,qy^g,A,31,1,"She enjoyed it, {F huh } <laughter>. /","She/PRP enjoyed/VBD it/PRP ,/, huh/UH ./.",,
sw08utt/sw_0828_3055.utt,3/sw3055,3055,52,ny,B,32,1,Yes <laughter>. /,Yes/UH ./.,,
sw08utt/sw_0828_3055.utt,3/sw3055,3055,53,sd,A,33,1,"{D Well, } there is a woman in our choir, who is nearly famous for her apple pies, /","Well/UH ,/, there/EX is/VBZ a/DT woman/NN in/IN our/PRP$ choir/NN ,/, who/WP is/VBZ nearly/RB famous/JJ for/IN her/PRP$ apple/NN pies/NNS ,/,",,
sw08utt/sw_0828_3055.utt,3/sw3055,3055,54,b,B,34,1,Uh-huh. /,Uh-huh/UH ./.,,
sw08utt/sw_0828_3055.utt,3/sw3055,3055,55,sd,A,35,1,"{C and, } {F uh, } we had [ [ a, + a, ] + <throat_clearing> an ] auction one time at the church  /","and/CC ,/, uh/UH ,/, we/PRP had/VBD a/DT ,/, a/DT ,/, an/DT auction/NN one/CD time/NN at/IN the/DT church/NN",,
sw08utt/sw_0828_3055.utt,3/sw3055,3055,56,sd,A,35,2,"<throat_clearing> {E excuse me, } {C and, } {F uh, } one of her pies was auctioned for fifty dollars <laughter>. /","excuse/VB me/PRP ,/, and/CC ,/, uh/UH ,/, one/CD of/IN her/PRP$ pies/NNS was/VBD auctioned/VBN for/IN fifty/CD dollars/NNS ./.",,
sw08utt/sw_0828_3055.utt,3/sw3055,3055,57,fe,B,36,1,"My word, /","My/PRP$ word/NN ,/,",,
sw08utt/sw_0828_3055.utt,3/sw3055,3055,58,x,A,37,1,<Throat_clearing>.,,,
sw08utt/sw_0828_3055.utt,3/sw3055,3055,59,sv,B,38,1,she must have a great pie recipe then. /,she/PRP must/MD have/VB a/DT great/JJ pie/NN recipe/NN then/RB ./.,,
sw08utt/sw_0828_3055.utt,3/sw3055,3055,60,sd,A,39,1,"{D Well, } I think [ I, + I ] have had it once  /","Well/UH ,/, I/PRP think/VBP I/PRP ,/, I/PRP have/VBP had/VBN it/PRP once/RB",,
sw08utt/sw_0828_3055.utt,3/sw3055,3055,61,sd,A,39,2,"{C and } it has been a few years ago,  /","and/CC it/PRP has/VBZ been/VBN a/DT few/JJ years/NNS ago/RB ,/,",,
sw08utt/sw_0828_3055.utt,3/sw3055,3055,62,sd,A,39,3,"{C but } I do recall that it was quite good,  /","but/CC I/PRP do/VBP recall/VB that/IN it/PRP was/VBD quite/RB good/JJ ,/,",,
sw08utt/sw_0828_3055.utt,3/sw3055,3055,63,%,A,39,4,"{C so, } {F uh, } -/","so/RB ,/, uh/UH ,/,",,
sw08utt/sw_0828_3055.utt,3/sw3055,3055,64,ba,B,40,1,Wonderful. /,Wonderful/UH ./.,,
sw08utt/sw_0828_3055.utt,3/sw3055,3055,65,b,A,41,1,Yeah.  /,Yeah/UH ./.,,
sw08utt/sw_0828_3055.utt,3/sw3055,3055,66,sd,A,41,2,"{C So, } that is her specialty, {F uh, }  /","So/RB ,/, that/DT is/VBZ her/PRP$ specialty/NN ,/, uh/UH ,/,",,
sw08utt/sw_0828_3055.utt,3/sw3055,3055,67,sd,A,41,3,"I like to bake, {F uh, } also,  /","I/PRP like/VBP to/TO bake/VB ,/, uh/UH ,/, also/RB ,/,",,
sw08utt/sw_0828_3055.utt,3/sw3055,3055,68,sd,A,41,4,"I do not bake so much now that my children are grown,  /","I/PRP do/VBP not/RB bake/VB so/RB much/JJ now/RB that/IN my/PRP$ children/NNS are/VBP grown/VBN ,/,",,
sw08utt/sw_0828_3055.utt,3/sw3055,3055,69,sd,A,41,5,{C but } I do enjoy baking  /,but/CC I/PRP do/VBP enjoy/VB baking/NN,,
sw08utt/sw_0828_3055.utt,3/sw3055,3055,70,sd,A,41,6,"{C and } I guess I always liked making, {F uh, } cookies and bars and things like that,  /","and/CC I/PRP guess/VBP I/PRP always/RB liked/VBD making/VBG ,/, uh/UH ,/, cookies/NNS and/CC bars/NNS and/CC things/NNS like/IN that/DT ,/,",,
sw08utt/sw_0828_3055.utt,3/sw3055,3055,71,sd,A,41,7,"that was more my specialty,","that/DT was/VBD more/JJR my/PRP$ specialty/NN ,/,",,
sw08utt/sw_0828_3055.utt,3/sw3055,3055,72,b,B,42,1,"Uh-huh,  /","Uh-huh/UH ,/,",,
sw08utt/sw_0828_3055.utt,3/sw3055,3055,73,b^r,B,42,2,uh-huh. /,uh-huh/UH ./.,,
sw08utt/sw_0828_3055.utt,3/sw3055,3055,74,+,A,43,1,I suppose.  /,I/PRP suppose/VBP ./.,,
sw08utt/sw_0828_3055.utt,3/sw3055,3055,75,sd,A,43,2,{C And } they seem to last longer than pies around here  /,And/CC they/PRP seem/VBP to/TO last/VB longer/RB than/IN pies/NNS around/IN here/RB,,
sw08utt/sw_0828_3055.utt,3/sw3055,3055,76,sv,A,43,3,"<laughter> pies would go practically,","pies/NNS would/MD go/VB practically/RB ,/,",,
sw08utt/sw_0828_3055.utt,3/sw3055,3055,77,b,B,44,1,Yeah  /,Yeah/UH,,
sw08utt/sw_0828_3055.utt,3/sw3055,3055,78,%,B,44,2,"you, -/","you/PRP ,/,",,
sw08utt/sw_0828_3055.utt,3/sw3055,3055,79,+,A,45,1,in a day's time </laughter>. /,in/IN a/DT day/NN 's/POS time/NN ./.,,
sw08utt/sw_0828_3055.utt,3/sw3055,3055,80,aa,B,46,1,"That's right,  /","That/DT 's/BES right/JJ ,/,",,
sw08utt/sw_0828_3055.utt,3/sw3055,3055,81,aa,B,46,2,yeah  /,yeah/UH,,
sw08utt/sw_0828_3055.utt,3/sw3055,3055,82,sd,B,46,3,"they are meant for [ the, + ] that evening's,","they/PRP are/VBP meant/VBN for/IN the/DT ,/, that/DT evening/NN 's/POS ,/,",,
sw08utt/sw_0828_3055.utt,3/sw3055,3055,83,b,A,47,1,Yes. /,Yes/UH ./.,,
sw08utt/sw_0828_3055.utt,3/sw3055,3055,84,+,B,48,1,dessert  /,dessert/NN,,
sw08utt/sw_0828_3055.utt,3/sw3055,3055,85,sd,B,48,2,"{C and, } {D you know, } it has got to be gone or daddy gets into [ the, + {D you know, } the ] leftovers. /","and/CC ,/, you/PRP know/VBP ,/, it/PRP has/VBZ got/VBN to/TO be/VB gone/VBN or/CC daddy/NN gets/VBZ into/IN the/DT ,/, you/PRP know/VBP ,/, the/DT leftovers/NNS ./.",,
sw08utt/sw_0828_3055.utt,3/sw3055,3055,86,b,A,49,1,Right <laughter>. /,Right/UH ./.,,
sw08utt/sw_0828_3055.utt,3/sw3055,3055,87,sd,B,50,1,Puts about two more inches on his waistline  /,Puts/VBZ about/RB two/CD more/JJR inches/NNS on/IN his/PRP$ waistline/NN,,
sw08utt/sw_0828_3055.utt,3/sw3055,3055,88,sd,B,50,2,"{C and then } # he is <laughter> chastising, #","and/CC then/RB he/PRP is/VBZ chastising/VBG ,/,",,
sw08utt/sw_0828_3055.utt,3/sw3055,3055,89,%,A,51,1,"# {C And }  ((   )) , # -/","And/CC MUMBLEx/XX ,/,",,
sw08utt/sw_0828_3055.utt,3/sw3055,3055,90,+,B,52,1,himself afterward </laughter>. /,himself/PRP afterward/RB ./.,,
sw08utt/sw_0828_3055.utt,3/sw3055,3055,91,sd,A,53,1,"{D Well, } it is interesting that, - /","Well/UH ,/, it/PRP is/VBZ interesting/JJ that/IN ,/,",,
sw08utt/sw_0828_3055.utt,3/sw3055,3055,92,sd,A,53,2,"yesterday, I had lunch with a friend  /","yesterday/NN ,/, I/PRP had/VBD lunch/NN with/IN a/DT friend/NN",,
sw08utt/sw_0828_3055.utt,3/sw3055,3055,93,sd,A,53,3,"{C and } she was telling me that she had a dinner party over the weekend,","and/CC she/PRP was/VBD telling/VBG me/PRP that/IN she/PRP had/VBD a/DT dinner/NN party/NN over/IN the/DT weekend/NN ,/,",,
sw08utt/sw_0828_3055.utt,3/sw3055,3055,94,b,B,54,1,Uh-huh. /,Uh-huh/UH ./.,,
sw08utt/sw_0828_3055.utt,3/sw3055,3055,95,+,A,55,1,for friends of hers.  /,for/IN friends/NNS of/IN hers/PRP ./.,,
sw08utt/sw_0828_3055.utt,3/sw3055,3055,96,%,A,55,2,"For, {F um, } {F uh, } - /","For/IN ,/, um/UH ,/, uh/UH ,/,",,
sw08utt/sw_0828_3055.utt,3/sw3055,3055,97,sd,A,55,3,"one of her acquaintances, one of her old friends, I guess, had been in town  /","one/CD of/IN her/PRP$ acquaintances/NNS ,/, one/CD of/IN her/PRP$ old/JJ friends/NNS ,/, I/PRP guess/VBP ,/, had/VBD been/VBN in/IN town/NN",,
sw08utt/sw_0828_3055.utt,3/sw3055,3055,98,sd,A,55,4,"{C and, } {F uh, } they invited two other couples over  /","and/CC ,/, uh/UH ,/, they/PRP invited/VBD two/CD other/JJ couples/NNS over/RB",,
sw08utt/sw_0828_3055.utt,3/sw3055,3055,99,sd,A,55,5,"{C and so } there were seven of them that, {F uh, } - /","and/CC so/RB there/EX were/VBD seven/CD of/IN them/PRP that/WDT ,/, uh/UH ,/,",,
sw08utt/sw_0828_3055.utt,3/sw3055,3055,100,sd,A,55,6,"I said {D ""well, } what did you have""  /","I/PRP said/VBD ``/`` well/UH ,/, what/WP did/VBD you/PRP have/VBP ''/''",,
sw08utt/sw_0828_3055.utt,3/sw3055,3055,101,sd(^q),A,55,7,"{C and } she said what she had, {F uh, } just Mexican food,  /","and/CC she/PRP said/VBD what/WP she/PRP had/VBD ,/, uh/UH ,/, just/RB Mexican/JJ food/NN ,/,",,
sw08utt/sw_0828_3055.utt,3/sw3055,3055,102,sd,A,55,8,"{C but, } {D you know, } she had, {F uh, } {F uh, } guacamole  /","but/CC ,/, you/PRP know/VBP ,/, she/PRP had/VBD ,/, uh/UH ,/, uh/UH ,/, guacamole/NN",,
sw08utt/sw_0828_3055.utt,3/sw3055,3055,103,sd,A,55,9,"{C and, } {F uh, } I cannot remember all she had.  /","and/CC ,/, uh/UH ,/, I/PRP can/MD not/RB remember/VB all/DT she/PRP had/VBD ./.",,
sw08utt/sw_0828_3055.utt,3/sw3055,3055,104,sd,A,55,10,"{C But } she also had made, {F uh, } flan, which is actually Spanish, I think.  /","But/CC she/PRP also/RB had/VBD made/VBN ,/, uh/UH ,/, flan/NN ,/, which/WDT is/VBZ actually/RB Spanish/JJ ,/, I/PRP think/VBP ./.",,
sw08utt/sw_0828_3055.utt,3/sw3055,3055,105,qy,A,55,11,Have you ever made that or had it? /,Have/VBP you/PRP ever/RB made/VBD that/DT or/CC had/VBD it/PRP ?/.,,
sw08utt/sw_0828_3055.utt,3/sw3055,3055,106,nn,B,56,1,"No,  /","No/UH ,/,",,
sw08utt/sw_0828_3055.utt,3/sw3055,3055,107,sd^e,B,56,2,"I have not,  /","I/PRP have/VBP not/RB ,/,",,
sw08utt/sw_0828_3055.utt,3/sw3055,3055,108,nn,B,56,3,huh-uh. /,huh-uh/UH ./.,,
sw08utt/sw_0828_3055.utt,3/sw3055,3055,109,%,A,57,1,"[  It's, + {F uh, }  it's, ] {F um, } - /","It/PRP 's/BES ,/, uh/UH ,/, it/PRP 's/BES ,/, um/UH ,/,",,
sw08utt/sw_0828_3055.utt,3/sw3055,3055,110,sd,A,57,2,"I had, used to work with a gentleman who was from Cuba, who would make it,","I/PRP had/VBD ,/, used/VBN to/TO work/VB with/IN a/DT gentleman/NN who/WP was/VBD from/IN Cuba/NNP ,/, who/WP would/MD make/VB it/PRP ,/,",,
sw08utt/sw_0828_3055.utt,3/sw3055,3055,111,b,B,58,1,Uh-huh. /,Uh-huh/UH ./.,,
sw08utt/sw_0828_3055.utt,3/sw3055,3055,112,+,A,59,1,"{F uh, }  /","uh/UH ,/,",,
sw08utt/sw_0828_3055.utt,3/sw3055,3055,113,sd,A,59,2,it's just a wonderful dessert.  /,it/PRP 's/BES just/RB a/DT wonderful/JJ dessert/NN ./.,,
sw08utt/sw_0828_3055.utt,3/sw3055,3055,114,sd,A,59,3,"It's like, {F uh, } an egg custard in a caramelized sugar,","It/PRP 's/BES like/IN ,/, uh/UH ,/, an/DT egg/NN custard/NN in/IN a/DT caramelized/VBN sugar/NN ,/,",,
sw08utt/sw_0828_3055.utt,3/sw3055,3055,115,b,B,60,1,"{F Oh, } okay. /","Oh/UH ,/, okay/UH ./.",,
sw08utt/sw_0828_3055.utt,3/sw3055,3055,116,+,A,61,1,with on top of it. - /,with/IN on/IN top/NN of/IN it/PRP ./.,,
sw08utt/sw_0828_3055.utt,3/sw3055,3055,117,sd,A,61,2,"{C And } [ it's, + it's ] [ quite, + ] {D actually, } not very difficult to make,  /","And/CC it/PRP 's/BES ,/, it/PRP 's/BES quite/RB ,/, actually/UH ,/, not/RB very/RB difficult/JJ to/TO make/VB ,/,",,
sw08utt/sw_0828_3055.utt,3/sw3055,3055,118,sd,A,61,3,"{C but } it's very, very high in cholesterol,  I am sure with all the eggs that are in it. /","but/CC it/PRP 's/BES very/RB ,/, very/RB high/JJ in/IN cholesterol/NN ,/, I/PRP am/VBP sure/JJ with/IN all/PDT the/DT eggs/NNS that/WDT are/VBP in/IN it/PRP ./.",,
sw08utt/sw_0828_3055.utt,3/sw3055,3055,119,b,B,62,1,"Sure,  /","Sure/UH ,/,",,
sw08utt/sw_0828_3055.utt,3/sw3055,3055,120,b,B,62,2,yeah. /,yeah/UH ./.,,
sw08utt/sw_0828_3055.utt,3/sw3055,3055,121,sd,A,63,1,"{C But, } {F uh, } she said that she and her husband had, {F uh, } traveled in Spain a couple years ago.  /","But/CC ,/, uh/UH ,/, she/PRP said/VBD that/IN she/PRP and/CC her/PRP$ husband/NN had/VBD ,/, uh/UH ,/, traveled/VBN in/IN Spain/NNP a/DT couple/NN years/NNS ago/RB ./.",,
sw08utt/sw_0828_3055.utt,3/sw3055,3055,122,sd,A,63,2,"[ {C And, } + {C and } ] flan is almost, {F uh, } a basic with every meal that you get,","And/CC ,/, and/CC flan/NN is/VBZ almost/RB ,/, uh/UH ,/, a/DT basic/NN with/IN every/DT meal/NN that/WDT you/PRP get/VBP ,/,",,
sw08utt/sw_0828_3055.utt,3/sw3055,3055,123,bf,B,64,1,"Like apple pie in America,  /","Like/IN apple/NN pie/NN in/IN America/NNP ,/,",,
sw08utt/sw_0828_3055.utt,3/sw3055,3055,124,qy^d,B,64,2,right. /,right/UH ./.,,
sw08utt/sw_0828_3055.utt,3/sw3055,3055,125,+,A,65,1,there.  /,there/RB ./.,,
sw08utt/sw_0828_3055.utt,3/sw3055,3055,126,ny,A,65,2,"Yeah,  /","Yeah/UH ,/,",,
sw08utt/sw_0828_3055.utt,3/sw3055,3055,127,ny,A,65,3,uh-huh. /,uh-huh/UH ./.,,
sw08utt/sw_0828_3055.utt,3/sw3055,3055,128,b,B,66,1,Uh-huh.  /,Uh-huh/UH ./.,,
sw08utt/sw_0828_3055.utt,3/sw3055,3055,129,ba,B,66,2,"Wow,  /","Wow/UH ,/,",,
sw08utt/sw_0828_3055.utt,3/sw3055,3055,130,b,B,66,3,uh-huh. /,uh-huh/UH ./.,,
sw08utt/sw_0828_3055.utt,3/sw3055,3055,131,sd,A,67,1,It's just very customary to get flan.  /,It/PRP 's/BES just/RB very/RB customary/JJ to/TO get/VB flan/NN ./.,,
sw08utt/sw_0828_3055.utt,3/sw3055,3055,132,sd,A,67,2,"{C So } if you ever run into that <laughter> you will sort,","So/RB if/IN you/PRP ever/RB run/VBP into/IN that/DT you/PRP will/MD sort/RB ,/RB",,
sw08utt/sw_0828_3055.utt,3/sw3055,3055,133,b,B,68,1,Yeah. /,Yeah/UH ./.,,
sw08utt/sw_0828_3055.utt,3/sw3055,3055,134,+,A,69,1,of be aware of what that is all about.  /,of/IN be/VB aware/JJ of/IN what/WP that/DT is/VBZ all/RB about/RB ./.,,
sw08utt/sw_0828_3055.utt,3/sw3055,3055,135,sd,A,69,2,"{C But, } {F uh, } I would never have thought of making that as part of [ a, + a ] Mexican dinner,  /","But/CC ,/, uh/UH ,/, I/PRP would/MD never/RB have/VB thought/VBN of/IN making/VBG that/DT as/IN part/NN of/IN a/DT ,/, a/DT Mexican/JJ dinner/NN ,/,",,
sw08utt/sw_0828_3055.utt,3/sw3055,3055,136,sd,A,69,3,"{C but, } {D you know, } sopapillas, I guess, would be another kind of a dessert, if you decided to do something like that.  /","but/CC ,/, you/PRP know/VBP ,/, sopapillas/NNS ,/, I/PRP guess/VBP ,/, would/MD be/VB another/DT kind/NN of/IN a/DT dessert/NN ,/, if/IN you/PRP decided/VBD to/TO do/VB something/NN like/IN that/DT ./.",,
sw08utt/sw_0828_3055.utt,3/sw3055,3055,137,%,A,69,4,"{C But } <throat_clearing>, -/","But/CC ,/,",,
sw08utt/sw_0828_3055.utt,3/sw3055,3055,138,b,B,70,1,Uh-huh. /,Uh-huh/UH ./.,,
sw08utt/sw_0828_3055.utt,3/sw3055,3055,139,sd,A,71,1,"flan is something you can,","flan/NN is/VBZ something/NN you/PRP can/MD ,/,",,
sw08utt/sw_0828_3055.utt,3/sw3055,3055,140,b,B,72,1,Uh-huh. /,Uh-huh/UH ./.,,
sw08utt/sw_0828_3055.utt,3/sw3055,3055,141,+,A,73,1,"make ahead and [ have just, + {D you know, } have ] ready  /","make/VB ahead/RB and/CC have/VBP just/RB ,/, you/PRP know/VBP ,/, have/VBP ready/JJ",,
sw08utt/sw_0828_3055.utt,3/sw3055,3055,142,sd,A,73,2,"{C but, } {F uh. }  {D Well, } I would,  have been thinking I would like to have a dinner party sometime soon,  /","but/CC ,/, uh/UH ./. Well/UH ,/, I/PRP would/MD ,/, have/VB been/VBN thinking/VBG I/PRP would/MD like/VB to/TO have/VB a/DT dinner/NN party/NN sometime/RB soon/RB ,/,",,
sw08utt/sw_0828_3055.utt,3/sw3055,3055,143,%,A,73,3,"{C but } I tell you it, - /","but/CC I/PRP tell/VBP you/PRP it/PRP ,/,",,
sw08utt/sw_0828_3055.utt,3/sw3055,3055,144,%,A,73,4,"th-, - /","th-/XX ,/,",,
sw08utt/sw_0828_3055.utt,3/sw3055,3055,145,%,A,73,5,I - /,I/PRP,,
sw08utt/sw_0828_3055.utt,3/sw3055,3055,146,%,A,73,6,(( my )) - /,my/PRP$,,
sw08utt/sw_0828_3055.utt,3/sw3055,3055,147,sv,A,73,7,"it's one of those things where it does require some real, {F uh, } planning  /","it/PRP 's/BES one/CD of/IN those/DT things/NNS where/WRB it/PRP does/VBZ require/VB some/DT real/JJ ,/, uh/UH ,/, planning/NN",,
sw08utt/sw_0828_3055.utt,3/sw3055,3055,148,%,A,73,8,"{C and, }","and/CC ,/,",,
sw08utt/sw_0828_3055.utt,3/sw3055,3055,149,aa,B,74,1,"Yes,  /","Yes/UH ,/,",,
sw08utt/sw_0828_3055.utt,3/sw3055,3055,150,aa,B,74,2,((   ))  uh-huh. /,MUMBLEx/XX uh-huh/UH ./.,,
sw08utt/sw_0828_3055.utt,3/sw3055,3055,151,+,A,75,1,"it's, {D you know, } - /","it/PRP 's/BES ,/, you/PRP know/VBP ,/,",,
sw08utt/sw_0828_3055.utt,3/sw3055,3055,152,sv,A,75,2,"you don't just make the dinner,  /","you/PRP do/VBP n't/RB just/RB make/VB the/DT dinner/NN ,/,",,
sw08utt/sw_0828_3055.utt,3/sw3055,3055,153,sv,A,75,3,"you have the house to clean and, {D you know, } the whole business that goes with it. /","you/PRP have/VBP the/DT house/NN to/TO clean/VB and/CC ,/, you/PRP know/VBP ,/, the/DT whole/JJ business/NN that/WDT goes/VBZ with/IN it/PRP ./.",,
sw08utt/sw_0828_3055.utt,3/sw3055,3055,154,sd,B,76,1,"{D Well, } when I have a dinner party that is my motivation for getting the,","Well/UH ,/, when/WRB I/PRP have/VBP a/DT dinner/NN party/NN that/DT is/VBZ my/PRP$ motivation/NN for/IN getting/VBG the/DT ,/,",,
sw08utt/sw_0828_3055.utt,3/sw3055,3055,155,b,A,77,1,Yeah. /,Yeah/UH ./.,,
sw08utt/sw_0828_3055.utt,3/sw3055,3055,156,+,B,78,1,<Laughter> house clean <laughter>. /,house/NN clean/JJ ./.,,
sw08utt/sw_0828_3055.utt,3/sw3055,3055,157,aa,A,79,1,Probably a good way to do it.  /,Probably/RB a/DT good/JJ way/NN to/TO do/VB it/PRP ./.,,
sw08utt/sw_0828_3055.utt,3/sw3055,3055,158,sd,A,79,2,"<laughter> {F Oh, } the house needs cleaning, I guess I had better have a dinner party <laughter>. /","Oh/UH ,/, the/DT house/NN needs/VBZ cleaning/NN ,/, I/PRP guess/VBP I/PRP had/VBD better/JJR have/VBP a/DT dinner/NN party/NN ./.",,
sw08utt/sw_0828_3055.utt,3/sw3055,3055,159,b,B,80,1,"Yeah,  /","Yeah/UH ,/,",,
sw08utt/sw_0828_3055.utt,3/sw3055,3055,160,b^r,B,80,2,"yeah,  /","yeah/UH ,/,",,
sw08utt/sw_0828_3055.utt,3/sw3055,3055,161,sd,B,80,3,"we are catering a wedding, {F uh, } {F um, } in August  /","we/PRP are/VBP catering/VBG a/DT wedding/NN ,/, uh/UH ,/, um/UH ,/, in/IN August/NNP",,
sw08utt/sw_0828_3055.utt,3/sw3055,3055,162,sd,B,80,4,"{C and, }","and/CC ,/,",,
sw08utt/sw_0828_3055.utt,3/sw3055,3055,163,b,A,81,1,Oh. /,Oh/UH ./.,,
sw08utt/sw_0828_3055.utt,3/sw3055,3055,164,+,B,82,1,"{F uh, } this lady that is, - /","uh/UH ,/, this/DT lady/NN that/WDT is/VBZ ,/,",,
sw08utt/sw_0828_3055.utt,3/sw3055,3055,165,%,B,82,2,"it at, - /","it/PRP at/IN ,/,",,
sw08utt/sw_0828_3055.utt,3/sw3055,3055,166,sd,B,82,3,"it's at her house,  /","it/PRP 's/BES at/IN her/PRP$ house/NN ,/,",,
sw08utt/sw_0828_3055.utt,3/sw3055,3055,167,sd,B,82,4,she is not a good housekeeper. /,she/PRP is/VBZ not/RB a/DT good/JJ housekeeper/NN ./.,,
sw08utt/sw_0828_3055.utt,3/sw3055,3055,168,b,A,83,1,Uh-huh. /,Uh-huh/UH ./.,,
sw08utt/sw_0828_3055.utt,3/sw3055,3055,169,sd,B,84,1,"{C So } she has got to hire this crew,","So/RB she/PRP has/VBZ got/VBN to/TO hire/VB this/DT crew/NN ,/,",,
sw08utt/sw_0828_3055.utt,3/sw3055,3055,170,b,A,85,1,Oh. /,Oh/UH ./.,,
sw08utt/sw_0828_3055.utt,3/sw3055,3055,171,+,B,86,1,of four women to come in two weeks prior to the wedding and get it ready. /,of/IN four/CD women/NNS to/TO come/VB in/IN two/CD weeks/NNS prior/IN to/IN the/DT wedding/NN and/CC get/VB it/PRP ready/JJ ./.,,
sw08utt/sw_0828_3055.utt,3/sw3055,3055,172,fe,A,87,1,Good heavens <laughter>. /,Good/JJ heavens/NNS ./.,,
sw08utt/sw_0828_3055.utt,3/sw3055,3055,173,b,B,88,1,"Yes, /","Yes/UH ,/,",,
sw08utt/sw_0828_3055.utt,3/sw3055,3055,174,x,A,89,1,<Laughter>.,,,
sw08utt/sw_0828_3055.utt,3/sw3055,3055,175,%,B,90,1,"{C and } there, {D you know, } - /","and/CC there/EX ,/, you/PRP know/VBP ,/,",,
sw08utt/sw_0828_3055.utt,3/sw3055,3055,176,sd,B,90,2,"[ she is, + she ] must have found some jewels,","she/PRP is/VBZ ,/, she/PRP must/MD have/VB found/VBN some/DT jewels/NNS ,/,",,
sw08utt/sw_0828_3055.utt,3/sw3055,3055,177,b,A,91,1,{F Uh. } /,Uh/UH ./.,,
sw08utt/sw_0828_3055.utt,3/sw3055,3055,178,+,B,92,1,because they start in the corner and work out. /,because/IN they/PRP start/VBP in/IN the/DT corner/NN and/CC work/VBP out/RB ./.,,
sw08utt/sw_0828_3055.utt,3/sw3055,3055,179,ba,A,93,1,"{F Oh, } wow. /","Oh/UH ,/, wow/UH ./.",,
sw08utt/sw_0828_3055.utt,3/sw3055,3055,180,b,B,94,1,"Yeah,  /","Yeah/UH ,/,",,
sw08utt/sw_0828_3055.utt,3/sw3055,3055,181,%,B,94,2,"{C so, } -/","so/RB ,/,",,
sw08utt/sw_0828_3055.utt,3/sw3055,3055,182,sd,A,95,1,"That is such a nice thing,  /","That/DT is/VBZ such/PDT a/DT nice/JJ thing/NN ,/,",,
sw08utt/sw_0828_3055.utt,3/sw3055,3055,183,%,A,95,2,"it's, -/","it/PRP 's/BES ,/,",,
sw08utt/sw_0828_3055.utt,3/sw3055,3055,184,b,B,96,1,Uh-huh. /,Uh-huh/UH ./.,,
sw08utt/sw_0828_3055.utt,3/sw3055,3055,185,%,A,97,1,"<Sigh> I, {D you know, } - /","I/PRP ,/, you/PRP know/VBP ,/,",,
sw08utt/sw_0828_3055.utt,3/sw3055,3055,186,%,A,97,2,"until, - /","until/IN ,/,",,
sw08utt/sw_0828_3055.utt,3/sw3055,3055,187,%,A,97,3,"{D well } we have, - /","well/UH we/PRP have/VBP ,/,",,
sw08utt/sw_0828_3055.utt,3/sw3055,3055,188,sd,A,97,4,"my husband and I have been married twenty six years,  /","my/PRP$ husband/NN and/CC I/PRP have/VBP been/VBN married/JJ twenty/CD six/CD years/NNS ,/,",,
sw08utt/sw_0828_3055.utt,3/sw3055,3055,189,sd,A,97,5,"{C and } until last year I had never had another person clean my house,  /","and/CC until/IN last/JJ year/NN I/PRP had/VBD never/RB had/VBN another/DT person/NN clean/JJ my/PRP$ house/NN ,/,",,
sw08utt/sw_0828_3055.utt,3/sw3055,3055,190,sd,A,97,6,"{C and,","and/CC ,/,",,
sw08utt/sw_0828_3055.utt,3/sw3055,3055,191,b,B,98,1,Uh-huh. /,Uh-huh/UH ./.,,
sw08utt/sw_0828_3055.utt,3/sw3055,3055,192,+,A,99,1,"then } I got so involved and so busy, I said ""this is one luxury I am going to let myself have every now and then"".  /","then/RB I/PRP got/VBD so/RB involved/JJ and/CC so/RB busy/JJ ,/, I/PRP said/VBD ``/`` this/DT is/VBZ one/CD luxury/NN I/PRP am/VBP going/VBG to/TO let/VB myself/PRP have/VB every/DT now/RB and/CC then/RB ''/'' ./.",,
sw08utt/sw_0828_3055.utt,3/sw3055,3055,193,sd,A,99,2,"{C And so, } I had a woman come in, {F uh, } once a month,  /","And/CC so/RB ,/, I/PRP had/VBD a/DT woman/NN come/VB in/IN ,/, uh/UH ,/, once/RB a/DT month/NN ,/,",,
sw08utt/sw_0828_3055.utt,3/sw3055,3055,194,sd,A,99,3,"{C and } {D you know, } it was  (( not ))  just very often,  /","and/CC you/PRP know/VBP ,/, it/PRP was/VBD not/RB just/RB very/RB often/RB ,/,",,
sw08utt/sw_0828_3055.utt,3/sw3055,3055,195,sd,A,99,4,{C but } for me it was wonderful <laughter>. /,but/CC for/IN me/PRP it/PRP was/VBD wonderful/JJ ./.,,
sw08utt/sw_0828_3055.utt,3/sw3055,3055,196,b,B,100,1,"Sure,  /","Sure/UH ,/,",,
sw08utt/sw_0828_3055.utt,3/sw3055,3055,197,b,B,100,2,yeah  /,yeah/UH,,
sw08utt/sw_0828_3055.utt,3/sw3055,3055,198,sd,B,100,3,"that is nice, {D you know, } to have that,  /","that/DT is/VBZ nice/JJ ,/, you/PRP know/VBP ,/, to/TO have/VB that/DT ,/,",,
sw08utt/sw_0828_3055.utt,3/sw3055,3055,199,sv,B,100,4,"that's a,","that/DT 's/BES a/DT ,/,",,
sw08utt/sw_0828_3055.utt,3/sw3055,3055,200,%,A,101,1,"{D Well, } -/","Well/UH ,/,",,
sw08utt/sw_0828_3055.utt,3/sw3055,3055,201,+,B,102,1,"luxury, today. /","luxury/NN ,/, today/NN ./.",,
sw08utt/sw_0828_3055.utt,3/sw3055,3055,202,aa,A,103,1,"it is,  /","it/PRP is/VBZ ,/,",,
sw08utt/sw_0828_3055.utt,3/sw3055,3055,203,sv,A,103,2,"{C and } it [ is +  buys ] you time to do other things, like have a dinner party, # I guess. # /","and/CC it/PRP is/VBZ buys/VBZ you/PRP time/NN to/TO do/VB other/JJ things/NNS ,/, like/IN have/VBP a/DT dinner/NN party/NN ,/, I/PRP guess/VBP ./.",,
sw08utt/sw_0828_3055.utt,3/sw3055,3055,204,aa,B,104,1,"# That's # right,  /","That/DT 's/BES right/JJ ,/,",,
sw08utt/sw_0828_3055.utt,3/sw3055,3055,205,aa,B,104,2,"yeah,  /","yeah/UH ,/,",,
sw08utt/sw_0828_3055.utt,3/sw3055,3055,206,aa^r,B,104,3,yeah. /,yeah/UH ./.,,
sw08utt/sw_0828_3055.utt,3/sw3055,3055,207,sd,A,105,1,"{C So, } it is just a real gift of time as far as I am concerned, /","So/RB ,/, it/PRP is/VBZ just/RB a/DT real/JJ gift/NN of/IN time/NN as/RB far/RB as/IN I/PRP am/VBP concerned/JJ ,/,",,
sw08utt/sw_0828_3055.utt,3/sw3055,3055,208,b,B,106,1,Uh-huh. /,Uh-huh/UH ./.,,
sw08utt/sw_0828_3055.utt,3/sw3055,3055,209,%,A,107,1,"{C but, } <sigh> {D well, } {F uh, } I, -/","but/CC ,/, well/UH ,/, uh/UH ,/, I/PRP ,/,",,
sw08utt/sw_0828_3055.utt,3/sw3055,3055,210,sd,B,108,1,"[ I, + I ] have a pie crust recipe [ that I, + that ] is unique,","I/PRP ,/, I/PRP have/VBP a/DT pie/NN crust/NN recipe/NN that/WDT I/PRP ,/, that/WDT is/VBZ unique/JJ ,/,",,
sw08utt/sw_0828_3055.utt,3/sw3055,3055,211,b,A,109,1,Uh-huh. /,Uh-huh/UH ./.,,
sw08utt/sw_0828_3055.utt,3/sw3055,3055,212,+,B,110,1,"that has vinegar and egg in it, /","that/WDT has/VBZ vinegar/NN and/CC egg/NN in/IN it/PRP ,/,",,
sw08utt/sw_0828_3055.utt,3/sw3055,3055,213,sd,A,111,1,I have heard about that. /,I/PRP have/VBP heard/VBN about/IN that/DT ./.,,
sw08utt/sw_0828_3055.utt,3/sw3055,3055,214,qy,B,112,1,Have you? /,Have/VBP you/PRP ?/.,,
sw08utt/sw_0828_3055.utt,3/sw3055,3055,215,sd,A,113,1,{C but } I have never tried it. /,but/CC I/PRP have/VBP never/RB tried/VBN it/PRP ./.,,
sw08utt/sw_0828_3055.utt,3/sw3055,3055,216,x,B,114,1,((   )) .,MUMBLEx/XX ./.,,
sw08utt/sw_0828_3055.utt,3/sw3055,3055,217,nn,A,115,1,"No,  /","No/UH ,/,",,
sw08utt/sw_0828_3055.utt,3/sw3055,3055,218,sd^e,A,115,2,"{D well } I should say I have heard of one that has vinegar in it,  /","well/UH I/PRP should/MD say/VB I/PRP have/VBP heard/VBN of/IN one/CD that/WDT has/VBZ vinegar/NN in/IN it/PRP ,/,",,
sw08utt/sw_0828_3055.utt,3/sw3055,3055,219,sd,A,115,3,I do not know that it has egg in it. /,I/PRP do/VBP not/RB know/VB that/IN it/PRP has/VBZ egg/NN in/IN it/PRP ./.,,
sw08utt/sw_0828_3055.utt,3/sw3055,3055,220,bc,B,116,1,Egg and sugar. /,Egg/NN and/CC sugar/NN ./.,,
sw08utt/sw_0828_3055.utt,3/sw3055,3055,221,b,A,117,1,# uh-huh. # /,uh-huh/UH ./.,,
sw08utt/sw_0828_3055.utt,3/sw3055,3055,222,b,B,118,1,# Uh-huh. # /,Uh-huh/UH ./.,,
sw08utt/sw_0828_3055.utt,3/sw3055,3055,223,qy,A,119,1,Do you have it right on the top of you head? <laughter>. /,Do/VBP you/PRP have/VBP it/PRP right/RB on/IN the/DT top/NN of/IN you/PRP head/VBP ?/. ./.,,
sw08utt/sw_0828_3055.utt,3/sw3055,3055,224,%,B,120,1,"{F Uh, } I, - /","Uh/UH ,/, I/PRP ,/,",,
sw08utt/sw_0828_3055.utt,3/sw3055,3055,225,nn,B,120,2,"no,  /","no/UH ,/,",,
sw08utt/sw_0828_3055.utt,3/sw3055,3055,226,sd^e,B,120,3,"I think it would be too hazy, because, {F um, } the, - /","I/PRP think/VBP it/PRP would/MD be/VB too/RB hazy/JJ ,/, because/IN ,/, um/UH ,/, the/DT ,/,",,
sw08utt/sw_0828_3055.utt,3/sw3055,3055,227,%,B,120,4,"I, {F uh, } - /","I/PRP ,/, uh/UH ,/,",,
sw08utt/sw_0828_3055.utt,3/sw3055,3055,228,nn,B,120,5,no. /,no/UH ./.,,
sw08utt/sw_0828_3055.utt,3/sw3055,3055,229,sd,A,121,1,"You do not have it,  /","You/PRP do/VBP not/RB have/VB it/PRP ,/,",,
sw08utt/sw_0828_3055.utt,3/sw3055,3055,230,%,A,121,2,yeah.  /,yeah/UH ./.,,
sw08utt/sw_0828_3055.utt,3/sw3055,3055,231,%,A,121,3,"(( I would )) , -/","I/PRP would/MD ,/,",,
sw08utt/sw_0828_3055.utt,3/sw3055,3055,232,%,B,122,1,"{D Well, } it, - /","Well/UH ,/, it/PRP ,/,",,
sw08utt/sw_0828_3055.utt,3/sw3055,3055,233,sd,B,122,2,"{D like } the liquid is like,","like/UH the/DT liquid/NN is/VBZ like/IN ,/,",,
sw08utt/sw_0828_3055.utt,3/sw3055,3055,234,b,A,123,1,Uh-huh. /,Uh-huh/UH ./.,,
sw08utt/sw_0828_3055.utt,3/sw3055,3055,235,+,B,124,1,"a half cup of water and then your egg and then your tablespoon of vinegar, /","a/DT half/NN cup/NN of/IN water/NN and/CC then/RB your/PRP$ egg/NN and/CC then/RB your/PRP$ tablespoon/NN of/IN vinegar/NN ,/,",,
sw08utt/sw_0828_3055.utt,3/sw3055,3055,236,b,A,125,1,Right. /,Right/UH ./.,,
sw08utt/sw_0828_3055.utt,3/sw3055,3055,237,sd,B,126,1,{C and } you mix that together  /,and/CC you/PRP mix/VBP that/DT together/RB,,
sw08utt/sw_0828_3055.utt,3/sw3055,3055,238,%,B,126,2,"{C and then } [ you, + <sigh> {D you know, } your, ] - /","and/CC then/RB you/PRP ,/, you/PRP know/VBP ,/, your/PRP$ ,/,",,
sw08utt/sw_0828_3055.utt,3/sw3055,3055,239,sd,B,126,3,"{D see } [ it makes, + it makes, ] {F uh, } five pie crusts at once. /","see/UH it/PRP makes/VBZ ,/, it/PRP makes/VBZ ,/, uh/UH ,/, five/CD pie/NN crusts/NNS at/IN once/RB ./.",,
sw08utt/sw_0828_3055.utt,3/sw3055,3055,240,ba,A,127,1,"{F Uh, } quite large,  /","Uh/UH ,/, quite/RB large/JJ ,/,",,
sw08utt/sw_0828_3055.utt,3/sw3055,3055,241,%,A,127,2,yeah. /,yeah/UH ./.,,
sw08utt/sw_0828_3055.utt,3/sw3055,3055,242,%,B,128,1,"{C So, } that, - /","So/RB ,/, that/DT ,/,",,
sw08utt/sw_0828_3055.utt,3/sw3055,3055,243,sd,B,128,2,"it's quite a volume of, -/","it/PRP 's/BES quite/RB a/DT volume/NN of/IN ,/,",,
sw08utt/sw_0828_3055.utt,3/sw3055,3055,244,b,A,129,1,Right. /,Right/UH ./.,,
sw08utt/sw_0828_3055.utt,3/sw3055,3055,245,sd,B,130,1,"I think it's four cups of floor, /","I/PRP think/VBP it/PRP 's/BES four/CD cups/NNS of/IN floor/NN ,/,",,
sw08utt/sw_0828_3055.utt,3/sw3055,3055,246,b,A,131,1,Uh-huh. /,Uh-huh/UH ./.,,
sw08utt/sw_0828_3055.utt,3/sw3055,3055,247,sd,B,132,1,"{C and, } {D like, } {F uh, } a tablespoon of salt and a tablespoon of sugar  /","and/CC ,/, like/UH ,/, uh/UH ,/, a/DT tablespoon/NN of/IN salt/NN and/CC a/DT tablespoon/NN of/IN sugar/NN",,
sw08utt/sw_0828_3055.utt,3/sw3055,3055,248,sd,B,132,2,"[ {C and, } +","and/CC ,/,",,
sw08utt/sw_0828_3055.utt,3/sw3055,3055,249,b,A,133,1,Uh-huh. /,Uh-huh/UH ./.,,
sw08utt/sw_0828_3055.utt,3/sw3055,3055,250,+,B,134,1,{C and } ] you combine your dry ingredients  /,and/CC you/PRP combine/VBP your/PRP$ dry/JJ ingredients/NNS,,
sw08utt/sw_0828_3055.utt,3/sw3055,3055,251,sd,B,134,2,"{C and then } you, {F uh, } put in your liquid. /","and/CC then/RB you/PRP ,/, uh/UH ,/, put/VBP in/IN your/PRP$ liquid/JJ ./.",,
sw08utt/sw_0828_3055.utt,3/sw3055,3055,252,b,A,135,1,Yeah.  /,Yeah/UH ./.,,
sw08utt/sw_0828_3055.utt,3/sw3055,3055,253,qy,A,135,2,"{F Uh, } what is it about the, {F uh, } the vinegar that, {F uh, } makes,","Uh/UH ,/, what/WP is/VBZ it/PRP about/IN the/DT ,/, uh/UH ,/, the/DT vinegar/NN that/WDT ,/, uh/UH ,/, makes/VBZ ,/,",,
sw08utt/sw_0828_3055.utt,3/sw3055,3055,254,sd,B,136,1,"[ It just, +","It/PRP just/RB ,/,",,
sw08utt/sw_0828_3055.utt,3/sw3055,3055,255,+,A,137,1,the crust better. /,the/DT crust/NN better/JJR ./.,,
sw08utt/sw_0828_3055.utt,3/sw3055,3055,256,+,B,138,1,"it just ] makes it very pliable [ and, +","it/PRP just/RB makes/VBZ it/PRP very/RB pliable/JJ and/CC ,/,",,
sw08utt/sw_0828_3055.utt,3/sw3055,3055,257,b,A,139,1,{F Uh. } /,Uh/UH ./.,,
sw08utt/sw_0828_3055.utt,3/sw3055,3055,258,+,B,140,1,"and ] very flaky, /","and/CC very/RB flaky/JJ ,/,",,
sw08utt/sw_0828_3055.utt,3/sw3055,3055,259,ba,A,141,1,Interesting. /,Interesting/JJ ./.,,
sw08utt/sw_0828_3055.utt,3/sw3055,3055,260,sd,B,142,1,"{C and, } <sigh> you can really treat it rough  /","and/CC ,/, you/PRP can/MD really/RB treat/VB it/PRP rough/JJ",,
sw08utt/sw_0828_3055.utt,3/sw3055,3055,261,sd,B,142,2,{C and } you are still going to have a flaky pie crust. /,and/CC you/PRP are/VBP still/RB going/VBG to/TO have/VB a/DT flaky/JJ pie/NN crust/NN ./.,,
sw08utt/sw_0828_3055.utt,3/sw3055,3055,262,b,A,143,1,"Yeah,  /","Yeah/UH ,/,",,
sw08utt/sw_0828_3055.utt,3/sw3055,3055,263,b^r,A,143,2,"yeah,  /","yeah/UH ,/,",,
sw08utt/sw_0828_3055.utt,3/sw3055,3055,264,ba,A,143,3,"{D boy, } [ that, + that's ] the real secret. /","boy/NN ,/, that/DT ,/, that/DT 's/BES the/DT real/JJ secret/NN ./.",,
sw08utt/sw_0828_3055.utt,3/sw3055,3055,265,sd,B,144,1,"{D Like, } {F uh, } it's not mine,  /","Like/IN ,/, uh/UH ,/, it/PRP 's/BES not/RB mine/PRP ,/,",,
sw08utt/sw_0828_3055.utt,3/sw3055,3055,266,sd,B,144,2,"it was from [ the, + ] one of the magazines, probably, <sigh> twenty years ago  /","it/PRP was/VBD from/IN the/DT ,/, one/CD of/IN the/DT magazines/NNS ,/, probably/RB ,/, twenty/CD years/NNS ago/RB",,
sw08utt/sw_0828_3055.utt,3/sw3055,3055,267,sd(^q),B,144,3,{C and } it said you can throw this on the floor and step on it  /,and/CC it/PRP said/VBD you/PRP can/MD throw/VB this/DT on/IN the/DT floor/NN and/CC step/VB on/IN it/PRP,,
sw08utt/sw_0828_3055.utt,3/sw3055,3055,268,sd,B,144,4,"{C and, }","and/CC ,/,",,
sw08utt/sw_0828_3055.utt,3/sw3055,3055,269,x,A,145,1,<Laughter>.,,,
sw08utt/sw_0828_3055.utt,3/sw3055,3055,270,+,B,146,1,it will still be flaky.  /,it/PRP will/MD still/RB be/VB flaky/JJ ./.,,
sw08utt/sw_0828_3055.utt,3/sw3055,3055,271,sd,B,146,2,"I thought, {D wow, } quite a statement for them to make. /","I/PRP thought/VBD ,/, wow/UH ,/, quite/RB a/DT statement/NN for/IN them/PRP to/TO make/VB ./.",,
sw08utt/sw_0828_3055.utt,3/sw3055,3055,272,%,A,147,1,"{F Oh, } th-, - /","Oh/UH ,/, th-/XX ,/,",,
sw08utt/sw_0828_3055.utt,3/sw3055,3055,273,sd,A,147,2,"it makes me think of years ago, {F uh, } when I was visiting my mother-in-law in, {F uh, } Michigan,  /","it/PRP makes/VBZ me/PRP think/VBP of/IN years/NNS ago/RB ,/, uh/UH ,/, when/WRB I/PRP was/VBD visiting/VBG my/PRP$ mother-in-law/NN in/IN ,/, uh/UH ,/, Michigan/NNP ,/,",,
sw08utt/sw_0828_3055.utt,3/sw3055,3055,274,sd,A,147,3,she lived very near an apple orchard  /,she/PRP lived/VBD very/RB near/RB an/DT apple/NN orchard/NN,,
sw08utt/sw_0828_3055.utt,3/sw3055,3055,275,%,A,147,4,"{C and } we just had, - /","and/CC we/PRP just/RB had/VBD ,/,",,
sw08utt/sw_0828_3055.utt,3/sw3055,3055,276,sd,A,147,5,we could take as many apples as we wanted from it.  /,we/PRP could/MD take/VB as/RB many/JJ apples/NNS as/IN we/PRP wanted/VBD from/IN it/PRP ./.,,
sw08utt/sw_0828_3055.utt,3/sw3055,3055,277,%,A,147,6,"Accor-, - /","Accor-/XX ,/,",,
sw08utt/sw_0828_3055.utt,3/sw3055,3055,278,sd,A,147,7,"{D you know, } according to the owners,  /","you/PRP know/VBP ,/, according/VBG to/IN the/DT owners/NNS ,/,",,
sw08utt/sw_0828_3055.utt,3/sw3055,3055,279,sd,A,147,8,"{C and so } <sigh> I decided to bake about four pies ahead, {D you know, }","and/CC so/RB I/PRP decided/VBD to/TO bake/VB about/RB four/CD pies/NNS ahead/RB ,/, you/PRP know/VBP ,/,",,
sw08utt/sw_0828_3055.utt,3/sw3055,3055,280,b,B,148,1,Uh-huh. /,Uh-huh/UH ./.,,
sw08utt/sw_0828_3055.utt,3/sw3055,3055,281,+,A,149,1,"and freeze them, /","and/CC freeze/VB them/PRP ,/,",,
sw08utt/sw_0828_3055.utt,3/sw3055,3055,282,b,B,150,1,Uh-huh. /,Uh-huh/UH ./.,,
sw08utt/sw_0828_3055.utt,3/sw3055,3055,283,sd,A,151,1,"{D well, } talk about working with big amounts of pie crust, and having it be tough.  /","well/UH ,/, talk/VB about/IN working/VBG with/IN big/JJ amounts/NNS of/IN pie/NN crust/NN ,/, and/CC having/VBG it/PRP be/VBP tough/JJ ./.",,
sw08utt/sw_0828_3055.utt,3/sw3055,3055,284,sd,A,151,2,"<laughter> Those were the toughest [ apple crust, + {E or } apple, {F uh, } pie crust, ]","Those/DT were/VBD the/DT toughest/JJS apple/NN crust/NN ,/, or/CC apple/NN ,/, uh/UH ,/, pie/NN crust/NN ,/,",,
sw08utt/sw_0828_3055.utt,3/sw3055,3055,285,ba,B,152,1,"{F Oh, } wow. /","Oh/UH ,/, wow/UH ./.",,
sw08utt/sw_0828_3055.utt,3/sw3055,3055,286,+,A,153,1,"I have ever, ever made. /","I/PRP have/VBP ever/RB ,/, ever/RB made/VBN ./.",,
sw08utt/sw_0828_3055.utt,3/sw3055,3055,287,b,B,154,1,Wow. /,Wow/UH ./.,,
sw08utt/sw_0828_3055.utt,3/sw3055,3055,288,sd,A,155,1,It was terrible.  /,It/PRP was/VBD terrible/JJ ./.,,
sw08utt/sw_0828_3055.utt,3/sw3055,3055,289,sd,A,155,2,"[  I, + I ] could have used that recipe,  /","I/PRP ,/, I/PRP could/MD have/VB used/VBN that/DT recipe/NN ,/,",,
sw08utt/sw_0828_3055.utt,3/sw3055,3055,290,%,A,155,3,it sounds like. -/,it/PRP sounds/VBZ like/IN ./.,,
sw08utt/sw_0828_3055.utt,3/sw3055,3055,291,sd,B,156,1,"<Laughter> {D Well, } I am from Michigan. /","Well/UH ,/, I/PRP am/VBP from/IN Michigan/NNP ./.",,
sw08utt/sw_0828_3055.utt,3/sw3055,3055,292,qw,A,157,1,Where about? /,Where/WRB about/RB ?/.,,
sw08utt/sw_0828_3055.utt,3/sw3055,3055,293,sd,B,158,1,"Detroit,  /","Detroit/NNP ,/,",,
sw08utt/sw_0828_3055.utt,3/sw3055,3055,294,b,B,158,2,uh-huh. /,uh-huh/UH ./.,,
sw08utt/sw_0828_3055.utt,3/sw3055,3055,295,sd,A,159,1,"{D Well, } we lived in Plymouth for four years, {F uh, } /","Well/UH ,/, we/PRP lived/VBD in/IN Plymouth/NNP for/IN four/CD years/NNS ,/, uh/UH ,/,",,
sw08utt/sw_0828_3055.utt,3/sw3055,3055,296,b,B,160,1,"{F Oh } yeah,  /","Oh/UH yeah/UH ,/,",,
sw08utt/sw_0828_3055.utt,3/sw3055,3055,297,sd,B,160,2,that's real close. /,that/DT 's/BES real/RB close/RB ./.,,
sw08utt/sw_0828_3055.utt,3/sw3055,3055,298,b,A,161,1,Yeah.  /,Yeah/UH ./.,,
sw08utt/sw_0828_3055.utt,3/sw3055,3055,299,sd,A,161,2,"In fact, [ I, + we ] were there from, {F uh, } seventy three to seventy seven  /","In/IN fact/NN ,/, I/PRP ,/, we/PRP were/VBD there/RB from/IN ,/, uh/UH ,/, seventy/CD three/CD to/IN seventy/CD seven/CD",,
sw08utt/sw_0828_3055.utt,3/sw3055,3055,300,sd,A,161,3,"{C and, }","and/CC ,/,",,
sw08utt/sw_0828_3055.utt,3/sw3055,3055,301,b,B,162,1,Uh-huh. /,Uh-huh/UH ./.,,
sw08utt/sw_0828_3055.utt,3/sw3055,3055,302,+,A,163,1,"[ I was, + I ] worked for [ the little, + the ] weekly newspaper there, [ the, +","I/PRP was/VBD ,/, I/PRP worked/VBD for/IN the/DT little/JJ ,/, the/DT weekly/JJ newspaper/NN there/RB ,/, the/DT ,/,",,
sw08utt/sw_0828_3055.utt,3/sw3055,3055,303,ba@,B,164,1,"{F Oh, } how neat.","Oh/UH ,/, how/WRB neat/JJ ./.",,
sw08utt/sw_0828_3055.utt,3/sw3055,3055,304,+,A,165,1,"the ] Plymouth, {A {F oh } what was it called, } CRIER.  /","the/DT Plymouth/NNP ,/, oh/UH what/WP was/VBD it/PRP called/VBN ,/, CRIER/NN ./.",,
sw08utt/sw_0828_3055.utt,3/sw3055,3055,305,sd,A,165,2,"<sigh> {C And, } {F uh, } my husband is from the upper peninsula,  /","And/CC ,/, uh/UH ,/, my/PRP$ husband/NN is/VBZ from/IN the/DT upper/JJ peninsula/NN ,/,",,
sw08utt/sw_0828_3055.utt,3/sw3055,3055,306,sd,A,165,3,"{C so } he was born and,","so/RB he/PRP was/VBD born/VBN and/CC ,/,",,
sw08utt/sw_0828_3055.utt,3/sw3055,3055,307,+@,B,166,1,"{F Oh, } okay. /","Oh/UH ,/, okay/UH ./.",,
sw08utt/sw_0828_3055.utt,3/sw3055,3055,308,+,A,167,1,raised up there. /,raised/VBN up/IN there/RB ./.,,
sw08utt/sw_0828_3055.utt,3/sw3055,3055,309,b,B,168,1,Uh-huh. /,Uh-huh/UH ./.,,
sw08utt/sw_0828_3055.utt,3/sw3055,3055,310,sd,A,169,1,"That is where my mother-in-law still lives,  /","That/DT is/VBZ where/WRB my/PRP$ mother-in-law/NN still/RB lives/VBZ ,/,",,
sw08utt/sw_0828_3055.utt,3/sw3055,3055,311,qy,A,169,2,"{C so, } {F uh. }  Are you originally from Michigan  /","so/RB ,/, uh/UH ./. Are/VBP you/PRP originally/RB from/IN Michigan/NNP",,
sw08utt/sw_0828_3055.utt,3/sw3055,3055,312,%,A,169,3,"{C or, } -/","or/CC ,/,",,
sw08utt/sw_0828_3055.utt,3/sw3055,3055,313,ny,B,170,1,"{F Oh, } yes. /","Oh/UH ,/, yes/UH ./.",,
sw08utt/sw_0828_3055.utt,3/sw3055,3055,314,b,A,171,1,Uh-huh. /,Uh-huh/UH ./.,,
sw08utt/sw_0828_3055.utt,3/sw3055,3055,315,sd,B,172,1,Born in Detroit. /,Born/VBN in/IN Detroit/NNP ./.,,
sw08utt/sw_0828_3055.utt,3/sw3055,3055,316,fe,A,173,1,I will be darn. /,I/PRP will/MD be/VB darn/JJ ./.,,
