swda_filename,ptb_basename,conversation_no,transcript_index,act_tag,caller,utterance_index,subutterance_index,text,pos,trees,ptb_treenumbers
sw10utt/sw_1007_2993.utt,2/sw2993,2993,0,qy,A,1,1,Are you in the market for a car recently? /,Are/VBP you/PRP in/IN the/DT market/NN for/IN a/DT car/NN recently/RB ?/.,,
sw10utt/sw_1007_2993.utt,2/sw2993,2993,1,ny,B,2,1,"Yeah,  /","Yeah/UH ,/,",,
sw10utt/sw_1007_2993.utt,2/sw2993,2993,2,sd^e,B,2,2,I just bought a car. /,I/PRP just/RB bought/VBD a/DT car/NN ./.,,
sw10utt/sw_1007_2993.utt,2/sw2993,2993,3,qw,A,3,1,"{F Oh, } what did you get? /","Oh/UH ,/, what/WP did/VBD you/PRP get/VB ?/.",,
sw10utt/sw_1007_2993.utt,2/sw2993,2993,4,sd,B,4,1,I got a nineteen ninety-three Cavalier station wagon. /,I/PRP got/VBD a/DT nineteen/CD ninety-three/NNP Cavalier/NNP station/NN wagon/NN ./.,,
sw10utt/sw_1007_2993.utt,2/sw2993,2993,5,b,A,5,1,"Uh-huh,  /","Uh-huh/UH ,/,",,
sw10utt/sw_1007_2993.utt,2/sw2993,2993,6,qw,A,5,2,"[ what, + what  ] convinced you to get that one? /","what/WP ,/, what/WP convinced/VBD you/PRP to/TO get/VB that/DT one/NN ?/.",,
sw10utt/sw_1007_2993.utt,2/sw2993,2993,7,sd,B,6,1,"{D Well, } a friend of my father's, [ and + ] he'd driven it all over the country --","Well/UH ,/, a/DT friend/NN of/IN my/PRP$ father/NN 's/POS ,/, and/CC he/PRP 'd/VBD driven/VBN it/PRP all/RB over/IN the/DT country/NN --/:",,
sw10utt/sw_1007_2993.utt,2/sw2993,2993,8,b,A,7,1,Uh-huh. /,Uh-huh/UH ./.,,
sw10utt/sw_1007_2993.utt,2/sw2993,2993,9,+,B,8,1,-- and it runs great. /,--/: and/CC it/PRP runs/VBZ great/RB ./.,,
sw10utt/sw_1007_2993.utt,2/sw2993,2993,10,ba,A,9,1,"{F Oh, } incredible,  /","Oh/UH ,/, incredible/JJ ,/,",,
sw10utt/sw_1007_2993.utt,2/sw2993,2993,11,qw,A,9,2,how many miles on it? /,how/WRB many/JJ miles/NNS on/IN it/PRP ?/.,,
sw10utt/sw_1007_2993.utt,2/sw2993,2993,12,sd,B,10,1,"[ It's + {D like, } it  ] has a hundred and fifty-three thousand. /","It/PRP 's/BES like/IN ,/, it/PRP has/VBZ a/DT hundred/CD and/CC fifty-three/CD thousand/CD ./.",,
sw10utt/sw_1007_2993.utt,2/sw2993,2993,13,sd,A,11,1,{C And } it's still running real well. /,And/CC it/PRP 's/BES still/RB running/VBG real/RB well/RB ./.,,
sw10utt/sw_1007_2993.utt,2/sw2993,2993,14,b,B,12,1,Yeah. /,Yeah/UH ./.,,
sw10utt/sw_1007_2993.utt,2/sw2993,2993,15,ba,A,13,1,"{F Oh, } great,  /","Oh/UH ,/, great/JJ ,/,",,
sw10utt/sw_1007_2993.utt,2/sw2993,2993,16,%,A,13,2,yeah.  /,yeah/UH ./.,,
sw10utt/sw_1007_2993.utt,2/sw2993,2993,17,sd,A,13,3,"[ We have, + {F uh, } right now we have  ] two cars, {F uh, }  /","We/PRP have/VBP ,/, uh/UH ,/, right/RB now/RB we/PRP have/VBP two/CD cars/NNS ,/, uh/UH ,/,",,
sw10utt/sw_1007_2993.utt,2/sw2993,2993,18,sd,A,13,4,"I have,  my husband and myself and we have two sons who are drivers --","I/PRP have/VBP ,/, my/PRP$ husband/NN and/CC myself/PRP and/CC we/PRP have/VBP two/CD sons/NNS who/WP are/VBP drivers/NNS --/:",,
sw10utt/sw_1007_2993.utt,2/sw2993,2993,19,b,B,14,1,Uh-huh. /,Uh-huh/UH ./.,,
sw10utt/sw_1007_2993.utt,2/sw2993,2993,20,+,A,15,1,"-- [ and + ] one of which is [ a, + {F um, } an  ] eighty-eight Plymouth Voyager Van,  /","--/: and/CC one/CD of/IN which/WDT is/VBZ a/DT ,/, um/UH ,/, an/DT eighty-eight/CD Plymouth/NNP Voyager/NNP Van/NN ,/,",,
sw10utt/sw_1007_2993.utt,2/sw2993,2993,21,sd,A,15,2,"{C and  then } we have, {F um, } - /","and/CC then/RB we/PRP have/VBP ,/, um/UH ,/,",,
sw10utt/sw_1007_2993.utt,2/sw2993,2993,22,sd,A,15,3,"about a year ago, we picked up a second hand, {F uh, } {F uh, } Audi -- /","about/RB a/DT year/NN ago/RB ,/, we/PRP picked/VBD up/RP a/DT second/JJ hand/NN ,/, uh/UH ,/, uh/UH ,/, Audi/NNP --/:",,
sw10utt/sw_1007_2993.utt,2/sw2993,2993,23,b,B,16,1,Uh-huh. /,Uh-huh/UH ./.,,
sw10utt/sw_1007_2993.utt,2/sw2993,2993,24,sd,A,17,1,"-- {C and, } {F uh, } that was [ a ca-, + {D you know, } a sedan,  ]  /","--/: and/CC ,/, uh/UH ,/, that/DT was/VBD a/DT ca-/NN ,/, you/PRP know/VBP ,/, a/DT sedan/NN ,/,",,
sw10utt/sw_1007_2993.utt,2/sw2993,2993,25,sd,A,17,2,"{C and, } {F uh, } we got that.  ((   ))  /","and/CC ,/, uh/UH ,/, we/PRP got/VBD that/DT ./. MUMBLEx/XX",,
sw10utt/sw_1007_2993.utt,2/sw2993,2993,26,%,A,17,3,"The major things, - /","The/DT major/JJ things/NNS ,/,",,
sw10utt/sw_1007_2993.utt,2/sw2993,2993,27,sd,A,17,4,"the reason why we got that is we had had a Nova,  /","the/DT reason/NN why/WRB we/PRP got/VBD that/DT is/VBZ we/PRP had/VBD had/VBN a/DT Nova/NNP ,/,",,
sw10utt/sw_1007_2993.utt,2/sw2993,2993,28,%,A,17,5,"{C and } a, - /","and/CC a/DT ,/,",,
sw10utt/sw_1007_2993.utt,2/sw2993,2993,29,%,A,17,6,"well, - /","well/UH ,/,",,
sw10utt/sw_1007_2993.utt,2/sw2993,2993,30,sd,A,17,7,"my son was driving,  /","my/PRP$ son/NN was/VBD driving/VBG ,/,",,
sw10utt/sw_1007_2993.utt,2/sw2993,2993,31,sd,A,17,8,"{C and } someone came into his lane and hit him,  /","and/CC someone/NN came/VBD into/IN his/PRP$ lane/NN and/CC hit/VBD him/PRP ,/,",,
sw10utt/sw_1007_2993.utt,2/sw2993,2993,32,sd,A,17,9,"{C and } fortunately he was able to, - /","and/CC fortunately/RB he/PRP was/VBD able/JJ to/TO ,/,",,
sw10utt/sw_1007_2993.utt,2/sw2993,2993,33,%,A,17,10,"his, - /","his/PRP$ ,/,",,
sw10utt/sw_1007_2993.utt,2/sw2993,2993,34,sd,A,17,11,"{E I mean } he [ was checked out of the hospital, + was  ] out of the hospital by that night, but the car was completely totalled -- /","I/PRP mean/VBP he/PRP was/VBD checked/VBN out/RP of/IN the/DT hospital/NN ,/, was/VBD out/IN of/IN the/DT hospital/NN by/IN that/DT night/NN ,/, but/CC the/DT car/NN was/VBD completely/RB totalled/VBN --/:",,
sw10utt/sw_1007_2993.utt,2/sw2993,2993,35,b,B,18,1,Uh-huh. /,Uh-huh/UH ./.,,
sw10utt/sw_1007_2993.utt,2/sw2993,2993,36,sd,A,19,1,"-- {C and } [ Mike, and, they had been, + my two sons had been  ] a passenger in a car about a year and a half before that, which was hit by another car. /","--/: and/CC Mike/NNP ,/, and/CC ,/, they/PRP had/VBD been/VBN ,/, my/PRP$ two/CD sons/NNS had/VBD been/VBN a/DT passenger/NN in/IN a/DT car/NN about/RB a/DT year/NN and/CC a/DT half/NN before/IN that/DT ,/, which/WDT was/VBD hit/VBN by/IN another/DT car/NN ./.",,
sw10utt/sw_1007_2993.utt,2/sw2993,2993,37,b,B,20,1,{F Um. } /,Um/UH ./.,,
sw10utt/sw_1007_2993.utt,2/sw2993,2993,38,sd,A,21,1,"{C So }  {E I mean, } [ I got, + I was getting  ] really nervous,  /","So/UH I/PRP mean/VBP ,/, I/PRP got/VBD ,/, I/PRP was/VBD getting/VBG really/RB nervous/JJ ,/,",,
sw10utt/sw_1007_2993.utt,2/sw2993,2993,39,sd,A,21,2,"{C so } I finally said, [ we, + ] I want a really solid car.  /","so/UH I/PRP finally/RB said/VBD ,/, we/PRP ,/, I/PRP want/VBP a/DT really/RB solid/JJ car/NN ./.",,
sw10utt/sw_1007_2993.utt,2/sw2993,2993,40,sd,A,21,3,{C So } we found the Audi second hand.  /,So/RB we/PRP found/VBD the/DT Audi/NNP second/JJ hand/NN ./.,,
sw10utt/sw_1007_2993.utt,2/sw2993,2993,41,sd,A,21,4,"I guess right now my criteria for cars is, {F uh, } [ of + ] being solid, able to take an impact <laughter> -- /","I/PRP guess/VBP right/RB now/RB my/PRP$ criteria/NNS for/IN cars/NNS is/VBZ ,/, uh/UH ,/, of/IN being/VBG solid/JJ ,/, able/JJ to/TO take/VB an/DT impact/NN --/:",,
sw10utt/sw_1007_2993.utt,2/sw2993,2993,42,b,B,22,1,Right. /,Right/UH ./.,,
sw10utt/sw_1007_2993.utt,2/sw2993,2993,43,sd,A,23,1,"-- {C and, } {F uh, } {C so, } {F uh, } [ I, + we're  ] not going to be  in the market [ for, +   in  the near future for ] any new car. /","--/: and/CC ,/, uh/UH ,/, so/UH ,/, uh/UH ,/, I/PRP ,/, we/PRP 're/VBP not/RB going/VBG to/TO be/VB in/IN the/DT market/NN for/IN ,/, in/IN the/DT near/JJ future/NN for/IN any/DT new/JJ car/NN ./.",,
sw10utt/sw_1007_2993.utt,2/sw2993,2993,44,b,B,24,1,Uh-huh  /,Uh-huh/UH,,
sw10utt/sw_1007_2993.utt,2/sw2993.pos,2993,45,x,B,24,2,<clanging> <<pans>>.,./.
sw10utt/sw_1007_2993.utt,2/sw2993,2993,46,sd,A,25,1,{C But } the things that I would want <noise> <<dropping pan>> would be a solid car.  /,But/CC the/DT things/NNS that/WDT I/PRP would/MD want/VB would/MD be/VB a/DT solid/JJ car/NN ./.,,
sw10utt/sw_1007_2993.utt,2/sw2993,2993,47,sd,A,25,2,Another thing I'd definitely <noise> <<dropping pan>> want would be anti-lock brakes. /,Another/DT thing/NN I/PRP 'd/MD definitely/RB want/VB would/MD be/VB anti-lock/JJ brakes/NNS ./.,,
sw10utt/sw_1007_2993.utt,2/sw2993,2993,48,b,B,26,1,Right. /,Right/UH ./.,,
sw10utt/sw_1007_2993.utt,2/sw2993,2993,49,sd,A,27,1,"{F Uh, } [ our, + our  ] <noise> van, which is [ a, + a  ] delight to drive, does not have, - /","Uh/UH ,/, our/PRP$ ,/, our/PRP$ van/NNP ,/, which/WDT is/VBZ a/DT ,/, a/DT delight/NN to/TO drive/VB ,/, does/VBZ not/RB have/VB ,/,",,
sw10utt/sw_1007_2993.utt,2/sw2993,2993,50,sv,A,27,2,"I think the brakes on the Plymouth van [ is just, + are  ] terrible. </noise> /","I/PRP think/VBP the/DT brakes/NNS on/IN the/DT Plymouth/NNP van/NN is/VBZ just/RB ,/, are/VBP terrible/JJ ./.",,
sw10utt/sw_1007_2993.utt,2/sw2993,2993,51,b,B,28,1,{F Um. } /,Um/UH ./.,,
sw10utt/sw_1007_2993.utt,2/sw2993,2993,52,sd,A,29,1,"If the road is at all wet, and I'm, - /","If/IN the/DT road/NN is/VBZ at/IN all/DT wet/NN ,/, and/CC I/PRP 'm/VBP ,/,",,
sw10utt/sw_1007_2993.utt,2/sw2993,2993,53,sd,A,29,2,"{C and } I don't go all that fast, but [ the, + ] {F uh, } [ it, + it  ] just doesn't hold.  /","and/CC I/PRP do/VBP n't/RB go/VB all/DT that/RB fast/RB ,/, but/CC the/DT ,/, uh/UH ,/, it/PRP ,/, it/PRP just/RB does/VBZ n't/RB hold/VB ./.",,
sw10utt/sw_1007_2993.utt,2/sw2993,2993,54,sd,A,29,3,It doesn't hold well at all.  /,It/PRP does/VBZ n't/RB hold/VB well/RB at/IN all/DT ./.,,
sw10utt/sw_1007_2993.utt,2/sw2993,2993,55,sd,A,29,4,"{C So, } [ I, + I  ] definitely want to get anti lock brakes.  /","So/RB ,/, I/PRP ,/, I/PRP definitely/RB want/VBP to/TO get/VB anti/GW lock/^JJ brakes/NNS ./.",,
sw10utt/sw_1007_2993.utt,2/sw2993,2993,56,sd,A,29,5,"{C So, } I don't know,  /","So/RB ,/, I/PRP do/VBP n't/RB know/VB ,/,",,
sw10utt/sw_1007_2993.utt,2/sw2993,2993,57,qy,A,29,6,"do you have any particular things [ that, + that  ] are priorities on your list. /","do/VBP you/PRP have/VB any/DT particular/JJ things/NNS that/WDT ,/, that/WDT are/VBP priorities/NNS on/IN your/PRP$ list/NN ./.",,
sw10utt/sw_1007_2993.utt,2/sw2993,2993,58,%,B,30,1,"{D Well, } it's, - /","Well/UH ,/, it/PRP 's/BES ,/,",,
sw10utt/sw_1007_2993.utt,2/sw2993,2993,59,sd,B,30,2,"I didn't really need power windows, but it has power, {D you know, } windows --","I/PRP did/VBD n't/RB really/RB need/VBP power/NN windows/NNS ,/, but/CC it/PRP has/VBZ power/NN ,/, you/PRP know/VBP ,/, windows/NNS --/:",,
sw10utt/sw_1007_2993.utt,2/sw2993,2993,60,b,A,31,1,Yeah. /,Yeah/UH ./.,,
sw10utt/sw_1007_2993.utt,2/sw2993,2993,61,+,B,32,1,"-- and steering and air conditioning,  /","--/: and/CC steering/NN and/CC air/NN conditioning/NN ,/,",,
sw10utt/sw_1007_2993.utt,2/sw2993,2993,62,%,B,32,2,"[ {C and, } + {C and }  ] {F uh. } -/","and/CC ,/, and/CC uh/UH ./.",,
sw10utt/sw_1007_2993.utt,2/sw2993,2993,63,qy^g,A,33,1,"I guess down here air conditioning's a must, isn't it. /","I/PRP guess/VBP down/IN here/RB air/NN conditioning/NN 's/BES a/DT must/NN ,/, is/VBZ n't/RB it/PRP ./.",,
sw10utt/sw_1007_2993.utt,2/sw2993,2993,64,ny,B,34,1,"Uh-huh,  /","Uh-huh/UH ,/,",,
sw10utt/sw_1007_2993.utt,2/sw2993,2993,65,ny,B,34,2,"{F oh, } yeah.  /","oh/UH ,/, yeah/UH ./.",,
sw10utt/sw_1007_2993.utt,2/sw2993,2993,66,sd^e,B,34,3,It has a stereo and a cassette player -- /,It/PRP has/VBZ a/DT stereo/NN and/CC a/DT cassette/NN player/NN --/:,,
sw10utt/sw_1007_2993.utt,2/sw2993,2993,67,b,A,35,1,Uh-huh. /,Uh-huh/UH ./.,,
sw10utt/sw_1007_2993.utt,2/sw2993,2993,68,sd,B,36,1,"-- {C and, } {F um, } he's told me it gets forty-two miles to the gallon. /","--/: and/CC ,/, um/UH ,/, he/PRP 's/HVS told/VBD me/PRP it/PRP gets/VBZ forty-two/CD miles/NNS to/IN the/DT gallon/NN ./.",,
sw10utt/sw_1007_2993.utt,2/sw2993,2993,69,ba,A,37,1,That's incredible. /,That/DT 's/BES incredible/JJ ./.,,
sw10utt/sw_1007_2993.utt,2/sw2993,2993,70,b,B,38,1,Uh-huh. /,Uh-huh/UH ./.,,
sw10utt/sw_1007_2993.utt,2/sw2993,2993,71,ba^r,A,39,1,That is incredible. /,That/DT is/VBZ incredible/JJ ./.,,
sw10utt/sw_1007_2993.utt,2/sw2993,2993,72,%,B,40,1,{D So. } -/,So/UH ./.,,
sw10utt/sw_1007_2993.utt,2/sw2993,2993,73,sd,A,41,1,"{F Uh, } [ [ we, + we  ] get about, + [ our, + the  ] van [ gets,  + on highways, can get   about ] twenty-eight.  /","Uh/UH ,/, we/PRP ,/, we/PRP get/VBP about/RB ,/, our/PRP$ ,/, the/DT van/NNP gets/VBZ ,/, on/IN highways/NNS ,/, can/MD get/VB about/RB twenty-eight/CD ./.",,
sw10utt/sw_1007_2993.utt,2/sw2993,2993,74,sd,A,41,2,The Audi does not have good mileage.  /,The/DT Audi/NNP does/VBZ not/RB have/VB good/JJ mileage/NN ./.,,
sw10utt/sw_1007_2993.utt,2/sw2993,2993,75,sd,A,41,3,That's the one drawback.  /,That/DT 's/BES the/DT one/CD drawback/NN ./.,,
sw10utt/sw_1007_2993.utt,2/sw2993,2993,76,sd,A,41,4,It's a powerful car.,It/PRP 's/BES a/DT powerful/JJ car/NN ./.,,
sw10utt/sw_1007_2993.utt,2/sw2993,2993,77,b,B,42,1,Uh-huh. /,Uh-huh/UH ./.,,
sw10utt/sw_1007_2993.utt,2/sw2993,2993,78,+,A,43,1,"{F Um, } but it does not, {F uh, } - /","Um/UH ,/, but/CC it/PRP does/VBZ not/RB ,/, uh/UH ,/,",,
sw10utt/sw_1007_2993.utt,2/sw2993,2993,79,sd,A,43,2,"{E I mean, } [ I, + if I'm  ] on a highway and I can get twenty, twenty-one miles per gallon, I consider that [ luck-, + I'm lucky.  ]  /","I/PRP mean/VBP ,/, I/PRP ,/, if/IN I/PRP 'm/VBP on/IN a/DT highway/NN and/CC I/PRP can/MD get/VB twenty/CD ,/, twenty-one/CD miles/NNS per/IN gallon/NN ,/, I/PRP consider/VBP that/DT luck/JJ ,/, I/PRP 'm/VBP lucky/JJ ./.",,
sw10utt/sw_1007_2993.utt,2/sw2993,2993,80,sd,A,43,3,"[ Maybe, + maybe  ] sometimes I've gotten twenty-two.  /","Maybe/RB ,/, maybe/RB sometimes/RB I/PRP 've/VBP gotten/VBN twenty-two/CD ./.",,
sw10utt/sw_1007_2993.utt,2/sw2993,2993,81,sd,A,43,4,It comes out around the eighteen or  nineteen local driving -- /,It/PRP comes/VBZ out/RB around/IN the/DT eighteen/CD or/CC nineteen/CD local/JJ driving/NN --/:,,
sw10utt/sw_1007_2993.utt,2/sw2993,2993,82,b,B,44,1,Uh-huh. /,Uh-huh/UH ./.,,
sw10utt/sw_1007_2993.utt,2/sw2993,2993,83,sv,A,45,1,"-- {C and }  that's  [ a, +  to me is  ] a real drawback.  /","--/: and/CC that/DT 's/BES a/DT ,/, to/IN me/PRP is/VBZ a/DT real/JJ drawback/NN ./.",,
sw10utt/sw_1007_2993.utt,2/sw2993,2993,84,sd,A,45,2,"I wish  [ I would, + {D you know, } I could  ] settle for twenty-eight,  /","I/PRP wish/VBP I/PRP would/MD ,/, you/PRP know/VB ,/, I/PRP could/MD settle/VB for/IN twenty-eight/CD ,/,",,
sw10utt/sw_1007_2993.utt,2/sw2993,2993,85,sd,A,45,3,"{C but, } {F uh, } [ the, + {F uh, } the ] frills on that car are nice, but they're not necessary, for me --","but/CC ,/, uh/UH ,/, the/DT ,/, uh/UH ,/, the/DT frills/NNS on/IN that/DT car/NN are/VBP nice/JJ ,/, but/CC they/PRP 're/VBP not/RB necessary/JJ ,/, for/IN me/PRP --/:",,
sw10utt/sw_1007_2993.utt,2/sw2993,2993,86,b,B,46,1,Uh-huh. /,Uh-huh/UH ./.,,
sw10utt/sw_1007_2993.utt,2/sw2993,2993,87,+,A,47,1,-- except air conditioning.  /,--/: except/IN air/NN conditioning/NN ./.,,
sw10utt/sw_1007_2993.utt,2/sw2993,2993,88,sd,A,47,2,"[ In this area, + {F uh, } in Washington D C area,  ] it gets hot and humid. /","In/IN this/DT area/NN ,/, uh/UH ,/, in/IN Washington/NNP D/NNP C/NNP area/NN ,/, it/PRP gets/VBZ hot/JJ and/CC humid/JJ ./.",,
sw10utt/sw_1007_2993.utt,2/sw2993,2993,89,b,B,48,1,"Uh-huh,  /","Uh-huh/UH ,/,",,
sw10utt/sw_1007_2993.utt,2/sw2993,2993,90,sd,B,48,2,it's really humid. /,it/PRP 's/BES really/RB humid/JJ ./.,,
sw10utt/sw_1007_2993.utt,2/sw2993,2993,91,aa,A,49,1,"Yeah,  /","Yeah/UH ,/,",,
sw10utt/sw_1007_2993.utt,2/sw2993,2993,92,sd,A,49,2,"{F uh, } {C so } air conditioning is [ def-, + {F uh, } definitely  ] a necessity for us through two or three months in the summer.  /","uh/UH ,/, so/RB air/VBP conditioning/VBG is/VBZ def-/RB ,/, uh/UH ,/, definitely/RB a/DT necessity/NN for/IN us/PRP through/IN two/CD or/CC three/CD months/NNS in/IN the/DT summer/NN ./.",,
sw10utt/sw_1007_2993.utt,2/sw2993,2993,93,sd,A,49,3,"{F Um, } {C but } [ [ I, + {F uh, } I,  ] + I  ] don't need, {F uh, } {D you know, } - /","Um/UH ,/, but/CC I/PRP ,/, uh/UH ,/, I/PRP ,/, I/PRP do/VBP n't/RB need/VB ,/, uh/UH ,/, you/PRP know/VBP ,/,",,
sw10utt/sw_1007_2993.utt,2/sw2993,2993,94,sd,A,49,4,"power windows are nice, but I don't need them <laughter>.","power/NN windows/NNS are/VBP nice/JJ ,/, but/CC I/PRP do/VBP n't/RB need/VB them/PRP ./.",,
sw10utt/sw_1007_2993.utt,2/sw2993,2993,95,b,B,50,1,Right. /,Right/UH ./.,,
sw10utt/sw_1007_2993.utt,2/sw2993,2993,96,+,A,51,1,"Although I must say when you're driving in the east and there are all these toll roads, come into a toll road, you just push that button down,  /","Although/IN I/PRP must/MD say/VB when/WRB you/PRP 're/VBP driving/VBG in/IN the/DT east/NN and/CC there/EX are/VBP all/PDT these/DT toll/NN roads/NNS ,/, come/VB into/IN a/DT toll/NN road/NN ,/, you/PRP just/RB push/VBP that/DT button/NN down/RB ,/,",,
sw10utt/sw_1007_2993.utt,2/sw2993,2993,97,sd,A,51,2,"it's real nice for that window to zip down and zip up, instead of having to crank it. /","it/PRP 's/BES real/RB nice/JJ for/IN that/DT window/NN to/TO zip/VB down/RB and/CC zip/VB up/RB ,/, instead/IN of/IN having/VBG to/TO crank/VB it/PRP ./.",,
sw10utt/sw_1007_2993.utt,2/sw2993,2993,98,%,B,52,1,"Crank, - /","Crank/NNP ,/,",,
sw10utt/sw_1007_2993.utt,2/sw2993,2993,99,b,B,52,2,yeah. /,yeah/UH ./.,,
sw10utt/sw_1007_2993.utt,2/sw2993,2993,100,b,A,53,1,"Yeah,  /","Yeah/UH ,/,",,
sw10utt/sw_1007_2993.utt,2/sw2993,2993,101,sd,A,53,2,"[ {C but, } + {C or, }  ] {D you know, } if you want to have open windows, to be able to op-, - /","but/CC ,/, or/CC ,/, you/PRP know/VBP ,/, if/IN you/PRP want/VBP to/TO have/VB open/JJ windows/NNS ,/, to/TO be/VB able/JJ to/TO op/VB ,/,",,
sw10utt/sw_1007_2993.utt,2/sw2993,2993,102,sd,A,53,3,if you're alone in the car --,if/IN you/PRP 're/VBP alone/JJ in/IN the/DT car/NN --/:,,
sw10utt/sw_1007_2993.utt,2/sw2993,2993,103,b,B,54,1,Right. /,Right/UH ./.,,
sw10utt/sw_1007_2993.utt,2/sw2993,2993,104,+,A,55,1,"-- just to press buttons, and. -/","--/: just/RB to/TO press/VB buttons/NNS ,/, and/CC ./.",,
sw10utt/sw_1007_2993.utt,2/sw2993,2993,105,^2,B,56,1,You don't have to stretch. /,You/PRP do/VBP n't/RB have/VB to/TO stretch/VB ./.,,
sw10utt/sw_1007_2993.utt,2/sw2993,2993,106,sd,A,57,1,"{C But } {D you know, } I've lived all these years without them,  /","But/CC you/PRP know/VBP ,/, I/PRP 've/VBP lived/VBN all/PDT these/DT years/NNS without/IN them/PRP ,/,",,
sw10utt/sw_1007_2993.utt,2/sw2993,2993,107,sd,A,57,2,I probably could have lived a little longer <laughter>. /,I/PRP probably/RB could/MD have/VB lived/VBN a/DT little/RB longer/RB ./.,,
sw10utt/sw_1007_2993.utt,2/sw2993,2993,108,ba,B,58,1,That's true. /,That/DT 's/BES true/JJ ./.,,
sw10utt/sw_1007_2993.utt,2/sw2993,2993,109,sd,A,59,1,"{F Uh, } one of the things that [ we have, + {F uh, } we've liked  ] when we gotten a new car, and [ this, + this  ] used car has it, is a sun roof -- /","Uh/UH ,/, one/CD of/IN the/DT things/NNS that/WDT we/PRP have/VBP ,/, uh/UH ,/, we/PRP 've/VBP liked/VBN when/WRB we/PRP gotten/VBN a/DT new/JJ car/NN ,/, and/CC this/DT ,/, this/DT used/JJ car/NN has/VBZ it/PRP ,/, is/VBZ a/DT sun/NN roof/NN --/:",,
sw10utt/sw_1007_2993.utt,2/sw2993,2993,110,b,B,60,1,Uh-huh. /,Uh-huh/UH ./.,,
sw10utt/sw_1007_2993.utt,2/sw2993,2993,111,sv,A,61,1,-- {C and } those are really nice in good weather. /,--/: and/CC those/DT are/VBP really/RB nice/JJ in/IN good/JJ weather/NN ./.,,
sw10utt/sw_1007_2993.utt,2/sw2993,2993,112,ba,B,62,1,That's right. /,That/DT 's/BES right/JJ ./.,,
sw10utt/sw_1007_2993.utt,2/sw2993,2993,113,sd,A,63,1,"[ {C So, } + {C so }  ] I guess if we get a new car, it definitely would have to have  [ an-, + anti  ] lock brakes,  /","So/RB ,/, so/RB I/PRP guess/VBP if/IN we/PRP get/VBP a/DT new/JJ car/NN ,/, it/PRP definitely/RB would/MD have/VB to/TO have/VB an/JJ ,/, anti/GW lock/^JJ brakes/NNS ,/,",,
sw10utt/sw_1007_2993.utt,2/sw2993,2993,114,sd,A,63,2,I'd love to get an air bag --,I/PRP 'd/MD love/VB to/TO get/VB an/DT air/NN bag/NN --/:,,
sw10utt/sw_1007_2993.utt,2/sw2993,2993,115,b,B,64,1,Uh-huh. /,Uh-huh/UH ./.,,
sw10utt/sw_1007_2993.utt,2/sw2993,2993,116,+,A,65,1,"-- and a sun roof,  [ and, + ] {F uh, } just so it'd be a good solid car.  /","--/: and/CC a/DT sun/NN roof/NN ,/, and/CC ,/, uh/UH ,/, just/RB so/IN it/PRP 'd/MD be/VB a/DT good/JJ solid/JJ car/NN ./.",,
sw10utt/sw_1007_2993.utt,2/sw2993,2993,117,sd,A,65,2,"I guess that those are [ m-, + my  ] major criteria.  /","I/PRP guess/VBP that/IN those/DT are/VBP m-/XX ,/, my/PRP$ major/JJ criteria/NNS ./.",,
sw10utt/sw_1007_2993.utt,2/sw2993,2993,118,sv,A,65,3,"Everything else is, {D you know, } a luxury,  /","Everything/NN else/RB is/VBZ ,/, you/PRP know/VBP ,/, a/DT luxury/NN ,/,",,
sw10utt/sw_1007_2993.utt,2/sw2993,2993,119,sv,A,65,4,"{C and } they,","and/CC they/PRP ,/,",,
sw10utt/sw_1007_2993.utt,2/sw2993,2993,120,x,B,66,1,<Throat_clearing>.,,,
sw10utt/sw_1007_2993.utt,2/sw2993,2993,121,+,A,67,1,"make the car more expensive, but they often add more things to repair when things go wrong. /","make/VB the/DT car/NN more/RBR expensive/JJ ,/, but/CC they/PRP often/RB add/VBP more/JJR things/NNS to/IN repair/VB when/WRB things/NNS go/VBP wrong/JJ ./.",,
sw10utt/sw_1007_2993.utt,2/sw2993,2993,122,b,B,68,1,Right. /,Right/UH ./.,,
sw10utt/sw_1007_2993.utt,2/sw2993,2993,123,qw,A,69,1,"{C So, } {F uh, } if you were to buy [ a new car now, + a brand new car, ] what would you look for? /","So/UH ,/, uh/UH ,/, if/IN you/PRP were/VBD to/TO buy/VB a/DT new/JJ car/NN now/RB ,/, a/DT brand/NN new/JJ car/NN ,/, what/WP would/MD you/PRP look/VB for/RB ?/.",,
sw10utt/sw_1007_2993.utt,2/sw2993,2993,124,sd,B,70,1,"{F Um, } like you said, anti-lock brakes and air bag,  /","Um/UH ,/, like/IN you/PRP said/VBD ,/, anti-lock/JJ brakes/NNS and/CC air/NN bag/NN ,/,",,
sw10utt/sw_1007_2993.utt,2/sw2993,2993,125,sd,B,70,2,"{C and, } {F uh, } [ I'd, + I'd  ] really like to have a car that's dependable --","and/CC ,/, uh/UH ,/, I/PRP 'd/MD ,/, I/PRP 'd/MD really/RB like/VB to/TO have/VB a/DT car/NN that/WDT 's/BES dependable/JJ --/:",,
sw10utt/sw_1007_2993.utt,2/sw2993,2993,126,b,A,71,1,"Yeah,  /","Yeah/UH ,/,",,
sw10utt/sw_1007_2993.utt,2/sw2993,2993,127,b^r,A,71,2,yeah. /,yeah/UH ./.,,
sw10utt/sw_1007_2993.utt,2/sw2993,2993,128,+,B,72,1,"-- [ that, + that  ] you drive, {D you know, }  like a <throat_clearing> American made car that's as dependable as Mercedes or somebody, {D you know } that's, -/","--/: that/WDT ,/, that/WDT you/PRP drive/VBP ,/, you/PRP know/VBP ,/, like/IN a/DT American/JJ made/VBN car/NN that/WDT 's/BES as/RB dependable/JJ as/IN Mercedes/NNP or/CC somebody/NN ,/, you/PRP know/VBP that/DT 's/BES ,/,",,
sw10utt/sw_1007_2993.utt,2/sw2993,2993,129,bh,A,73,1,Isn't that true.  /,Is/VBZ n't/RB that/DT true/JJ ./.,,
sw10utt/sw_1007_2993.utt,2/sw2993,2993,130,sv,A,73,2,"[ It's, + it's  ] funny, {F um, } {F uh, } that you use, - /","It/PRP 's/BES ,/, it/PRP 's/BES funny/JJ ,/, um/UH ,/, uh/UH ,/, that/IN you/PRP use/VBP ,/,",,
sw10utt/sw_1007_2993.utt,2/sw2993,2993,131,sd,A,73,3,"the Audi's German, and I have to say, it has been pretty dependable. /","the/DT Audi/NNP 's/POS German/JJ ,/, and/CC I/PRP have/VBP to/TO say/VB ,/, it/PRP has/VBZ been/VBN pretty/RB dependable/JJ ./.",,
sw10utt/sw_1007_2993.utt,2/sw2993,2993,132,b,B,74,1,Uh-huh. /,Uh-huh/UH ./.,,
sw10utt/sw_1007_2993.utt,2/sw2993,2993,133,b,A,75,1,"Yeah,  /","Yeah/UH ,/,",,
sw10utt/sw_1007_2993.utt,2/sw2993,2993,134,sv,A,75,2,"sometimes, one advantage of an American made car, is if you get stuck anywhere, most local garages can fix you up. /","sometimes/RB ,/, one/CD advantage/NN of/IN an/DT American/JJ made/VBN car/NN ,/, is/VBZ if/IN you/PRP get/VBP stuck/VBN anywhere/RB ,/, most/RBS local/JJ garages/NNS can/MD fix/VB you/PRP up/RP ./.",,
sw10utt/sw_1007_2993.utt,2/sw2993,2993,135,b,B,76,1,"Yeah,  /","Yeah/UH ,/,",,
sw10utt/sw_1007_2993.utt,2/sw2993,2993,136,sd,B,76,2,"they have parts,  /","they/PRP have/VBP parts/NNS ,/,",,
sw10utt/sw_1007_2993.utt,2/sw2993,2993,137,b,B,76,3,uh-huh. /,uh-huh/UH ./.,,
sw10utt/sw_1007_2993.utt,2/sw2993,2993,138,sv,A,77,1,"{C But } [ once you get, if you, + once you get  ] something fancy, you get stuck somewhere off of the main area --","But/CC once/IN you/PRP get/VBP ,/, if/IN you/PRP ,/, once/IN you/PRP get/VBP something/NN fancy/JJ ,/, you/PRP get/VBP stuck/VBN somewhere/RB off/IN of/IN the/DT main/JJ area/NN --/:",,
sw10utt/sw_1007_2993.utt,2/sw2993,2993,139,b,B,78,1,"Right, -/","Right/UH ,/,",,
sw10utt/sw_1007_2993.utt,2/sw2993,2993,140,+,A,79,1,"-- you can be really, - /","--/: you/PRP can/MD be/VB really/RB ,/,",,
sw10utt/sw_1007_2993.utt,2/sw2993,2993,141,sd,A,79,2,"{C and } [ the parts, + I know the Audi parts  ] are terribly expensive. /","and/CC the/DT parts/NNS ,/, I/PRP know/VBP the/DT Audi/NNP parts/NNS are/VBP terribly/RB expensive/JJ ./.",,
sw10utt/sw_1007_2993.utt,2/sw2993,2993,142,b,B,80,1,Uh-huh. /,Uh-huh/UH ./.,,
sw10utt/sw_1007_2993.utt,2/sw2993,2993,143,%,A,81,1,"{E I mean, } it jus-, - /","I/PRP mean/VBP ,/, it/PRP jus-/RB ,/,",,
sw10utt/sw_1007_2993.utt,2/sw2993,2993,144,sd,A,81,2,I shudder.  /,I/PRP shudder/VBP ./.,,
sw10utt/sw_1007_2993.utt,2/sw2993,2993,145,sd,A,81,3,"I would not get the Audi again, just for that reason.  /","I/PRP would/MD not/RB get/VB the/DT Audi/NNP again/RB ,/, just/RB for/IN that/DT reason/NN ./.",,
sw10utt/sw_1007_2993.utt,2/sw2993,2993,146,sd,A,81,4,"{C But } I would love, I wish [ [ an American, + an American,  ] + ] that, {D you know, } engineering would make something as solid as a German car.  /","But/CC I/PRP would/MD love/VB ,/, I/PRP wish/VBP an/DT American/JJ ,/, an/DT American/JJ ,/, that/IN ,/, you/PRP know/VBP ,/, engineering/NN would/MD make/VB something/NN as/RB solid/JJ as/IN a/DT German/JJ car/NN ./.",,
sw10utt/sw_1007_2993.utt,2/sw2993,2993,147,sv,A,81,5,"{D You know, } we --","You/PRP know/VBP ,/, we/PRP --/:",,
sw10utt/sw_1007_2993.utt,2/sw2993,2993,148,b,B,82,1,Right. /,Right/UH ./.,,
sw10utt/sw_1007_2993.utt,2/sw2993,2993,149,+,A,83,1,"-- certainly have the technology,  /","--/: certainly/RB have/VBP the/DT technology/NN ,/,",,
sw10utt/sw_1007_2993.utt,2/sw2993,2993,150,sv,A,83,2,"{C but, } it's amazing,  /","but/CC ,/, it/PRP 's/BES amazing/JJ ,/,",,
sw10utt/sw_1007_2993.utt,2/sw2993,2993,151,sd,A,83,3,"when we bought this Audi, - /","when/WRB we/PRP bought/VBD this/DT Audi/NNP ,/,",,
sw10utt/sw_1007_2993.utt,2/sw2993,2993,152,sd,A,83,4,"{E I mean, } everything is more solid in it. /","I/PRP mean/VBP ,/, everything/NN is/VBZ more/RBR solid/JJ in/IN it/PRP ./.",,
sw10utt/sw_1007_2993.utt,2/sw2993,2993,153,b,B,84,1,Right. /,Right/UH ./.,,
sw10utt/sw_1007_2993.utt,2/sw2993,2993,154,%,A,85,1,"{F Uh, } if, - /","Uh/UH ,/, if/IN ,/,",,
sw10utt/sw_1007_2993.utt,2/sw2993,2993,155,sv,A,85,2,you don't feel you've got any of the flabby plastic -- /,you/PRP do/VBP n't/RB feel/VB you/PRP 've/VB got/VBD any/DT of/IN the/DT flabby/JJ plastic/NN --/:,,
sw10utt/sw_1007_2993.utt,2/sw2993,2993,156,b,B,86,1,Uh-huh. /,Uh-huh/UH ./.,,
sw10utt/sw_1007_2993.utt,2/sw2993,2993,157,%,A,87,1,"-- {C and } I know,  /","--/: and/CC I/PRP know/VBP ,/,",,
sw10utt/sw_1007_2993.utt,2/sw2993,2993,158,sd,A,87,2,"{C and } [ [ I, + I,  ] + {C and } I'm  ] willing to give up a little bit in the mileage for a solid car.  /","and/CC I/PRP ,/, I/PRP ,/, and/CC I/PRP 'm/VBP willing/JJ to/TO give/VB up/RP a/DT little/JJ bit/NN in/IN the/DT mileage/NN for/IN a/DT solid/JJ car/NN ./.",,
sw10utt/sw_1007_2993.utt,2/sw2993,2993,159,sv,A,87,3,I don't think I have to give up as much as I'm giving up. /,I/PRP do/VBP n't/RB think/VB I/PRP have/VBP to/TO give/VB up/RP as/RB much/JJ as/IN I/PRP 'm/VBP giving/VBG up/RP ./.,,
sw10utt/sw_1007_2993.utt,2/sw2993,2993,160,b,B,88,1,Right. /,Right/UH ./.,,
sw10utt/sw_1007_2993.utt,2/sw2993,2993,161,qy,A,89,1,"{C But, } do you need air conditioning down there? /","But/CC ,/, do/VBP you/PRP need/VB air/NN conditioning/NN down/IN there/RB ?/.",,
sw10utt/sw_1007_2993.utt,2/sw2993,2993,162,ny,B,90,1,"Yes,  /","Yes/UH ,/,",,
sw10utt/sw_1007_2993.utt,2/sw2993,2993,163,sd^e,B,90,2,we really do -- /,we/PRP really/RB do/VBP --/:,,
sw10utt/sw_1007_2993.utt,2/sw2993,2993,164,b,A,91,1,Yeah. /,Yeah/UH ./.,,
sw10utt/sw_1007_2993.utt,2/sw2993,2993,165,sd,B,92,1,-- {C because } even today it's supposed to get up into the nineties.  /,--/: because/IN even/RB today/RB it/PRP 's/BES supposed/VBN to/TO get/VB up/IN into/IN the/DT nineties/NNS ./.,,
sw10utt/sw_1007_2993.utt,2/sw2993,2993,166,%,B,92,2,{C So } - /,So/UH,,
sw10utt/sw_1007_2993.utt,2/sw2993.pos,2993,167,x,B,92,3,<throat_clearing>.,./.
sw10utt/sw_1007_2993.utt,2/sw2993,2993,168,sd,A,93,1,"{F Oh, } we've had eleven days in a row over ninety. /","Oh/UH ,/, we/PRP 've/VBP had/VBD eleven/CD days/NNS in/IN a/DT row/NN over/IN ninety/CD ./.",,
sw10utt/sw_1007_2993.utt,2/sw2993,2993,169,b,B,94,1,Uh-huh. /,Uh-huh/UH ./.,,
sw10utt/sw_1007_2993.utt,2/sw2993,2993,170,sd,A,95,1,They've in fact had to excuse school down here because of that. /,They/PRP 've/VBP in/IN fact/NN had/VBN to/TO excuse/VB school/NN down/IN here/RB because/IN of/IN that/DT ./.,,
sw10utt/sw_1007_2993.utt,2/sw2993,2993,171,%@,B,96,1,{F Um. },Um/UH ./.,,
sw10utt/sw_1007_2993.utt,2/sw2993,2993,172,ad,A,97,1,"{D Well, } listen,  /","Well/UH ,/, listen/VB ,/,",,
sw10utt/sw_1007_2993.utt,2/sw2993,2993,173,fc,A,97,2,I enjoyed talking with you. /,I/PRP enjoyed/VBD talking/VBG with/IN you/PRP ./.,,
sw10utt/sw_1007_2993.utt,2/sw2993,2993,174,+@,B,98,1,It was nice talking to you. /,It/PRP was/VBD nice/JJ talking/VBG to/IN you/PRP ./.,,
sw10utt/sw_1007_2993.utt,2/sw2993,2993,175,fc,A,99,1,"Okay,  /","Okay/UH ,/,",,
sw10utt/sw_1007_2993.utt,2/sw2993,2993,176,fc,A,99,2,"{C and } [ enjoy, + enjoy  ] your car. /","and/CC enjoy/VB ,/, enjoy/VB your/PRP$ car/NN ./.",,
sw10utt/sw_1007_2993.utt,2/sw2993,2993,177,fc,B,100,1,"Yeah,  /","Yeah/UH ,/,",,
sw10utt/sw_1007_2993.utt,2/sw2993,2993,178,fc,B,100,2,have a nice summer. /,have/VBP a/DT nice/JJ summer/NN ./.,,
sw10utt/sw_1007_2993.utt,2/sw2993,2993,179,fc,A,101,1,"Thank you,  /","Thank/VB you/PRP ,/,",,
sw10utt/sw_1007_2993.utt,2/sw2993,2993,180,fc,A,101,2,"you too,  /","you/PRP too/RB ,/,",,
sw10utt/sw_1007_2993.utt,2/sw2993,2993,181,fc,A,101,3,it's going to be a hot one. /,it/PRP 's/BES going/VBG to/TO be/VB a/DT hot/JJ one/NN ./.,,
sw10utt/sw_1007_2993.utt,2/sw2993,2993,182,fc,B,102,1,Yeah. /,Yeah/UH ./.,,
sw10utt/sw_1007_2993.utt,2/sw2993,2993,183,fc,A,103,1,"Okay,  /","Okay/UH ,/,",,
sw10utt/sw_1007_2993.utt,2/sw2993,2993,184,fc,A,103,2,bye-bye /,bye-bye/UH,,
sw10utt/sw_1007_2993.utt,2/sw2993,2993,185,fc,B,104,1,Bye-bye. /,Bye-bye/UH ./.,,
