swda_filename,ptb_basename,conversation_no,transcript_index,act_tag,caller,utterance_index,subutterance_index,text,pos,trees,ptb_treenumbers
sw10utt/sw_1046_2621.utt,2/sw2621,2621,0,sv,A,1,1,"{D Well } a lot of women are [ knowl-, +  as knowledge ] about football as I am. /","Well/UH a/DT lot/NN of/IN women/NNS are/VBP knowl-/XX ,/, as/IN knowledge/NN about/IN football/NN as/IN I/PRP am/VBP ./.",,
sw10utt/sw_1046_2621.utt,2/sw2621,2621,1,x,B,2,1,<Laughter>.,,,
sw10utt/sw_1046_2621.utt,2/sw2621,2621,2,qy,A,3,1,"Can I guess your favorite team, if you had one, might be the Steelers. /","Can/MD I/PRP guess/VB your/PRP$ favorite/JJ team/NN ,/, if/IN you/PRP had/VBD one/CD ,/, might/MD be/VB the/DT Steelers/NNPS ./.",,
sw10utt/sw_1046_2621.utt,2/sw2621,2621,3,ny,B,4,1,"Yes,  /","Yes/UH ,/,",,
sw10utt/sw_1046_2621.utt,2/sw2621,2621,4,ny,B,4,2,uh-huh. /,uh-huh/UH ./.,,
sw10utt/sw_1046_2621.utt,2/sw2621,2621,5,sd,A,5,1,"{D Well, } I can understand that.  /","Well/UH ,/, I/PRP can/MD understand/VB that/DT ./.",,
sw10utt/sw_1046_2621.utt,2/sw2621,2621,6,sd,A,5,2,"[ I, + {D you know, } I ] kind of like the Cowboys, too. /","I/PRP ,/, you/PRP know/VBP ,/, I/PRP kind/RB of/RB like/VBP the/DT Cowboys/NNPS ,/, too/RB ./.",,
sw10utt/sw_1046_2621.utt,2/sw2621,2621,7,qy,B,6,1,# Do you? # /,Do/VBP you/PRP ?/.,,
sw10utt/sw_1046_2621.utt,2/sw2621,2621,8,na,A,7,1,# They've had # some great games in the past. /,They/PRP 've/VBP had/VBN some/DT great/JJ games/NNS in/IN the/DT past/NN ./.,,
sw10utt/sw_1046_2621.utt,2/sw2621,2621,9,b,B,8,1,"Uh-huh,  /","Uh-huh/UH ,/,",,
sw10utt/sw_1046_2621.utt,2/sw2621,2621,10,sd,B,8,2,"[ I, + I ] always enjoy watching [ [ the stal-, + the, ] + ] Dallas and Pittsburgh together.","I/PRP ,/, I/PRP always/RB enjoy/VBP watching/VBG the/DT stal-/XX ,/, the/DT ,/, Dallas/NNP and/CC Pittsburgh/NNP together/RB ./.",,
sw10utt/sw_1046_2621.utt,2/sw2621,2621,11,b,A,9,1,"Uh-huh,  /","Uh-huh/UH ,/,",,
sw10utt/sw_1046_2621.utt,2/sw2621,2621,12,aa,A,9,2,me too. /,me/PRP too/RB ./.,,
sw10utt/sw_1046_2621.utt,2/sw2621,2621,13,+,B,10,1,{D You know. } /,You/PRP know/VBP ./.,,
sw10utt/sw_1046_2621.utt,2/sw2621,2621,14,sv,A,11,1,"It wasn't nearly as much fun when Bradshaw was playing for you guys, I'll tell you. /","It/PRP was/VBD n't/RB nearly/RB as/RB much/RB fun/JJ when/WRB Bradshaw/NNP was/VBD playing/VBG for/IN you/PRP guys/NNS ,/, I/PRP 'll/MD tell/VB you/PRP ./.",,
sw10utt/sw_1046_2621.utt,2/sw2621,2621,15,x,B,12,1,<Laughter>.,,,
sw10utt/sw_1046_2621.utt,2/sw2621,2621,16,sd,A,13,1,"He lives in the Dallas area now, as a matter of fact. /","He/PRP lives/VBZ in/IN the/DT Dallas/NNP area/NN now/RB ,/, as/IN a/DT matter/NN of/IN fact/NN ./.",,
sw10utt/sw_1046_2621.utt,2/sw2621,2621,17,qy,B,14,1,Does he really? /,Does/VBZ he/PRP really/RB ?/.,,
sw10utt/sw_1046_2621.utt,2/sw2621,2621,18,sd,A,15,1,"{D Well, }  {D actually, } it's probably closer to Fort Worth,  /","Well/UH ,/, actually/UH ,/, it/PRP 's/BES probably/RB closer/RBR to/IN Fort/NNP Worth/NNP ,/,",,
sw10utt/sw_1046_2621.utt,2/sw2621,2621,19,sd,A,15,2,"{C but } [ it's, + it's ] in the same area.  /","but/CC it/PRP 's/BES ,/, it/PRP 's/BES in/IN the/DT same/JJ area/NN ./.",,
sw10utt/sw_1046_2621.utt,2/sw2621,2621,20,sd,A,15,3,"He [ bought, + {F uh, } bought ] a big horse farm out in a little town called Roanoke, Texas. /","He/PRP bought/VBD ,/, uh/UH ,/, bought/VBD a/DT big/JJ horse/NN farm/NN out/IN in/IN a/DT little/JJ town/NN called/VBN Roanoke/NNP ,/, Texas/NNP ./.",,
sw10utt/sw_1046_2621.utt,2/sw2621,2621,21,b,B,16,1,Uh-huh. /,Uh-huh/UH ./.,,
sw10utt/sw_1046_2621.utt,2/sw2621,2621,22,sd,A,17,1,{C But } he pops up on the Dallas scene quite often. /,But/CC he/PRP pops/VBZ up/RP on/IN the/DT Dallas/NNP scene/NN quite/RB often/RB ./.,,
sw10utt/sw_1046_2621.utt,2/sw2621,2621,23,x,B,18,1,<Laughter>.,,,
sw10utt/sw_1046_2621.utt,2/sw2621,2621,24,sd,A,19,1,"As a matter of fact, there was some talk about trying to get him involved with the team management in some sort of a coaching job. /","As/IN a/DT matter/NN of/IN fact/NN ,/, there/EX was/VBD some/DT talk/NN about/IN trying/VBG to/TO get/VB him/PRP involved/JJ with/IN the/DT team/NN management/NN in/IN some/DT sort/NN of/IN a/DT coaching/NN job/NN ./.",,
sw10utt/sw_1046_2621.utt,2/sw2621,2621,25,ba,B,20,1,"{F Oh, } wo-, - /","Oh/UH ,/, wo-/XX ,/,",,
sw10utt/sw_1046_2621.utt,2/sw2621,2621,26,qy^d,B,20,2,I wonder if he'd ever do that. /,I/PRP wonder/VBP if/IN he/PRP 'd/MD ever/RB do/VB that/DT ./.,,
sw10utt/sw_1046_2621.utt,2/sw2621,2621,27,no,A,21,1,"I don't know,  /","I/PRP do/VBP n't/RB know/VB ,/,",,
sw10utt/sw_1046_2621.utt,2/sw2621,2621,28,sv,A,21,2,he'd be good at it.  /,he/PRP 'd/MD be/VB good/JJ at/IN it/PRP ./.,,
sw10utt/sw_1046_2621.utt,2/sw2621,2621,29,sv,A,21,3,"He's such a motivator, [ he, + ]","He/PRP 's/BES such/PDT a/DT motivator/NN ,/, he/PRP ,/,",,
sw10utt/sw_1046_2621.utt,2/sw2621,2621,30,aa,B,22,1,# Yes.  # /,Yes/UH ./.,,
sw10utt/sw_1046_2621.utt,2/sw2621,2621,31,+,A,23,1,"# primarily, # {D you know, } with the quarterbacks. /","primarily/RB ,/, you/PRP know/VBP ,/, with/IN the/DT quarterbacks/NNS ./.",,
sw10utt/sw_1046_2621.utt,2/sw2621,2621,32,b,B,24,1,# Uh-huh. # /,Uh-huh/UH ./.,,
sw10utt/sw_1046_2621.utt,2/sw2621,2621,33,sv,A,25,1,# That # would be his specialty.  /,That/DT would/MD be/VB his/PRP$ specialty/NN ./.,,
sw10utt/sw_1046_2621.utt,2/sw2621,2621,34,sv,A,25,2,"[  I wished, + I wished ] they could work something,  /","I/PRP wished/VBD ,/, I/PRP wished/VBD they/PRP could/MD work/VB something/NN ,/,",,
sw10utt/sw_1046_2621.utt,2/sw2621,2621,35,sd,A,25,3,I really like him.  /,I/PRP really/RB like/VBP him/PRP ./.,,
sw10utt/sw_1046_2621.utt,2/sw2621,2621,36,sd^r,A,25,4,I really do. /,I/PRP really/RB do/VBP ./.,,
sw10utt/sw_1046_2621.utt,2/sw2621,2621,37,b,B,26,1,Uh-huh.  /,Uh-huh/UH ./.,,
sw10utt/sw_1046_2621.utt,2/sw2621,2621,38,qo,B,26,2,{D Well } what about the Houston Oilers.  /,Well/UH what/WP about/IN the/DT Houston/NNP Oilers/NNPS ./.,,
sw10utt/sw_1046_2621.utt,2/sw2621,2621,39,qy,B,26,3,Do you like them? /,Do/VBP you/PRP like/VB them/PRP ?/.,,
sw10utt/sw_1046_2621.utt,2/sw2621,2621,40,ny,A,27,1,"Yeah,  /","Yeah/UH ,/,",,
sw10utt/sw_1046_2621.utt,2/sw2621,2621,41,o,A,27,2,"okay,  /","okay/UH ,/,",,
sw10utt/sw_1046_2621.utt,2/sw2621,2621,42,sd,A,27,3,I'd love to see Dallas and Houston play in a Super Bowl.  /,I/PRP 'd/MD love/VB to/TO see/VB Dallas/NNP and/CC Houston/NNP play/VBP in/IN a/DT Super/NNP Bowl/NNP ./.,,
sw10utt/sw_1046_2621.utt,2/sw2621,2621,43,sv,A,27,4,That would be really great. /,That/DT would/MD be/VB really/RB great/JJ ./.,,
sw10utt/sw_1046_2621.utt,2/sw2621,2621,44,b,B,28,1,Uh-huh. /,Uh-huh/UH ./.,,
sw10utt/sw_1046_2621.utt,2/sw2621,2621,45,sv,A,29,1,"That may not ever happen,  /","That/DT may/MD not/RB ever/RB happen/VB ,/,",,
sw10utt/sw_1046_2621.utt,2/sw2621,2621,46,h,A,29,2,I don't know. /,I/PRP do/VBP n't/RB know/VB ./.,,
sw10utt/sw_1046_2621.utt,2/sw2621,2621,47,x,B,30,1,# <Breathing> <laughter>.  #,,,
sw10utt/sw_1046_2621.utt,2/sw2621,2621,48,sv,A,31,1,"# {F Uh, } Houston # has had some wonderful talent, {D you know, } down through the years  /","Uh/UH ,/, Houston/NNP has/VBZ had/VBN some/DT wonderful/JJ talent/NN ,/, you/PRP know/VBP ,/, down/IN through/IN the/DT years/NNS",,
sw10utt/sw_1046_2621.utt,2/sw2621,2621,49,sv,A,31,2,{C and } in the earlier years they really had some super teams. /,and/CC in/IN the/DT earlier/JJR years/NNS they/PRP really/RB had/VBD some/DT super/JJ teams/NNS ./.,,
sw10utt/sw_1046_2621.utt,2/sw2621,2621,50,b,B,32,1,Uh-huh.  /,Uh-huh/UH ./.,,
sw10utt/sw_1046_2621.utt,2/sw2621,2621,51,sv,B,32,2,"{C And } Warren Moon,","And/CC Warren/NNP Moon/NNP ,/,",,
sw10utt/sw_1046_2621.utt,2/sw2621,2621,52,ba,A,33,1,# That's right.  # /,That/DT 's/BES right/JJ ./.,,
sw10utt/sw_1046_2621.utt,2/sw2621,2621,53,+,B,34,1,"# [ is, + is ] # proving himself quite well right now. /","is/VBZ ,/, is/VBZ proving/VBG himself/PRP quite/RB well/RB right/RB now/RB ./.",,
sw10utt/sw_1046_2621.utt,2/sw2621,2621,54,aa,A,35,1,"He certainly is,  /","He/PRP certainly/RB is/VBZ ,/,",,
sw10utt/sw_1046_2621.utt,2/sw2621,2621,55,sv,A,35,2,he's very good. /,he/PRP 's/BES very/RB good/JJ ./.,,
sw10utt/sw_1046_2621.utt,2/sw2621,2621,56,b,B,36,1,Uh-huh. /,Uh-huh/UH ./.,,
sw10utt/sw_1046_2621.utt,2/sw2621,2621,57,sv^r,A,37,1,He's very good. /,He/PRP 's/BES very/RB good/JJ ./.,,
sw10utt/sw_1046_2621.utt,2/sw2621,2621,58,sv,B,38,1,"He's one of the few, {F uh, } Black quarterbacks that there are. /","He/PRP 's/BES one/CD of/IN the/DT few/NN ,/, uh/UH ,/, Black/JJ quarterbacks/NNS that/WDT there/EX are/VBP ./.",,
sw10utt/sw_1046_2621.utt,2/sw2621,2621,59,aa,A,39,1,That's right.  /,That/DT 's/BES right/JJ ./.,,
sw10utt/sw_1046_2621.utt,2/sw2621,2621,60,sv,A,39,2,"Randall Cunningham was with Philadelphia, I guess last year,  /","Randall/NNP Cunningham/NNP was/VBD with/IN Philadelphia/NNP ,/, I/PRP guess/VBP last/JJ year/NN ,/,",,
sw10utt/sw_1046_2621.utt,2/sw2621,2621,61,sd,A,39,3,{C but } he's no longer with the team.  /,but/CC he/PRP 's/BES no/RB longer/RB with/IN the/DT team/NN ./.,,
sw10utt/sw_1046_2621.utt,2/sw2621,2621,62,sv,A,39,4,"<<Pause>> {C So, } you're right,  /","So/RB ,/, you/PRP 're/VBP right/JJ ,/,",,
sw10utt/sw_1046_2621.utt,2/sw2621,2621,63,sv,A,39,5,"there are very few Black quarterbacks, or at least that are starting anyway. /","there/EX are/VBP very/RB few/JJ Black/JJ quarterbacks/NNS ,/, or/CC at/IN least/JJS that/WDT are/VBP starting/VBG anyway/RB ./.",,
sw10utt/sw_1046_2621.utt,2/sw2621,2621,64,b,B,40,1,Uh-huh. /,Uh-huh/UH ./.,,
sw10utt/sw_1046_2621.utt,2/sw2621,2621,65,qo,A,41,1,How do you think the Steelers are going to do this year.  /,How/WRB do/VBP you/PRP think/VB the/DT Steelers/NNPS are/VBP going/VBG to/TO do/VB this/DT year/NN ./.,,
sw10utt/sw_1046_2621.utt,2/sw2621,2621,66,qy,A,41,2,You have any idea. /,You/PRP have/VBP any/DT idea/NN ./.,,
sw10utt/sw_1046_2621.utt,2/sw2621,2621,67,no,B,42,1,"I don't know,  /","I/PRP do/VBP n't/RB know/VB ,/,",,
sw10utt/sw_1046_2621.utt,2/sw2621,2621,68,sv,B,42,2,"I hope [ they, + they ] do better.  /","I/PRP hope/VBP they/PRP ,/, they/PRP do/VBP better/RBR ./.",,
sw10utt/sw_1046_2621.utt,2/sw2621,2621,69,%,B,42,3,"[  They, + they ] - /","They/PRP ,/, they/PRP",,
sw10utt/sw_1046_2621.utt,2/sw2621,2621,70,sv,B,42,4,during the past couple of years they've been doing a little bit better. /,during/IN the/DT past/JJ couple/NN of/IN years/NNS they/PRP 've/VBP been/VBN doing/VBG a/DT little/JJ bit/NN better/RBR ./.,,
sw10utt/sw_1046_2621.utt,2/sw2621,2621,71,b,A,43,1,Uh-huh. /,Uh-huh/UH ./.,,
sw10utt/sw_1046_2621.utt,2/sw2621,2621,72,sv,B,44,1,"{C But, } {F uh, } [ I think they still have a little, + I think they're ] still such [ a, + a ] young team I think they still have a little bit to go before they reach the potential,","But/CC ,/, uh/UH ,/, I/PRP think/VBP they/PRP still/RB have/VBP a/DT little/JJ ,/, I/PRP think/VBP they/PRP 're/VBP still/RB such/PDT a/DT ,/, a/DT young/JJ team/NN I/PRP think/VBP they/PRP still/RB have/VBP a/DT little/JJ bit/NN to/TO go/VB before/IN they/PRP reach/VBP the/DT potential/NN ,/,",,
sw10utt/sw_1046_2621.utt,2/sw2621,2621,73,b,A,45,1,# Yeah. # /,Yeah/UH ./.,,
sw10utt/sw_1046_2621.utt,2/sw2621,2621,74,+,B,46,1,# <Throat_clearing> # that it did when ever Bradshaw was playing. /,that/WDT it/PRP did/VBD when/GW ever/^WRB Bradshaw/NNP  was/VBD playing/VBG ./.,,
sw10utt/sw_1046_2621.utt,2/sw2621,2621,75,b,A,47,1,"{F Oh, } yeah,  /","Oh/UH ,/, yeah/UH ,/,",,
sw10utt/sw_1046_2621.utt,2/sw2621,2621,76,sv,A,47,2,that was just such super team. /,that/DT was/VBD just/RB such/PDT super/JJ team/NN ./.,,
sw10utt/sw_1046_2621.utt,2/sw2621,2621,77,sv,B,48,1,"{C Or, } if they even reach that potential again, {D you know, } they may never reach that again. /","Or/CC ,/, if/IN they/PRP even/RB reach/VBP that/DT potential/NN again/RB ,/, you/PRP know/VBP ,/, they/PRP may/MD never/RB reach/VB that/DT again/RB ./.",,
sw10utt/sw_1046_2621.utt,2/sw2621,2621,78,b,A,49,1,Yeah.  /,Yeah/UH ./.,,
sw10utt/sw_1046_2621.utt,2/sw2621,2621,79,ba,A,49,2,"{D Well } that's a tough, - /","Well/UH that/DT 's/BES a/DT tough/JJ ,/,",,
sw10utt/sw_1046_2621.utt,2/sw2621,2621,80,sv,A,49,3,"it would be tough to do,  /","it/PRP would/MD be/VB tough/JJ to/TO do/VB ,/,",,
sw10utt/sw_1046_2621.utt,2/sw2621,2621,81,sv^r,A,49,4,it really would. /,it/PRP really/RB would/MD ./.,,
sw10utt/sw_1046_2621.utt,2/sw2621,2621,82,b,B,50,1,Uh-huh. /,Uh-huh/UH ./.,,
sw10utt/sw_1046_2621.utt,2/sw2621,2621,83,qy^d,A,51,1,"They have such a super team for years, that won what, four Super Bowls? /","They/PRP have/VBP such/PDT a/DT super/JJ team/NN for/IN years/NNS ,/, that/WDT won/VBD what/WP ,/, four/CD Super/NNP Bowls/NNPS ?/.",,
sw10utt/sw_1046_2621.utt,2/sw2621,2621,84,ny,B,52,1,"Yeah,  /","Yeah/UH ,/,",,
sw10utt/sw_1046_2621.utt,2/sw2621,2621,85,sd^e,B,52,2,four in a row. /,four/CD in/IN a/DT row/NN ./.,,
sw10utt/sw_1046_2621.utt,2/sw2621,2621,86,sd^m,A,53,1,Four in a row.  /,Four/CD in/IN a/DT row/NN ./.,,
sw10utt/sw_1046_2621.utt,2/sw2621,2621,87,sd,A,53,2,I don't know if that could ever be duplicated again or not. /,I/PRP do/VBP n't/RB know/VB if/IN that/DT could/MD ever/RB be/VB duplicated/VBN again/RB or/CC not/RB ./.,,
sw10utt/sw_1046_2621.utt,2/sw2621,2621,88,sd,B,54,1,"{F Oh, } I don't know. /","Oh/UH ,/, I/PRP do/VBP n't/RB know/VB ./.",,
sw10utt/sw_1046_2621.utt,2/sw2621,2621,89,b,A,55,1,# Yeah. # /,Yeah/UH ./.,,
sw10utt/sw_1046_2621.utt,2/sw2621,2621,90,sd,B,56,1,# Shooting # for one for the thumb now is what they were saying. /,Shooting/VBG for/IN one/CD for/IN the/DT thumb/NN now/RB is/VBZ what/WP they/PRP were/VBD saying/VBG ./.,,
sw10utt/sw_1046_2621.utt,2/sw2621,2621,91,ba,A,57,1,That's right <laughter>.  /,That/DT 's/BES right/JJ ./.,,
sw10utt/sw_1046_2621.utt,2/sw2621,2621,92,%,A,57,2,"{C And, } -/","And/CC ,/,",,
sw10utt/sw_1046_2621.utt,2/sw2621,2621,93,sd,B,58,1,"{C But } basically everyone that was on the team then is gone now,  /","But/CC basically/RB everyone/NN that/WDT was/VBD on/IN the/DT team/NN then/RB is/VBZ gone/VBN now/RB ,/,",,
sw10utt/sw_1046_2621.utt,2/sw2621,2621,94,%,B,58,2,{C so. } -/,so/RB ./.,,
sw10utt/sw_1046_2621.utt,2/sw2621,2621,95,ba,A,59,1,That's right. /,That/DT 's/BES right/JJ ./.,,
sw10utt/sw_1046_2621.utt,2/sw2621,2621,96,sv,B,60,1,I think Mike Webster was left  /,I/PRP think/VBP Mike/NNP Webster/NNP was/VBD left/VBN,,
sw10utt/sw_1046_2621.utt,2/sw2621,2621,97,sd,B,60,2,"{C but } then [ he, + he ] just left. /","but/CC then/RB he/PRP ,/, he/PRP just/RB left/VBD ./.",,
sw10utt/sw_1046_2621.utt,2/sw2621,2621,98,b,A,61,1,"Uh-huh,  /","Uh-huh/UH ,/,",,
sw10utt/sw_1046_2621.utt,2/sw2621,2621,99,b,A,61,2,yeah. /,yeah/UH ./.,,
sw10utt/sw_1046_2621.utt,2/sw2621,2621,100,%,B,62,1,{F Uh. } /,Uh/UH ./.,,
sw10utt/sw_1046_2621.utt,2/sw2621,2621,101,sv,A,63,1,"He may have been the last of the old guard,  /","He/PRP may/MD have/VB been/VBN the/DT last/NN of/IN the/DT old/JJ guard/NN ,/,",,
sw10utt/sw_1046_2621.utt,2/sw2621,2621,102,h,A,63,2,I don't know. /,I/PRP do/VBP n't/RB know/VB ./.,,
sw10utt/sw_1046_2621.utt,2/sw2621,2621,103,aa,B,64,1,"Yeah,  /","Yeah/UH ,/,",,
sw10utt/sw_1046_2621.utt,2/sw2621,2621,104,sv,B,64,2,"I think he is,  /","I/PRP think/VBP he/PRP is/VBZ ,/,",,
sw10utt/sw_1046_2621.utt,2/sw2621,2621,105,sv,B,64,3,I think he was. /,I/PRP think/VBP he/PRP was/VBD ./.,,
sw10utt/sw_1046_2621.utt,2/sw2621,2621,106,b,A,65,1,"Uh-huh,  /","Uh-huh/UH ,/,",,
sw10utt/sw_1046_2621.utt,2/sw2621,2621,107,b,A,65,2,"yeah,  /","yeah/UH ,/,",,
sw10utt/sw_1046_2621.utt,2/sw2621,2621,108,sv,A,65,3,they had such a super team. /,they/PRP had/VBD such/PDT a/DT super/JJ team/NN ./.,,
sw10utt/sw_1046_2621.utt,2/sw2621,2621,109,b,B,66,1,Uh-huh. /,Uh-huh/UH ./.,,
sw10utt/sw_1046_2621.utt,2/sw2621,2621,110,qy,A,67,1,Have you been following the big draft that occurred yesterday? /,Have/VBP you/PRP been/VBN following/VBG the/DT big/JJ draft/NN that/WDT occurred/VBD yesterday/NN ?/.,,
sw10utt/sw_1046_2621.utt,2/sw2621,2621,111,nn,B,68,1,"<Throat_clearing>  No,  /","No/UH ,/,",,
sw10utt/sw_1046_2621.utt,2/sw2621,2621,112,sd^e,B,68,2,I didn't. /,I/PRP did/VBD n't/RB ./.,,
sw10utt/sw_1046_2621.utt,2/sw2621,2621,113,bk,A,69,1,I see. /,I/PRP see/VBP ./.,,
sw10utt/sw_1046_2621.utt,2/sw2621,2621,114,b,B,70,1,Huh-uh. /,Huh-uh/UH ./.,,
sw10utt/sw_1046_2621.utt,2/sw2621,2621,115,sv,A,71,1,"There's quite a bit of activity now,  /","There/EX 's/BES quite/RB a/DT bit/NN of/IN activity/NN now/RB ,/,",,
sw10utt/sw_1046_2621.utt,2/sw2621,2621,116,sv,A,71,2,"of course they had so many, {D you know, } nice, {F uh, } choices because their record was so lousy the last few years.  /","of/IN course/NN they/PRP had/VBD so/RB many/JJ ,/, you/PRP know/VBP ,/, nice/JJ ,/, uh/UH ,/, choices/NNS because/IN their/PRP$ record/NN was/VBD so/RB lousy/JJ the/DT last/JJ few/JJ years/NNS ./.",,
sw10utt/sw_1046_2621.utt,2/sw2621,2621,117,sd,A,71,3,"They picked up,","They/PRP picked/VBD up/RP ,/,",,
sw10utt/sw_1046_2621.utt,2/sw2621,2621,118,%,B,72,1,# {F Uh. }  # /,Uh/UH ./.,,
sw10utt/sw_1046_2621.utt,2/sw2621,2621,119,+,A,73,1,"# {D you # know, } quite a few of the, - /","you/PRP know/VBP ,/, quite/RB a/DT few/NN of/IN the/DT ,/,",,
sw10utt/sw_1046_2621.utt,2/sw2621,2621,120,sv,A,73,2,of course you never know.  /,of/IN course/NN you/PRP never/RB know/VBP ./.,,
sw10utt/sw_1046_2621.utt,2/sw2621,2621,121,sv,A,73,3,"The guys they pick, {D you know, } [ m-, + may ] never play a game.  /","The/DT guys/NNS they/PRP pick/VBP ,/, you/PRP know/VBP ,/, m-/XX ,/, may/MD never/RB play/VB a/DT game/NN ./.",,
sw10utt/sw_1046_2621.utt,2/sw2621,2621,122,sv,A,73,4,"You [ jus-, + ] never know,  /","You/PRP jus-/XX ,/, never/RB know/VB ,/,",,
sw10utt/sw_1046_2621.utt,2/sw2621,2621,123,sv,A,73,5,"[ it's, + it's ] a gamble,  /","it/PRP 's/BES ,/, it/PRP 's/BES a/DT gamble/NN ,/,",,
sw10utt/sw_1046_2621.utt,2/sw2621,2621,124,sv,A,73,6,it really is. /,it/PRP really/RB is/VBZ ./.,,
sw10utt/sw_1046_2621.utt,2/sw2621,2621,125,b,B,74,1,"Yeah,  /","Yeah/UH ,/,",,
sw10utt/sw_1046_2621.utt,2/sw2621,2621,126,b,B,74,2,uh-huh. /,uh-huh/UH ./.,,
sw10utt/sw_1046_2621.utt,2/sw2621,2621,127,sd,A,75,1,"They may get hurt, or, not be able to participate at that level, if {D you know, } -/","They/PRP may/MD get/VB hurt/JJ ,/, or/CC ,/, not/RB be/VB able/JJ to/TO participate/VB at/IN that/DT level/NN ,/, if/IN you/PRP know/VBP ,/,",,
sw10utt/sw_1046_2621.utt,2/sw2621,2621,128,qw,B,76,1,"{D Well } who would you say is your favorite player, or has ever been your favorite player? /","Well/UH who/WP would/MD you/PRP say/VB is/VBZ your/PRP$ favorite/JJ player/NN ,/, or/CC has/VBZ ever/RB been/VBN your/PRP$ favorite/JJ player/NN ?/.",,
sw10utt/sw_1046_2621.utt,2/sw2621,2621,129,qy,A,77,1,Ever been? /,Ever/RB been/VBN ?/.,,
sw10utt/sw_1046_2621.utt,2/sw2621,2621,130,ny,B,78,1,Uh-huh. /,Uh-huh/UH ./.,,
sw10utt/sw_1046_2621.utt,2/sw2621,2621,131,sd,A,79,1,"Probably an old guy that played, probably before you were born <laughter>, /","Probably/RB an/DT old/JJ guy/NN that/WDT played/VBD ,/, probably/RB before/IN you/PRP were/VBD born/VBN ,/,",,
sw10utt/sw_1046_2621.utt,2/sw2621,2621,132,x,B,80,1,<Laughter>.,,,
sw10utt/sw_1046_2621.utt,2/sw2621,2621,133,sd,A,81,1,his name was Sam Huff.  /,his/PRP$ name/NN was/VBD Sam/NNP Huff/NNP ./.,,
sw10utt/sw_1046_2621.utt,2/sw2621,2621,134,sd,A,81,2,He used to play for the New York Giants. /,He/PRP used/VBD to/TO play/VB for/IN the/DT New/NNP York/NNP Giants/NNPS ./.,,
sw10utt/sw_1046_2621.utt,2/sw2621,2621,135,b,B,82,1,Oh. /,Oh/UH ./.,,
sw10utt/sw_1046_2621.utt,2/sw2621,2621,136,sd,A,83,1,"That was one of the toughest guys that I've ever seen in my life,","That/DT was/VBD one/CD of/IN the/DT toughest/JJS guys/NNS that/WDT I/PRP 've/VBP ever/RB seen/VBN in/IN my/PRP$ life/NN ,/,",,
sw10utt/sw_1046_2621.utt,2/sw2621,2621,137,b,B,84,1,# Really.  # /,Really/UH ./.,,
sw10utt/sw_1046_2621.utt,2/sw2621,2621,138,+,A,85,1,"# as # far as, {D you know, } dedication.  /","as/RB far/RB as/IN ,/, you/PRP know/VBP ,/, dedication/NN ./.",,
sw10utt/sw_1046_2621.utt,2/sw2621,2621,139,sv,A,85,2,He just went all out every single play. /,He/PRP just/RB went/VBD all/RB out/RB every/DT single/JJ play/NN ./.,,
sw10utt/sw_1046_2621.utt,2/sw2621,2621,140,b,B,86,1,Uh-huh. /,Uh-huh/UH ./.,,
sw10utt/sw_1046_2621.utt,2/sw2621,2621,141,sv,A,87,1,"Of course, there have been some other great ones too, Dick Butkis, and  Bradshaw, {D you know, }  /","Of/IN course/NN ,/, there/EX have/VBP been/VBN some/DT other/JJ great/JJ ones/NNS too/RB ,/, Dick/NNP Butkis/NNP ,/, and/CC Bradshaw/NNP ,/, you/PRP know/VBP ,/,",,
sw10utt/sw_1046_2621.utt,2/sw2621,2621,142,sv,A,87,2,there's been so many. /,there/EX 's/HVS been/VBN so/RB many/JJ ./.,,
sw10utt/sw_1046_2621.utt,2/sw2621,2621,143,b,B,88,1,"Yeah,  /","Yeah/UH ,/,",,
sw10utt/sw_1046_2621.utt,2/sw2621,2621,144,%,B,88,2,"ye-, -/","ye-/UH ,/,",,
sw10utt/sw_1046_2621.utt,2/sw2621,2621,145,sd,A,89,1,"{C But } if I had to pick one, I would probably pick Sam Huff, as a matter of fact. /","But/CC if/IN I/PRP had/VBD to/TO pick/VB one/CD ,/, I/PRP would/MD probably/RB pick/VB Sam/NNP Huff/NNP ,/, as/IN a/DT matter/NN of/IN fact/NN ./.",,
sw10utt/sw_1046_2621.utt,2/sw2621,2621,146,sv,B,90,1,"{F Oh, } {D you know, } that's really funny, {F um, }  /","Oh/UH ,/, you/PRP know/VBP ,/, that/DT 's/BES really/RB funny/JJ ,/, um/UH ,/,",,
sw10utt/sw_1046_2621.utt,2/sw2621,2621,147,sd,B,90,2,"{D well, } [ I, + I ] come from a large family  /","well/UH ,/, I/PRP ,/, I/PRP come/VBP from/IN a/DT large/JJ family/NN",,
sw10utt/sw_1046_2621.utt,2/sw2621,2621,148,sd,B,90,3,"{C and, } [ the-, + there's ] quite a few boys  /","and/CC ,/, the-/XX ,/, there/EX 's/BES quite/RB a/DT few/JJ boys/NNS",,
sw10utt/sw_1046_2621.utt,2/sw2621,2621,149,sd,B,90,4,{C so } that's kind of how I got in with the football.  /,so/RB that/DT 's/BES kind/RB of/RB how/WRB I/PRP got/VBD in/IN with/IN the/DT football/NN ./.,,
sw10utt/sw_1046_2621.utt,2/sw2621,2621,150,sd,B,90,5,{C Either } watch that {C or } watch nothing. /,Either/CC watch/VB that/DT or/CC watch/VB nothing/NN ./.,,
sw10utt/sw_1046_2621.utt,2/sw2621,2621,151,b,A,91,1,That's right. /,That/DT 's/BES right/JJ ./.,,
sw10utt/sw_1046_2621.utt,2/sw2621,2621,152,sd,B,92,1,"{C And, } {F um, } at one time I could name all the players on the Steelers, {D you know. } /","And/CC ,/, um/UH ,/, at/IN one/CD time/NN I/PRP could/MD name/VB all/PDT the/DT players/NNS on/IN the/DT Steelers/NNPS ,/, you/PRP know/VBP ./.",,
sw10utt/sw_1046_2621.utt,2/sw2621,2621,153,b,A,93,1,Uh-huh. /,Uh-huh/UH ./.,,
sw10utt/sw_1046_2621.utt,2/sw2621,2621,154,sd,B,94,1,"[ {C And, } + {C but, } ] even when Bradshaw was playing, [ I, + I ] don't know, [ I, + I ] didn't particularly care for him, /","And/CC ,/, but/CC ,/, even/RB when/WRB Bradshaw/NNP was/VBD playing/VBG ,/, I/PRP ,/, I/PRP do/VBP n't/RB know/VB ,/, I/PRP ,/, I/PRP did/VBD n't/RB particularly/RB care/VB for/IN him/PRP ,/,",,
sw10utt/sw_1046_2621.utt,2/sw2621,2621,155,b,A,95,1,# Uh-huh. # /,Uh-huh/UH ./.,,
sw10utt/sw_1046_2621.utt,2/sw2621,2621,156,sd,B,96,1,# I # thought he was kind of cocky or something. /,I/PRP thought/VBD he/PRP was/VBD kind/RB of/RB cocky/JJ or/CC something/NN ./.,,
sw10utt/sw_1046_2621.utt,2/sw2621,2621,157,sv,A,97,1,"# He  is,  /","He/PRP is/VBZ ,/,",,
sw10utt/sw_1046_2621.utt,2/sw2621,2621,158,sv^r,A,97,2,"he is, # /","he/PRP is/VBZ ,/,",,
sw10utt/sw_1046_2621.utt,2/sw2621,2621,159,b,B,98,1,# Uh-huh. # /,Uh-huh/UH ./.,,
sw10utt/sw_1046_2621.utt,2/sw2621,2621,160,sv,A,99,1,"of course [ the-, + ] a quarterback has a big ego. /","of/IN course/NN the-/XX ,/, a/DT quarterback/NN has/VBZ a/DT big/JJ ego/NN ./.",,
sw10utt/sw_1046_2621.utt,2/sw2621,2621,161,b,B,100,1,"Yeah,  /","Yeah/UH ,/,",,
sw10utt/sw_1046_2621.utt,2/sw2621,2621,162,b,B,100,2,uh-huh. /,uh-huh/UH ./.,,
sw10utt/sw_1046_2621.utt,2/sw2621,2621,163,sv,A,101,1,"[ They really d-, + they ] have to have,  /","They/PRP really/RB d-/XX ,/, they/PRP have/VBP to/TO have/VB ,/,",,
sw10utt/sw_1046_2621.utt,2/sw2621,2621,164,sv,A,101,2,they can't survive. /,they/PRP ca/MD n't/RB survive/VB ./.,,
sw10utt/sw_1046_2621.utt,2/sw2621,2621,165,b,B,102,1,"Uh-huh,  /","Uh-huh/UH ,/,",,
sw10utt/sw_1046_2621.utt,2/sw2621,2621,166,b^r,B,102,2,uh-huh. /,uh-huh/UH ./.,,
sw10utt/sw_1046_2621.utt,2/sw2621,2621,167,sv,A,103,1,"They always think they can win, {D you know, } which is the way it should be. /","They/PRP always/RB think/VBP they/PRP can/MD win/VB ,/, you/PRP know/VBP ,/, which/WDT is/VBZ the/DT way/NN it/PRP should/MD be/VB ./.",,
sw10utt/sw_1046_2621.utt,2/sw2621,2621,168,b,B,104,1,Uh-huh. /,Uh-huh/UH ./.,,
sw10utt/sw_1046_2621.utt,2/sw2621,2621,169,sd,A,105,1,"Boy, he never gave up, I'll tell you. /","Boy/UH ,/, he/PRP never/RB gave/VBD up/RP ,/, I/PRP 'll/MD tell/VB you/PRP ./.",,
sw10utt/sw_1046_2621.utt,2/sw2621,2621,170,b,B,106,1,Yeah  /,Yeah/UH,,
sw10utt/sw_1046_2621.utt,2/sw2621,2621,171,sd,B,106,2,"him and Franco Harris,  /","him/PRP and/CC Franco/NNP Harris/NNP ,/,",,
sw10utt/sw_1046_2621.utt,2/sw2621,2621,172,sd,B,106,3,I really didn't care for the either two of them. /,I/PRP really/RB did/VBD n't/RB care/VB for/IN the/DT either/RB two/CD of/IN them/PRP ./.,,
sw10utt/sw_1046_2621.utt,2/sw2621,2621,173,b,A,107,1,"# Uh-huh,  /","Uh-huh/UH ,/,",,
sw10utt/sw_1046_2621.utt,2/sw2621,2621,174,b^r,A,107,2,"uh-huh, # /","uh-huh/UH ,/,",,
sw10utt/sw_1046_2621.utt,2/sw2621,2621,175,sv,B,108,1,"# {E I mean } # they were good,  /","I/PRP mean/VBP they/PRP were/VBD good/JJ ,/,",,
sw10utt/sw_1046_2621.utt,2/sw2621,2621,176,sv,B,108,2,"{C but, } I, {D you know, } you couldn't deny that. /","but/CC ,/, I/PRP ,/, you/PRP know/VBP ,/, you/PRP could/MD n't/RB deny/VB that/DT ./.",,
sw10utt/sw_1046_2621.utt,2/sw2621,2621,177,b,A,109,1,# {F Oh } yeah. # /,Oh/UH yeah/UH ./.,,
sw10utt/sw_1046_2621.utt,2/sw2621,2621,178,sd,B,110,1,"# {C But } [ I # didn't, + [ I thought, + ] {D you know, } {D well } I just didn't ] really care for either one of them. /","But/CC I/PRP did/VBD n't/RB ,/, I/PRP thought/VBD ,/, you/PRP know/VBP ,/, well/UH I/PRP just/RB did/VBD n't/RB really/RB care/VB for/IN either/RB one/CD of/IN them/PRP ./.",,
sw10utt/sw_1046_2621.utt,2/sw2621,2621,179,b,A,111,1,Uh-huh. /,Uh-huh/UH ./.,,
sw10utt/sw_1046_2621.utt,2/sw2621,2621,180,sd,B,112,1,"{F Uh, } today, <throat_clearing>  my favorites out of those guys were probably, {F um, } Lambert,","Uh/UH ,/, today/RB ,/, my/PRP$ favorites/NNS out/IN of/IN those/DT guys/NNS were/VBD probably/RB ,/, um/UH ,/, Lambert/NNP ,/,",,
sw10utt/sw_1046_2621.utt,2/sw2621,2621,181,b,A,113,1,Uh-huh. /,Uh-huh/UH ./.,,
sw10utt/sw_1046_2621.utt,2/sw2621,2621,182,+,B,114,1,"Ham,","Ham/NNP ,/,",,
sw10utt/sw_1046_2621.utt,2/sw2621,2621,183,b,A,115,1,# Uh-huh. # /,Uh-huh/UH ./.,,
sw10utt/sw_1046_2621.utt,2/sw2621,2621,184,+,B,116,1,"# and, # {F uh, } Stallworth and Swan. /","and/CC ,/, uh/UH ,/, Stallworth/NNP and/CC Swan/NNP ./.",,
sw10utt/sw_1046_2621.utt,2/sw2621,2621,185,b,A,117,1,"Uh-huh,  /","Uh-huh/UH ,/,",,
sw10utt/sw_1046_2621.utt,2/sw2621,2621,186,aa,A,117,2,"absolutely,  /","absolutely/UH ,/,",,
sw10utt/sw_1046_2621.utt,2/sw2621,2621,187,aa,A,117,3,I can't disagree with that.  /,I/PRP ca/MD n't/RB disagree/VB with/IN that/DT ./.,,
sw10utt/sw_1046_2621.utt,2/sw2621,2621,188,sv,A,117,4,"They were super players,  /","They/PRP were/VBD super/JJ players/NNS ,/,",,
sw10utt/sw_1046_2621.utt,2/sw2621,2621,189,sv,A,117,5,they really were. /,they/PRP really/RB were/VBD ./.,,
sw10utt/sw_1046_2621.utt,2/sw2621,2621,190,b,B,118,1,Uh-huh. /,Uh-huh/UH ./.,,
sw10utt/sw_1046_2621.utt,2/sw2621,2621,191,%,A,119,1,"They really, -/","They/PRP really/RB ,/,",,
sw10utt/sw_1046_2621.utt,2/sw2621,2621,192,sd,B,120,1,"[ [ [ I, + I, ] + I  like, ] + {A not just with the Pittsburgh, } I like ] watching on Saturday afternoons when they'll have {D like } [ the plays + {E or } [ the, + the ] best plays ] [ from, +","I/PRP ,/, I/PRP ,/, I/PRP like/VBP ,/, not/RB just/RB with/IN the/DT Pittsburgh/NNP ,/, I/PRP like/VBP watching/VBG on/IN Saturday/NNP afternoons/NNS when/WRB they/PRP 'll/MD have/VB like/IN the/DT plays/NNS or/CC the/DT ,/, the/DT best/JJS plays/NNS from/IN ,/,",,
sw10utt/sw_1046_2621.utt,2/sw2621,2621,193,b,A,121,1,# Uh-huh. # /,Uh-huh/UH ./.,,
sw10utt/sw_1046_2621.utt,2/sw2621,2621,194,+,B,122,1,"# {D you # know, } from ] the week or something. /","you/PRP know/VBP ,/, from/IN the/DT week/NN or/CC something/NN ./.",,
sw10utt/sw_1046_2621.utt,2/sw2621,2621,195,b,A,123,1,"Yeah,  /","Yeah/UH ,/,",,
sw10utt/sw_1046_2621.utt,2/sw2621,2621,196,sd,A,123,2,"highlights, yeah. /","highlights/NNS ,/, yeah/UH ./.",,
sw10utt/sw_1046_2621.utt,2/sw2621,2621,197,b,B,124,1,"Yeah,  /","Yeah/UH ,/,",,
sw10utt/sw_1046_2621.utt,2/sw2621,2621,198,sd,B,124,2,I love watching that.  /,I/PRP love/VBP watching/VBG that/DT ./.,,
sw10utt/sw_1046_2621.utt,2/sw2621,2621,199,sd,B,124,3,"Then I like watching their bloopers too, {D you know } <laughter>. /","Then/RB I/PRP like/VBP watching/VBG their/PRP$ bloopers/NNS too/RB ,/, you/PRP know/VBP ./.",,
sw10utt/sw_1046_2621.utt,2/sw2621,2621,200,b,A,125,1,"Yeah,  /","Yeah/UH ,/,",,
sw10utt/sw_1046_2621.utt,2/sw2621,2621,201,b^r,A,125,2,"yeah,  /","yeah/UH ,/,",,
sw10utt/sw_1046_2621.utt,2/sw2621,2621,202,sv,A,125,3,"that's kind of funny too, as a matter of fact <laughter>.  /","that/DT 's/BES kind/RB of/RB funny/JJ too/RB ,/, as/IN a/DT matter/NN of/IN fact/NN ./.",,
sw10utt/sw_1046_2621.utt,2/sw2621,2621,203,sv,A,125,4,"Some of them [ a, + a ] bit embarrassing.  /","Some/DT of/IN them/PRP a/DT ,/, a/DT bit/NN embarrassing/JJ ./.",,
sw10utt/sw_1046_2621.utt,2/sw2621,2621,204,%,A,125,5,"Yeah,  /","Yeah/UH ,/,",,
sw10utt/sw_1046_2621.utt,2/sw2621,2621,205,sv,A,125,6,"{D well } they make mistakes too, I guess. /","well/UH they/PRP make/VBP mistakes/NNS too/RB ,/, I/PRP guess/VBP ./.",,
sw10utt/sw_1046_2621.utt,2/sw2621,2621,206,b,B,126,1,"Yeah,  /","Yeah/UH ,/,",,
sw10utt/sw_1046_2621.utt,2/sw2621,2621,207,b,B,126,2,"uh-huh, /","uh-huh/UH ,/,",,
sw10utt/sw_1046_2621.utt,2/sw2621,2621,208,%,A,127,1,"# Absol-, # -/","Absol-/XX ,/,",,
sw10utt/sw_1046_2621.utt,2/sw2621,2621,209,sv,B,128,1,# it's # funny that more people don't get hurt.,it/PRP 's/BES funny/JJ that/IN more/JJR people/NNS do/VBP n't/RB get/VB hurt/VB ./.,,
sw10utt/sw_1046_2621.utt,2/sw2621,2621,210,aa,A,129,1,Absolutely. /,Absolutely/UH ./.,,
sw10utt/sw_1046_2621.utt,2/sw2621,2621,211,+,B,130,1,"{D You know, } especially, I would say the receivers,","You/PRP know/VBP ,/, especially/RB ,/, I/PRP would/MD say/VB the/DT receivers/NNS ,/,",,
sw10utt/sw_1046_2621.utt,2/sw2621,2621,212,b,A,131,1,"# Uh-huh,  /","Uh-huh/UH ,/,",,
sw10utt/sw_1046_2621.utt,2/sw2621,2621,213,%,A,131,2,"oh they, #","oh/UH they/PRP ,/,",,
sw10utt/sw_1046_2621.utt,2/sw2621,2621,214,+,B,132,1,# when they're in # the air and they get tackled. /,when/WRB they/PRP 're/VBP in/IN the/DT air/NN and/CC they/PRP get/VBP tackled/VBN ./.,,
sw10utt/sw_1046_2621.utt,2/sw2621,2621,215,+,A,133,1,They take such a beating. /,They/PRP take/VBP such/PDT a/DT beating/NN ./.,,
sw10utt/sw_1046_2621.utt,2/sw2621,2621,216,aa,B,134,1,"{F Oh, } yeah,  /","Oh/UH ,/, yeah/UH ,/,",,
sw10utt/sw_1046_2621.utt,2/sw2621,2621,217,sv,B,134,2,it's funny some of their necks don't get broken. /,it/PRP 's/BES funny/JJ some/DT of/IN their/PRP$ necks/NNS do/VBP n't/RB get/VB broken/VBN ./.,,
sw10utt/sw_1046_2621.utt,2/sw2621,2621,218,aa,A,135,1,"Absolutely,  /","Absolutely/UH ,/,",,
sw10utt/sw_1046_2621.utt,2/sw2621,2621,219,sd,A,135,2,I don't know how they do it.  /,I/PRP do/VBP n't/RB know/VB how/WRB they/PRP do/VBP it/PRP ./.,,
sw10utt/sw_1046_2621.utt,2/sw2621,2621,220,sv,A,135,3,"[  It's, + it ] must just take a hundred percent concentration, I guess, because they know they're going to get hit,  /","It/PRP 's/BES ,/, it/PRP must/MD just/RB take/VB a/DT hundred/CD percent/NN concentration/NN ,/, I/PRP guess/VBP ,/, because/IN they/PRP know/VBP they/PRP 're/VBP going/VBG to/TO get/VB hit/VB ,/,",,
sw10utt/sw_1046_2621.utt,2/sw2621,2621,221,sv,A,135,4,"it's just a matter of how hard, {D you know, } or where. /","it/PRP 's/BES just/RB a/DT matter/NN of/IN how/WRB hard/JJ ,/, you/PRP know/VBP ,/, or/CC where/WRB ./.",,
sw10utt/sw_1046_2621.utt,2/sw2621,2621,222,b,B,136,1,Yeah.  /,Yeah/UH ./.,,
sw10utt/sw_1046_2621.utt,2/sw2621,2621,223,sv,B,136,2,"An they have to be in ideal physical shape, basically. /","An/CC they/PRP have/VBP to/TO be/VB in/IN ideal/JJ  physical/JJ shape/NN ,/, basically/RB ./.",,
sw10utt/sw_1046_2621.utt,2/sw2621,2621,224,aa,A,137,1,"{F Oh, } absolutely.  /","Oh/UH ,/, absolutely/UH ./.",,
sw10utt/sw_1046_2621.utt,2/sw2621,2621,225,sv,A,137,2,They look like sometimes they're just broken in two like a match stem. /,They/PRP look/VBP like/IN sometimes/RB they/PRP 're/VBP just/RB broken/VBN in/IN two/CD like/IN a/DT match/NN stem/NN ./.,,
sw10utt/sw_1046_2621.utt,2/sw2621,2621,226,x,B,138,1,<Throat_clearing>  <laughter>.,,,
sw10utt/sw_1046_2621.utt,2/sw2621,2621,227,sv,A,139,1,"Gosh, what a beating, - /","Gosh/UH ,/, what/WP a/DT beating/NN ,/,",,
sw10utt/sw_1046_2621.utt,2/sw2621,2621,228,sv,A,139,2,"they really do take a beating,  /","they/PRP really/RB do/VBP take/VB a/DT beating/NN ,/,",,
sw10utt/sw_1046_2621.utt,2/sw2621,2621,229,sv^r,A,139,3,they really do. /,they/PRP really/RB do/VBP ./.,,
sw10utt/sw_1046_2621.utt,2/sw2621,2621,230,b,B,140,1,Yeah.  /,Yeah/UH ./.,,
sw10utt/sw_1046_2621.utt,2/sw2621,2621,231,qo,B,140,2,"{D Well } what did you think of, {F um. }  a couple years ago for the Bears, the Refrigerator. /","Well/UH what/WP did/VBD you/PRP think/VBP of/IN ,/, um/UH ./. a/DT couple/NN years/NNS ago/RB for/IN the/DT Bears/NNPS ,/, the/DT Refrigerator/NNP ./.",,
sw10utt/sw_1046_2621.utt,2/sw2621,2621,232,sv,A,141,1,"I think he was just probably a passing phenomena, I think <laughter>. /","I/PRP think/VBP he/PRP was/VBD just/RB probably/RB a/DT passing/VBG phenomena/NNS ,/, I/PRP think/VBP ./.",,
sw10utt/sw_1046_2621.utt,2/sw2621,2621,233,x,B,142,1,<Laughter>.,,,
sw10utt/sw_1046_2621.utt,2/sw2621,2621,234,h,A,143,1,"I don't know,  /","I/PRP do/VBP n't/RB know/VB ,/,",,
sw10utt/sw_1046_2621.utt,2/sw2621,2621,235,%,A,143,2,"[ I, + ] [ I'm + ] knowing what, {D you know, } - /","I/PRP ,/, I/PRP 'm/VBP knowing/VBG what/WP ,/, you/PRP know/VBP ,/,",,
sw10utt/sw_1046_2621.utt,2/sw2621,2621,236,sv,A,143,3,"of course, Mike Ditka was in Dallas for years and years as coach, [ is knowing his, + ] {E or, } {D you know, } knowing of his temperament, I'm just surprised he ever, {D you know, } kept the guy around,  /","of/IN course/NN ,/, Mike/NNP Ditka/NNP was/VBD in/IN Dallas/NNP for/IN years/NNS and/CC years/NNS as/IN coach/NN ,/, is/VBZ knowing/VBG his/PRP$ ,/, or/CC ,/, you/PRP know/VBP ,/, knowing/VBG of/IN his/PRP$ temperament/NN ,/, I/PRP 'm/VBP just/RB surprised/JJ he/PRP ever/RB ,/, you/PRP know/VBP ,/, kept/VBD the/DT guy/NN around/RB ,/,",,
sw10utt/sw_1046_2621.utt,2/sw2621,2621,237,sv,A,143,4,I really am.  /,I/PRP really/RB am/VBP ./.,,
sw10utt/sw_1046_2621.utt,2/sw2621,2621,238,sv,A,143,5,"[  He's such a, + he's ] about a half hot head anyway, such a temper. /","He/PRP 's/BES such/PDT a/DT ,/, he/PRP 's/BES about/RB a/DT half/JJ hot/JJ head/NN anyway/RB ,/, such/PDT a/DT temper/NN ./.",,
sw10utt/sw_1046_2621.utt,2/sw2621,2621,239,sv,B,144,1,"{F Oh, } {D you know, } {C and } to me [ he does, + {F um, } {F oh, } he's ] just so big and fat, /","Oh/UH ,/, you/PRP know/VBP ,/, and/CC to/IN me/PRP he/PRP does/VBZ ,/, um/UH ,/, oh/UH ,/, he/PRP 's/BES just/RB so/RB big/JJ and/CC fat/JJ ,/,",,
sw10utt/sw_1046_2621.utt,2/sw2621,2621,240,b,A,145,1,# Uh-huh. # /,Uh-huh/UH ./.,,
sw10utt/sw_1046_2621.utt,2/sw2621,2621,241,sv,B,146,1,# he # doesn't even look like he's in shape.  /,he/PRP does/VBZ n't/RB even/RB look/VB like/IN he/PRP 's/BES in/IN shape/NN ./.,,
sw10utt/sw_1046_2621.utt,2/sw2621,2621,242,sv,B,146,2,"He's just so big, no one can move him. /","He/PRP 's/BES just/RB so/RB big/JJ ,/, no/DT one/PRP can/MD move/VB him/PRP ./.",,
sw10utt/sw_1046_2621.utt,2/sw2621,2621,243,ba,A,147,1,"That's right, yeah,  /","That/DT 's/BES right/JJ ,/, yeah/UH ,/,",,
sw10utt/sw_1046_2621.utt,2/sw2621,2621,244,aa,A,147,2,absolutely.  /,absolutely/UH ./.,,
sw10utt/sw_1046_2621.utt,2/sw2621,2621,245,sv,A,147,3,"There's just so much mass there, I guess they just can't, - /","There/EX 's/BES just/RB so/RB much/JJ mass/NN there/RB ,/, I/PRP guess/VBP they/PRP just/RB ca/MD n't/RB ,/,",,
sw10utt/sw_1046_2621.utt,2/sw2621,2621,246,h,A,147,4,"I don't know, {D you know, }  /","I/PRP do/VBP n't/RB know/VB ,/, you/PRP know/VBP ,/,",,
sw10utt/sw_1046_2621.utt,2/sw2621,2621,247,%,A,147,5,"I, - /","I/PRP ,/,",,
sw10utt/sw_1046_2621.utt,2/sw2621,2621,248,sv,A,147,6,"[ probably + the guy is, {D you know, } probably ] physically strong.  /","probably/RB the/DT guy/NN is/VBZ ,/, you/PRP know/VBP ,/, probably/RB physically/RB strong/JJ ./.",,
sw10utt/sw_1046_2621.utt,2/sw2621,2621,249,%,A,147,7,"I, {D you know, } - /","I/PRP ,/, you/PRP know/VBP ,/,",,
sw10utt/sw_1046_2621.utt,2/sw2621,2621,250,sv,A,147,8,obviously not very fast. /,obviously/RB not/RB very/RB fast/JJ ./.,,
sw10utt/sw_1046_2621.utt,2/sw2621,2621,251,b,B,148,1,Uh-huh. /,Uh-huh/UH ./.,,
sw10utt/sw_1046_2621.utt,2/sw2621,2621,252,sv,A,149,1,"{C But } I guess it's just, like you say, a mass that nobody can seem [ t-, + to ] get out of the way.  /","But/CC I/PRP guess/VBP it/PRP 's/BES just/RB ,/, like/IN you/PRP say/VBP ,/, a/DT mass/NN that/WDT nobody/NN can/MD seem/VB t-/XX ,/, to/TO get/VB out/IN of/IN the/DT way/NN ./.",,
sw10utt/sw_1046_2621.utt,2/sw2621,2621,253,sv,A,149,2,"As far as him scoring touch downs, {D you know, } I think that was kind of weird. /","As/RB far/RB as/IN him/PRP scoring/VBG touch/GW downs/^NNS ,/, you/PRP know/VBP ,/, I/PRP think/VBP that/DT was/VBD kind/RB of/RB weird/JJ ./.",,
sw10utt/sw_1046_2621.utt,2/sw2621,2621,254,x,B,150,1,<Laughter>.,,,
sw10utt/sw_1046_2621.utt,2/sw2621,2621,255,h,A,151,1,"I don't know,  /","I/PRP do/VBP n't/RB know/VB ,/,",,
sw10utt/sw_1046_2621.utt,2/sw2621,2621,256,sd,A,151,2,"Dallas has a guy, {F uh, } his name is Nate Newton,  /","Dallas/NNP has/VBZ a/DT guy/NN ,/, uh/UH ,/, his/PRP$ name/NN is/VBZ Nate/NNP Newton/NNP ,/,",,
sw10utt/sw_1046_2621.utt,2/sw2621,2621,257,sv,A,151,3,{D now } he has a real weight problem too.   /,now/RB he/PRP has/VBZ a/DT real/JJ weight/NN problem/NN too/RB ./.,,
sw10utt/sw_1046_2621.utt,2/sw2621,2621,258,sv,A,151,4,"He fights it every single year,  /","He/PRP fights/VBZ it/PRP every/DT single/JJ year/NN ,/,",,
sw10utt/sw_1046_2621.utt,2/sw2621,2621,259,sd,A,151,5,"{C but, } he manages to still keep playing,  /","but/CC ,/, he/PRP manages/VBZ to/TO still/RB keep/VB playing/VBG ,/,",,
sw10utt/sw_1046_2621.utt,2/sw2621,2621,260,sv,A,151,6,"{C but, }","but/CC ,/,",,
sw10utt/sw_1046_2621.utt,2/sw2621,2621,261,b,B,152,1,# Yeah. # /,Yeah/UH ./.,,
sw10utt/sw_1046_2621.utt,2/sw2621,2621,262,+,A,153,1,# he # has a terrible weight problem. /,he/PRP has/VBZ a/DT terrible/JJ weight/NN problem/NN ./.,,
sw10utt/sw_1046_2621.utt,2/sw2621,2621,263,ba,B,154,1,Wow. /,Wow/UH ./.,,
sw10utt/sw_1046_2621.utt,2/sw2621,2621,264,%,A,155,1,"They wa-, - /","They/PRP wa-/XX ,/,",,
sw10utt/sw_1046_2621.utt,2/sw2621,2621,265,sd,A,155,2,the coaches watch him all year long.  /,the/DT coaches/NNS watch/VBP him/PRP all/RB year/NN long/JJ ./.,,
sw10utt/sw_1046_2621.utt,2/sw2621,2621,266,sd,A,155,3,"[ They, + they ] weigh him several times a year just to make sure he's not, {D you know, } completely out of control. /","They/PRP ,/, they/PRP weigh/VBP him/PRP several/JJ times/NNS a/DT year/NN just/RB to/TO make/VB sure/JJ he/PRP 's/BES not/RB ,/, you/PRP know/VBP ,/, completely/RB out/IN of/IN control/NN ./.",,
sw10utt/sw_1046_2621.utt,2/sw2621,2621,267,b,B,156,1,Uh-huh. /,Uh-huh/UH ./.,,
sw10utt/sw_1046_2621.utt,2/sw2621,2621,268,sv,A,157,1,"{C But } I guess most every team [ has so-, + has someone ] like that,  /","But/CC I/PRP guess/VBP most/JJS every/DT team/NN has/VBZ so-/XX ,/, has/VBZ someone/NN like/IN that/DT ,/,",,
sw10utt/sw_1046_2621.utt,2/sw2621,2621,269,%,A,157,2,"I don't, -/","I/PRP do/VBP n't/RB ,/,",,
sw10utt/sw_1046_2621.utt,2/sw2621,2621,270,b,B,158,1,"{F Oh, } yeah,  /","Oh/UH ,/, yeah/UH ,/,",,
sw10utt/sw_1046_2621.utt,2/sw2621,2621,271,sv,B,158,2,"[ there's, + there ] are some really big guys playing in football. /","there/EX 's/BES ,/, there/EX are/VBP some/DT really/RB big/JJ guys/NNS playing/VBG in/IN football/NN ./.",,
sw10utt/sw_1046_2621.utt,2/sw2621,2621,272,sv,A,159,1,"Absolutely they get bigger and bigger, it seems every year. /","Absolutely/RB they/PRP get/VBP bigger/JJR and/CC bigger/JJR ,/, it/PRP seems/VBZ every/DT year/NN ./.",,
sw10utt/sw_1046_2621.utt,2/sw2621,2621,273,b,B,160,1,Uh-huh. /,Uh-huh/UH ./.,,
sw10utt/sw_1046_2621.utt,2/sw2621,2621,274,sv,A,161,1,"I guess you have [ [ to + to, ] + {D you know, } to ] stay in the game I guess. /","I/PRP guess/VBP you/PRP have/VBP to/TO to/TO ,/, you/PRP know/VBP ,/, to/TO stay/VB in/IN the/DT game/NN I/PRP guess/VBP ./.",,
sw10utt/sw_1046_2621.utt,2/sw2621,2621,275,b,B,162,1,"Yeah,  /","Yeah/UH ,/,",,
sw10utt/sw_1046_2621.utt,2/sw2621,2621,276,aa,B,162,2,"you would,  uh-huh. /","you/PRP would/MD ,/, uh-huh/UH ./.",,
sw10utt/sw_1046_2621.utt,2/sw2621,2621,277,b,A,163,1,Yeah. /,Yeah/UH ./.,,
sw10utt/sw_1046_2621.utt,2/sw2621,2621,278,%,B,164,1,"{F Um, } {D now } who, - /","Um/UH ,/, now/UH who/WP ,/,",,
sw10utt/sw_1046_2621.utt,2/sw2621,2621,279,qy,B,164,2,"would you say that you have a fav-, - /","would/MD you/PRP say/VB that/IN you/PRP have/VBP a/DT fav-/XX ,/,",,
sw10utt/sw_1046_2621.utt,2/sw2621,2621,280,qy,B,164,3,"{E I mean } other than Dallas, would you say that you have, {F uh, } a favorite quarterback.  /","I/PRP mean/VBP other/JJ than/IN Dallas/NNP ,/, would/MD you/PRP say/VB that/IN you/PRP have/VBP ,/, uh/UH ,/, a/DT favorite/JJ quarterback/NN ./.",,
sw10utt/sw_1046_2621.utt,2/sw2621,2621,281,sd,B,164,4,"{E I mean } the quarterback's seem to get most of [ the, + the ] attention, {D you know. } /","I/PRP mean/VBP the/DT quarterback/NN 's/POS seem/VBP  to/TO get/VB most/JJS of/IN the/DT ,/, the/DT attention/NN ,/, you/PRP know/VBP ./.",,
sw10utt/sw_1046_2621.utt,2/sw2621,2621,282,ny,A,165,1,"{F Oh, } yeah,  /","Oh/UH ,/, yeah/UH ,/,",,
sw10utt/sw_1046_2621.utt,2/sw2621,2621,283,sd^e,A,165,2,"sure,  /","sure/UH ,/,",,
sw10utt/sw_1046_2621.utt,2/sw2621,2621,284,sv,A,165,3,"{D well, } [ you'd have to, {F uh, } + {E or } I would have to ] say, {D you know, } someone like Montana, I guess, who's done so well for so many years. /","well/UH ,/, you/PRP 'd/MD have/VB to/TO ,/, uh/UH ,/, or/CC I/PRP would/MD have/VB to/TO say/VB ,/, you/PRP know/VBP ,/, someone/NN like/IN Montana/NNP ,/, I/PRP guess/VBP ,/, who/WP 's/HVS done/VBN so/RB well/RB for/IN so/RB many/JJ years/NNS ./.",,
sw10utt/sw_1046_2621.utt,2/sw2621,2621,285,b,B,166,1,"Yeah,  /","Yeah/UH ,/,",,
sw10utt/sw_1046_2621.utt,2/sw2621,2621,286,sd,B,166,2,"[ [ I re-, + I, ] + I ] enjoy watching him play. /","I/PRP re-/XX ,/, I/PRP ,/, I/PRP enjoy/VBP watching/VBG him/PRP play/VB ./.",,
sw10utt/sw_1046_2621.utt,2/sw2621,2621,287,b,A,167,1,"Yeah,  /","Yeah/UH ,/,",,
sw10utt/sw_1046_2621.utt,2/sw2621,2621,288,sv,A,167,2,his age is about to catch up with him though. /,his/PRP$ age/NN is/VBZ about/RB to/TO catch/VB up/RP with/IN him/PRP though/RB ./.,,
sw10utt/sw_1046_2621.utt,2/sw2621,2621,289,x,B,168,1,<Laughter>.,,,
sw10utt/sw_1046_2621.utt,2/sw2621,2621,290,sv,A,169,1,He's no Spring chicken anymore. /,He/PRP 's/BES no/DT Spring/NN chicken/NN anymore/RB ./.,,
sw10utt/sw_1046_2621.utt,2/sw2621,2621,291,b,B,170,1,"# No,  /","No/UH ,/,",,
sw10utt/sw_1046_2621.utt,2/sw2621,2621,292,sv,B,170,2,{C but } he's still performing. # /,but/CC he/PRP 's/BES still/RB performing/VBG ./.,,
sw10utt/sw_1046_2621.utt,2/sw2621,2621,293,sv,A,171,1,"# {C And } like you say Warren Moon's an excellent,  /","And/CC like/IN you/PRP say/VBP Warren/NNP Moon/NNP 's/BES an/DT excellent/JJ ,/,",,
sw10utt/sw_1046_2621.utt,2/sw2621,2621,294,sv,A,171,2,Warren Moon's an # excellent. - /,Warren/NNP Moon/NNP 's/BES an/DT excellent/JJ ./.,,
sw10utt/sw_1046_2621.utt,2/sw2621,2621,295,sv,A,171,3,{C But } he's very exciting to watch. /,But/CC he/PRP 's/BES very/RB exciting/JJ to/TO watch/VB ./.,,
sw10utt/sw_1046_2621.utt,2/sw2621,2621,296,aa,B,172,1,"Yes he is, /","Yes/UH he/PRP is/VBZ ,/,",,
sw10utt/sw_1046_2621.utt,2/sw2621,2621,297,b,A,173,1,"# Uh-huh,  /","Uh-huh/UH ,/,",,
sw10utt/sw_1046_2621.utt,2/sw2621,2621,298,b,A,173,2,sure. # /,sure/UH ./.,,
sw10utt/sw_1046_2621.utt,2/sw2621,2621,299,sv,B,174,1,"# [ [ I, + I, ] + # I ] enjoy watching him also. /","I/PRP ,/, I/PRP ,/, I/PRP enjoy/VBP watching/VBG him/PRP also/RB ./.",,
sw10utt/sw_1046_2621.utt,2/sw2621,2621,300,b,A,175,1,"Uh-huh,  /","Uh-huh/UH ,/,",,
sw10utt/sw_1046_2621.utt,2/sw2621,2621,301,aa,A,175,2,absolutely. /,absolutely/UH ./.,,
sw10utt/sw_1046_2621.utt,2/sw2621,2621,302,qo,B,176,1,"What about, {F uh, } Marino? /","What/WP about/IN ,/, uh/UH ,/, Marino/NNP ?/.",,
sw10utt/sw_1046_2621.utt,2/sw2621,2621,303,%,A,177,1,"{F Uh, } I'm, - /","Uh/UH ,/, I/PRP 'm/VBP ,/,",,
sw10utt/sw_1046_2621.utt,2/sw2621,2621,304,h,A,177,2,"obviously he's a very good quarterback,  /","obviously/RB he/PRP 's/BES a/DT very/RB good/JJ quarterback/NN ,/,",,
sw10utt/sw_1046_2621.utt,2/sw2621,2621,305,sd,A,177,3,"[ I'd, + I ] never was, {D you know, } [ too, + ] [ a whole lot of, + ] a big fan, {D you know. } /","I/PRP 'd/MD ,/, I/PRP never/RB was/VBD ,/, you/PRP know/VBP ,/, too/RB ,/, a/DT whole/JJ lot/NN of/IN ,/, a/DT big/JJ fan/NN ,/, you/PRP know/VBP ./.",,
sw10utt/sw_1046_2621.utt,2/sw2621,2621,306,sv@,B,178,1,I think he'll get better as he gets older.,I/PRP think/VBP he/PRP 'll/MD get/VB better/JJR as/IN he/PRP gets/VBZ older/JJR ./.,,
sw10utt/sw_1046_2621.utt,2/sw2621,2621,307,b,A,179,1,"Yeah,  /","Yeah/UH ,/,",,
sw10utt/sw_1046_2621.utt,2/sw2621,2621,308,sv,A,179,2,"he may, uh-huh. /","he/PRP may/MD ,/, uh-huh/UH ./.",,
sw10utt/sw_1046_2621.utt,2/sw2621,2621,309,+@,B,180,1,"Because [ [ he, + he {D well } wa-, ] + he was ] the youngest quarterback there was, wasn't he? /","Because/IN he/PRP ,/, he/PRP well/UH wa-/XX ,/, he/PRP was/VBD the/DT youngest/JJS quarterback/NN there/EX was/VBD ,/, was/VBD n't/RB he/PRP ?/.",,
sw10utt/sw_1046_2621.utt,2/sw2621,2621,310,ny,A,181,1,Yes  /,Yes/UH,,
sw10utt/sw_1046_2621.utt,2/sw2621,2621,311,sd^e,A,181,2,"he was,  /","he/PRP was/VBD ,/,",,
sw10utt/sw_1046_2621.utt,2/sw2621,2621,312,sv,A,181,3,I believe that's right at one point in time.  /,I/PRP believe/VBP that/DT 's/BES right/JJ at/IN one/CD point/NN in/IN time/NN ./.,,
sw10utt/sw_1046_2621.utt,2/sw2621,2621,313,%,A,181,4,"Ye-, - /","Ye-/UH ,/,",,
sw10utt/sw_1046_2621.utt,2/sw2621,2621,314,sv,A,181,5,{C but } he's a very young fellow. /,but/CC he/PRP 's/BES a/DT very/RB young/JJ fellow/NN ./.,,
sw10utt/sw_1046_2621.utt,2/sw2621,2621,315,b,B,182,1,Uh-huh. /,Uh-huh/UH ./.,,
sw10utt/sw_1046_2621.utt,2/sw2621,2621,316,b,A,183,1,"Yeah,  /","Yeah/UH ,/,",,
sw10utt/sw_1046_2621.utt,2/sw2621,2621,317,sv,A,183,2,"of course a quarterback can look so good [ if he's got a lot, + if he's got ] a good supporting cast, {D you know. } /","of/IN course/NN a/DT quarterback/NN can/MD look/VB so/RB good/JJ if/IN he/PRP 's/HVS got/VBN a/DT lot/NN ,/, if/IN he/PRP 's/HVS got/VBN a/DT good/JJ supporting/VBG cast/NN ,/, you/PRP know/VBP ./.",,
sw10utt/sw_1046_2621.utt,2/sw2621,2621,318,ba,B,184,1,"# That's true,  /","That/DT 's/BES true/JJ ,/,",,
sw10utt/sw_1046_2621.utt,2/sw2621,2621,319,ba^r,B,184,2,that's true. # /,that/DT 's/BES true/JJ ./.,,
sw10utt/sw_1046_2621.utt,2/sw2621,2621,320,sv,A,185,1,"# If not, he gets # beat to death like poor old Troy Aikman has the last couple of years anyway,  /","If/IN not/RB ,/, he/PRP gets/VBZ beat/VBN to/IN death/NN like/IN poor/JJ old/JJ Troy/NNP Aikman/NNP has/VBZ the/DT last/JJ couple/NN of/IN years/NNS anyway/RB ,/,",,
sw10utt/sw_1046_2621.utt,2/sw2621,2621,321,%,A,185,2,"you kno-, - /","you/PRP kno-/XX ,/,",,
sw10utt/sw_1046_2621.utt,2/sw2621,2621,322,%,A,185,3,"we-, - /","we-/XX ,/,",,
sw10utt/sw_1046_2621.utt,2/sw2621,2621,323,sv,A,185,4,"Dallas did better last year,  /","Dallas/NNP did/VBD better/RBR last/JJ year/NN ,/,",,
sw10utt/sw_1046_2621.utt,2/sw2621,2621,324,sv,A,185,5,hopefully they'll do better this year. /,hopefully/RB they/PRP 'll/MD do/VB better/RBR this/DT year/NN ./.,,
sw10utt/sw_1046_2621.utt,2/sw2621,2621,325,t3,B,186,1,"<Talking>  <<talking to someone else in the room>> {F Uh, } probably around twelve, uh-huh.  /","Uh/UH ,/, probably/RB around/RB twelve/CD ,/, uh-huh/UH ./.",,
sw10utt/sw_1046_2621.utt,2/sw2621,2621,326,b,B,186,2,"Yeah,  /","Yeah/UH ,/,",,
sw10utt/sw_1046_2621.utt,2/sw2621,2621,327,h,B,186,3,"{F uh, } [ I didn't, + I don't ] know,  /","uh/UH ,/, I/PRP did/VBD n't/RB ,/, I/PRP do/VBP n't/RB know/VB ,/,",,
sw10utt/sw_1046_2621.utt,2/sw2621,2621,328,sv,B,186,4,"[ I, + I ] just think, {D you know } Marino will get better  /","I/PRP ,/, I/PRP just/RB think/VBP ,/, you/PRP know/VBP Marino/NNP will/MD get/VB better/JJR",,
sw10utt/sw_1046_2621.utt,2/sw2621,2621,329,sv,B,186,5,"{C and, } {F uh, } his team's not as good as what it was when he went to the Super Bowl,","and/CC ,/, uh/UH ,/, his/PRP$ team/NN 's/BES not/RB as/RB good/JJ as/IN what/WP it/PRP was/VBD when/WRB he/PRP went/VBD to/IN the/DT Super/NNP Bowl/NNP ,/,",,
sw10utt/sw_1046_2621.utt,2/sw2621,2621,330,ba,A,187,1,# That's right. # /,That/DT 's/BES right/JJ ./.,,
sw10utt/sw_1046_2621.utt,2/sw2621,2621,331,+,B,188,1,"# {D you know, }  /","you/PRP know/VBP ,/,",,
sw10utt/sw_1046_2621.utt,2/sw2621,2621,332,%,B,188,2,# {C so. } -/,so/RB ./.,,
sw10utt/sw_1046_2621.utt,2/sw2621,2621,333,b,A,189,1,"Yeah,  /","Yeah/UH ,/,",,
sw10utt/sw_1046_2621.utt,2/sw2621,2621,334,sv,A,189,2,"Miami's had some down years, too. /","Miami/NNP 's/HVS had/VBN some/DT down/JJ years/NNS ,/, too/RB ./.",,
sw10utt/sw_1046_2621.utt,2/sw2621,2621,335,b,B,190,1,Yeah. /,Yeah/UH ./.,,
sw10utt/sw_1046_2621.utt,2/sw2621,2621,336,sv,A,191,1,"{C But } they all do, I guess,  /","But/CC they/PRP all/DT do/VBP ,/, I/PRP guess/VBP ,/,",,
sw10utt/sw_1046_2621.utt,2/sw2621,2621,337,sv@,A,191,2,"[ it's, + it's ] cyclical, I guess.","it/PRP 's/BES ,/, it/PRP 's/BES cyclical/JJ ,/, I/PRP guess/VBP ./.",,
sw10utt/sw_1046_2621.utt,2/sw2621,2621,338,b,B,192,1,Uh-huh. /,Uh-huh/UH ./.,,
sw10utt/sw_1046_2621.utt,2/sw2621,2621,339,+@,A,193,1,"As the players get older, get slower. /","As/IN the/DT players/NNS get/VBP older/JJR ,/, get/VB slower/JJR ./.",,
sw10utt/sw_1046_2621.utt,2/sw2621,2621,340,b,B,194,1,Yeah  /,Yeah/UH,,
sw10utt/sw_1046_2621.utt,2/sw2621,2621,341,ba,B,194,2,"<laughter>.  That's true,  /","./. That/DT 's/BES true/JJ ,/,",,
sw10utt/sw_1046_2621.utt,2/sw2621,2621,342,%,B,194,3,"ye-, - /","ye-/XX ,/,",,
sw10utt/sw_1046_2621.utt,2/sw2621,2621,343,sv,B,194,4,"{C and } with age comes,","and/CC with/IN age/NN comes/VBZ ,/,",,
sw10utt/sw_1046_2621.utt,2/sw2621,2621,344,b,A,195,1,"# Yeah,  /","Yeah/UH ,/,",,
sw10utt/sw_1046_2621.utt,2/sw2621,2621,345,%,A,195,2,with - /,with/IN,,
sw10utt/sw_1046_2621.utt,2/sw2621,2621,346,%,A,195,3,"yeah, # /","yeah/UH ,/,",,
sw10utt/sw_1046_2621.utt,2/sw2621,2621,347,+,B,196,1,"# {D you know, } - /","you/PRP know/VBP ,/,",,
sw10utt/sw_1046_2621.utt,2/sw2621,2621,348,%,B,196,2,"[ the, + # the ] - /","the/DT ,/, the/DT",,
sw10utt/sw_1046_2621.utt,2/sw2621,2621,349,sv,B,196,3,"I'm sure arthritis sets in with them,","I/PRP 'm/VBP sure/JJ arthritis/NN sets/VBZ in/IN with/IN them/PRP ,/,",,
sw10utt/sw_1046_2621.utt,2/sw2621,2621,350,aa,A,197,1,"{F Oh } yes, # very much so. # /","Oh/UH yes/UH ,/, very/RB much/RB so/RB ./.",,
sw10utt/sw_1046_2621.utt,2/sw2621,2621,351,+,B,198,1,# {D you know. } # /,you/PRP know/VBP ./.,,
sw10utt/sw_1046_2621.utt,2/sw2621,2621,352,^2,A,199,1,"Hip injuries and things like that, yeah. /","Hip/NN injuries/NNS and/CC things/NNS like/IN that/DT ,/, yeah/UH ./.",,
sw10utt/sw_1046_2621.utt,2/sw2621,2621,353,b,B,200,1,"Right,  /","Right/UH ,/,",,
sw10utt/sw_1046_2621.utt,2/sw2621,2621,354,b,B,200,2,yeah. /,yeah/UH ./.,,
sw10utt/sw_1046_2621.utt,2/sw2621,2621,355,b,A,201,1,"Yeah,  /","Yeah/UH ,/,",,
sw10utt/sw_1046_2621.utt,2/sw2621,2621,356,sv,A,201,2,"[ that, +  that ] forces a lot of the guys to get out of the game. /","that/DT ,/, that/DT forces/VBZ a/DT lot/NN of/IN the/DT guys/NNS to/TO get/VB out/IN of/IN the/DT game/NN ./.",,
sw10utt/sw_1046_2621.utt,2/sw2621,2621,357,b,B,202,1,"Uh-huh,  /","Uh-huh/UH ,/,",,
sw10utt/sw_1046_2621.utt,2/sw2621,2621,358,sv,B,202,2,"{C and } they're so young, /","and/CC they/PRP 're/VBP so/RB young/JJ ,/,",,
sw10utt/sw_1046_2621.utt,2/sw2621,2621,359,ba,A,203,1,# That's right. # /,That/DT 's/BES right/JJ ./.,,
sw10utt/sw_1046_2621.utt,2/sw2621,2621,360,sv,B,204,1,"# {C but, } they're # retired, {D you know, }  /","but/CC ,/, they/PRP 're/VBP retired/VBN ,/, you/PRP know/VBP ,/,",,
sw10utt/sw_1046_2621.utt,2/sw2621,2621,361,sv@,B,204,2,{C and } their so young still.,and/CC their/PRP$ so/RB young/JJ still/RB  ./.,,
sw10utt/sw_1046_2621.utt,2/sw2621,2621,362,b,A,205,1,"Uh-huh,  /","Uh-huh/UH ,/,",,
sw10utt/sw_1046_2621.utt,2/sw2621,2621,363,b,A,205,2,"yeah,  /","yeah/UH ,/,",,
sw10utt/sw_1046_2621.utt,2/sw2621,2621,364,sd,A,205,3,"I read [ some time, + ] {D well } not too long ago that the average, {F uh, } professional career only lasts seven years. /","I/PRP read/VBD some/DT time/NN ,/, well/UH not/RB too/RB long/JJ ago/RB that/IN the/DT average/NN ,/, uh/UH ,/, professional/JJ career/NN only/RB lasts/VBZ seven/CD years/NNS ./.",,
sw10utt/sw_1046_2621.utt,2/sw2621,2621,365,+@,B,206,1,Oh. /,Oh/UH ./.,,
sw10utt/sw_1046_2621.utt,2/sw2621,2621,366,sv,A,207,1,"{C So } [ that's + when you think about it, that's ] really not a very long time, of course. /","So/RB that/DT 's/BES when/WRB you/PRP think/VBP about/IN it/PRP ,/, that/DT 's/BES really/RB not/RB a/DT very/RB long/JJ time/NN ,/, of/IN course/NN ./.",,
sw10utt/sw_1046_2621.utt,2/sw2621,2621,367,b,B,208,1,"{F Oh } yeah,  /","Oh/UH yeah/UH ,/,",,
sw10utt/sw_1046_2621.utt,2/sw2621,2621,368,sv,B,208,2,{C but } then you think about how many have been in there longer than that. /,but/CC then/RB you/PRP think/VBP about/IN how/WRB many/JJ have/VBP been/VBN in/IN there/RB longer/RB than/IN that/DT ./.,,
sw10utt/sw_1046_2621.utt,2/sw2621,2621,369,sd,A,209,1,"{C But } if the average is seven years that means a lot of guys don't make it seven years, {D you know. } /","But/CC if/IN the/DT average/NN is/VBZ seven/CD years/NNS that/DT means/VBZ a/DT lot/NN of/IN guys/NNS do/VBP n't/RB make/VB it/PRP seven/CD years/NNS ,/, you/PRP know/VBP ./.",,
sw10utt/sw_1046_2621.utt,2/sw2621,2621,370,b,B,210,1,"<Throat_clearing>  Yeah,  /","Yeah/UH ,/,",,
sw10utt/sw_1046_2621.utt,2/sw2621,2621,371,sd,B,210,2,a lot of them would have to get out {D like } in just a couple. /,a/DT lot/NN of/IN them/PRP would/MD have/VB to/TO get/VB out/RP like/IN in/IN just/RB a/DT couple/NN ./.,,
sw10utt/sw_1046_2621.utt,2/sw2621,2621,372,ba@,A,211,1,"That's right, yeah, *[[should this be two slash units?]] /","That/DT 's/BES right/JJ ,/, yeah/UH ,/,",,
sw10utt/sw_1046_2621.utt,2/sw2621,2621,373,%,A,211,2,"that's ri-, -/","that/DT 's/BES ri/JJ ,/,",,
sw10utt/sw_1046_2621.utt,2/sw2621,2621,374,sv,B,212,1,"Holy smokes, [ I didn't + ] <noise> that doesn't seem like very long. /","Holy/JJ smokes/NNS ,/, I/PRP did/VBD n't/RB that/DT does/VBZ n't/RB seem/VB like/IN very/RB long/JJ ./.",,
sw10utt/sw_1046_2621.utt,2/sw2621,2621,375,sv,A,213,1,"[ That's, + that's ] a pretty short career on average. /","That/DT 's/BES ,/, that/DT 's/BES a/DT pretty/RB short/JJ career/NN on/IN average/NN ./.",,
sw10utt/sw_1046_2621.utt,2/sw2621,2621,376,b,B,214,1,Uh-huh. /,Uh-huh/UH ./.,,
sw10utt/sw_1046_2621.utt,2/sw2621,2621,377,sv,A,215,1,"Of course they play their, {D you know, } cards right and do some good investments, <door> [ they'll, + {D you know, } they'll ] do all right. /","Of/IN course/NN they/PRP play/VBP their/PRP$ ,/, you/PRP know/VBP ,/, cards/NNS right/RB and/CC do/VBP some/DT good/JJ investments/NNS ,/, they/PRP 'll/MD ,/, you/PRP know/VB ,/, they/PRP 'll/MD do/VB all/RB right/JJ ./.",,
sw10utt/sw_1046_2621.utt,2/sw2621,2621,378,b,B,216,1,Uh-huh. /,Uh-huh/UH ./.,,
sw10utt/sw_1046_2621.utt,2/sw2621,2621,379,sv,A,217,1,"{C But } a lot of them don't, unfortunately. /","But/CC a/DT lot/NN of/IN them/PRP do/VBP n't/RB ,/, unfortunately/RB ./.",,
sw10utt/sw_1046_2621.utt,2/sw2621,2621,380,b,B,218,1,Yeah.  /,Yeah/UH ./.,,
sw10utt/sw_1046_2621.utt,2/sw2621,2621,381,qo,B,218,2,"{F Um, } what do you think of the, {F uh, } L A Raiders,  /","Um/UH ,/, what/WP do/VBP you/PRP think/VB of/IN the/DT ,/, uh/UH ,/, L/NNP A/NNP Raiders/NNPS ,/,",,
sw10utt/sw_1046_2621.utt,2/sw2621,2621,382,qy,B,218,3,"used to [ the, + the ] Oakland? -/","used/VBD to/TO the/DT ,/, the/DT Oakland/NNP ?/.",,
sw10utt/sw_1046_2621.utt,2/sw2621,2621,383,ny,A,219,1,"Yeah,  /","Yeah/UH ,/,",,
sw10utt/sw_1046_2621.utt,2/sw2621,2621,384,sv^e,A,219,2,"[ they, + they're ] always branded, {D you know, } as a bunch of outlaws  /","they/PRP ,/, they/PRP 're/VBP always/RB branded/VBN ,/, you/PRP know/VBP ,/, as/IN a/DT bunch/NN of/IN outlaws/NNS",,
sw10utt/sw_1046_2621.utt,2/sw2621,2621,385,sv,A,219,3,"{C and, }","and/CC ,/,",,
sw10utt/sw_1046_2621.utt,2/sw2621,2621,386,x,B,220,1,# <Laughter>.  #,,,
sw10utt/sw_1046_2621.utt,2/sw2621,2621,387,+,A,221,1,"# [ if # their, + if their, ] {D you know, } arrest record [ won't let abl-, + won't let ] them play anywhere else, [ they seem to go to, + they seem to go to ] the Raiders. /","if/IN their/PRP$ ,/, if/IN their/PRP$ ,/, you/PRP know/VBP ,/, arrest/NN record/NN wo/MD n't/RB let/VB abl-/XX ,/, wo/MD n't/RB let/VB them/PRP play/VB anywhere/RB else/RB ,/, they/PRP seem/VBP to/TO go/VB to/IN ,/, they/PRP seem/VBP to/TO go/VB to/IN the/DT Raiders/NNPS ./.",,
sw10utt/sw_1046_2621.utt,2/sw2621,2621,388,x,B,222,1,# <Laughter>.  #,,,
sw10utt/sw_1046_2621.utt,2/sw2621,2621,389,sv,A,223,1,"# {C But } # that just may be, {D you know, } perceived, - /","But/CC that/DT just/RB may/MD be/VB ,/, you/PRP know/VBP ,/, perceived/VBN ,/,",,
sw10utt/sw_1046_2621.utt,2/sw2621,2621,390,sv,A,223,2,"{D you know } perception, - /","you/PRP know/VBP perception/NN ,/,",,
sw10utt/sw_1046_2621.utt,2/sw2621,2621,391,h,A,223,3,I don't know. /,I/PRP do/VBP n't/RB know/VB ./.,,
sw10utt/sw_1046_2621.utt,2/sw2621,2621,392,b,B,224,1,# Yeah. # /,Yeah/UH ./.,,
sw10utt/sw_1046_2621.utt,2/sw2621,2621,393,sv,A,225,1,"# Al # Davis [ is, + he's ] a kind of strange character, [ strange, + strange ] looking guy.  /","Al/NNP Davis/NNP is/VBZ ,/, he/PRP 's/BES a/DT kind/NN of/IN strange/JJ character/NN ,/, strange/JJ ,/, strange/JJ looking/VBG guy/NN ./.",,
sw10utt/sw_1046_2621.utt,2/sw2621,2621,394,sv,A,225,2,"Apparently he's kind of a wild guy,  /","Apparently/RB he/PRP 's/BES kind/RB of/RB a/DT wild/JJ guy/NN ,/,",,
sw10utt/sw_1046_2621.utt,2/sw2621,2621,395,h,A,225,3,I don't really know for sure.  /,I/PRP do/VBP n't/RB really/RB know/VB for/IN sure/JJ ./.,,
sw10utt/sw_1046_2621.utt,2/sw2621,2621,396,sv,A,225,4,"They've had some excellent teams, though, obviously. /","They/PRP 've/VBP had/VBN some/DT excellent/JJ teams/NNS ,/, though/RB ,/, obviously/RB ./.",,
sw10utt/sw_1046_2621.utt,2/sw2621,2621,397,aa,B,226,1,"Yes,  /","Yes/UH ,/,",,
sw10utt/sw_1046_2621.utt,2/sw2621,2621,398,sv,B,226,2,they have. /,they/PRP have/VBP ./.,,
sw10utt/sw_1046_2621.utt,2/sw2621,2621,399,sv,A,227,1,"I'm not sure they've yet decided where they want to play,  /","I/PRP 'm/VBP not/RB sure/JJ they/PRP 've/VBP yet/RB decided/VBN where/WRB they/PRP want/VBP to/TO play/VB ,/,",,
sw10utt/sw_1046_2621.utt,2/sw2621,2621,400,sv,A,227,2,"they keeping talk about, {D you know, } going, -/","they/PRP keeping/VBG talk/VB about/IN ,/, you/PRP know/VBP ,/, going/VBG ,/,",,
