swda_filename,ptb_basename,conversation_no,transcript_index,act_tag,caller,utterance_index,subutterance_index,text,pos,trees,ptb_treenumbers
sw10utt/sw_1087_3214.utt,3/sw3214,3214,0,o,A,1,1,"Okay,  /","Okay/UH ,/,",,
sw10utt/sw_1087_3214.utt,3/sw3214,3214,1,sd,A,1,2,my name is Karen. /,my/PRP$ name/NN is/VBZ Karen/NNP ./.,,
sw10utt/sw_1087_3214.utt,3/sw3214,3214,2,b,B,2,1,"Okay,  /","Okay/UH ,/,",,
sw10utt/sw_1087_3214.utt,3/sw3214,3214,3,sd,B,2,2,my name is Terry. /,my/PRP$ name/NN is/VBZ Terry/NNP ./.,,
sw10utt/sw_1087_3214.utt,3/sw3214,3214,4,b,A,3,1,"Okay,  /","Okay/UH ,/,",,
sw10utt/sw_1087_3214.utt,3/sw3214,3214,5,%,A,3,2,"{C and } this, {F uh, } - /","and/CC this/DT ,/, uh/UH ,/,",,
sw10utt/sw_1087_3214.utt,3/sw3214,3214,6,sv^t,A,3,3,they said about magazines.  /,they/PRP said/VBD about/IN magazines/NNS ./.,,
sw10utt/sw_1087_3214.utt,3/sw3214,3214,7,sd,A,3,4,"[ We, + I've ] probably personally take {A I think } just two -- /","We/PRP ,/, I/PRP 've/VBP probably/RB personally/RB take/VBP I/PRP think/VBP just/RB two/CD --/:",,
sw10utt/sw_1087_3214.utt,3/sw3214,3214,8,b,B,4,1,Okay. /,Okay/UH ./.,,
sw10utt/sw_1087_3214.utt,3/sw3214,3214,9,sd,A,5,1,"--  {C but } that's because my mother-in-law  takes every one they print and gives them to me,","--/: but/CC that/DT 's/BES because/IN my/PRP$ mother-in-law/NN takes/VBZ every/DT one/CD they/PRP print/VBP and/CC gives/VBZ them/PRP to/IN me/PRP ,/,",,
sw10utt/sw_1087_3214.utt,3/sw3214,3214,10,x,B,6,1,<Laughter>.,,,
sw10utt/sw_1087_3214.utt,3/sw3214,3214,11,+,A,7,1,"a month later <laughter>,   /","a/DT month/NN later/RB ,/,",,
sw10utt/sw_1087_3214.utt,3/sw3214,3214,12,sd,A,7,2,[ {C so. } + {C So } ]  I get all of them.  /,so/RB ./. So/RB I/PRP get/VBP all/DT of/IN them/PRP ./.,,
sw10utt/sw_1087_3214.utt,3/sw3214,3214,13,sd,A,7,3,"{F Uh, } the one that I really especially enjoy,  /","Uh/UH ,/, the/DT one/CD that/WDT I/PRP really/RB especially/RB enjoy/VBP ,/,",,
sw10utt/sw_1087_3214.utt,3/sw3214,3214,14,sv,A,7,4,"{C and } you may be familiar with it from Wisconsin, is called COUNTRY. /","and/CC you/PRP may/MD be/VB familiar/JJ with/IN it/PRP from/IN Wisconsin/NNP ,/, is/VBZ called/VBN COUNTRY/NNP ./.",,
sw10utt/sw_1087_3214.utt,3/sw3214,3214,15,aa,B,8,1,"{F Oh, } yes, {F uh, }  /","Oh/UH ,/, yes/UH ,/, uh/UH ,/,",,
sw10utt/sw_1087_3214.utt,3/sw3214,3214,16,sd,B,8,2,"there's COUNTRY LIVING,  /","there/EX 's/BES COUNTRY/NNP LIVING/NNP ,/,",,
sw10utt/sw_1087_3214.utt,3/sw3214,3214,17,sd,B,8,3,"there's COUNTRY,  /","there/EX 's/BES COUNTRY/NNP ,/,",,
sw10utt/sw_1087_3214.utt,3/sw3214,3214,18,%,B,8,4,"{C and, } {F uh, } -/","and/CC ,/, uh/UH ,/,",,
sw10utt/sw_1087_3214.utt,3/sw3214,3214,19,%,A,9,1,"{D Well, } this, - /","Well/UH ,/, this/DT ,/,",,
sw10utt/sw_1087_3214.utt,3/sw3214,3214,20,%,A,9,2,"yeah,  /","yeah/UH ,/,",,
sw10utt/sw_1087_3214.utt,3/sw3214,3214,21,sd,A,9,3,"this one is the one they have all the pictures of scenery from places we wished  we live, like --","this/DT one/CD is/VBZ the/DT one/CD they/PRP have/VBP all/PDT the/DT pictures/NNS of/IN scenery/NN from/IN places/NNS we/PRP wished/VBD we/PRP live/VBP ,/, like/IN --/:",,
sw10utt/sw_1087_3214.utt,3/sw3214,3214,22,b,B,10,1,"{F Oh, } yeah. /","Oh/UH ,/, yeah/UH ./.",,
sw10utt/sw_1087_3214.utt,3/sw3214,3214,23,+,A,11,1,-- Wisconsin <laughter>. /,--/: Wisconsin/NNP ./.,,
sw10utt/sw_1087_3214.utt,3/sw3214,3214,24,x,B,12,1,<Laughter>.,,,
sw10utt/sw_1087_3214.utt,3/sw3214,3214,25,sv,A,13,1,Gorgeous leaves and trees and all the lakes and  the mountains and things. /,Gorgeous/JJ leaves/NNS and/CC trees/NNS and/CC all/PDT the/DT lakes/NNS and/CC the/DT mountains/NNS and/CC things/NNS ./.,,
sw10utt/sw_1087_3214.utt,3/sw3214,3214,26,b,B,14,1,Sure. /,Sure/UH ./.,,
sw10utt/sw_1087_3214.utt,3/sw3214,3214,27,sd,A,15,1,"{C And } I get that, it has recipes in it,  /","And/CC I/PRP get/VBP that/DT ,/, it/PRP has/VBZ recipes/NNS in/IN it/PRP ,/,",,
sw10utt/sw_1087_3214.utt,3/sw3214,3214,28,sd,A,15,2,{C and } that's my very favorite. /,and/CC that/DT 's/BES my/PRP$ very/RB favorite/JJ ./.,,
sw10utt/sw_1087_3214.utt,3/sw3214,3214,29,ba,B,16,1,"{F Oh, } that's great. /","Oh/UH ,/, that/DT 's/BES great/JJ ./.",,
sw10utt/sw_1087_3214.utt,3/sw3214,3214,30,qw,A,17,1,What do you take? /,What/WP do/VBP you/PRP take/VB ?/.,,
sw10utt/sw_1087_3214.utt,3/sw3214,3214,31,sd,B,18,1,"{D Well, } I actually take COUNTRY LIVING,  /","Well/UH ,/, I/PRP actually/RB take/VBP COUNTRY/NNP LIVING/NNP ,/,",,
sw10utt/sw_1087_3214.utt,3/sw3214,3214,32,sd,B,18,2,it's a --,it/PRP 's/BES a/DT --/:,,
sw10utt/sw_1087_3214.utt,3/sw3214,3214,33,b,A,19,1,Uh-huh. /,Uh-huh/UH ./.,,
sw10utt/sw_1087_3214.utt,3/sw3214,3214,34,+,B,20,1,"-- country magazine on HOUSE BEAUTIFUL,  because I like, {F um } --","--/: country/NN magazine/NN on/IN HOUSE/NNP BEAUTIFUL/NNP ,/, because/IN I/PRP like/VBP ,/, um/UH --/:",,
sw10utt/sw_1087_3214.utt,3/sw3214,3214,35,b,A,21,1,"Yeah,  /","Yeah/UH ,/,",,
sw10utt/sw_1087_3214.utt,3/sw3214,3214,36,^2,A,21,2,decorating. /,decorating/NN ./.,,
sw10utt/sw_1087_3214.utt,3/sw3214,3214,37,+,B,22,1,-- that kind of stuff.  /,--/: that/DT kind/NN of/IN stuff/NN ./.,,
sw10utt/sw_1087_3214.utt,3/sw3214,3214,38,sd^m,B,22,2,Decorating --,Decorating/VBG --/:,,
sw10utt/sw_1087_3214.utt,3/sw3214,3214,39,b,A,23,1,<Throat_clearing> Uh-huh. /,Uh-huh/UH ./.,,
sw10utt/sw_1087_3214.utt,3/sw3214,3214,40,+,B,24,1,"-- and, {F uh, } getting ideas for a garden.  /","--/: and/CC ,/, uh/UH ,/, getting/VBG ideas/NNS for/IN a/DT garden/NN ./.",,
sw10utt/sw_1087_3214.utt,3/sw3214,3214,41,sd,B,24,2,"In fact, {F uh, } right before you called,  I was planning my tulips --","In/IN fact/NN ,/, uh/UH ,/, right/RB before/IN you/PRP called/VBD ,/, I/PRP was/VBD planning/VBG my/PRP$ tulips/NNS --/:",,
sw10utt/sw_1087_3214.utt,3/sw3214,3214,42,bh,A,25,1,Are you? /,Are/VBP you/PRP ?/.,,
sw10utt/sw_1087_3214.utt,3/sw3214,3214,43,+,B,26,1,"-- and, {F uh, } putting them on blue  print on where I'm going to put them,  /","--/: and/CC ,/, uh/UH ,/, putting/VBG them/PRP on/IN blue/JJ print/NN on/IN where/WRB I/PRP 'm/VBP going/VBG to/TO put/VB them/PRP ,/,",,
sw10utt/sw_1087_3214.utt,3/sw3214,3214,44,sd,B,26,2,{C so } --,so/RB --/:,,
sw10utt/sw_1087_3214.utt,3/sw3214,3214,45,b,A,27,1,Oh. /,Oh/UH ./.,,
sw10utt/sw_1087_3214.utt,3/sw3214,3214,46,+,B,28,1,"-- I'm really into that,  /","--/: I/PRP 'm/VBP really/RB into/IN that/DT ,/,",,
sw10utt/sw_1087_3214.utt,3/sw3214,3214,47,sd,B,28,2,"{C but, } {F uh, } {C so, }  I really get into magazines that are kind of  basically into, {F um, } housing type things, [ where the, + ] be --","but/CC ,/, uh/UH ,/, so/RB ,/, I/PRP really/RB get/VBP into/IN magazines/NNS that/WDT are/VBP kind/RB of/RB basically/RB into/IN ,/, um/UH ,/, housing/NN type/NN things/NNS ,/, where/WRB the/DT ,/, be/VB --/:",,
sw10utt/sw_1087_3214.utt,3/sw3214,3214,48,^2,A,29,1,And decorating and how to do things. /,And/CC decorating/NN and/CC how/WRB to/TO do/VB things/NNS ./.,,
sw10utt/sw_1087_3214.utt,3/sw3214,3214,49,+,B,30,1,-- decorating and gardening --,--/: decorating/NN and/CC gardening/NN --/:,,
sw10utt/sw_1087_3214.utt,3/sw3214,3214,50,b,A,31,1,Uh-huh. /,Uh-huh/UH ./.,,
sw10utt/sw_1087_3214.utt,3/sw3214,3214,51,+,B,32,1,"-- and recipes, that kind of stuff.  /","--/: and/CC recipes/NNS ,/, that/DT kind/NN of/IN stuff/NN ./.",,
sw10utt/sw_1087_3214.utt,3/sw3214,3214,52,sd,B,32,2,{C So }  I'm pretty much in the same category as what --,So/RB I/PRP 'm/VBP pretty/RB much/JJ in/IN the/DT same/JJ category/NN as/IN what/WP --/:,,
sw10utt/sw_1087_3214.utt,3/sw3214,3214,53,b,A,33,1,Yeah. /,Yeah/UH ./.,,
sw10utt/sw_1087_3214.utt,3/sw3214,3214,54,+,B,34,1,-- you're looking at. /,--/: you/PRP 're/VBP looking/VBG at/IN ./.,,
sw10utt/sw_1087_3214.utt,3/sw3214,3214,55,sd,A,35,1,"{D Well, } [ we, + we ] tried for a while  to take a news magazine.  /","Well/UH ,/, we/PRP ,/, we/PRP tried/VBD for/IN a/DT while/NN to/TO take/VB a/DT news/NN magazine/NN ./.",,
sw10utt/sw_1087_3214.utt,3/sw3214,3214,56,sd,A,35,2,We took NEWSWEEK -- /,We/PRP took/VBD NEWSWEEK/NNP --/:,,
sw10utt/sw_1087_3214.utt,3/sw3214,3214,57,b,B,36,1,Uh-huh. /,Uh-huh/UH ./.,,
sw10utt/sw_1087_3214.utt,3/sw3214,3214,58,sd,A,37,1,-- {C and } I think we took it  especially just during the war to kind of catch up on everything and --,--/: and/CC I/PRP think/VBP we/PRP took/VBD it/PRP especially/RB just/RB during/IN the/DT war/NN to/TO kind/RB of/RB catch/VB up/RP on/IN everything/NN and/CC --/:,,
sw10utt/sw_1087_3214.utt,3/sw3214,3214,59,b,B,38,1,Sure. /,Sure/UH ./.,,
sw10utt/sw_1087_3214.utt,3/sw3214,3214,60,+,A,39,1,-- have it be digested.  /,--/: have/VB it/PRP be/VBP digested/VBN ./.,,
sw10utt/sw_1087_3214.utt,3/sw3214,3214,61,sd,A,39,2,{C But } we've kind of  discontinued that right now  -- /,But/CC we/PRP 've/VBP kind/RB of/RB discontinued/VBN that/DT right/RB now/RB --/:,,
sw10utt/sw_1087_3214.utt,3/sw3214,3214,62,b,B,40,1,Yeah. /,Yeah/UH ./.,,
sw10utt/sw_1087_3214.utt,3/sw3214,3214,63,sd,A,41,1,"-- {C and } [ we've, + we're ] going to start  taking that, {F uh, } U S NEWS, {F uh, } newspaper.  U S A TODAY,  /","--/: and/CC we/PRP 've/VBP ,/, we/PRP 're/VBP going/VBG to/TO start/VB taking/VBG that/DT ,/, uh/UH ,/, U/NNP S/NNP NEWS/NNP ,/, uh/UH ,/, newspaper/NN ./. U/NNP S/NNP A/NNP TODAY/NNP ,/,",,
sw10utt/sw_1087_3214.utt,3/sw3214,3214,64,sd,A,41,2,I think it. -/,I/PRP think/VBP it/PRP ./.,,
sw10utt/sw_1087_3214.utt,3/sw3214,3214,65,b,B,42,1,"Yeah,  /","Yeah/UH ,/,",,
sw10utt/sw_1087_3214.utt,3/sw3214,3214,66,b^r,B,42,2,"yeah,  /","yeah/UH ,/,",,
sw10utt/sw_1087_3214.utt,3/sw3214,3214,67,sd,B,42,3,I've had TIME before. /,I/PRP 've/VBP had/VBN TIME/NNP before/RB ./.,,
sw10utt/sw_1087_3214.utt,3/sw3214,3214,68,b,A,43,1,Yeah. /,Yeah/UH ./.,,
sw10utt/sw_1087_3214.utt,3/sw3214,3214,69,sd,B,44,1,I think with that what happens --,I/PRP think/VBP with/IN that/DT what/WP happens/VBZ --/:,,
sw10utt/sw_1087_3214.utt,3/sw3214,3214,70,x,A,45,1,<Throat_clearing>.,,,
sw10utt/sw_1087_3214.utt,3/sw3214,3214,71,+,B,46,1,"-- is, {F uh, } it's interesting to read -- /","--/: is/VBZ ,/, uh/UH ,/, it/PRP 's/BES interesting/JJ to/TO read/VB --/:",,
sw10utt/sw_1087_3214.utt,3/sw3214,3214,72,b,A,47,1,Uh-huh. /,Uh-huh/UH ./.,,
sw10utt/sw_1087_3214.utt,3/sw3214,3214,73,sv,B,48,1,-- {C but } you kind of just put the  magazine away  /,--/: but/CC you/PRP kind/RB of/RB just/RB put/VBP the/DT magazine/NN away/RB,,
sw10utt/sw_1087_3214.utt,3/sw3214,3214,74,sv,B,48,2,{C and } you never read it again --,and/CC you/PRP never/RB read/VBP it/PRP again/RB --/:,,
sw10utt/sw_1087_3214.utt,3/sw3214,3214,75,ba,A,49,1,That's right. /,That/DT 's/BES right/JJ ./.,,
sw10utt/sw_1087_3214.utt,3/sw3214,3214,76,+,B,50,1,"-- unless there's some big article in there that you're going to keep for your kids,  /","--/: unless/IN there/EX 's/BES some/DT big/JJ article/NN in/IN there/RB that/WDT you/PRP 're/VBP going/VBG to/TO keep/VB for/IN your/PRP$ kids/NNS ,/,",,
sw10utt/sw_1087_3214.utt,3/sw3214,3214,77,%,B,50,2,"{C but, } -/","but/CC ,/,",,
sw10utt/sw_1087_3214.utt,3/sw3214,3214,78,aa,A,51,1,That's exactly right.  /,That/DT 's/BES exactly/RB right/JJ ./.,,
sw10utt/sw_1087_3214.utt,3/sw3214,3214,79,sd,A,51,2,I did the same thing.  /,I/PRP did/VBD the/DT same/JJ thing/NN ./.,,
sw10utt/sw_1087_3214.utt,3/sw3214,3214,80,sd,A,51,3,We saved the ones from the election  /,We/PRP saved/VBD the/DT ones/NNS from/IN the/DT election/NN,,
sw10utt/sw_1087_3214.utt,3/sw3214,3214,81,sd,A,51,4,{C and } we saved the ones  from the war and one from the earthquake. /,and/CC we/PRP saved/VBD the/DT ones/NNS from/IN the/DT war/NN and/CC one/CD from/IN the/DT earthquake/NN ./.,,
sw10utt/sw_1087_3214.utt,3/sw3214,3214,82,aa,B,52,1,"Yeah,  /","Yeah/UH ,/,",,
sw10utt/sw_1087_3214.utt,3/sw3214,3214,83,sv,B,52,2,[ exactly + --,exactly/RB --/:,,
sw10utt/sw_1087_3214.utt,3/sw3214,3214,84,%,A,53,1,<Cough>  {C And then } -- -/,And/CC then/RB --/:,,
sw10utt/sw_1087_3214.utt,3/sw3214,3214,85,+,B,54,1,-- it sounds exactly ] like what we did -- /,--/: it/PRP sounds/VBZ exactly/RB like/IN what/WP we/PRP did/VBD --/:,,
sw10utt/sw_1087_3214.utt,3/sw3214,3214,86,%,A,55,1,"-- <Cough> {C and, } -/","--/: and/CC ,/,",,
sw10utt/sw_1087_3214.utt,3/sw3214,3214,87,sd,B,56,1,-- we just saved everything we could --,--/: we/PRP just/RB saved/VBD everything/NN we/PRP could/MD --/:,,
sw10utt/sw_1087_3214.utt,3/sw3214,3214,88,b,A,57,1,Uh-huh. /,Uh-huh/UH ./.,,
sw10utt/sw_1087_3214.utt,3/sw3214,3214,89,+,B,58,1,-- for our daughter  /,--/: for/IN our/PRP$ daughter/NN,,
sw10utt/sw_1087_3214.utt,3/sw3214,3214,90,sd,B,58,2,"{C but, } {F uh } --","but/CC ,/, uh/UH --/:",,
sw10utt/sw_1087_3214.utt,3/sw3214,3214,91,b,A,59,1,Uh-huh. /,Uh-huh/UH ./.,,
sw10utt/sw_1087_3214.utt,3/sw3214,3214,92,+,B,60,1,"-- that's pretty similar,  /","--/: that/DT 's/BES pretty/RB similar/JJ ,/,",,
sw10utt/sw_1087_3214.utt,3/sw3214,3214,93,sd,B,60,2,"{C but } I find that with these COUNTRY magazines, I keep going back to them, getting ideas, looking back and saying, {D Jeez, } there was a flower  garden in there [ that I ((   )) , +","but/CC I/PRP find/VBP that/IN with/IN these/DT COUNTRY/NNP magazines/NNS ,/, I/PRP keep/VBP going/VBG back/RB to/IN them/PRP ,/, getting/VBG ideas/NNS ,/, looking/VBG back/RB and/CC saying/VBG ,/, Jeez/UH ,/, there/EX was/VBD a/DT flower/NN garden/NN in/IN there/RB that/WDT I/PRP MUMBLEx/XX ,/,",,
sw10utt/sw_1087_3214.utt,3/sw3214,3214,94,x,A,61,1,<Laughter>.,,,
sw10utt/sw_1087_3214.utt,3/sw3214,3214,95,+,B,62,1,"that I ] would like to have some ideas, {E you know } -- /","that/WDT I/PRP would/MD like/VB to/TO have/VB some/DT ideas/NNS ,/, you/PRP know/VBP --/:",,
sw10utt/sw_1087_3214.utt,3/sw3214,3214,96,sv,A,63,1,"{D Well, } you sound like you,","Well/UH ,/, you/PRP sound/VBP like/IN you/PRP ,/,",,
sw10utt/sw_1087_3214.utt,3/sw3214,3214,97,sd,B,64,1,-- I get a lot of ideas from them. /,--/: I/PRP get/VBP a/DT lot/NN of/IN ideas/NNS from/IN them/PRP ./.,,
sw10utt/sw_1087_3214.utt,3/sw3214,3214,98,+,A,65,1,"That's the thing, you sound like you have the  facilities to do that. /","That/DT 's/BES the/DT thing/NN ,/, you/PRP sound/VBP like/IN you/PRP have/VBP the/DT facilities/NNS to/TO do/VB that/DT ./.",,
sw10utt/sw_1087_3214.utt,3/sw3214,3214,99,aa,B,66,1,"Yes,  /","Yes/UH ,/,",,
sw10utt/sw_1087_3214.utt,3/sw3214,3214,100,sd,B,66,2,we do.  /,we/PRP do/VBP ./.,,
sw10utt/sw_1087_3214.utt,3/sw3214,3214,101,sd,B,66,3,We're out in the country -- /,We/PRP 're/VBP out/IN in/IN the/DT country/NN --/:,,
sw10utt/sw_1087_3214.utt,3/sw3214,3214,102,b,A,67,1,Oh. /,Oh/UH ./.,,
sw10utt/sw_1087_3214.utt,3/sw3214,3214,103,sd,B,68,1,"-- we're right across from a river,  /","--/: we/PRP 're/VBP right/RB across/IN from/IN a/DT river/NN ,/,",,
sw10utt/sw_1087_3214.utt,3/sw3214,3214,104,sv,B,68,2,"{C and } {F uh, }  you're right, the leaves are beautiful,  /","and/CC uh/UH ,/, you/PRP 're/VBP right/JJ ,/, the/DT leaves/NNS are/VBP beautiful/JJ ,/,",,
sw10utt/sw_1087_3214.utt,3/sw3214,3214,105,sd,B,68,3,"{C and } they are falling now,  /","and/CC they/PRP are/VBP falling/VBG now/RB ,/,",,
sw10utt/sw_1087_3214.utt,3/sw3214,3214,106,%,B,68,4,{C so. } -/,so/RB ./.,,
sw10utt/sw_1087_3214.utt,3/sw3214,3214,107,b,A,69,1,Oh. /,Oh/UH ./.,,
sw10utt/sw_1087_3214.utt,3/sw3214,3214,108,sd,B,70,1,"{F Uh, } it just peaked, {F uh, } last week,  /","Uh/UH ,/, it/PRP just/RB peaked/VBD ,/, uh/UH ,/, last/JJ week/NN ,/,",,
sw10utt/sw_1087_3214.utt,3/sw3214,3214,109,sd,B,70,2,"{C and } it was just gorgeous out here,  /","and/CC it/PRP was/VBD just/RB gorgeous/JJ out/IN here/RB ,/,",,
sw10utt/sw_1087_3214.utt,3/sw3214,3214,110,%,B,70,3,{C but. } -/,but/CC ./.,,
sw10utt/sw_1087_3214.utt,3/sw3214,3214,111,ba,A,71,1,I bet it is gorgeous. /,I/PRP bet/VBP it/PRP is/VBZ gorgeous/JJ ./.,,
sw10utt/sw_1087_3214.utt,3/sw3214,3214,112,b,B,72,1,"Yeah,  /","Yeah/UH ,/,",,
sw10utt/sw_1087_3214.utt,3/sw3214,3214,113,sd,B,72,2,it's beautiful.  /,it/PRP 's/BES beautiful/JJ ./.,,
sw10utt/sw_1087_3214.utt,3/sw3214,3214,114,sd,B,72,3,"The other thing about magazines, the only thing I don't like, is they really get heavily into advertising -- /","The/DT other/JJ thing/NN about/IN magazines/NNS ,/, the/DT only/JJ thing/NN I/PRP do/VBP n't/RB like/VB ,/, is/VBZ they/PRP really/RB get/VBP heavily/RB into/IN advertising/NN --/:",,
sw10utt/sw_1087_3214.utt,3/sw3214,3214,115,aa,A,73,1,"I agree, /","I/PRP agree/VBP ,/,",,
sw10utt/sw_1087_3214.utt,3/sw3214,3214,116,sd,B,74,1,"-- {C and, }","--/: and/CC ,/,",,
sw10utt/sw_1087_3214.utt,3/sw3214,3214,117,x,A,75,1,<Gasp>.,,,
sw10utt/sw_1087_3214.utt,3/sw3214,3214,118,+,B,76,1,"{D you know, } [ [ it's, + it's, ] + it's ]  fine,  /","you/PRP know/VBP ,/, it/PRP 's/BES ,/, it/PRP 's/BES ,/, it/PRP 's/BES fine/JJ ,/,",,
sw10utt/sw_1087_3214.utt,3/sw3214,3214,119,sd,B,76,2,I'd rather almost have -- -/,I/PRP 'd/MD rather/RB almost/RB have/VB --/:,,
sw10utt/sw_1087_3214.utt,3/sw3214,3214,120,b,A,77,1,Uh-huh. /,Uh-huh/UH ./.,,
sw10utt/sw_1087_3214.utt,3/sw3214,3214,121,sd,B,78,1,"-- I know that part, probably half their money comes from these people that are saying, {F uh, }  Put my ad in your paper --","--/: I/PRP know/VBP that/DT part/NN ,/, probably/RB half/NN their/PRP$ money/NN comes/VBZ from/IN these/DT people/NNS that/WDT are/VBP saying/VBG ,/, uh/UH ,/, Put/VB my/PRP$ ad/NN in/IN your/PRP$ paper/NN --/:",,
sw10utt/sw_1087_3214.utt,3/sw3214,3214,122,b,A,79,1,"Yeah,  /","Yeah/UH ,/,",,
sw10utt/sw_1087_3214.utt,3/sw3214,3214,123,b,A,79,2,right. /,right/UH ./.,,
sw10utt/sw_1087_3214.utt,3/sw3214,3214,124,+,B,80,1,"-- and I'll pay you or whatever,  /","--/: and/CC I/PRP 'll/MD pay/VB you/PRP or/CC whatever/WDT ,/,",,
sw10utt/sw_1087_3214.utt,3/sw3214,3214,125,sd,B,80,2,"{C but, } {F uh, }  there's been some magazines I've looked at,  /","but/CC ,/, uh/UH ,/, there/EX 's/HVS been/VBN some/DT magazines/NNS I/PRP 've/VBP looked/VBN at/IN ,/,",,
sw10utt/sw_1087_3214.utt,3/sw3214,3214,126,sd,B,80,3,{C and } it's a real turn off to see every --,and/CC it/PRP 's/BES a/DT real/JJ turn/VB off/RP to/TO see/VB every/DT --/:,,
sw10utt/sw_1087_3214.utt,3/sw3214,3214,127,^2,A,81,1,Every page. /,Every/DT page/NN ./.,,
sw10utt/sw_1087_3214.utt,3/sw3214,3214,128,+,B,82,1,"-- other page,","--/: other/JJ page/NN ,/,",,
sw10utt/sw_1087_3214.utt,3/sw3214,3214,129,ba,A,83,1,"I # do the same thing, # /","I/PRP do/VBP the/DT same/JJ thing/NN ,/,",,
sw10utt/sw_1087_3214.utt,3/sw3214,3214,130,+,B,84,1,"# some kind of ad, # /","some/DT kind/NN of/IN ad/NN ,/,",,
sw10utt/sw_1087_3214.utt,3/sw3214,3214,131,sd,A,85,1,"[ I, + I ] think I opened VOGUE the  other day or something -- /","I/PRP ,/, I/PRP think/VBP I/PRP opened/VBD VOGUE/NNP the/DT other/JJ day/NN or/CC something/NN --/:",,
sw10utt/sw_1087_3214.utt,3/sw3214,3214,132,aa,B,86,1,"Yeah,  /","Yeah/UH ,/,",,
sw10utt/sw_1087_3214.utt,3/sw3214,3214,133,sd,B,86,2,"VOGUE is,","VOGUE/NNP is/VBZ ,/,",,
sw10utt/sw_1087_3214.utt,3/sw3214,3214,134,sd,A,87,1,"-- # {C and } it was just nothing, uh-huh. # /","--/: and/CC it/PRP was/VBD just/RB nothing/NN ,/, uh-huh/UH ./.",,
sw10utt/sw_1087_3214.utt,3/sw3214,3214,135,+,B,88,1,# heavily into that. # /,heavily/RB into/IN that/DT ./.,,
sw10utt/sw_1087_3214.utt,3/sw3214,3214,136,sd(^q),A,89,1,"{C And } I thought, Why buy this? /","And/CC I/PRP thought/VBD ,/, Why/WRB buy/VB this/DT ?/.",,
sw10utt/sw_1087_3214.utt,3/sw3214,3214,137,aa,B,90,1,"Yeah,  /","Yeah/UH ,/,",,
sw10utt/sw_1087_3214.utt,3/sw3214,3214,138,aa,B,90,2,"exactly,  /","exactly/UH ,/,",,
sw10utt/sw_1087_3214.utt,3/sw3214,3214,139,sd,B,90,3,it's almost -- -/,it/PRP 's/BES almost/RB --/:,,
sw10utt/sw_1087_3214.utt,3/sw3214,3214,140,qh,A,91,1,"{D You know, } what's the point? /","You/PRP know/VBP ,/, what/WP 's/BES the/DT point/NN ?/.",,
sw10utt/sw_1087_3214.utt,3/sw3214,3214,141,sd,B,92,1,"-- {E I mean, } you could go into a store and   get bombarded --","--/: I/PRP mean/VBP ,/, you/PRP could/MD go/VB into/IN a/DT store/NN and/CC get/VB bombarded/VBD --/:",,
sw10utt/sw_1087_3214.utt,3/sw3214,3214,142,ba,A,93,1,That's right. /,That/DT 's/BES right/JJ ./.,,
sw10utt/sw_1087_3214.utt,3/sw3214,3214,143,+,B,94,1,"-- the same way,  /","--/: the/DT same/JJ way/NN ,/,",,
sw10utt/sw_1087_3214.utt,3/sw3214,3214,144,%@,B,94,2,"{C but, } {F uh. }","but/CC ,/, uh/UH ./.",,
sw10utt/sw_1087_3214.utt,3/sw3214,3214,145,sd,A,95,1,"{C And } my number one pet peeve in a  magazine, is when they put the perfume in it --","And/CC my/PRP$ number/NN one/CD pet/NN peeve/NN in/IN a/DT magazine/NN ,/, is/VBZ when/WRB they/PRP put/VBP the/DT perfume/NN in/IN it/PRP --/:",,
sw10utt/sw_1087_3214.utt,3/sw3214,3214,146,+@,B,96,1,Uh-huh. /,Uh-huh/UH ./.,,
sw10utt/sw_1087_3214.utt,3/sw3214,3214,147,+,A,97,1,"-- because, {F uh, } real often, I don't like very heavy perfumes -- /","--/: because/IN ,/, uh/UH ,/, real/RB often/RB ,/, I/PRP do/VBP n't/RB like/VB very/RB heavy/JJ perfumes/NNS --/:",,
sw10utt/sw_1087_3214.utt,3/sw3214,3214,148,aa,B,98,1,"Yeah,  /","Yeah/UH ,/,",,
sw10utt/sw_1087_3214.utt,3/sw3214,3214,149,aa,B,98,2,exactly. /,exactly/UH ./.,,
sw10utt/sw_1087_3214.utt,3/sw3214,3214,150,sv,A,99,1,"-- {C and } very often, like, {D you know, } in my bills, also, magazines and bills, and they'll,","--/: and/CC very/RB often/RB ,/, like/IN ,/, you/PRP know/VBP ,/, in/IN my/PRP$ bills/NNS ,/, also/RB ,/, magazines/NNS and/CC bills/NNS ,/, and/CC they/PRP 'll/MD ,/,",,
sw10utt/sw_1087_3214.utt,3/sw3214,3214,151,x,B,100,1,<Laughter>.,,,
sw10utt/sw_1087_3214.utt,3/sw3214,3214,152,+,A,101,1,"come out just stinking <laughter>, the whole thing. /","come/VB out/RB just/RB stinking/VBG ,/, the/DT whole/JJ thing/NN ./.",,
sw10utt/sw_1087_3214.utt,3/sw3214,3214,153,aa,B,102,1,"<Laughter> Exactly,  /","Exactly/UH ,/,",,
sw10utt/sw_1087_3214.utt,3/sw3214,3214,154,aa,B,102,2,"yeah,  /","yeah/UH ,/,",,
sw10utt/sw_1087_3214.utt,3/sw3214,3214,155,sd,B,102,3,they're really getting into that  /,they/PRP 're/VBP really/RB getting/VBG into/IN that/DT,,
sw10utt/sw_1087_3214.utt,3/sw3214,3214,156,%,B,102,4,"{C so, } -/","so/RB ,/,",,
sw10utt/sw_1087_3214.utt,3/sw3214,3214,157,b,A,103,1,Uh-huh. /,Uh-huh/UH ./.,,
sw10utt/sw_1087_3214.utt,3/sw3214,3214,158,sd,B,104,1,"{C But } pretty much like I said, the magazines I've had, BETTER HOMES AND GARDEN,  /","But/CC pretty/RB much/JJ like/IN I/PRP said/VBD ,/, the/DT magazines/NNS I/PRP 've/VBP had/VBN ,/, BETTER/NNP HOMES/NNP AND/CC GARDEN/NNP ,/,",,
sw10utt/sw_1087_3214.utt,3/sw3214,3214,159,sd,B,104,2,"{C and } now I need a switch,  /","and/CC now/RB I/PRP need/VBP a/DT switch/NN ,/,",,
sw10utt/sw_1087_3214.utt,3/sw3214,3214,160,sd,B,104,3,"{C and } I'm going back to GOURMET COOKING,   because, {F um, } I've had --","and/CC I/PRP 'm/VBP going/VBG back/RB to/IN GOURMET/NNP COOKING/NNP ,/, because/IN ,/, um/UH ,/, I/PRP 've/VBP had/VBN --/:",,
sw10utt/sw_1087_3214.utt,3/sw3214,3214,161,b,A,105,1,Oh. /,Oh/UH ./.,,
sw10utt/sw_1087_3214.utt,3/sw3214,3214,162,+,B,106,1,"-- the magazine before, back in nineteen, {F uh, }  eighty-six,  /","--/: the/DT magazine/NN before/RB ,/, back/RB in/IN nineteen/CD ,/, uh/UH ,/, eighty-six/CD ,/,",,
sw10utt/sw_1087_3214.utt,3/sw3214,3214,163,sv,B,106,2,"{C and } I thought, {D Well, } I'll give it a try again,  because you get tired of one magazine,  /","and/CC I/PRP thought/VBD ,/, Well/UH ,/, I/PRP 'll/MD give/VB it/PRP a/DT try/NN again/RB ,/, because/IN you/PRP get/VBP tired/JJ of/IN one/CD magazine/NN ,/,",,
sw10utt/sw_1087_3214.utt,3/sw3214,3214,164,sv,B,106,3,{C and } you need to try a --,and/CC you/PRP need/VBP to/TO try/VB a/DT --/:,,
sw10utt/sw_1087_3214.utt,3/sw3214,3214,165,ba,A,107,1,I understand. /,I/PRP understand/VBP ./.,,
sw10utt/sw_1087_3214.utt,3/sw3214,3214,166,+,B,108,1,-- change. /,--/: change/NN ./.,,
sw10utt/sw_1087_3214.utt,3/sw3214,3214,167,qy,A,109,1,"{D Well, } [ do you  ((   )) , + do you ]  tear out of your magazines, your recipes  /","Well/UH ,/, do/VBP you/PRP MUMBLEx/XX ,/, do/VBP you/PRP tear/VB out/IN of/IN your/PRP$ magazines/NNS ,/, your/PRP$ recipes/NNS",,
sw10utt/sw_1087_3214.utt,3/sw3214,3214,168,qr,A,109,2,{C or } do you keep it? /,or/CC do/VBP you/PRP keep/VB it/PRP ?/.,,
sw10utt/sw_1087_3214.utt,3/sw3214,3214,169,ny,B,110,1,"{F Uh, } yes,  /","Uh/UH ,/, yes/UH ,/,",,
sw10utt/sw_1087_3214.utt,3/sw3214,3214,170,na,B,110,2,"I do,  /","I/PRP do/VBP ,/,",,
sw10utt/sw_1087_3214.utt,3/sw3214,3214,171,sd,B,110,3,"and [ sometimes, + most of the time ] --","and/CC sometimes/RB ,/, most/JJS of/IN the/DT time/NN --/:",,
sw10utt/sw_1087_3214.utt,3/sw3214,3214,172,x,A,111,1,<Throat_clearing>.,,,
sw10utt/sw_1087_3214.utt,3/sw3214,3214,173,+,B,112,1,-- I tear them out. /,--/: I/PRP tear/VBP them/PRP out/RB ./.,,
sw10utt/sw_1087_3214.utt,3/sw3214,3214,174,b,A,113,1,Uh-huh. /,Uh-huh/UH ./.,,
sw10utt/sw_1087_3214.utt,3/sw3214,3214,175,sd,B,114,1,"A lot of times, [ if, + {F uh, } {D you know, } if ]  I got a chance to sit down at my typewriter, I'll go ahead and  type out recipes,  /","A/DT lot/NN of/IN times/NNS ,/, if/IN ,/, uh/UH ,/, you/PRP know/VBP ,/, if/IN I/PRP got/VBD a/DT chance/NN to/TO sit/VB down/RP at/IN my/PRP$ typewriter/NN ,/, I/PRP 'll/MD go/VB ahead/RB and/CC type/VB out/RP recipes/NNS ,/,",,
sw10utt/sw_1087_3214.utt,3/sw3214,3214,176,sd,B,114,2,{C but } --,but/CC --/:,,
sw10utt/sw_1087_3214.utt,3/sw3214,3214,177,b^m,A,115,1,"Type it out, uh-huh. /","Type/VBP it/PRP out/RP ,/, uh-huh/UH ./.",,
sw10utt/sw_1087_3214.utt,3/sw3214,3214,178,+,B,116,1,"-- what I usually do is I'll try it  out in the magazine first, and, without tearing it out, and then give it a, -/","--/: what/WP I/PRP usually/RB do/VBP is/VBZ I/PRP 'll/MD try/VB it/PRP out/RP in/IN the/DT magazine/NN first/JJ ,/, and/CC ,/, without/IN tearing/VBG it/PRP out/RB ,/, and/CC then/RB give/VBP it/PRP a/DT ,/,",,
sw10utt/sw_1087_3214.utt,3/sw3214,3214,179,sd,A,117,1,See how the family liked it <child_talking>. /,See/VBP how/WRB the/DT family/NN liked/VBD it/PRP ./.,,
sw10utt/sw_1087_3214.utt,3/sw3214,3214,180,b,B,118,1,"Yeah,  /","Yeah/UH ,/,",,
sw10utt/sw_1087_3214.utt,3/sw3214,3214,181,sd,B,118,2,"{C and then } if we like it it becomes part of the recipe collection,  /","and/CC then/RB if/IN we/PRP like/VBP it/PRP it/PRP becomes/VBZ part/NN of/IN the/DT recipe/NN collection/NN ,/,",,
sw10utt/sw_1087_3214.utt,3/sw3214,3214,182,%,B,118,3,"{C but, } {F uh. } -/","but/CC ,/, uh/UH ./.",,
sw10utt/sw_1087_3214.utt,3/sw3214,3214,183,sd,A,119,1,"{F Oh, } that's a good idea.  /","Oh/UH ,/, that/DT 's/BES a/DT good/JJ idea/NN ./.",,
sw10utt/sw_1087_3214.utt,3/sw3214,3214,184,sd,A,119,2,"{D Well, }  I'm going to pay attention more when I'm in the store to that COUNTRY LIVING, I remember --","Well/UH ,/, I/PRP 'm/VBP going/VBG to/TO pay/VB attention/NN more/RBR when/WRB I/PRP 'm/VBP in/IN the/DT store/NN to/IN that/DT COUNTRY/NNP LIVING/NNP ,/, I/PRP remember/VBP --/:",,
sw10utt/sw_1087_3214.utt,3/sw3214,3214,185,b,B,120,1,Yeah. /,Yeah/UH ./.,,
sw10utt/sw_1087_3214.utt,3/sw3214,3214,186,+,A,121,1,-- seeing the cover.  /,--/: seeing/VBG the/DT cover/NN ./.,,
sw10utt/sw_1087_3214.utt,3/sw3214,3214,187,sd,A,121,2,"Back when I decorated the house with a lot of the little country, {F uh, } primitive things, [ the little, + the little ] pigs [ and the jeez, + and the --","Back/RB when/WRB I/PRP decorated/VBD the/DT house/NN with/IN a/DT lot/NN of/IN the/DT little/JJ country/NN ,/, uh/UH ,/, primitive/JJ things/NNS ,/, the/DT little/JJ ,/, the/DT little/JJ pigs/NNS and/CC the/DT jeez/UH ,/, and/CC the/DT --/:",,
sw10utt/sw_1087_3214.utt,3/sw3214,3214,188,b,B,122,1,Uh-huh. /,Uh-huh/UH ./.,,
sw10utt/sw_1087_3214.utt,3/sw3214,3214,189,+,A,123,1,"-- ducks, ] and that, [ we had, + ] that was the big rage here, couple of years ago.  /","--/: ducks/NNS ,/, and/CC that/IN ,/, we/PRP had/VBD ,/, that/DT was/VBD the/DT big/JJ rage/NN here/RB ,/, couple/NN of/IN years/NNS ago/RB ./.",,
sw10utt/sw_1087_3214.utt,3/sw3214,3214,190,sd,A,123,2,{C And } I bought a lot of the country magazines -- /,And/CC I/PRP bought/VBD a/DT lot/NN of/IN the/DT country/NN magazines/NNS --/:,,
sw10utt/sw_1087_3214.utt,3/sw3214,3214,191,b,B,124,1,"Sure,  /","Sure/UH ,/,",,
sw10utt/sw_1087_3214.utt,3/sw3214,3214,192,b^r,B,124,2,sure. /,sure/UH ./.,,
sw10utt/sw_1087_3214.utt,3/sw3214,3214,193,sd,A,125,1,"-- {C and then } it seems like when I put some of  that away, I quit buying it,  /","--/: and/CC then/RB it/PRP seems/VBZ like/IN when/WRB I/PRP put/VBP some/DT of/IN that/DT away/RB ,/, I/PRP quit/VBD buying/VBG it/PRP ,/,",,
sw10utt/sw_1087_3214.utt,3/sw3214,3214,194,sd,A,125,2,{C but } I had forgotten the recipes -- /,but/CC I/PRP had/VBD forgotten/VBN the/DT recipes/NNS --/:,,
sw10utt/sw_1087_3214.utt,3/sw3214,3214,195,b,B,126,1,Uh-huh. /,Uh-huh/UH ./.,,
sw10utt/sw_1087_3214.utt,3/sw3214,3214,196,sd,A,127,1,"-- {C and } I'm going to, - /","--/: and/CC I/PRP 'm/VBP going/VBG to/TO ,/,",,
sw10utt/sw_1087_3214.utt,3/sw3214,3214,197,cc,A,127,2,"I'll have to check that out, /","I/PRP 'll/MD have/VB to/TO check/VB that/DT out/RP ,/,",,
sw10utt/sw_1087_3214.utt,3/sw3214,3214,198,b,B,128,1,"Yeah,  /","Yeah/UH ,/,",,
sw10utt/sw_1087_3214.utt,3/sw3214,3214,199,sd,B,128,2,"[ [ it, + it, ] + that's ]  what [ I, + I ] just went through, {F uh } -- /","it/PRP ,/, it/PRP ,/, that/DT 's/BES what/WP I/PRP ,/, I/PRP just/RB went/VBD through/IN ,/, uh/UH --/:",,
sw10utt/sw_1087_3214.utt,3/sw3214,3214,200,x,A,129,1,<Throat_clearing>.,,,
sw10utt/sw_1087_3214.utt,3/sw3214,3214,201,sd,B,130,1,-- we just recently moved from Minnesota to Wisconsin. /,--/: we/PRP just/RB recently/RB moved/VBD from/IN Minnesota/NNP to/IN Wisconsin/NNP ./.,,
sw10utt/sw_1087_3214.utt,3/sw3214,3214,202,b,A,131,1,Uh-huh. /,Uh-huh/UH ./.,,
sw10utt/sw_1087_3214.utt,3/sw3214,3214,203,sd,B,132,1,"I went through all this,  /","I/PRP went/VBD through/IN all/PDT this/DT ,/,",,
sw10utt/sw_1087_3214.utt,3/sw3214,3214,204,sd,B,132,2,I had this huge stack of HOUSE BEAUTIFUL -- /,I/PRP had/VBD this/DT huge/JJ stack/NN of/IN HOUSE/NNP BEAUTIFUL/NNP --/:,,
sw10utt/sw_1087_3214.utt,3/sw3214,3214,205,x,A,133,1,<Laughter>.,,,
sw10utt/sw_1087_3214.utt,3/sw3214,3214,206,sd,B,134,1,"-- I had COLONIAL TIMES,  /","--/: I/PRP had/VBD COLONIAL/NNP TIMES/NNPS ,/,",,
sw10utt/sw_1087_3214.utt,3/sw3214,3214,207,sd,B,134,2,I had GOURMET -- /,I/PRP had/VBD GOURMET/NNP --/:,,
sw10utt/sw_1087_3214.utt,3/sw3214,3214,208,^2,A,135,1,{C And } you don't want to part with any of them because there's --,And/CC you/PRP do/VBP n't/RB want/VB to/TO part/VB with/IN any/DT of/IN them/PRP because/IN there/EX 's/BES --/:,,
sw10utt/sw_1087_3214.utt,3/sw3214,3214,209,b,B,136,1,-- yeah. /,--/: yeah/UH ./.,,
sw10utt/sw_1087_3214.utt,3/sw3214,3214,210,+,A,137,1,-- one thing in each one <laughter>. /,--/: one/CD thing/NN in/IN each/DT one/CD ./.,,
sw10utt/sw_1087_3214.utt,3/sw3214,3214,211,sd,B,138,1,"It was hard,  /","It/PRP was/VBD hard/JJ ,/,",,
sw10utt/sw_1087_3214.utt,3/sw3214,3214,212,sd,B,138,2,"{C but } I ended up, {F uh, }  reducing them down to {D like } fifteen magazines out of, {F uh } --","but/CC I/PRP ended/VBD up/RP ,/, uh/UH ,/, reducing/VBG them/PRP down/IN to/IN like/UH fifteen/CD magazines/NNS out/IN of/IN ,/, uh/UH --/:",,
sw10utt/sw_1087_3214.utt,3/sw3214,3214,213,ba,A,139,1,"{F Oh, } that's good. /","Oh/UH ,/, that/DT 's/BES good/JJ ./.",,
sw10utt/sw_1087_3214.utt,3/sw3214,3214,214,+,B,140,1,-- hundreds.  /,--/: hundreds/NNS ./.,,
sw10utt/sw_1087_3214.utt,3/sw3214,3214,215,sd(^q),B,140,2,"{C And } I just said, {D Okay, }  there's one picture in there that, - /","And/CC I/PRP just/RB said/VBD ,/, Okay/UH ,/, there/EX 's/BES one/CD picture/NN in/IN there/RB that/WDT ,/,",,
sw10utt/sw_1087_3214.utt,3/sw3214,3214,216,sd,B,140,3,"it really doesn't,  {D you know } -- -/","it/PRP really/RB does/VBZ n't/RB ,/, you/PRP know/VBP --/:",,
sw10utt/sw_1087_3214.utt,3/sw3214,3214,217,b,A,141,1,Uh-huh. /,Uh-huh/UH ./.,,
sw10utt/sw_1087_3214.utt,3/sw3214,3214,218,sd,B,142,1,-- it's got to have more than that -- /,--/: it/PRP 's/HVS got/VBN to/TO have/VB more/JJR than/IN that/DT --/:,,
sw10utt/sw_1087_3214.utt,3/sw3214,3214,219,b,A,143,1,right. /,right/UH ./.,,
sw10utt/sw_1087_3214.utt,3/sw3214,3214,220,sd,B,144,1,-- it's got to have some good ideas -- /,--/: it/PRP 's/HVS got/VBN to/TO have/VB some/DT good/JJ ideas/NNS --/:,,
sw10utt/sw_1087_3214.utt,3/sw3214,3214,221,b,A,145,1,Right. /,Right/UH ./.,,
sw10utt/sw_1087_3214.utt,3/sw3214,3214,222,sd,B,146,1,-- it's got to have everything.  /,--/: it/PRP 's/HVS got/VBN to/TO have/VB everything/NN ./.,,
sw10utt/sw_1087_3214.utt,3/sw3214,3214,223,sd,B,146,2,"{C So } I just kind of went through,  /","So/RB I/PRP just/RB kind/RB of/RB went/VBD through/RB ,/,",,
sw10utt/sw_1087_3214.utt,3/sw3214,3214,224,sd,B,146,3,"{C and } I find that most of the magazines  I really like is around Christmas time because, -/","and/CC I/PRP find/VBP that/IN most/JJS of/IN the/DT magazines/NNS I/PRP really/RB like/VBP is/VBZ around/IN Christmas/NNP time/NN because/IN ,/,",,
sw10utt/sw_1087_3214.utt,3/sw3214,3214,225,ba,A,147,1,"[ I, + I ] know, -/","I/PRP ,/, I/PRP know/VBP ,/,",,
