swda_filename,ptb_basename,conversation_no,transcript_index,act_tag,caller,utterance_index,subutterance_index,text,pos,trees,ptb_treenumbers
sw10utt/sw_1086_3057.utt,3/sw3057,3057,0,fp,A,1,1,Hi  /,Hi/UH,,
sw10utt/sw_1086_3057.utt,3/sw3057,3057,1,ad,A,1,2,you want to start first <laughter>? /,you/PRP want/VBP to/TO start/VB first/RB ?/.,,
sw10utt/sw_1086_3057.utt,3/sw3057,3057,2,aa,B,2,1,Of course.  /,Of/IN course/NN ./.,,
sw10utt/sw_1086_3057.utt,3/sw3057,3057,3,sd^t,B,2,2,"We are talking about the elderly and,","We/PRP are/VBP talking/VBG about/IN the/DT elderly/JJ and/CC ,/,",,
sw10utt/sw_1086_3057.utt,3/sw3057,3057,4,b,A,3,1,Right. /,Right/UH ./.,,
sw10utt/sw_1086_3057.utt,3/sw3057,3057,5,+,B,4,1,"{F uh, } whether or not [ we wo-, + we ]  like nursing homes  /","uh/UH ,/, whether/IN or/CC not/RB we/PRP wo/MD ,/, we/PRP like/VBP nursing/NN homes/NNS",,
sw10utt/sw_1086_3057.utt,3/sw3057,3057,6,sd,B,4,2,"{C and, }","and/CC ,/,",,
sw10utt/sw_1086_3057.utt,3/sw3057,3057,7,b,A,5,1,Uh-huh. /,Uh-huh/UH ./.,,
sw10utt/sw_1086_3057.utt,3/sw3057,3057,8,+,B,6,1,"as a matter of fact, I can tell you something about that. /","as/IN a/DT matter/NN of/IN fact/NN ,/, I/PRP can/MD tell/VB you/PRP something/NN about/IN that/DT ./.",,
sw10utt/sw_1086_3057.utt,3/sw3057,3057,9,qy^d,A,7,1,"You apparently have somebody there, in one. /","You/PRP apparently/RB have/VBP somebody/NN there/RB ,/, in/IN one/CD ./.",,
sw10utt/sw_1086_3057.utt,3/sw3057,3057,10,nn,B,8,1,"No,  /","No/UH ,/,",,
sw10utt/sw_1086_3057.utt,3/sw3057,3057,11,sd^e,B,8,2,"{D actually, } my grandmother owned and operated a nursing home for years  /","actually/RB ,/, my/PRP$ grandmother/NN owned/VBD and/CC operated/VBD a/DT nursing/NN home/NN for/IN years/NNS",,
sw10utt/sw_1086_3057.utt,3/sw3057,3057,12,sd,B,8,3,"{C and } her mother, -/","and/CC her/PRP$ mother/NN ,/,",,
sw10utt/sw_1086_3057.utt,3/sw3057,3057,13,qy,A,9,1,"{F Oh, } you are kidding? /","Oh/UH ,/, you/PRP are/VBP kidding/VBG ?/.",,
sw10utt/sw_1086_3057.utt,3/sw3057,3057,14,nn,B,10,1,"No,  /","No/UH ,/,",,
sw10utt/sw_1086_3057.utt,3/sw3057,3057,15,sd^e,B,10,2,she did. /,she/PRP did/VBD ./.,,
sw10utt/sw_1086_3057.utt,3/sw3057,3057,16,b,A,11,1,Oh. /,Oh/UH ./.,,
sw10utt/sw_1086_3057.utt,3/sw3057,3057,17,sd,B,12,1,"{C And then } my mother also  owned and operated a nursing home,","And/CC then/RB my/PRP$ mother/NN also/RB owned/VBD and/CC operated/VBD a/DT nursing/NN home/NN ,/,",,
sw10utt/sw_1086_3057.utt,3/sw3057,3057,18,b,A,13,1,Uh-huh. /,Uh-huh/UH ./.,,
sw10utt/sw_1086_3057.utt,3/sw3057,3057,19,+,B,14,1,for years.,for/IN years/NNS ./.,,
sw10utt/sw_1086_3057.utt,3/sw3057,3057,20,ba,A,15,1,I will be darned. /,I/PRP will/MD be/VB darned/JJ ./.,,
sw10utt/sw_1086_3057.utt,3/sw3057,3057,21,+,B,16,1,"And then, {F uh, } went on back to school and  became the director of nurses at a nursing home <sigh>. /","And/CC then/RB ,/, uh/UH ,/, went/VBD on/IN back/RB to/IN school/NN and/CC became/VBD the/DT director/NN of/IN nurses/NNS at/IN a/DT nursing/NN home/NN ./.",,
sw10utt/sw_1086_3057.utt,3/sw3057,3057,22,b,A,17,1,Uh-huh. /,Uh-huh/UH ./.,,
sw10utt/sw_1086_3057.utt,3/sw3057,3057,23,sd,B,18,1,"{C And, } {F uh, } my mother and my older sister  both are geriatric nurses. /","And/CC ,/, uh/UH ,/, my/PRP$ mother/NN and/CC my/PRP$ older/JJR sister/NN both/DT are/VBP geriatric/JJ nurses/NNS ./.",,
sw10utt/sw_1086_3057.utt,3/sw3057,3057,24,ba,A,19,1,"{F Oh, } for heaven's sake. /","Oh/UH ,/, for/IN heaven/NN 's/POS sake/NN ./.",,
sw10utt/sw_1086_3057.utt,3/sw3057,3057,25,sd,B,20,1,"{C So, } I do know something <laughter> about that. /","So/RB ,/, I/PRP do/VBP know/VB something/NN about/IN that/DT ./.",,
sw10utt/sw_1086_3057.utt,3/sw3057,3057,26,sv,A,21,1,"You are very, very much aware of what goes on. /","You/PRP are/VBP very/RB ,/, very/RB much/RB aware/JJ of/IN what/WP goes/VBZ on/RP ./.",,
sw10utt/sw_1086_3057.utt,3/sw3057,3057,27,aa,B,22,1,Absolutely. /,Absolutely/UH ./.,,
sw10utt/sw_1086_3057.utt,3/sw3057,3057,28,ba,A,23,1,<Laughter> That is great. /,That/DT is/VBZ great/JJ ./.,,
sw10utt/sw_1086_3057.utt,3/sw3057,3057,29,sd,B,24,1,"{D Actually, } the motivation for  Grandmother entering the business,","Actually/RB ,/, the/DT motivation/NN for/IN Grandmother/NNP entering/VBG the/DT business/NN ,/,",,
sw10utt/sw_1086_3057.utt,3/sw3057,3057,30,b,A,25,1,Uh-huh. /,Uh-huh/UH ./.,,
sw10utt/sw_1086_3057.utt,3/sw3057,3057,31,+,B,26,1,"was that her mother was very old,","was/VBD that/IN her/PRP$ mother/NN was/VBD very/RB old/JJ ,/,",,
sw10utt/sw_1086_3057.utt,3/sw3057,3057,32,b,A,27,1,Uh-huh. /,Uh-huh/UH ./.,,
sw10utt/sw_1086_3057.utt,3/sw3057,3057,33,+,B,28,1,and couldn't seem to find companions. /,and/CC could/MD n't/RB seem/VB to/TO find/VB companions/NNS ./.,,
sw10utt/sw_1086_3057.utt,3/sw3057,3057,34,b,A,29,1,"Uh-huh,  /","Uh-huh/UH ,/,",,
sw10utt/sw_1086_3057.utt,3/sw3057,3057,35,b^r,A,29,2,uh-huh. /,uh-huh/UH ./.,,
sw10utt/sw_1086_3057.utt,3/sw3057,3057,36,sd,B,30,1,She was lonely. /,She/PRP was/VBD lonely/JJ ./.,,
sw10utt/sw_1086_3057.utt,3/sw3057,3057,37,b,A,31,1,Right. /,Right/UH ./.,,
sw10utt/sw_1086_3057.utt,3/sw3057,3057,38,sd,B,32,1,"{C And } she needed company,","And/CC she/PRP needed/VBD company/NN ,/,",,
sw10utt/sw_1086_3057.utt,3/sw3057,3057,39,b,A,33,1,Right. /,Right/UH ./.,,
sw10utt/sw_1086_3057.utt,3/sw3057,3057,40,+,B,34,1,for her mother  /,for/IN her/PRP$ mother/NN,,
sw10utt/sw_1086_3057.utt,3/sw3057,3057,41,sd,B,34,2,{C and so she } opened a  nursing home and initially started with eight ladies. /,and/CC so/RB she/PRP opened/VBD a/DT nursing/NN home/NN and/CC initially/RB started/VBD with/IN eight/CD ladies/NNS ./.,,
sw10utt/sw_1086_3057.utt,3/sw3057,3057,42,ba,A,35,1,I will be darned. /,I/PRP will/MD be/VB darned/JJ ./.,,
sw10utt/sw_1086_3057.utt,3/sw3057,3057,43,sd,B,36,1,"{C And then, } {F uh, } [ it, + it ] grew into a,","And/CC then/RB ,/, uh/UH ,/, it/PRP ,/, it/PRP grew/VBD into/IN a/DT ,/,",,
sw10utt/sw_1086_3057.utt,3/sw3057,3057,44,b,A,37,1,"Uh-huh,  /","Uh-huh/UH ,/,",,
sw10utt/sw_1086_3057.utt,3/sw3057,3057,45,b^r,A,37,2,"uh-huh,  /","uh-huh/UH ,/,",,
sw10utt/sw_1086_3057.utt,3/sw3057,3057,46,b^r,A,37,3,uh-huh. /,uh-huh/UH ./.,,
sw10utt/sw_1086_3057.utt,3/sw3057,3057,47,+,B,38,1,very prosperous business from that point.  /,very/RB prosperous/JJ business/NN from/IN that/DT point/NN ./.,,
sw10utt/sw_1086_3057.utt,3/sw3057,3057,48,%,B,38,2,"{F Uh, } then they, -/","Uh/UH ,/, then/RB they/PRP ,/,",,
sw10utt/sw_1086_3057.utt,3/sw3057,3057,49,sv,A,39,1,"{D Now, } {D see } that is a nice attitude to go into. /","Now/RB ,/, see/VB that/DT is/VBZ a/DT nice/JJ attitude/NN to/TO go/VB into/IN ./.",,
sw10utt/sw_1086_3057.utt,3/sw3057,3057,50,b,B,40,1,Uh-huh. /,Uh-huh/UH ./.,,
sw10utt/sw_1086_3057.utt,3/sw3057,3057,51,sv,A,41,1,"{F Uh, } it seems like they must be waiting  until it is a necessity -- /","Uh/UH ,/, it/PRP seems/VBZ like/IN they/PRP must/MD be/VB waiting/VBG until/IN it/PRP is/VBZ a/DT necessity/NN --/:",,
sw10utt/sw_1086_3057.utt,3/sw3057,3057,52,b,B,42,1,Uh-huh. /,Uh-huh/UH ./.,,
sw10utt/sw_1086_3057.utt,3/sw3057,3057,53,sv,A,43,1,"-- {C and } there is no chance of, {F uh, }  good companionship or doing anything. /","--/: and/CC there/EX is/VBZ no/DT chance/NN of/IN ,/, uh/UH ,/, good/JJ companionship/NN or/CC doing/VBG anything/NN ./.",,
sw10utt/sw_1086_3057.utt,3/sw3057,3057,54,ad,B,44,1,"{D Well, } that is not really true, either, {F uh, }  /","Well/UH ,/, that/DT is/VBZ not/RB really/RB true/JJ ,/, either/RB ,/, uh/UH ,/,",,
sw10utt/sw_1086_3057.utt,3/sw3057,3057,55,sv,B,44,2,"I think that is a stigma  [ and an  I, +","I/PRP think/VBP that/DT is/VBZ a/DT stigma/NN and/CC an/CC I/PRP ,/,",,
sw10utt/sw_1086_3057.utt,3/sw3057,3057,56,b,A,45,1,Uh-huh. /,Uh-huh/UH ./.,,
sw10utt/sw_1086_3057.utt,3/sw3057,3057,57,+,B,46,1,and an ] impression that has come  from some few bad experiences.  /,and/CC an/DT impression/NN that/WDT has/VBZ come/VBN from/IN some/DT few/JJ bad/JJ experiences/NNS ./.,,
sw10utt/sw_1086_3057.utt,3/sw3057,3057,58,sd,B,46,2,"{D You see, } those who had bad experiences talk about them. /","You/PRP see/VBP ,/, those/DT who/WP had/VBD bad/JJ experiences/NNS talk/VBP about/IN them/PRP ./.",,
sw10utt/sw_1086_3057.utt,3/sw3057,3057,59,b,A,47,1,"{F Uh, } right,  /","Uh/UH ,/, right/UH ,/,",,
sw10utt/sw_1086_3057.utt,3/sw3057,3057,60,b^r,A,47,2,right. /,right/UH ./.,,
sw10utt/sw_1086_3057.utt,3/sw3057,3057,61,sd,B,48,1,"{C And } those who do not may write,","And/CC those/DT who/WP do/VBP not/RB may/MD write/VB ,/,",,
sw10utt/sw_1086_3057.utt,3/sw3057,3057,62,b,A,49,1,Uh-huh. /,Uh-huh/UH ./.,,
sw10utt/sw_1086_3057.utt,3/sw3057,3057,63,+,B,50,1,"a letter to the nursing home and say you did good, /","a/DT letter/NN to/IN the/DT nursing/NN home/NN and/CC say/VBP you/PRP did/VBD good/RB ,/,",,
sw10utt/sw_1086_3057.utt,3/sw3057,3057,64,b,A,51,1,Uh-huh. /,Uh-huh/UH ./.,,
sw10utt/sw_1086_3057.utt,3/sw3057,3057,65,sd,B,52,1,{C but } they do not talk a whole lot about that. /,but/CC they/PRP do/VBP not/RB talk/VB a/DT whole/JJ lot/NN about/IN that/DT ./.,,
sw10utt/sw_1086_3057.utt,3/sw3057,3057,66,ba,A,53,1,That is true.  /,That/DT is/VBZ true/JJ ./.,,
sw10utt/sw_1086_3057.utt,3/sw3057,3057,67,sd,A,53,2,"{C But } what I mean is instead of  maybe entering a nursing home,","But/CC what/WP I/PRP mean/VBP is/VBZ instead/IN of/IN maybe/RB entering/VBG a/DT nursing/NN home/NN ,/,",,
sw10utt/sw_1086_3057.utt,3/sw3057,3057,68,b,B,54,1,Uh-huh. /,Uh-huh/UH ./.,,
sw10utt/sw_1086_3057.utt,3/sw3057,3057,69,+,A,55,1,"when you are still able to have good,","when/WRB you/PRP are/VBP still/RB able/JJ to/TO have/VB good/JJ ,/,",,
sw10utt/sw_1086_3057.utt,3/sw3057,3057,70,b,B,56,1,Uh-huh. /,Uh-huh/UH ./.,,
sw10utt/sw_1086_3057.utt,3/sw3057,3057,71,+,A,57,1,"relationships with,","relationships/NNS with/IN ,/,",,
sw10utt/sw_1086_3057.utt,3/sw3057,3057,72,b,B,58,1,Uh-huh. /,Uh-huh/UH ./.,,
sw10utt/sw_1086_3057.utt,3/sw3057,3057,73,+,A,59,1,maybe other friends --,maybe/RB other/JJ friends/NNS --/:,,
sw10utt/sw_1086_3057.utt,3/sw3057,3057,74,b,B,60,1,Sure.  /,Sure/UH ./.,,
sw10utt/sw_1086_3057.utt,3/sw3057,3057,75,ba,B,60,2,"{D Well } now,","Well/UH now/RB ,/,",,
sw10utt/sw_1086_3057.utt,3/sw3057,3057,76,+,A,61,1,"-- they wait until they are, {D you know, } unable. /","--/: they/PRP wait/VBP until/IN they/PRP are/VBP ,/, you/PRP know/VBP ,/, unable/JJ ./.",,
sw10utt/sw_1086_3057.utt,3/sw3057,3057,77,+,B,62,1,That is right.  /,That/DT is/VBZ right/JJ ./.,,
sw10utt/sw_1086_3057.utt,3/sw3057,3057,78,sv,B,62,2,"{D Well, } that is because  they wait until the children make those choices,","Well/UH ,/, that/DT is/VBZ because/IN they/PRP wait/VBP until/IN the/DT children/NNS make/VBP those/DT choices/NNS ,/,",,
sw10utt/sw_1086_3057.utt,3/sw3057,3057,79,b,A,63,1,Right. /,Right/UH ./.,,
sw10utt/sw_1086_3057.utt,3/sw3057,3057,80,+,B,64,1,"they choose to not make those,","they/PRP choose/VBP to/TO not/RB make/VB those/DT ,/,",,
sw10utt/sw_1086_3057.utt,3/sw3057,3057,81,b,A,65,1,"Right,  /","Right/UH ,/,",,
sw10utt/sw_1086_3057.utt,3/sw3057,3057,82,b^r,A,65,2,right. /,right/UH ./.,,
sw10utt/sw_1086_3057.utt,3/sw3057,3057,83,+,B,66,1,choices themselves.   /,choices/NNS themselves/PRP ./.,,
sw10utt/sw_1086_3057.utt,3/sw3057,3057,84,sd,B,66,2,"However, my daughter-in-law <sigh>  also is a nurse in a nursing home. /","However/RB ,/, my/PRP$ daughter-in-law/NN also/RB is/VBZ a/DT nurse/NN in/IN a/DT nursing/NN home/NN ./.",,
sw10utt/sw_1086_3057.utt,3/sw3057,3057,85,b,A,67,1,Uh-huh. /,Uh-huh/UH ./.,,
sw10utt/sw_1086_3057.utt,3/sw3057,3057,86,sd,B,68,1,"{C And, } {F uh, } she works for one  here in Dallas, which is more a retirement village than it is a nursing home.  /","And/CC ,/, uh/UH ,/, she/PRP works/VBZ for/IN one/CD here/RB in/IN Dallas/NNP ,/, which/WDT is/VBZ more/JJR a/DT retirement/NN village/NN than/IN it/PRP is/VBZ a/DT nursing/NN home/NN ./.",,
sw10utt/sw_1086_3057.utt,3/sw3057,3057,87,%,B,68,2,"{C And } [ these, + these, ] -/","And/CC these/DT ,/, these/DT ,/,",,
sw10utt/sw_1086_3057.utt,3/sw3057,3057,88,b,A,69,1,"{F Uh, } uh-huh. /","Uh/UH ,/, uh-huh/UH ./.",,
sw10utt/sw_1086_3057.utt,3/sw3057,3057,89,sd(^q),B,70,1,"I love watching these elderly people  come,  they will come and tell her. {D ""Well } I am going for my,","I/PRP love/VBP watching/VBG these/DT elderly/JJ people/NNS come/VB ,/, they/PRP will/MD come/VB and/CC tell/VB her/PRP$ ./. ``/`` Well/UH I/PRP am/VBP going/VBG for/IN my/PRP$ ,/,",,
sw10utt/sw_1086_3057.utt,3/sw3057,3057,90,b,A,71,1,Uh-huh. /,Uh-huh/UH ./.,,
sw10utt/sw_1086_3057.utt,3/sw3057,3057,91,+,B,72,1,tennis lessons. /,tennis/NN lessons/NNS ./.,,
sw10utt/sw_1086_3057.utt,3/sw3057,3057,92,x,A,73,1,<Laughter>.,,,
sw10utt/sw_1086_3057.utt,3/sw3057,3057,93,^q,B,74,1,"{C And, } {F uh, } [ would yo-, + would you, ]  {D you know, } call down and have the van come around and take,","And/CC ,/, uh/UH ,/, would/MD yo-/PRP ,/, would/MD you/PRP ,/, you/PRP know/VBP ,/, call/VB down/RP and/CC have/VB the/DT van/NNP come/VB around/RB and/CC take/VB ,/,",,
sw10utt/sw_1086_3057.utt,3/sw3057,3057,94,b,A,75,1,"Uh-huh,  /","Uh-huh/UH ,/,",,
sw10utt/sw_1086_3057.utt,3/sw3057,3057,95,b^r,A,75,2,uh-huh. /,uh-huh/UH ./.,,
sw10utt/sw_1086_3057.utt,3/sw3057,3057,96,+,B,76,1,"us for our tennis lessons.""  /",us/PRP for/IN our/PRP$ tennis/NN lessons/NNS ./. ''/'',,
sw10utt/sw_1086_3057.utt,3/sw3057,3057,97,sd,B,76,2,{C And } they are  very active and very enthusiastic  /,And/CC they/PRP are/VBP very/RB active/JJ and/CC very/RB enthusiastic/JJ,,
sw10utt/sw_1086_3057.utt,3/sw3057,3057,98,sd,B,76,3,"{C and } they have,","and/CC they/PRP have/VBP ,/,",,
sw10utt/sw_1086_3057.utt,3/sw3057,3057,99,b,A,77,1,Uh-huh. /,Uh-huh/UH ./.,,
sw10utt/sw_1086_3057.utt,3/sw3057,3057,100,+,B,78,1,some excellent programs right there on site. /,some/DT excellent/JJ programs/NNS right/RB there/RB on/IN site/NN ./.,,
sw10utt/sw_1086_3057.utt,3/sw3057,3057,101,b,A,79,1,Yeah. /,Yeah/UH ./.,,
sw10utt/sw_1086_3057.utt,3/sw3057,3057,102,sv,B,80,1,"<Sigh> Their dining room looks like, {D you know, }  Luby's Cafeteria. /","Their/PRP$ dining/NN room/NN looks/VBZ like/IN ,/, you/PRP know/VBP ,/, Luby/NNP 's/POS Cafeteria/NNP ./.",,
sw10utt/sw_1086_3057.utt,3/sw3057,3057,103,b,A,81,1,Yeah.  /,Yeah/UH ./.,,
sw10utt/sw_1086_3057.utt,3/sw3057,3057,104,ba,A,81,2,That is great. /,That/DT is/VBZ great/JJ ./.,,
sw10utt/sw_1086_3057.utt,3/sw3057,3057,105,sd,B,82,1,"[ Or, + or ] one of the lovely  cafeterias.  /","Or/CC ,/, or/CC one/CD of/IN the/DT lovely/JJ cafeterias/NNS ./.",,
sw10utt/sw_1086_3057.utt,3/sw3057,3057,106,sd,B,82,2,"{C And } they have, {D you know, } pink linen napkins for their dinners.","And/CC they/PRP have/VBP ,/, you/PRP know/VBP ,/, pink/JJ linen/NN napkins/NNS for/IN their/PRP$ dinners/NNS ./.",,
sw10utt/sw_1086_3057.utt,3/sw3057,3057,107,b,A,83,1,"Uh-huh,  /","Uh-huh/UH ,/,",,
sw10utt/sw_1086_3057.utt,3/sw3057,3057,108,b^r,A,83,2,uh-huh. /,uh-huh/UH ./.,,
sw10utt/sw_1086_3057.utt,3/sw3057,3057,109,+,B,84,1,"And, <sigh> a well equipped library. /","And/CC ,/, a/DT well/RB equipped/JJ library/NN ./.",,
sw10utt/sw_1086_3057.utt,3/sw3057,3057,110,b,A,85,1,"Yeah,  /","Yeah/UH ,/,",,
sw10utt/sw_1086_3057.utt,3/sw3057,3057,111,ba,A,85,2,that sounds great. /,that/WDT sounds/VBZ great/JJ ./.,,
sw10utt/sw_1086_3057.utt,3/sw3057,3057,112,sv,B,86,1,"{F Oh, } I am certainly very much for a  nursing home  /","Oh/UH ,/, I/PRP am/VBP certainly/RB very/RB much/RB for/IN a/DT nursing/NN home/NN",,
sw10utt/sw_1086_3057.utt,3/sw3057,3057,113,sd,B,86,2,"{C and } I think when [ the, + the ] parent gets old enough,","and/CC I/PRP think/VBP when/WRB the/DT ,/, the/DT parent/NN gets/VBZ old/JJ enough/RB ,/,",,
sw10utt/sw_1086_3057.utt,3/sw3057,3057,114,b,A,87,1,Yeah. /,Yeah/UH ./.,,
sw10utt/sw_1086_3057.utt,3/sw3057,3057,115,+,B,88,1,"to the extent where they just do not  want to be bothered with keeping house,","to/IN the/DT extent/NN where/WRB they/PRP just/RB do/VBP not/RB want/VB to/TO be/VB bothered/VBN with/IN keeping/VBG house/NN ,/,",,
sw10utt/sw_1086_3057.utt,3/sw3057,3057,116,b,A,89,1,Uh-huh. /,Uh-huh/UH ./.,,
sw10utt/sw_1086_3057.utt,3/sw3057,3057,117,+,B,90,1,"and with taking care of themselves,","and/CC with/IN taking/VBG care/NN of/IN themselves/PRP ,/,",,
sw10utt/sw_1086_3057.utt,3/sw3057,3057,118,b,A,91,1,Uh-huh. /,Uh-huh/UH ./.,,
sw10utt/sw_1086_3057.utt,3/sw3057,3057,119,+,B,92,1,anymore.  That is a wonderful alternative. /,anymore/RB ./. That/DT is/VBZ a/DT wonderful/JJ alternative/NN ./.,,
sw10utt/sw_1086_3057.utt,3/sw3057,3057,120,b,A,93,1,Uh-huh. /,Uh-huh/UH ./.,,
sw10utt/sw_1086_3057.utt,3/sw3057,3057,121,sv,B,94,1,It is expensive.  /,It/PRP is/VBZ expensive/JJ ./.,,
sw10utt/sw_1086_3057.utt,3/sw3057,3057,122,sv,B,94,2,It is costly. /,It/PRP is/VBZ costly/JJ ./.,,
sw10utt/sw_1086_3057.utt,3/sw3057,3057,123,sv,A,95,1,"{D See } if they [ could, + could ]  get this idea across though, better than what it is,","See/VB if/IN they/PRP could/MD ,/, could/MD get/VB this/DT idea/NN across/RB though/RB ,/, better/JJR than/IN what/WP it/PRP is/VBZ ,/,",,
sw10utt/sw_1086_3057.utt,3/sw3057,3057,124,b,B,96,1,Uh-huh. /,Uh-huh/UH ./.,,
sw10utt/sw_1086_3057.utt,3/sw3057,3057,125,+,A,97,1,"{D you, know. } -/","you/PRP ,/, know/VB ./.",,
sw10utt/sw_1086_3057.utt,3/sw3057,3057,126,sd,B,98,1,"{D Well, } now my daddy's mother, {F uh, }  lived in [ a, + a ] retirement village  /","Well/UH ,/, now/RB my/PRP$ daddy/NN 's/POS mother/NN ,/, uh/UH ,/, lived/VBD in/IN a/DT ,/, a/DT retirement/NN village/NN",,
sw10utt/sw_1086_3057.utt,3/sw3057,3057,127,sd,B,98,2,"{C and } she and her sister had side by side duplexes,","and/CC she/PRP and/CC her/PRP$ sister/NN had/VBD side/NN by/IN side/NN duplexes/NNS ,/,",,
sw10utt/sw_1086_3057.utt,3/sw3057,3057,128,b,A,99,1,Uh-huh. /,Uh-huh/UH ./.,,
sw10utt/sw_1086_3057.utt,3/sw3057,3057,129,+,B,100,1,one bedroom duplex.  /,one/CD bedroom/NN duplex/NN ./.,,
sw10utt/sw_1086_3057.utt,3/sw3057,3057,130,sd,B,100,2,"<sigh> She still had her individuality, /","She/PRP still/RB had/VBD her/PRP$ individuality/NN ,/,",,
sw10utt/sw_1086_3057.utt,3/sw3057,3057,131,b,A,101,1,Uh-huh. /,Uh-huh/UH ./.,,
sw10utt/sw_1086_3057.utt,3/sw3057,3057,132,sd,B,102,1,{C but } they were there close  /,but/CC they/PRP were/VBD there/RB close/RB,,
sw10utt/sw_1086_3057.utt,3/sw3057,3057,133,sd,B,102,2,"{C and } they did  have, {F uh, } {D you know, } the button that you could push the central office  if you got into problems  /","and/CC they/PRP did/VBD have/VBP ,/, uh/UH ,/, you/PRP know/VBP ,/, the/DT button/NN that/WDT you/PRP could/MD push/VB the/DT central/JJ office/NN if/IN you/PRP got/VBD into/IN problems/NNS",,
sw10utt/sw_1086_3057.utt,3/sw3057,3057,134,sd,B,102,3,"{C and, }","and/CC ,/,",,
sw10utt/sw_1086_3057.utt,3/sw3057,3057,135,b,A,103,1,Uh-huh. /,Uh-huh/UH ./.,,
sw10utt/sw_1086_3057.utt,3/sw3057,3057,136,+,B,104,1,there were lights that you could flip  on and so forth.  /,there/EX were/VBD lights/NNS that/WDT you/PRP could/MD flip/VB on/RP and/CC so/RB forth/RB ./.,,
sw10utt/sw_1086_3057.utt,3/sw3057,3057,137,sd,B,104,2,{C And } they  ((   )) have security. -/,And/CC they/PRP MUMBLEx/XX have/VBP security/NN ./.,,
sw10utt/sw_1086_3057.utt,3/sw3057,3057,138,b,A,105,1,Uh-huh. /,Uh-huh/UH ./.,,
sw10utt/sw_1086_3057.utt,3/sw3057,3057,139,b,B,106,1,"No,  /","No/UH ,/,",,
sw10utt/sw_1086_3057.utt,3/sw3057,3057,140,sd,B,106,2,"I am very much in favor, - /","I/PRP am/VBP very/RB much/RB in/IN favor/NN ,/,",,
sw10utt/sw_1086_3057.utt,3/sw3057,3057,141,sd,B,106,3,"I have heard horror stories, /","I/PRP have/VBP heard/VBN horror/NN stories/NNS ,/,",,
sw10utt/sw_1086_3057.utt,3/sw3057,3057,142,sd,A,107,1,"{F Oh, } {D well } you have that with anything. /","Oh/UH ,/, well/UH you/PRP have/VBP that/DT with/IN anything/NN ./.",,
sw10utt/sw_1086_3057.utt,3/sw3057,3057,143,sd,B,108,1,"I know that the elderly can easily be abused, /","I/PRP know/VBP that/IN the/DT elderly/JJ can/MD easily/RB be/VB abused/VBN ,/,",,
sw10utt/sw_1086_3057.utt,3/sw3057,3057,144,b,A,109,1,{F Oh }  (( yeah  )) . /,Oh/UH yeah/UH ./.,,
sw10utt/sw_1086_3057.utt,3/sw3057,3057,145,sd,B,110,1,"{C but } I would be willing to bet they are  far less abused in a nursing home than [ are, + they are ] in,","but/CC I/PRP would/MD be/VB willing/JJ to/TO bet/VB they/PRP are/VBP far/RB less/RBR abused/VBN in/IN a/DT nursing/NN home/NN than/IN are/VBP ,/, they/PRP are/VBP in/IN ,/,",,
sw10utt/sw_1086_3057.utt,3/sw3057,3057,146,^2,A,111,1,"In the homes, yeah. /","In/IN the/DT homes/NNS ,/, yeah/UH ./.",,
sw10utt/sw_1086_3057.utt,3/sw3057,3057,147,+,B,112,1,homes of their own children. /,homes/NNS of/IN their/PRP$ own/JJ children/NNS ./.,,
sw10utt/sw_1086_3057.utt,3/sw3057,3057,148,sd,A,113,1,"{D Well, }","Well/UH ,/,",,
sw10utt/sw_1086_3057.utt,3/sw3057,3057,149,b,B,114,1,Uh-huh. /,Uh-huh/UH ./.,,
sw10utt/sw_1086_3057.utt,3/sw3057,3057,150,+,A,115,1,"we used our nursing home as, {F uh, } - /","we/PRP used/VBD our/PRP$ nursing/NN home/NN as/IN ,/, uh/UH ,/,",,
sw10utt/sw_1086_3057.utt,3/sw3057,3057,151,sd,A,115,2,like  when my sister was real bad before she died --,like/IN when/WRB my/PRP$ sister/NN was/VBD real/RB bad/JJ before/IN she/PRP died/VBD --/:,,
sw10utt/sw_1086_3057.utt,3/sw3057,3057,152,b,B,116,1,Uh-huh. /,Uh-huh/UH ./.,,
sw10utt/sw_1086_3057.utt,3/sw3057,3057,153,+,A,117,1,"-- {F uh, } we took her the last month and a half,","--/: uh/UH ,/, we/PRP took/VBD her/PRP the/DT last/JJ month/NN and/CC a/DT half/NN ,/,",,
sw10utt/sw_1086_3057.utt,3/sw3057,3057,154,b,B,118,1,Uh-huh. /,Uh-huh/UH ./.,,
sw10utt/sw_1086_3057.utt,3/sw3057,3057,155,+,A,119,1,into a nursing home. /,into/IN a/DT nursing/NN home/NN ./.,,
sw10utt/sw_1086_3057.utt,3/sw3057,3057,156,b,B,120,1,Uh-huh. /,Uh-huh/UH ./.,,
sw10utt/sw_1086_3057.utt,3/sw3057,3057,157,sd,A,121,1,{C And } they were super with her. /,And/CC they/PRP were/VBD super/JJ with/IN her/PRP$ ./.,,
sw10utt/sw_1086_3057.utt,3/sw3057,3057,158,aa,B,122,1,Absolutely. /,Absolutely/UH ./.,,
sw10utt/sw_1086_3057.utt,3/sw3057,3057,159,sd,A,123,1,"They were, {F uh, } /","They/PRP were/VBD ,/, uh/UH ,/,",,
sw10utt/sw_1086_3057.utt,3/sw3057,3057,160,sd,B,124,1,"{D Well } now, my grandmother, - /","Well/UH now/RB ,/, my/PRP$ grandmother/NN ,/,",,
sw10utt/sw_1086_3057.utt,3/sw3057,3057,161,sd,B,124,2,of course all of my  folks lived to be very old -- /,of/IN course/NN all/DT of/IN my/PRP$ folks/NNS lived/VBD to/TO be/VB very/RB old/JJ --/:,,
sw10utt/sw_1086_3057.utt,3/sw3057,3057,162,b,A,125,1,Uh-huh. /,Uh-huh/UH ./.,,
sw10utt/sw_1086_3057.utt,3/sw3057,3057,163,sd,B,126,1,"-- {C and } my grandmother developed Hodgkin's Disease,","--/: and/CC my/PRP$ grandmother/NN developed/VBD Hodgkin/NNP 's/POS Disease/NNP ,/,",,
sw10utt/sw_1086_3057.utt,3/sw3057,3057,164,b,A,127,1,Uh-huh. /,Uh-huh/UH ./.,,
sw10utt/sw_1086_3057.utt,3/sw3057,3057,165,+,B,128,1,"when she was in her [ late eighties, +","when/WRB she/PRP was/VBD in/IN her/PRP$ late/JJ eighties/NNS ,/,",,
sw10utt/sw_1086_3057.utt,3/sw3057,3057,166,b,A,129,1,Uh-huh. /,Uh-huh/UH ./.,,
sw10utt/sw_1086_3057.utt,3/sw3057,3057,167,+,B,130,1,"{F uh, } late seventies, ] {E I mean. } /","uh/UH ,/, late/JJ seventies/NNS ,/, I/PRP mean/VBP ./.",,
sw10utt/sw_1086_3057.utt,3/sw3057,3057,168,b,A,131,1,Uh-huh. /,Uh-huh/UH ./.,,
sw10utt/sw_1086_3057.utt,3/sw3057,3057,169,sd,B,132,1,"<Sigh> She went to the doctor,  /","She/PRP went/VBD to/IN the/DT doctor/NN ,/,",,
sw10utt/sw_1086_3057.utt,3/sw3057,3057,170,sd,B,132,2,"she had surgery,  /","she/PRP had/VBD surgery/NN ,/,",,
sw10utt/sw_1086_3057.utt,3/sw3057,3057,171,sd,B,132,3,she got the treatments  /,she/PRP got/VBD the/DT treatments/NNS,,
sw10utt/sw_1086_3057.utt,3/sw3057,3057,172,sd,B,132,4,"{C and } during,","and/CC during/IN ,/,",,
sw10utt/sw_1086_3057.utt,3/sw3057,3057,173,b,A,133,1,"Uh-huh,  /","Uh-huh/UH ,/,",,
sw10utt/sw_1086_3057.utt,3/sw3057,3057,174,b^r,A,133,2,uh-huh. /,uh-huh/UH ./.,,
sw10utt/sw_1086_3057.utt,3/sw3057,3057,175,+,B,134,1,the period of time that she was undergoing  those treatments she was in a nursing home. /,the/DT period/NN of/IN time/NN that/WDT she/PRP was/VBD undergoing/VBG those/DT treatments/NNS she/PRP was/VBD in/IN a/DT nursing/NN home/NN ./.,,
sw10utt/sw_1086_3057.utt,3/sw3057,3057,176,b,A,135,1,Uh-huh. /,Uh-huh/UH ./.,,
sw10utt/sw_1086_3057.utt,3/sw3057,3057,177,sd,B,136,1,"She got better,  /","She/PRP got/VBD better/JJR ,/,",,
sw10utt/sw_1086_3057.utt,3/sw3057,3057,178,sd,B,136,2,"she got well,  /","she/PRP got/VBD well/RB ,/,",,
sw10utt/sw_1086_3057.utt,3/sw3057,3057,179,sd,B,136,3,she got out and  went dancing again. /,she/PRP got/VBD out/RB and/CC went/VBD dancing/VBG again/RB ./.,,
sw10utt/sw_1086_3057.utt,3/sw3057,3057,180,sd,A,137,1,"{D Well, } a lot of people do that.  /","Well/UH ,/, a/DT lot/NN of/IN people/NNS do/VBP that/DT ./.",,
sw10utt/sw_1086_3057.utt,3/sw3057,3057,181,sd,A,137,2,"(( They )) ,","They/PRP ,/,",,
sw10utt/sw_1086_3057.utt,3/sw3057,3057,182,b,B,138,1,Uh-huh. /,Uh-huh/UH ./.,,
sw10utt/sw_1086_3057.utt,3/sw3057,3057,183,+,A,139,1,"(( left them ))  temporally maybe they had a,","left/VBD them/PRP temporally/RB maybe/RB they/PRP had/VBD a/DT ,/,",,
sw10utt/sw_1086_3057.utt,3/sw3057,3057,184,ba,B,140,1,That is right. /,That/DT is/VBZ right/JJ ./.,,
sw10utt/sw_1086_3057.utt,3/sw3057,3057,185,+,A,141,1,"broken hip or something or, -/","broken/JJ hip/NN or/CC something/NN or/CC ,/,",,
sw10utt/sw_1086_3057.utt,3/sw3057,3057,186,b,B,142,1,"Uh-huh,  /","Uh-huh/UH ,/,",,
sw10utt/sw_1086_3057.utt,3/sw3057,3057,187,b^r,B,142,2,uh-huh.  /,uh-huh/UH ./.,,
sw10utt/sw_1086_3057.utt,3/sw3057,3057,188,sv,B,142,3,"I think it is a wonderful interim place, /","I/PRP think/VBP it/PRP is/VBZ a/DT wonderful/JJ interim/NN place/NN ,/,",,
sw10utt/sw_1086_3057.utt,3/sw3057,3057,189,b,A,143,1,Uh-huh. /,Uh-huh/UH ./.,,
sw10utt/sw_1086_3057.utt,3/sw3057,3057,190,sv,B,144,1,"it is a place that you do not have to struggle with hospital,","it/PRP is/VBZ a/DT place/NN that/WDT you/PRP do/VBP not/RB have/VB to/TO struggle/VB with/IN hospital/NN ,/,",,
sw10utt/sw_1086_3057.utt,3/sw3057,3057,191,b,A,145,1,"Uh-huh,  /","Uh-huh/UH ,/,",,
sw10utt/sw_1086_3057.utt,3/sw3057,3057,192,b^r,A,145,2,uh-huh. /,uh-huh/UH ./.,,
sw10utt/sw_1086_3057.utt,3/sw3057,3057,193,+,B,146,1,problems <sigh>  /,problems/NNS,,
sw10utt/sw_1086_3057.utt,3/sw3057,3057,194,sv,B,146,2,"{C and } yet it is not, {D you know, } - /","and/CC yet/RB it/PRP is/VBZ not/RB ,/, you/PRP know/VBP ,/,",,
sw10utt/sw_1086_3057.utt,3/sw3057,3057,195,%,B,146,3,"you have, -/","you/PRP have/VBP ,/,",,
sw10utt/sw_1086_3057.utt,3/sw3057,3057,196,sd,A,147,1,{C And } it can become home to them. /,And/CC it/PRP can/MD become/VB home/NN to/IN them/PRP ./.,,
sw10utt/sw_1086_3057.utt,3/sw3057,3057,197,b,B,148,1,"Uh-huh,  /","Uh-huh/UH ,/,",,
sw10utt/sw_1086_3057.utt,3/sw3057,3057,198,b^r,B,148,2,uh-huh. /,uh-huh/UH ./.,,
sw10utt/sw_1086_3057.utt,3/sw3057,3057,199,sv,A,149,1,"[ It, +","It/PRP ,/,",,
sw10utt/sw_1086_3057.utt,3/sw3057,3057,200,ba,B,150,1,It certainly is. /,It/PRP certainly/RB is/VBZ ./.,,
sw10utt/sw_1086_3057.utt,3/sw3057,3057,201,+,A,151,1,It ] depends upon the individual. /,It/PRP depends/VBZ upon/IN the/DT individual/NN ./.,,
sw10utt/sw_1086_3057.utt,3/sw3057,3057,202,ba,B,152,1,"It certainly does,  /","It/PRP certainly/RB does/VBZ ,/,",,
sw10utt/sw_1086_3057.utt,3/sw3057,3057,203,sd,B,152,2,"{C but, } {D you see, }  we have had excellent experience with that.  /","but/CC ,/, you/PRP see/VBP ,/, we/PRP have/VBP had/VBN excellent/JJ experience/NN with/IN that/DT ./.",,
sw10utt/sw_1086_3057.utt,3/sw3057,3057,204,sd,B,152,3,"{C And, } {F uh, } [ I, + I ]  did not put my husband in a nursing home when he became ill,  /","And/CC ,/, uh/UH ,/, I/PRP ,/, I/PRP did/VBD not/RB put/VB my/PRP$ husband/NN in/IN a/DT nursing/NN home/NN when/WRB he/PRP became/VBD ill/JJ ,/,",,
sw10utt/sw_1086_3057.utt,3/sw3057,3057,205,sd,B,152,4,"{C but, }","but/CC ,/,",,
sw10utt/sw_1086_3057.utt,3/sw3057,3057,206,b,A,153,1,"Uh-huh,  /","Uh-huh/UH ,/,",,
sw10utt/sw_1086_3057.utt,3/sw3057,3057,207,b^r,A,153,2,uh-huh. /,uh-huh/UH ./.,,
sw10utt/sw_1086_3057.utt,3/sw3057,3057,208,+,B,154,1,I would not object to going to one.  /,I/PRP would/MD not/RB object/VB to/TO going/VBG to/IN one/NN ./.,,
sw10utt/sw_1086_3057.utt,3/sw3057,3057,209,sd,B,154,2,"[ I might, +","I/PRP might/MD ,/,",,
sw10utt/sw_1086_3057.utt,3/sw3057,3057,210,b,A,155,1,Uh-huh. /,Uh-huh/UH ./.,,
sw10utt/sw_1086_3057.utt,3/sw3057,3057,211,+,B,156,1,"I might ] like to be, <sigh> {F uh, }  coherent enough to make my own choice. /","I/PRP might/MD like/VB to/TO be/VB ,/, uh/UH ,/, coherent/JJ enough/RB to/TO make/VB my/PRP$ own/JJ choice/NN ./.",,
sw10utt/sw_1086_3057.utt,3/sw3057,3057,212,b,A,157,1,"Uh-huh,  /","Uh-huh/UH ,/,",,
sw10utt/sw_1086_3057.utt,3/sw3057,3057,213,b^r,A,157,2,uh-huh. /,uh-huh/UH ./.,,
sw10utt/sw_1086_3057.utt,3/sw3057,3057,214,sd(^q),B,158,1,"<Sigh> {F Uh, } I would not particularly  think I would want my kids to say, {D ""well, } I think this is what I need for Mom"",  and,","Uh/UH ,/, I/PRP would/MD not/RB particularly/RB think/VB I/PRP would/MD want/VB my/PRP$ kids/NNS to/TO say/VB ,/, ``/`` well/UH ,/, I/PRP think/VBP this/DT is/VBZ what/WP I/PRP need/VBP for/IN Mom/NNP ''/'' ,/, and/CC ,/,",,
sw10utt/sw_1086_3057.utt,3/sw3057,3057,215,%,A,159,1,This is  ((   )) - /,This/DT is/VBZ MUMBLEx/XX,,
sw10utt/sw_1086_3057.utt,3/sw3057,3057,216,%,A,159,2,"{C and, } -/","and/CC ,/,",,
sw10utt/sw_1086_3057.utt,3/sw3057,3057,217,+,B,160,1,then dump me there. /,then/RB dump/VB me/PRP there/RB ./.,,
sw10utt/sw_1086_3057.utt,3/sw3057,3057,218,x,A,161,1,<Laughter>.,,,
sw10utt/sw_1086_3057.utt,3/sw3057,3057,219,%,B,162,1,"{C But, } I would # like, # -/","But/CC ,/, I/PRP would/MD like/VB ,/,",,
sw10utt/sw_1086_3057.utt,3/sw3057,3057,220,sv,A,163,1,# There has to be #  consideration taken on everything. /,There/EX has/VBZ to/TO be/VB consideration/NN taken/VBN on/IN everything/NN ./.,,
sw10utt/sw_1086_3057.utt,3/sw3057,3057,221,ba,B,164,1,That is right.  /,That/DT is/VBZ right/JJ ./.,,
sw10utt/sw_1086_3057.utt,3/sw3057,3057,222,aa,B,164,2,"Uh-huh,  /","Uh-huh/UH ,/,",,
sw10utt/sw_1086_3057.utt,3/sw3057,3057,223,aa^r,B,164,3,uh-huh.  /,uh-huh/UH ./.,,
sw10utt/sw_1086_3057.utt,3/sw3057,3057,224,sv,B,164,4,"{C And } I think  you would shop for a nursing home, just like you would shop for a church,","And/CC I/PRP think/VBP you/PRP would/MD shop/VB for/IN a/DT nursing/NN home/NN ,/, just/RB like/IN you/PRP would/MD shop/VB for/IN a/DT church/NN ,/,",,
sw10utt/sw_1086_3057.utt,3/sw3057,3057,225,b,A,165,1,Yeah. /,Yeah/UH ./.,,
sw10utt/sw_1086_3057.utt,3/sw3057,3057,226,+,B,166,1,or a doctor or anything else. /,or/CC a/DT doctor/NN or/CC anything/NN else/RB ./.,,
sw10utt/sw_1086_3057.utt,3/sw3057,3057,227,ba,A,167,1,"That is right,  /","That/DT is/VBZ right/JJ ,/,",,
sw10utt/sw_1086_3057.utt,3/sw3057,3057,228,sv,A,167,2,"you would look into it thoroughly and,","you/PRP would/MD look/VB into/IN it/PRP thoroughly/RB and/CC ,/,",,
sw10utt/sw_1086_3057.utt,3/sw3057,3057,229,b,B,168,1,"Uh-huh,  /","Uh-huh/UH ,/,",,
sw10utt/sw_1086_3057.utt,3/sw3057,3057,230,b,B,168,2,sure. /,sure/UH ./.,,
sw10utt/sw_1086_3057.utt,3/sw3057,3057,231,+,A,169,1,"[ do, + do ] the best job you  could in choosing one. /","do/VBP ,/, do/VBP the/DT best/JJS job/NN you/PRP could/MD in/IN choosing/VBG one/NN ./.",,
sw10utt/sw_1086_3057.utt,3/sw3057,3057,232,b,B,170,1,Uh-huh.  /,Uh-huh/UH ./.,,
sw10utt/sw_1086_3057.utt,3/sw3057,3057,233,sv,B,170,2,"When you get to the point where you are  in trouble,","When/WRB you/PRP get/VBP to/IN the/DT point/NN where/WRB you/PRP are/VBP in/IN trouble/NN ,/,",,
sw10utt/sw_1086_3057.utt,3/sw3057,3057,234,b,A,171,1,Uh-huh. /,Uh-huh/UH ./.,,
sw10utt/sw_1086_3057.utt,3/sw3057,3057,235,+,B,172,1,"and you have got to have that help,  you are in no position to make those choices. /","and/CC you/PRP have/VBP got/VBN to/TO have/VB that/DT help/VB ,/, you/PRP are/VBP in/IN no/DT position/NN to/TO make/VB those/DT choices/NNS ./.",,
sw10utt/sw_1086_3057.utt,3/sw3057,3057,236,b,A,173,1,No  /,No/UH,,
sw10utt/sw_1086_3057.utt,3/sw3057,3057,237,sv,A,173,2,"{C and } you do not have the time to look,  /","and/CC you/PRP do/VBP not/RB have/VB the/DT time/NN to/TO look/VB ,/,",,
sw10utt/sw_1086_3057.utt,3/sw3057,3057,238,sd,A,173,3,"that is what,","that/DT is/VBZ what/WP ,/,",,
sw10utt/sw_1086_3057.utt,3/sw3057,3057,239,ba,B,174,1,That is right. /,That/DT is/VBZ right/JJ ./.,,
sw10utt/sw_1086_3057.utt,3/sw3057,3057,240,+,A,175,1,"I am saying, /","I/PRP am/VBP saying/VBG ,/,",,
sw10utt/sw_1086_3057.utt,3/sw3057,3057,241,b,B,176,1,Uh-huh. /,Uh-huh/UH ./.,,
sw10utt/sw_1086_3057.utt,3/sw3057,3057,242,sv,A,177,1,most people will not even look at that  until it becomes a necessity. /,most/JJS people/NNS will/MD not/RB even/RB look/VB at/IN that/DT until/IN it/PRP becomes/VBZ a/DT necessity/NN ./.,,
sw10utt/sw_1086_3057.utt,3/sw3057,3057,243,ba,B,178,1,Absolutely.  /,Absolutely/UH ./.,,
sw10utt/sw_1086_3057.utt,3/sw3057,3057,244,sv,B,178,2,"I think that one of the best ways  to do that is for families to realize they are going to be needing those facilities one day,","I/PRP think/VBP that/IN one/CD of/IN the/DT best/JJS ways/NNS to/TO do/VB that/DT is/VBZ for/IN families/NNS to/TO realize/VB they/PRP are/VBP going/VBG to/TO be/VB needing/VBG those/DT facilities/NNS one/CD day/NN ,/,",,
sw10utt/sw_1086_3057.utt,3/sw3057,3057,245,b,A,179,1,Uh-huh. /,Uh-huh/UH ./.,,
sw10utt/sw_1086_3057.utt,3/sw3057,3057,246,+,B,180,1,and to actually get involved and participate on a  community level with community service.  /,and/CC to/TO actually/RB get/VB involved/JJ and/CC participate/VB on/IN a/DT community/NN level/NN with/IN community/NN service/NN ./.,,
sw10utt/sw_1086_3057.utt,3/sw3057,3057,247,ad,B,180,2,"Go out to the nursing home,  help guide some craft programs, perhaps, work on some <sigh> music programs, #  whatever their talents are. #","Go/VB out/IN to/IN the/DT nursing/NN home/NN ,/, help/VB guide/VB some/DT craft/NN programs/NNS ,/, perhaps/RB ,/, work/NN on/IN some/DT music/NN programs/NNS ,/, whatever/WDT their/PRP$ talents/NNS are/VBP ./.",,
sw10utt/sw_1086_3057.utt,3/sw3057,3057,248,b^m,A,181,1,"# Whatever their talents, # yeah. /","Whatever/WDT their/PRP$ talents/NNS ,/, yeah/UH ./.",,
sw10utt/sw_1086_3057.utt,3/sw3057,3057,249,+,B,182,1,"And work with,","And/CC work/VB with/IN ,/,",,
sw10utt/sw_1086_3057.utt,3/sw3057,3057,250,b,A,183,1,Uh-huh. /,Uh-huh/UH ./.,,
sw10utt/sw_1086_3057.utt,3/sw3057,3057,251,+,B,184,1,those senior citizens. /,those/DT senior/JJ citizens/NNS ./.,,
sw10utt/sw_1086_3057.utt,3/sw3057,3057,252,aa,A,185,1,"Yeah,  /","Yeah/UH ,/,",,
sw10utt/sw_1086_3057.utt,3/sw3057,3057,253,sd,A,185,2,"I have a cousin who is, {F uh, } - /","I/PRP have/VBP a/DT cousin/NN who/WP is/VBZ ,/, uh/UH ,/,",,
sw10utt/sw_1086_3057.utt,3/sw3057,3057,254,sd,A,185,3,"she had a son that was epileptic from birth,  /","she/PRP had/VBD a/DT son/NN that/WDT was/VBD epileptic/JJ from/IN birth/NN ,/,",,
sw10utt/sw_1086_3057.utt,3/sw3057,3057,255,sd,A,185,4,"{C and } he did fine,","and/CC he/PRP did/VBD fine/RB ,/,",,
sw10utt/sw_1086_3057.utt,3/sw3057,3057,256,b,B,186,1,Uh-huh. /,Uh-huh/UH ./.,,
sw10utt/sw_1086_3057.utt,3/sw3057,3057,257,+,A,187,1,"at home,  /","at/IN home/NN ,/,",,
sw10utt/sw_1086_3057.utt,3/sw3057,3057,258,sd,A,187,2,"they lived on a farm, /","they/PRP lived/VBD on/IN a/DT farm/NN ,/,",,
sw10utt/sw_1086_3057.utt,3/sw3057,3057,259,b,B,188,1,Uh-huh. /,Uh-huh/UH ./.,,
sw10utt/sw_1086_3057.utt,3/sw3057,3057,260,sd,A,189,1,"{C but } she made arrangements, so that when  she was gone,","but/CC she/PRP made/VBD arrangements/NNS ,/, so/IN that/IN when/WRB she/PRP was/VBD gone/VBN ,/,",,
sw10utt/sw_1086_3057.utt,3/sw3057,3057,261,b,B,190,1,Uh-huh. /,Uh-huh/UH ./.,,
sw10utt/sw_1086_3057.utt,3/sw3057,3057,262,+,A,191,1,"she did not want [ [ her, + her children, ] + --","she/PRP did/VBD not/RB want/VB her/PRP$ ,/, her/PRP$ children/NNS ,/, --/:",,
sw10utt/sw_1086_3057.utt,3/sw3057,3057,263,b,B,192,1,Uh-huh. /,Uh-huh/UH ./.,,
sw10utt/sw_1086_3057.utt,3/sw3057,3057,264,+,A,193,1,-- her other children ] burdened with his care. /,--/: her/PRP$ other/JJ children/NNS burdened/VBN with/IN his/PRP$ care/NN ./.,,
sw10utt/sw_1086_3057.utt,3/sw3057,3057,265,ba,B,194,1,That is right. /,That/DT is/VBZ right/JJ ./.,,
sw10utt/sw_1086_3057.utt,3/sw3057,3057,266,sd,A,195,1,"{C So } [ [ he, + they, ] + she ]  has made arrangements that when [  she, + she ] was gone, that he would go into the nursing home. /","So/RB he/PRP ,/, they/PRP ,/, she/PRP has/VBZ made/VBN arrangements/NNS that/IN when/WRB she/PRP ,/, she/PRP was/VBD gone/VBN ,/, that/IN he/PRP would/MD go/VB into/IN the/DT nursing/NN home/NN ./.",,
sw10utt/sw_1086_3057.utt,3/sw3057,3057,267,b,B,196,1,Uh-huh. /,Uh-huh/UH ./.,,
sw10utt/sw_1086_3057.utt,3/sw3057,3057,268,sd,A,197,1,"{C And } [ he has, + {A I would say, } he ]  adjusted very well  /","And/CC he/PRP has/VBZ ,/, I/PRP would/MD say/VB ,/, he/PRP adjusted/VBD very/RB well/RB",,
sw10utt/sw_1086_3057.utt,3/sw3057,3057,269,sd,A,197,2,"{C and, } {F uh, } [ [ he, + he, ] + he ]  has been there quite a long time. /","and/CC ,/, uh/UH ,/, he/PRP ,/, he/PRP ,/, he/PRP has/VBZ been/VBN there/RB quite/PDT a/DT long/JJ time/NN ./.",,
sw10utt/sw_1086_3057.utt,3/sw3057,3057,270,b,B,198,1,Uh-huh. /,Uh-huh/UH ./.,,
sw10utt/sw_1086_3057.utt,3/sw3057,3057,271,sd,A,199,1,"{C And, } {F uh, } he don't know me usually <laughter>. /","And/CC ,/, uh/UH ,/, he/PRP do/VBP n't/RB know/VB me/PRP usually/RB ./.",,
sw10utt/sw_1086_3057.utt,3/sw3057,3057,272,b,B,200,1,Yeah. /,Yeah/UH ./.,,
sw10utt/sw_1086_3057.utt,3/sw3057,3057,273,sd,A,201,1,"{C So, } he goes wheeling down, {F uh, }  the hall to bingo.  /","So/RB ,/, he/PRP goes/VBZ wheeling/VBG down/IN ,/, uh/UH ,/, the/DT hall/NN to/IN bingo/NN ./.",,
sw10utt/sw_1086_3057.utt,3/sw3057,3057,274,sd,A,201,2,"Somebody else,  (( is helping ))  him out,","Somebody/NN else/RB ,/, is/VBZ helping/VBG him/PRP out/RP ,/,",,
sw10utt/sw_1086_3057.utt,3/sw3057,3057,275,ba,B,202,1,That is right. /,That/DT is/VBZ right/JJ ./.,,
sw10utt/sw_1086_3057.utt,3/sw3057,3057,276,+,A,203,1,"{D you know, } /","you/PRP know/VBP ,/,",,
sw10utt/sw_1086_3057.utt,3/sw3057,3057,277,sv,B,204,1,{F Uh. },Uh/UH ./.,,
sw10utt/sw_1086_3057.utt,3/sw3057,3057,278,sd,A,205,1,"{C and, } {F uh, } he has adjusted very well. /","and/CC ,/, uh/UH ,/, he/PRP has/VBZ adjusted/VBN very/RB well/RB ./.",,
sw10utt/sw_1086_3057.utt,3/sw3057,3057,279,+,B,206,1,"{D Well, } one of the things, I think that is  most desirable for the elderly [ and that + ] is routine. /","Well/UH ,/, one/CD of/IN the/DT things/NNS ,/, I/PRP think/VBP that/WDT is/VBZ most/RBS desirable/JJ for/IN the/DT elderly/JJ and/CC that/DT is/VBZ routine/NN ./.",,
sw10utt/sw_1086_3057.utt,3/sw3057,3057,280,b,A,207,1,"Uh-huh,  /","Uh-huh/UH ,/,",,
sw10utt/sw_1086_3057.utt,3/sw3057,3057,281,aa,A,207,2,{F oh } yes.  /,oh/UH yes/UH ./.,,
sw10utt/sw_1086_3057.utt,3/sw3057,3057,282,aa,A,207,3,Yes. /,Yes/UH ./.,,
sw10utt/sw_1086_3057.utt,3/sw3057,3057,283,sv,B,208,1,"Routine and,","Routine/NN and/CC  ,/,",,
sw10utt/sw_1086_3057.utt,3/sw3057,3057,284,b,A,209,1,Uh-huh. /,Uh-huh/UH ./.,,
sw10utt/sw_1086_3057.utt,3/sw3057,3057,285,+,B,210,1,"{F uh, } constancy. /","uh/UH ,/, constancy/NN ./.",,
sw10utt/sw_1086_3057.utt,3/sw3057,3057,286,b,A,211,1,"Uh-huh,  /","Uh-huh/UH ,/,",,
sw10utt/sw_1086_3057.utt,3/sw3057,3057,287,b^r,A,211,2,uh-huh  /,uh-huh/UH,,
sw10utt/sw_1086_3057.utt,3/sw3057,3057,288,o@,A,211,3,((   )) .,MUMBLEx/XX ./.,,
sw10utt/sw_1086_3057.utt,3/sw3057,3057,289,sd,B,212,1,"{F Uh, } the only real problem with that in a  nursing home is that the staff turns over.  /","Uh/UH ,/, the/DT only/RB real/JJ problem/NN with/IN that/DT in/NN a/DT nursing/NN home/NN is/VBZ that/IN the/DT staff/NN turns/VBZ over/RP ./.",,
sw10utt/sw_1086_3057.utt,3/sw3057,3057,290,sv,B,212,2,"<laughter> I do not think they pay,","I/PRP do/VBP not/RB think/VB they/PRP pay/VBP ,/,",,
sw10utt/sw_1086_3057.utt,3/sw3057,3057,291,x,A,213,1,<Laughter>.,,,
sw10utt/sw_1086_3057.utt,3/sw3057,3057,292,+,B,214,1,"the nursing home staff sufficiently,","the/DT nursing/NN home/NN staff/NN sufficiently/RB ,/,",,
sw10utt/sw_1086_3057.utt,3/sw3057,3057,293,b,A,215,1,uh-huh. /,uh-huh/UH ./.,,
sw10utt/sw_1086_3057.utt,3/sw3057,3057,294,+,B,216,1,"[ to, + to ] get the dedication <sigh>,","to/TO ,/, to/TO get/VB the/DT dedication/NN ,/,",,
sw10utt/sw_1086_3057.utt,3/sw3057,3057,295,^2,A,217,1,"To keep them there, uh-huh. /","To/TO keep/VB them/PRP there/RB ,/, uh-huh/UH ./.",,
sw10utt/sw_1086_3057.utt,3/sw3057,3057,296,+,B,218,1,"that they have in some other profession, /","that/IN they/PRP have/VBP in/IN some/DT other/JJ profession/NN ,/,",,
sw10utt/sw_1086_3057.utt,3/sw3057,3057,297,ba,A,219,1,True. /,True/JJ ./.,,
sw10utt/sw_1086_3057.utt,3/sw3057,3057,298,sv,B,220,1,"{C and } that is sad, because, I think the health  profession is one of the most critical, /","and/CC that/DT is/VBZ sad/JJ ,/, because/IN ,/, I/PRP think/VBP the/DT health/NN profession/NN is/VBZ one/CD of/IN the/DT most/RBS critical/JJ ,/,",,
sw10utt/sw_1086_3057.utt,3/sw3057,3057,299,b,A,221,1,Yes.  /,Yes/UH ./.,,
sw10utt/sw_1086_3057.utt,3/sw3057,3057,300,sv,A,221,2,"{C But }  ((   )) ,","But/CC MUMBLEx/XX ,/,",,
sw10utt/sw_1086_3057.utt,3/sw3057,3057,301,%,B,222,1,"{C And, } {F uh, } -/","And/CC ,/, uh/UH ,/,",,
sw10utt/sw_1086_3057.utt,3/sw3057,3057,302,+,A,223,1,"for some reason people resist, {F uh, }  the fact that they should be paid as well as businesses and that type of thing, {D you know. } /","for/IN some/DT reason/NN people/NNS resist/VBP ,/, uh/UH ,/, the/DT fact/NN that/IN they/PRP should/MD be/VB paid/VBN as/RB well/RB as/IN businesses/NNS and/CC that/DT type/NN of/IN thing/NN ,/, you/PRP know/VBP ./.",,
sw10utt/sw_1086_3057.utt,3/sw3057,3057,303,ba,B,224,1,That is right. /,That/DT is/VBZ right/JJ ./.,,
sw10utt/sw_1086_3057.utt,3/sw3057,3057,304,sv,A,225,1,It seems to be a resistance. /,It/PRP seems/VBZ to/TO be/VB a/DT resistance/NN ./.,,
sw10utt/sw_1086_3057.utt,3/sw3057,3057,305,sv,B,226,1,"Care for the elderly and care for the children,","Care/NN for/IN the/DT elderly/NN and/CC care/NN for/IN the/DT children/NNS ,/,",,
sw10utt/sw_1086_3057.utt,3/sw3057,3057,306,b,A,227,1,Uh-huh. /,Uh-huh/UH ./.,,
sw10utt/sw_1086_3057.utt,3/sw3057,3057,307,+,B,228,1,"I cannot imagine a more costly and [ a more, +","I/PRP can/MD not/RB imagine/VB a/DT more/RBR costly/JJ and/CC a/DT more/RBR ,/,",,
sw10utt/sw_1086_3057.utt,3/sw3057,3057,308,b,A,229,1,Uh-huh. /,Uh-huh/UH ./.,,
sw10utt/sw_1086_3057.utt,3/sw3057,3057,309,+,B,230,1,"a  more, ] {F uh, } better area to invest,","a/DT more/RBR ,/, uh/UH ,/, better/JJR area/NN to/TO invest/VB ,/,",,
sw10utt/sw_1086_3057.utt,3/sw3057,3057,310,b,A,231,1,"Right,  /","Right/UH ,/,",,
sw10utt/sw_1086_3057.utt,3/sw3057,3057,311,b^r,A,231,2,right. /,right/UH ./.,,
sw10utt/sw_1086_3057.utt,3/sw3057,3057,312,+,B,232,1,your money. /,your/PRP$ money/NN ./.,,
sw10utt/sw_1086_3057.utt,3/sw3057,3057,313,sv,A,233,1,# {C But } there seems to be a resistance. # /,But/CC there/EX seems/VBZ to/TO be/VB a/DT resistance/NN ./.,,
sw10utt/sw_1086_3057.utt,3/sw3057,3057,314,sv,B,234,1,# You are # preserving your heritage and your future there. /,You/PRP are/VBP preserving/VBG your/PRP$ heritage/NN and/CC your/PRP$ future/NN there/RB ./.,,
sw10utt/sw_1086_3057.utt,3/sw3057,3057,315,b,A,235,1,"Yeah,  /","Yeah/UH ,/,",,
sw10utt/sw_1086_3057.utt,3/sw3057,3057,316,b^r,A,235,2,yeah. /,yeah/UH ./.,,
sw10utt/sw_1086_3057.utt,3/sw3057,3057,317,x,B,236,1,<Sniffing>.,,,
sw10utt/sw_1086_3057.utt,3/sw3057,3057,318,%,A,237,1,"{C So, } {F uh, } -/","So/RB ,/, uh/UH ,/,",,
sw10utt/sw_1086_3057.utt,3/sw3057,3057,319,sv,B,238,1,"{C And, } as a matter of fact, I do not see why  they do not have children's programs in nursing homes. /","And/CC ,/, as/IN a/DT matter/NN of/IN fact/NN ,/, I/PRP do/VBP not/RB see/VB why/WRB they/PRP do/VBP not/RB have/VB children/NNS 's/POS programs/NNS in/IN nursing/NN homes/NNS ./.",,
sw10utt/sw_1086_3057.utt,3/sw3057,3057,320,sd,A,239,1,"{D Well, } around here, we have some, {D you know, }  the churches,","Well/UH ,/, around/IN here/RB ,/, we/PRP have/VBP some/DT ,/, you/PRP know/VBP ,/, the/DT churches/NNS ,/,",,
sw10utt/sw_1086_3057.utt,3/sw3057,3057,321,b,B,240,1,Uh-huh. /,Uh-huh/UH ./.,,
sw10utt/sw_1086_3057.utt,3/sw3057,3057,322,+,A,241,1,"take [ your, + the ]  children  /","take/VB your/PRP$ ,/, the/DT children/NNS",,
sw10utt/sw_1086_3057.utt,3/sw3057,3057,323,sd,A,241,2,"{C and, }","and/CC ,/,",,
sw10utt/sw_1086_3057.utt,3/sw3057,3057,324,b,B,242,1,Uh-huh. /,Uh-huh/UH ./.,,
sw10utt/sw_1086_3057.utt,3/sw3057,3057,325,+,A,243,1,"I know our kids thoroughly, - /","I/PRP know/VBP our/PRP$ kids/NNS thoroughly/RB ,/,",,
sw10utt/sw_1086_3057.utt,3/sw3057,3057,326,sd,A,243,2,"the children thoroughly enjoy, -/","the/DT children/NNS thoroughly/RB enjoy/VBP ,/,",,
