swda_filename,ptb_basename,conversation_no,transcript_index,act_tag,caller,utterance_index,subutterance_index,text,pos,trees,ptb_treenumbers
sw10utt/sw_1020_2935.utt,2/sw2935,2935,0,qw,A,1,1,"{D Well, } what kind of garden do you have? /","Well/UH ,/, what/WDT kind/NN of/IN garden/NN do/VBP you/PRP have/VB ?/.",,
sw10utt/sw_1020_2935.utt,2/sw2935,2935,1,sd,B,2,1,"{D Well, } we've tried having, - /","Well/UH ,/, we/PRP 've/VBP tried/VBN having/VBG ,/,",,
sw10utt/sw_1020_2935.utt,2/sw2935,2935,2,^h,B,2,2,"let me turn the T V off,  /","let/VB me/PRP turn/VB the/DT T/NN V/NN off/RP ,/,",,
sw10utt/sw_1020_2935.utt,2/sw2935,2935,3,sd,B,2,3,"we've tried having a vegetable garden,  /","we/PRP 've/VBP tried/VBN having/VBG a/DT vegetable/NN garden/NN ,/,",,
sw10utt/sw_1020_2935.utt,2/sw2935,2935,4,sd,B,2,4,"{C and } I'm from Chicago,  /","and/CC I/PRP 'm/VBP from/IN Chicago/NNP ,/,",,
sw10utt/sw_1020_2935.utt,2/sw2935,2935,5,sd,B,2,5,"{C and } the way that, {F uh, } bugs and weeds grow down here is very different <laughter> from Chicago.","and/CC the/DT way/NN that/IN ,/, uh/UH ,/, bugs/NNS and/CC weeds/NNS grow/VBP down/IN here/RB is/VBZ very/RB different/JJ from/IN Chicago/NNP ./.",,
sw10utt/sw_1020_2935.utt,2/sw2935,2935,6,x,A,3,1,<Laughter>.,,,
sw10utt/sw_1020_2935.utt,2/sw2935,2935,7,+,B,4,1,/,And/CC,,
sw10utt/sw_1020_2935.utt,2/sw2935,2935,8,sd,B,4,2,"{C And } we have tried several years in a row,  /","And/CC we/PRP have/VBP tried/VBN several/JJ years/NNS in/IN a/DT row/NN ,/,",,
sw10utt/sw_1020_2935.utt,2/sw2935,2935,9,sd,B,4,3,"{C and } we've given up, between the fire ants, the pill bugs, the weeds, the drought, and a hundred and ten degree heat all Summer,  /","and/CC we/PRP 've/VBP given/VBN up/RP ,/, between/IN the/DT fire/NN ants/NNS ,/, the/DT pill/NN bugs/NNS ,/, the/DT weeds/NNS ,/, the/DT drought/NN ,/, and/CC a/DT hundred/CD and/CC ten/CD degree/NN heat/NN all/DT Summer/NN ,/,",,
sw10utt/sw_1020_2935.utt,2/sw2935,2935,10,sd,B,4,4,"{C and } we just kind of, {F uh, } decided to go with a few flowers and  give up on the vegetable garden <laughter>. /","and/CC we/PRP just/RB kind/RB of/RB ,/, uh/UH ,/, decided/VBD to/TO go/VB with/IN a/DT few/JJ flowers/NNS and/CC give/VB up/RP on/IN the/DT vegetable/NN garden/NN ./.",,
sw10utt/sw_1020_2935.utt,2/sw2935,2935,11,b,A,5,1,Oh. /,Oh/UH ./.,,
sw10utt/sw_1020_2935.utt,2/sw2935,2935,12,sd,B,6,1,"We had to put so much poison out on everything that we thought, Who'd want to eat that stuff. /","We/PRP had/VBD to/TO put/VB so/RB much/JJ poison/NN out/IN on/IN everything/NN that/IN we/PRP thought/VBD ,/, Who/WP 'd/MD want/VB to/TO eat/VB that/DT stuff/NN ./.",,
sw10utt/sw_1020_2935.utt,2/sw2935,2935,13,b,A,7,1,"Uh-huh,  /","Uh-huh/UH ,/,",,
sw10utt/sw_1020_2935.utt,2/sw2935,2935,14,b^r,A,7,2,uh-huh. /,uh-huh/UH ./.,,
sw10utt/sw_1020_2935.utt,2/sw2935,2935,15,sd,B,8,1,"{D You know, } {C so } we have really been frustrated by our gardening attempts here,  /","You/PRP know/VBP ,/, so/RB we/PRP have/VBP really/RB been/VBN frustrated/JJ by/IN our/PRP$ gardening/NN attempts/NNS here/RB ,/,",,
sw10utt/sw_1020_2935.utt,2/sw2935,2935,16,sd,B,8,2,"{C and, } {F uh, } if you really water a lot, you can do it,  /","and/CC ,/, uh/UH ,/, if/IN you/PRP really/RB water/VBP a/DT lot/NN ,/, you/PRP can/MD do/VB it/PRP ,/,",,
sw10utt/sw_1020_2935.utt,2/sw2935,2935,17,sd,B,8,3,"{C but, } {D you know, } when you have to pay for water, it really gets to be an annoyance to have to water constantly. /","but/CC ,/, you/PRP know/VBP ,/, when/WRB you/PRP have/VBP to/TO pay/VB for/IN water/NN ,/, it/PRP really/RB gets/VBZ to/TO be/VB an/DT annoyance/NN to/TO have/VB to/TO water/VB constantly/RB ./.",,
sw10utt/sw_1020_2935.utt,2/sw2935,2935,18,b,A,9,1,Uh-huh. /,Uh-huh/UH ./.,,
sw10utt/sw_1020_2935.utt,2/sw2935,2935,19,sd,B,10,1,"{C So, } right now we're just, -/","So/RB ,/, right/RB now/RB we/PRP 're/VBP just/RB ,/,",,
sw10utt/sw_1020_2935.utt,2/sw2935,2935,20,qy,A,11,1,Do you have a lawn? /,Do/VBP you/PRP have/VB a/DT lawn/NN ?/.,,
sw10utt/sw_1020_2935.utt,2/sw2935,2935,21,b,B,12,1,"Yeah,  /","Yeah/UH ,/,",,
sw10utt/sw_1020_2935.utt,2/sw2935,2935,22,sd,B,12,2,"[ we, + we  ] just try to maintain the <laughter> lawn and the shrubs right now, and the trees. /","we/PRP ,/, we/PRP just/RB try/VBP to/TO maintain/VB the/DT lawn/NN and/CC the/DT shrubs/NNS right/RB now/RB ,/, and/CC the/DT trees/NNS ./.",,
sw10utt/sw_1020_2935.utt,2/sw2935,2935,23,x,A,13,1,<Laughter>.,,,
sw10utt/sw_1020_2935.utt,2/sw2935,2935,24,sd,B,14,1,We have a peach tree.  /,We/PRP have/VBP a/DT peach/NN tree/NN ./.,,
sw10utt/sw_1020_2935.utt,2/sw2935,2935,25,sd,B,14,2,"That's the extent of [ our, + {F um, } contributing to our  ] food supply.  /","That/DT 's/BES the/DT extent/NN of/IN our/PRP$ ,/, um/UH ,/, contributing/VBG to/IN our/PRP$ food/NN supply/NN ./.",,
sw10utt/sw_1020_2935.utt,2/sw2935,2935,26,sd,B,14,3,{C But } that's nice to have  /,But/CC that/DT 's/BES nice/JJ to/TO have/VB,,
sw10utt/sw_1020_2935.utt,2/sw2935,2935,27,%@,B,14,4,"{C but, }","but/CC ,/,",,
sw10utt/sw_1020_2935.utt,2/sw2935,2935,28,b,A,15,1,"{F Oh, } yeah. /","Oh/UH ,/, yeah/UH ./.",,
sw10utt/sw_1020_2935.utt,2/sw2935,2935,29,+@,B,16,1,"Yeah,  /","Yeah/UH ,/,",,
sw10utt/sw_1020_2935.utt,2/sw2935,2935,30,b^r,B,16,2,yeah.  /,yeah/UH ./.,,
sw10utt/sw_1020_2935.utt,2/sw2935,2935,31,qw,B,16,3,{C So } what do you do up there? /,So/RB what/WP do/VBP you/PRP do/VB up/IN there/RB ?/.,,
sw10utt/sw_1020_2935.utt,2/sw2935,2935,32,%,A,17,1,"{D Well, } {F um, } {D actually } <laughter> it, - /","Well/UH ,/, um/UH ,/, actually/UH it/PRP ,/,",,
sw10utt/sw_1020_2935.utt,2/sw2935,2935,33,sd,A,17,2,we've sort of had an ideal Spring. /,we/PRP 've/VBP sort/RB of/RB had/VBN an/DT ideal/JJ Spring/NN ./.,,
sw10utt/sw_1020_2935.utt,2/sw2935,2935,34,%,B,18,1,{F Um. } /,Um/UH ./.,,
sw10utt/sw_1020_2935.utt,2/sw2935,2935,35,sd,A,19,1,"{C And, } {F um, } [ the, +  the ] peonies have been out for now about three weeks -- /","And/CC ,/, um/UH ,/, the/DT ,/, the/DT peonies/NNS have/VBP been/VBN out/RB for/IN now/RB about/RB three/CD weeks/NNS --/:",,
sw10utt/sw_1020_2935.utt,2/sw2935,2935,36,ba,B,20,1,"{F Oh, } wow. /","Oh/UH ,/, wow/UH ./.",,
sw10utt/sw_1020_2935.utt,2/sw2935,2935,37,sd,A,21,1,"-- {C and } the roses have been blooming for two weeks,  /","--/: and/CC the/DT roses/NNS have/VBP been/VBN blooming/VBG for/IN two/CD weeks/NNS ,/,",,
sw10utt/sw_1020_2935.utt,2/sw2935,2935,38,sd,A,21,2,"{C and } the grass is, {F uh, } this lush green,  /","and/CC the/DT grass/NN is/VBZ ,/, uh/UH ,/, this/DT lush/JJ green/NN ,/,",,
sw10utt/sw_1020_2935.utt,2/sw2935,2935,39,sd,A,21,3,"{C and } of course I've got lots of weeds in mine because,","and/CC of/IN course/NN I/PRP 've/VBP got/VBN lots/NNS of/IN weeds/NNS in/IN mine/PRP because/IN ,/,",,
sw10utt/sw_1020_2935.utt,2/sw2935,2935,40,x,B,22,1,<Children_yelling>.,,,
sw10utt/sw_1020_2935.utt,2/sw2935,2935,41,+,A,23,1,I don't use any poison either. /,I/PRP do/VBP n't/RB use/VB any/DT poison/NN either/RB ./.,,
sw10utt/sw_1020_2935.utt,2/sw2935,2935,42,b,B,24,1,Yeah. /,Yeah/UH ./.,,
sw10utt/sw_1020_2935.utt,2/sw2935,2935,43,sd,A,25,1,"{C But, } {F um, } {D you know, } I just keep looking at, - /","But/CC ,/, um/UH ,/, you/PRP know/VBP ,/, I/PRP just/RB keep/VBP looking/VBG at/IN ,/,",,
sw10utt/sw_1020_2935.utt,2/sw2935,2935,44,sd(^q),A,25,2,"{C and } I say, Jeez, {D you know, } this is the first year it's been so perfect. /","and/CC I/PRP say/VBP ,/, Jeez/UH ,/, you/PRP know/VBP ,/, this/DT is/VBZ the/DT first/JJ year/NN it/PRP 's/HVS been/VBN so/RB perfect/JJ ./.",,
sw10utt/sw_1020_2935.utt,2/sw2935,2935,45,b,B,26,1,Really.  /,Really/UH ./.,,
sw10utt/sw_1020_2935.utt,2/sw2935,2935,46,ba,B,26,2,Gosh. /,Gosh/UH ./.,,
sw10utt/sw_1020_2935.utt,2/sw2935,2935,47,%,A,27,1,"[ {C But, } + {C and }  ] my garden, {D you know, } <laughter> - /","But/CC ,/, and/CC my/PRP$ garden/NN ,/, you/PRP know/VBP ,/,",,
sw10utt/sw_1020_2935.utt,2/sw2935,2935,48,sd,A,27,2,my tomatoes are two and a half feet tall -- /,my/PRP$ tomatoes/NNS are/VBP two/CD and/CC a/DT half/NN feet/NNS tall/JJ --/:,,
sw10utt/sw_1020_2935.utt,2/sw2935,2935,49,ba,B,28,1,"{F Oh, } boy -- /","Oh/UH ,/, boy/UH --/:",,
sw10utt/sw_1020_2935.utt,2/sw2935,2935,50,%,A,29,1,"-- the plants and, -/","--/: the/DT plants/NNS and/CC ,/,",,
sw10utt/sw_1020_2935.utt,2/sw2935,2935,51,ba,B,30,1,-- that sounds wonderful. /,--/: that/DT sounds/VBZ wonderful/JJ ./.,,
sw10utt/sw_1020_2935.utt,2/sw2935,2935,52,sd(^q),A,31,1,"{D you know, } [ I'm g-, + I'm going,  ] Gee,  this can't, {D you know, } - /","you/PRP know/VBP ,/, I/PRP 'm/VBP g-/XX ,/, I/PRP 'm/VBP going/VBG ,/, Gee/UH ,/, this/DT ca/MD n't/RB ,/, you/PRP know/VBP ,/,",,
sw10utt/sw_1020_2935.utt,2/sw2935,2935,53,^q,A,31,2,we'll have a freeze. /,we/PRP 'll/MD have/VB a/DT freeze/NN ./.,,
sw10utt/sw_1020_2935.utt,2/sw2935,2935,54,sd,B,32,1,If you don't have a frost you'll be all right <laughter>. /,If/IN you/PRP do/VBP n't/RB have/VB a/DT frost/NN you/PRP 'll/MD be/VB all/RB right/JJ ./.,,
sw10utt/sw_1020_2935.utt,2/sw2935,2935,55,x,A,33,1,<Laughter>.,,,
sw10utt/sw_1020_2935.utt,2/sw2935,2935,56,sd,B,34,1,"That's what I remember from living up north, is that you'd get everything set and then you'd have a frost  /","That/DT 's/BES what/WP I/PRP remember/VBP from/IN living/VBG up/IN north/RB ,/, is/VBZ that/IN you/PRP 'd/MD get/VB everything/NN set/JJ and/CC then/RB you/PRP 'd/MD have/VB a/DT frost/NN",,
sw10utt/sw_1020_2935.utt,2/sw2935,2935,57,sd,B,34,2,"{C and } half <laughter> the stuff would get frostbitten,  /","and/CC half/PDT the/DT stuff/NN would/MD get/VB frostbitten/JJ ,/,",,
sw10utt/sw_1020_2935.utt,2/sw2935,2935,58,sd,B,34,3,{C and } you'd have to. -/,and/CC you/PRP 'd/MD have/VB to/TO ./.,,
sw10utt/sw_1020_2935.utt,2/sw2935,2935,59,ba,A,35,1,"{D Well, } that's it.  /","Well/UH ,/, that/DT 's/BES it/PRP ./.",,
sw10utt/sw_1020_2935.utt,2/sw2935,2935,60,sd,A,35,2,"Last year, I think it was, {D you know, } my peonies  [ were, + were,  ] budding in January,  /","Last/JJ year/NN ,/, I/PRP think/VBP it/PRP was/VBD ,/, you/PRP know/VBP ,/, my/PRP$ peonies/NNS were/VBD ,/, were/VBD ,/, budding/VBG in/IN January/NNP ,/,",,
sw10utt/sw_1020_2935.utt,2/sw2935,2935,61,sd,A,35,3,"{C and, } {D you know, } there was no way that was going to make it,  /","and/CC ,/, you/PRP know/VBP ,/, there/EX was/VBD no/DT way/NN that/DT was/VBD going/VBG to/TO make/VB it/PRP ,/,",,
sw10utt/sw_1020_2935.utt,2/sw2935,2935,62,sd,A,35,4,"{C and } sure enough, {D you know, } we [ d-, + ] had really mild weather until --","and/CC sure/JJ enough/RB ,/, you/PRP know/VBP ,/, we/PRP d-/XX ,/, had/VBD really/RB mild/JJ weather/NN until/IN --/:",,
sw10utt/sw_1020_2935.utt,2/sw2935,2935,63,ba,B,36,1,Wow. /,Wow/UH ./.,,
sw10utt/sw_1020_2935.utt,2/sw2935,2935,64,+,A,37,1,-- I think it was May or something -- /,--/: I/PRP think/VBP it/PRP was/VBD May/NNP or/CC something/NN --/:,,
sw10utt/sw_1020_2935.utt,2/sw2935,2935,65,b,B,38,1,Uh-huh. /,Uh-huh/UH ./.,,
sw10utt/sw_1020_2935.utt,2/sw2935,2935,66,sd,A,39,1,"-- {C and then, } {D you know, } everything just got hit hard <laughter>. /","--/: and/CC then/RB ,/, you/PRP know/VBP ,/, everything/NN just/RB got/VBD hit/VBN hard/JJ ./.",,
sw10utt/sw_1020_2935.utt,2/sw2935,2935,67,ba,B,40,1,"{F Oh, } boy,  /","Oh/UH ,/, boy/UH ,/,",,
sw10utt/sw_1020_2935.utt,2/sw2935,2935,68,ba,B,40,2,that's frustrating. /,that/DT 's/BES frustrating/JJ ./.,,
sw10utt/sw_1020_2935.utt,2/sw2935,2935,69,%,A,41,1,"[ {C So, } + {C but }  ] yeah,  /","So/RB ,/, but/CC yeah/UH ,/,",,
sw10utt/sw_1020_2935.utt,2/sw2935,2935,70,sd,A,41,2,"[ it, + it's  ] interesting,  /","it/PRP ,/, it/PRP 's/BES interesting/JJ ,/,",,
sw10utt/sw_1020_2935.utt,2/sw2935,2935,71,sd,A,41,3,{C and } I enjoy gardening.  /,and/CC I/PRP enjoy/VBP gardening/NN ./.,,
sw10utt/sw_1020_2935.utt,2/sw2935,2935,72,sd,A,41,4,My son does the mowing of the grass. /,My/PRP$ son/NN does/VBZ the/DT mowing/NN of/IN the/DT grass/NN ./.,,
sw10utt/sw_1020_2935.utt,2/sw2935,2935,73,b,B,42,1,"{F Oh, } yeah,  /","Oh/UH ,/, yeah/UH ,/,",,
sw10utt/sw_1020_2935.utt,2/sw2935,2935,74,sd,B,42,2,"my husband does that, thank goodness,  because [ I, + ] that's not a pleasure for me <laughter>. /","my/PRP$ husband/NN does/VBZ that/DT ,/, thank/VB goodness/NN ,/, because/IN I/PRP ,/, that/DT 's/BES not/RB a/DT pleasure/NN for/IN me/PRP ./.",,
sw10utt/sw_1020_2935.utt,2/sw2935,2935,75,sd,A,43,1,"<Laughter> I don't think that's a pleasure for anybody, [ the m-, + the mowing.  ] /","I/PRP do/VBP n't/RB think/VB that/DT 's/BES a/DT pleasure/NN for/IN anybody/NN ,/, the/DT m-/XX ,/, the/DT mowing/NN ./.",,
sw10utt/sw_1020_2935.utt,2/sw2935,2935,76,sd,B,44,1,"I love gardens that are well tended,  /","I/PRP love/VBP gardens/NNS that/WDT are/VBP well/RB tended/VBN ,/,",,
sw10utt/sw_1020_2935.utt,2/sw2935,2935,77,%,B,44,2,"{C and } I just, - /","and/CC I/PRP just/RB ,/,",,
sw10utt/sw_1020_2935.utt,2/sw2935,2935,78,sd,B,44,3,"there's been a few different places I've lived where I've just n-, - /","there/EX 's/HVS been/VBN a/DT few/JJ different/JJ places/NNS I/PRP 've/VBP lived/VBN where/WRB I/PRP 've/VBP just/RB n-/XX ,/,",,
sw10utt/sw_1020_2935.utt,2/sw2935,2935,79,sd,B,44,4,"I don't know whether it's little old ladies living there or what, but you could just tell that they had [ a love, + {F uh, } a love  ] affair with their gardens, with beautiful wild flowers,  /","I/PRP do/VBP n't/RB know/VB whether/IN it/PRP 's/BES little/JJ old/JJ ladies/NNS living/VBG there/RB or/CC what/WP ,/, but/CC you/PRP could/MD just/RB tell/VB that/IN they/PRP had/VBD a/DT love/NN ,/, uh/UH ,/, a/DT love/NN affair/NN with/IN their/PRP$ gardens/NNS ,/, with/IN beautiful/JJ wild/JJ flowers/NNS ,/,",,
sw10utt/sw_1020_2935.utt,2/sw2935,2935,80,%,B,44,5,"{C and } just, - /","and/CC just/RB ,/,",,
sw10utt/sw_1020_2935.utt,2/sw2935,2935,81,sd,B,44,6,"I love the host of colors that just keep coming all, {D you know, } year long.   /","I/PRP love/VBP the/DT host/NN of/IN colors/NNS that/WDT just/RB keep/VBP coming/VBG all/DT ,/, you/PRP know/VBP ,/, year/NN long/JJ ./.",,
sw10utt/sw_1020_2935.utt,2/sw2935,2935,82,sd,B,44,7,"{C And, } {F uh, } <children> [ I, + I  ] was in England once,  /","And/CC ,/, uh/UH ,/, I/PRP ,/, I/PRP was/VBD in/IN England/NNP once/RB ,/,",,
sw10utt/sw_1020_2935.utt,2/sw2935,2935,83,sd,B,44,8,"{C and } that's one thing that impressed me so much is no matter what size yard somebody had, they had a beautiful garden in it.  /","and/CC that/DT 's/BES one/CD thing/NN that/WDT impressed/VBD me/PRP so/RB much/JJ is/VBZ no/DT matter/NN what/WP size/NN yard/NN somebody/NN had/VBD ,/, they/PRP had/VBD a/DT beautiful/JJ garden/NN in/IN it/PRP ./.",,
sw10utt/sw_1020_2935.utt,2/sw2935,2935,84,sd,B,44,9,"{D You know, } it could be <child_yelling> three feet by four feet or something. /","You/PRP know/VBP ,/, it/PRP could/MD be/VB three/CD feet/NNS by/IN four/CD feet/NNS or/CC something/NN ./.",,
sw10utt/sw_1020_2935.utt,2/sw2935,2935,85,b,A,45,1,Uh-huh. /,Uh-huh/UH ./.,,
sw10utt/sw_1020_2935.utt,2/sw2935,2935,86,sd,B,46,1,"{C So } I do admire that, but I haven't really put, {F uh, } too much energy into it. /","So/RB I/PRP do/VBP admire/VB that/DT ,/, but/CC I/PRP have/VBP n't/RB really/RB put/VB ,/, uh/UH ,/, too/RB much/JJ energy/NN into/IN it/PRP ./.",,
sw10utt/sw_1020_2935.utt,2/sw2935,2935,87,x,A,47,1,<Laughter>.,,,
sw10utt/sw_1020_2935.utt,2/sw2935,2935,88,sd,B,48,1,Course we have two little kids that are two and three years old <laughter>. /,Course/IN we/PRP have/VBP two/CD little/JJ kids/NNS that/WDT are/VBP two/CD and/CC three/CD years/NNS old/JJ ./.,,
sw10utt/sw_1020_2935.utt,2/sw2935,2935,89,sv,A,49,1,"{F Oh, } they help you. /","Oh/UH ,/, they/PRP help/VBP you/PRP ./.",,
sw10utt/sw_1020_2935.utt,2/sw2935,2935,90,sd,B,50,1,"{C So } that has put a crimp in my every activity other than diapers and  laundry, I'll tell you <laughter>. /","So/RB that/DT has/VBZ put/VBN a/DT crimp/NN in/IN my/PRP$ every/DT activity/NN other/JJ than/IN diapers/NNS and/CC laundry/NN ,/, I/PRP 'll/MD tell/VB you/PRP ./.",,
sw10utt/sw_1020_2935.utt,2/sw2935,2935,91,ba,A,51,1,<Laughter> {F Oh } dear.  /,Oh/UH dear/UH ./.,,
sw10utt/sw_1020_2935.utt,2/sw2935,2935,92,sv,A,51,2,"{F Oh } {C but } that's nice, {D you know, }  /","Oh/UH but/CC that/DT 's/BES nice/JJ ,/, you/PRP know/VBP ,/,",,
sw10utt/sw_1020_2935.utt,2/sw2935,2935,93,sv,A,51,3,"{E I mean } the peach tree [ is, + is  ] a start  /","I/PRP mean/VBP the/DT peach/NN tree/NN is/VBZ ,/, is/VBZ a/DT start/NN",,
sw10utt/sw_1020_2935.utt,2/sw2935,2935,94,%,A,51,4,"{C and, } -/","and/CC ,/,",,
sw10utt/sw_1020_2935.utt,2/sw2935,2935,95,%,B,52,1,"Tha-, - /","Tha-/XX ,/,",,
sw10utt/sw_1020_2935.utt,2/sw2935,2935,96,%,B,52,2,"yeah,  /","yeah/UH ,/,",,
sw10utt/sw_1020_2935.utt,2/sw2935,2935,97,sd,B,52,3,that's really lovely.  /,that/DT 's/BES really/RB lovely/JJ ./.,,
sw10utt/sw_1020_2935.utt,2/sw2935,2935,98,sd,B,52,4,I would love to have different fruit trees.  /,I/PRP would/MD love/VB to/TO have/VB different/JJ fruit/NN trees/NNS ./.,,
sw10utt/sw_1020_2935.utt,2/sw2935,2935,99,sd,B,52,5,"[ It's, + it's  ] been wonderful to have the peaches.  /","It/PRP 's/HVS ,/, it/PRP 's/HVS been/VBN wonderful/JJ to/TO have/VB the/DT peaches/NNS ./.",,
sw10utt/sw_1020_2935.utt,2/sw2935,2935,100,sd,B,52,6,They're just delicious.  /,They/PRP 're/VBP just/RB delicious/JJ ./.,,
sw10utt/sw_1020_2935.utt,2/sw2935,2935,101,sd,B,52,7,"{C And, } [ [ we, + we  ] ha-, + we [ have, +  still have ] ] to spray some,  /","And/CC ,/, we/PRP ,/, we/PRP ha-/XX ,/, we/PRP have/VBP ,/, still/RB have/VBP to/TO spray/VB some/DT ,/,",,
sw10utt/sw_1020_2935.utt,2/sw2935,2935,102,sd,B,52,8,"{C but } we don't have to just asphyxiate ourself with the poison, which is good,  /","but/CC we/PRP do/VBP n't/RB have/VB to/TO just/RB asphyxiate/VB ourself/PRP with/IN the/DT poison/NN ,/, which/WDT is/VBZ good/JJ ,/,",,
sw10utt/sw_1020_2935.utt,2/sw2935,2935,103,%,B,52,9,"{C because } <laughter> I just, - /","because/IN I/PRP just/RB ,/,",,
sw10utt/sw_1020_2935.utt,2/sw2935,2935,104,sv,B,52,10,I can't see the point in doing that and eating anything out of it afterwards. /,I/PRP ca/MD n't/RB see/VB the/DT point/NN in/IN doing/VBG that/DT and/CC eating/VBG anything/NN out/IN of/IN it/PRP afterwards/RB ./.,,
sw10utt/sw_1020_2935.utt,2/sw2935,2935,105,b,A,53,1,Right.  /,Right/UH ./.,,
sw10utt/sw_1020_2935.utt,2/sw2935,2935,106,qo,A,53,2,"What about tomatoes,  /","What/WP about/IN tomatoes/NNS ,/,",,
sw10utt/sw_1020_2935.utt,2/sw2935,2935,107,qy,A,53,3,aren't they pretty hardy? /,are/VBP n't/RB they/PRP pretty/RB hardy/JJ ?/.,,
sw10utt/sw_1020_2935.utt,2/sw2935,2935,108,sd,B,54,1,"{F Um, } we've tried them,  /","Um/UH ,/, we/PRP 've/VBP tried/VBN them/PRP ,/,",,
sw10utt/sw_1020_2935.utt,2/sw2935,2935,109,sd,B,54,2,"{C but } again, it's just like the sun scorch. /","but/CC again/RB ,/, it/PRP 's/BES just/RB like/IN the/DT sun/NN scorch/NN ./.",,
sw10utt/sw_1020_2935.utt,2/sw2935,2935,110,b,A,55,1,Oh. /,Oh/UH ./.,,
sw10utt/sw_1020_2935.utt,2/sw2935,2935,111,sd,B,56,1,"We've tried them in kind of halfway in the shade and halfway in the s-, - /","We/PRP 've/VBP tried/VBN them/PRP in/IN kind/RB of/RB halfway/RB in/IN the/DT shade/NN and/CC halfway/RB in/IN the/DT s-/XX ,/,",,
sw10utt/sw_1020_2935.utt,2/sw2935,2935,112,%,B,56,2,"{E I mean } it's just, - /","I/PRP mean/VBP it/PRP 's/BES just/RB ,/,",,
sw10utt/sw_1020_2935.utt,2/sw2935,2935,113,sv,B,56,3,"you [ really, + really  ]","you/PRP really/RB ,/, really/RB",,
sw10utt/sw_1020_2935.utt,2/sw2935,2935,114,b,A,57,1,Uh-huh. /,Uh-huh/UH ./.,,
sw10utt/sw_1020_2935.utt,2/sw2935,2935,115,+,B,58,1,have to be prepared to water constantly during the Summer.  /,have/VBP to/TO be/VB prepared/JJ to/TO water/VB constantly/RB during/IN the/DT Summer/NN ./.,,
sw10utt/sw_1020_2935.utt,2/sw2935,2935,116,sd,B,58,2,People that have been successful out here have done this drip irrigation --,People/NNS that/WDT have/VBP been/VBN successful/JJ out/IN here/RB have/VBP done/VBN this/DT drip/NN irrigation/NN --/:,,
sw10utt/sw_1020_2935.utt,2/sw2935,2935,117,b,A,59,1,Oh. /,Oh/UH ./.,,
sw10utt/sw_1020_2935.utt,2/sw2935,2935,118,+,B,60,1,"-- and installed that,  /","--/: and/CC installed/VBN that/DT ,/,",,
sw10utt/sw_1020_2935.utt,2/sw2935,2935,119,sv,B,60,2,"{C and } {F um, } that's really what makes the most sense,  /","and/CC um/UH ,/, that/WDT 's/BES really/RB what/WP makes/VBZ the/DT most/JJS sense/NN ,/,",,
sw10utt/sw_1020_2935.utt,2/sw2935,2935,120,sv,B,60,3,"{C because } you don't have to use so much water,  /","because/IN you/PRP do/VBP n't/RB have/VB to/TO use/VB so/RB much/JJ water/NN ,/,",,
sw10utt/sw_1020_2935.utt,2/sw2935,2935,121,%,B,60,4,{C and } -- -/,and/CC --/:,,
sw10utt/sw_1020_2935.utt,2/sw2935,2935,122,b,A,61,1,Uh-huh. /,Uh-huh/UH ./.,,
sw10utt/sw_1020_2935.utt,2/sw2935,2935,123,sv,B,62,1,-- it really does the job.  /,--/: it/PRP really/RB does/VBZ the/DT job/NN ./.,,
sw10utt/sw_1020_2935.utt,2/sw2935,2935,124,sd,B,62,2,{C But } it's just amazing how hot and dry and for how long it gets out here. /,But/CC it/PRP 's/BES just/RB amazing/JJ how/WRB hot/JJ and/CC dry/JJ and/CC for/IN how/WRB long/JJ it/PRP gets/VBZ out/IN here/RB ./.,,
sw10utt/sw_1020_2935.utt,2/sw2935,2935,125,x,A,63,1,<Laughter>.,,,
sw10utt/sw_1020_2935.utt,2/sw2935,2935,126,sv,B,64,1,"{C And } if you're not really committed to it, - /","And/CC if/IN you/PRP 're/VBP not/RB really/RB committed/JJ to/IN it/PRP ,/,",,
sw10utt/sw_1020_2935.utt,2/sw2935,2935,127,sd,B,64,2,"{E I mean, } me, [ I'm, +  {D you know, } I'm ] real committed to it for about a week, and then I forget about it for a week,  /","I/PRP mean/VBP ,/, me/PRP ,/, I/PRP 'm/VBP ,/, you/PRP know/VBP ,/, I/PRP 'm/VBP real/RB committed/JJ to/IN it/PRP for/IN about/RB a/DT week/NN ,/, and/CC then/RB I/PRP forget/VBP about/IN it/PRP for/IN a/DT week/NN ,/,",,
sw10utt/sw_1020_2935.utt,2/sw2935,2935,128,sd(^q),B,64,3,"{C and then } I go, {F Oh, } yeah,  I need to do something,  /","and/CC then/RB I/PRP go/VBP ,/, Oh/UH ,/, yeah/UH ,/, I/PRP need/VBP to/TO do/VB something/NN ,/,",,
sw10utt/sw_1020_2935.utt,2/sw2935,2935,129,sd,B,64,4,"{C and } <laughter> by then it's burned up, {D you know. } /","and/CC by/IN then/RB it/PRP 's/HVS burned/VBN up/RP ,/, you/PRP know/VBP ./.",,
sw10utt/sw_1020_2935.utt,2/sw2935,2935,130,b,A,65,1,Uh-huh. /,Uh-huh/UH ./.,,
sw10utt/sw_1020_2935.utt,2/sw2935,2935,131,sd,B,66,1,"It's just too distracting right now with these little ones in our lives,  /","It/PRP 's/BES just/RB too/RB distracting/JJ right/RB now/RB with/IN these/DT little/JJ ones/NNS in/IN our/PRP$ lives/NNS ,/,",,
sw10utt/sw_1020_2935.utt,2/sw2935,2935,132,sd,B,66,2,"{C so } maybe when I get older <children> I'll find, {F uh, } some joy in that <laughter>. /","so/RB maybe/RB when/WRB I/PRP get/VBP older/JJR I/PRP 'll/MD find/VB ,/, uh/UH ,/, some/DT joy/NN in/IN that/DT ./.",,
sw10utt/sw_1020_2935.utt,2/sw2935,2935,133,sv,A,67,1,"{D Well, } I would [ a-, + assume,  ] too,  /","Well/UH ,/, I/PRP would/MD a/VB ,/, assume/VB ,/, too/RB ,/,",,
sw10utt/sw_1020_2935.utt,2/sw2935,2935,134,sv,A,67,2,"{E I mean, } you've got three or four months you're talking about <laughter> --","I/PRP mean/VBP ,/, you/PRP 've/VBP got/VBN three/CD or/CC four/CD months/NNS you/PRP 're/VBP talking/VBG about/IN --/:",,
sw10utt/sw_1020_2935.utt,2/sw2935,2935,135,b,B,68,1,Yeah. /,Yeah/UH ./.,,
sw10utt/sw_1020_2935.utt,2/sw2935,2935,136,+,A,69,1,"-- [ of, + of ] bad weather. /","--/: of/IN ,/, of/IN bad/JJ weather/NN ./.",,
sw10utt/sw_1020_2935.utt,2/sw2935,2935,137,b,B,70,1,"Yeah,  /","Yeah/UH ,/,",,
sw10utt/sw_1020_2935.utt,2/sw2935,2935,138,sd,B,70,2,it just gets so hot so fast here.  /,it/PRP just/RB gets/VBZ so/RB hot/JJ so/RB fast/RB here/RB ./.,,
sw10utt/sw_1020_2935.utt,2/sw2935,2935,139,sd,B,70,3,We don't have really a Spring or a Fall -- /,We/PRP do/VBP n't/RB have/VB really/RB a/DT Spring/NN or/CC a/DT Fall/NN --/:,,
sw10utt/sw_1020_2935.utt,2/sw2935,2935,140,b,A,71,1,Uh-huh. /,Uh-huh/UH ./.,,
sw10utt/sw_1020_2935.utt,2/sw2935,2935,141,sd,B,72,1,"-- {C and } it just, {F uh, } immediately heats up.  /","--/: and/CC it/PRP just/RB ,/, uh/UH ,/, immediately/RB heats/VBZ up/RP ./.",,
sw10utt/sw_1020_2935.utt,2/sw2935,2935,142,sd,B,72,2,"{C So, } that's one thing I miss about living up north, as I remember, {F um, } {D you know, }  the long Springs and long Falls and the cooler weather.  /","So/RB ,/, that/DT 's/BES one/CD thing/NN I/PRP miss/VBP about/IN living/VBG up/IN north/RB ,/, as/IN I/PRP remember/VBP ,/, um/UH ,/, you/PRP know/VBP ,/, the/DT long/JJ Springs/NNS and/CC long/JJ Falls/NNS and/CC the/DT cooler/JJR weather/NN ./.",,
sw10utt/sw_1020_2935.utt,2/sw2935,2935,143,sd,B,72,3,It was really nice. /,It/PRP was/VBD really/RB nice/JJ ./.,,
sw10utt/sw_1020_2935.utt,2/sw2935,2935,144,b,A,73,1,Uh-huh. /,Uh-huh/UH ./.,,
sw10utt/sw_1020_2935.utt,2/sw2935,2935,145,sd,B,74,1,"We always had gardens when I was, {F uh, } living in Chicago.  /","We/PRP always/RB had/VBD gardens/NNS when/WRB I/PRP was/VBD ,/, uh/UH ,/, living/VBG in/IN Chicago/NNP ./.",,
sw10utt/sw_1020_2935.utt,2/sw2935,2935,146,sd,B,74,2,"In fact, my mother once tore up our entire back yard <laughter>,","In/IN fact/NN ,/, my/PRP$ mother/NN once/RB tore/VBD up/RP our/PRP$ entire/JJ back/JJ yard/NN ,/,",,
sw10utt/sw_1020_2935.utt,2/sw2935,2935,147,x,A,75,1,<Laughter>.,,,
sw10utt/sw_1020_2935.utt,2/sw2935,2935,148,+,B,76,1,and redid it.  /,and/CC redid/VBD it/PRP ./.,,
sw10utt/sw_1020_2935.utt,2/sw2935,2935,149,sd,B,76,2,I'll never forget.  /,I/PRP 'll/MD never/RB forget/VB ./.,,
sw10utt/sw_1020_2935.utt,2/sw2935,2935,150,sd,B,76,3,"Got my stepfather to put in, {F uh, } a waterfall and a little pond in one corner.  /","Got/VBD my/PRP$ stepfather/NN to/TO put/VB in/IN ,/, uh/UH ,/, a/DT waterfall/NN and/CC a/DT little/JJ pond/NN in/IN one/CD corner/NN ./.",,
sw10utt/sw_1020_2935.utt,2/sw2935,2935,151,sd,B,76,4,"{E I mean, } that was {D like } the most energy invested in anything in the whole time I ever knew him <laughter>.  /","I/PRP mean/VBP ,/, that/DT was/VBD like/IN the/DT most/JJS energy/NN invested/VBN in/IN anything/NN in/IN the/DT whole/JJ time/NN I/PRP ever/RB knew/VBD him/PRP ./.",,
sw10utt/sw_1020_2935.utt,2/sw2935,2935,152,sd,B,76,5,They remodeled the entire back yard.   /,They/PRP remodeled/VBD the/DT entire/JJ back/JJ yard/NN ./.,,
sw10utt/sw_1020_2935.utt,2/sw2935,2935,153,sd,B,76,6,"Then they sold the house and got divorced,  /","Then/RB they/PRP sold/VBD the/DT house/NN and/CC got/VBD divorced/VBN ,/,",,
sw10utt/sw_1020_2935.utt,2/sw2935,2935,154,sd,B,76,7,{C so } I don't know what that says about it all <laughter>. /,so/RB I/PRP do/VBP n't/RB know/VB what/WP that/DT says/VBZ about/IN it/PRP all/DT ./.,,
sw10utt/sw_1020_2935.utt,2/sw2935,2935,155,ba,A,77,1,"<Laughter> {F Oh, } dear. /","Oh/UH ,/, dear/UH ./.",,
sw10utt/sw_1020_2935.utt,2/sw2935,2935,156,sd,B,78,1,"{F Oh, } {C but } she used to love to do stuff like that. /","Oh/UH ,/, but/CC she/PRP used/VBD to/TO love/VB to/TO do/VB stuff/NN like/IN that/DT ./.",,
sw10utt/sw_1020_2935.utt,2/sw2935,2935,157,ba,A,79,1,Sounds like it would have been pretty. /,Sounds/VBZ like/IN it/PRP would/MD have/VB been/VBN pretty/RB ./.,,
sw10utt/sw_1020_2935.utt,2/sw2935,2935,158,b,B,80,1,"Yeah,  /","Yeah/UH ,/,",,
sw10utt/sw_1020_2935.utt,2/sw2935,2935,159,sd,B,80,2,it really was.  /,it/PRP really/RB was/VBD ./.,,
sw10utt/sw_1020_2935.utt,2/sw2935,2935,160,sd,B,80,3,I enjoyed it there.  /,I/PRP enjoyed/VBD it/PRP there/RB ./.,,
sw10utt/sw_1020_2935.utt,2/sw2935,2935,161,sd,B,80,4,"{C But } maybe when the boys get a little older, we'll do some more planting,  /","But/CC maybe/RB when/WRB the/DT boys/NNS get/VBP a/DT little/RB older/JJR ,/, we/PRP 'll/MD do/VB some/DT more/JJR planting/NN ,/,",,
sw10utt/sw_1020_2935.utt,2/sw2935,2935,162,sd,B,80,5,{C because } they like to see things grow.  /,because/IN they/PRP like/VBP to/TO see/VB things/NNS grow/VBP ./.,,
sw10utt/sw_1020_2935.utt,2/sw2935,2935,163,sd,B,80,6,"They've done a couple of little seed projects,  /","They/PRP 've/VBP done/VBN a/DT couple/NN of/IN little/JJ seed/NN projects/NNS ,/,",,
sw10utt/sw_1020_2935.utt,2/sw2935,2935,164,sd,B,80,7,{C and so } I think it would be fun for them. /,and/CC so/RB I/PRP think/VBP it/PRP would/MD be/VB fun/JJ for/IN them/PRP ./.,,
sw10utt/sw_1020_2935.utt,2/sw2935,2935,165,ba,A,81,1,"{F Oh, } sure,  /","Oh/UH ,/, sure/UH ,/,",,
sw10utt/sw_1020_2935.utt,2/sw2935,2935,166,ba^r,A,81,2,sure. /,sure/UH ./.,,
sw10utt/sw_1020_2935.utt,2/sw2935,2935,167,b,B,82,1,"Yeah,  /","Yeah/UH ,/,",,
sw10utt/sw_1020_2935.utt,2/sw2935,2935,168,b^r,B,82,2,yeah. /,yeah/UH ./.,,
sw10utt/sw_1020_2935.utt,2/sw2935,2935,169,sv,A,83,1,"{D Well, } it sounds like [ you, + you've  ] got your hands full <laughter>. /","Well/UH ,/, it/PRP sounds/VBZ like/IN you/PRP ,/, you/PRP 've/VBP got/VBN your/PRP$ hands/NNS full/JJ ./.",,
sw10utt/sw_1020_2935.utt,2/sw2935,2935,170,aa,B,84,1,"{F Oh, } yes <laughter>.  /","Oh/UH ,/, yes/UH ./.",,
sw10utt/sw_1020_2935.utt,2/sw2935,2935,171,sd,B,84,2,They're both running around now. /,They/PRP 're/VBP both/DT running/VBG around/RB now/RB ./.,,
sw10utt/sw_1020_2935.utt,2/sw2935,2935,172,sv,A,85,1,"<Laughter> {C And, } {D you know, } gardening [ isn't, + isn't  ] high on the list,  /","And/CC ,/, you/PRP know/VBP ,/, gardening/NN is/VBZ n't/RB ,/, is/VBZ n't/RB high/JJ on/IN the/DT list/NN ,/,",,
sw10utt/sw_1020_2935.utt,2/sw2935,2935,173,sv,A,85,2,{C but } it's not off the list. /,but/CC it/PRP 's/BES not/RB off/IN the/DT list/NN ./.,,
sw10utt/sw_1020_2935.utt,2/sw2935,2935,174,b,B,86,1,"Yeah,  /","Yeah/UH ,/,",,
sw10utt/sw_1020_2935.utt,2/sw2935,2935,175,sv,B,86,2,"{D well, } it's very therapeutic,  /","well/UH ,/, it/PRP 's/BES very/RB therapeutic/JJ ,/,",,
sw10utt/sw_1020_2935.utt,2/sw2935,2935,176,sv,B,86,3,"I think, really to get out there and dig in the dirt,","I/PRP think/VBP ,/, really/RB to/TO get/VB out/IN there/RB and/CC dig/VB in/IN the/DT dirt/NN ,/,",,
sw10utt/sw_1020_2935.utt,2/sw2935,2935,177,b,A,87,1,Uh-huh. /,Uh-huh/UH ./.,,
sw10utt/sw_1020_2935.utt,2/sw2935,2935,178,+,B,88,1,{D you know. }  /,you/PRP know/VBP ./.,,
sw10utt/sw_1020_2935.utt,2/sw2935,2935,179,sd,B,88,2,They certainly enjoy that part of it <laughter>. /,They/PRP certainly/RB enjoy/VBP that/DT part/NN of/IN it/PRP ./.,,
sw10utt/sw_1020_2935.utt,2/sw2935,2935,180,x,A,89,1,<Laughter>.,,,
sw10utt/sw_1020_2935.utt,2/sw2935,2935,181,sd,B,90,1,It's just trying to keep anything.  /,It/PRP 's/BES just/RB trying/VBG to/TO keep/VB anything/NN ./.,,
sw10utt/sw_1020_2935.utt,2/sw2935,2935,182,sd,B,90,2,"I planted bulbs last, {F uh, } Fall on the side guard,  and when I went out there in the Spring  /","I/PRP planted/VBD bulbs/NNS last/JJ ,/, uh/UH ,/, Fall/NN on/IN the/DT side/NN guard/NN ,/, and/CC when/WRB I/PRP went/VBD out/IN there/RB in/IN the/DT Spring/NN",,
sw10utt/sw_1020_2935.utt,2/sw2935,2935,183,sd,B,90,3,"{C and } the first day they came out the little one went and pulled all the flowers off,  /","and/CC the/DT first/JJ day/NN they/PRP came/VBD out/RB the/IN little/JJ one/CD went/VBD and/CC pulled/VBD all/PDT the/DT flowers/NNS off/IN ,/,",,
sw10utt/sw_1020_2935.utt,2/sw2935,2935,184,sd,B,90,4,{C and } the flower petals were scattered all over the walk <laughter>. /,and/CC the/DT flower/NN petals/NNS were/VBD scattered/JJ all/RB over/IN the/DT walk/NN ./.,,
sw10utt/sw_1020_2935.utt,2/sw2935,2935,185,b,A,91,1,Oh. /,Oh/UH ./.,,
sw10utt/sw_1020_2935.utt,2/sw2935,2935,186,sd(^q),B,92,1,"He thought, what are these fun toys that mommy put out here with all these colors for me to play with? /","He/PRP thought/VBD ,/, what/WP are/VBP these/DT fun/JJ toys/NNS that/WDT mommy/VBP put/VB out/IN here/RB with/IN all/PDT these/DT colors/NNS for/IN me/PRP to/TO play/VB with/IN ?/.",,
sw10utt/sw_1020_2935.utt,2/sw2935,2935,187,x,A,93,1,<Laughter>.,,,
sw10utt/sw_1020_2935.utt,2/sw2935,2935,188,sd,B,94,1,"At least he didn't eat them,  /","At/IN least/JJS he/PRP did/VBD n't/RB eat/VB them/PRP ,/,",,
sw10utt/sw_1020_2935.utt,2/sw2935,2935,189,sd,B,94,2,"{E I mean, } I guess I could be thankful for that. /","I/PRP mean/VBP ,/, I/PRP guess/VBP I/PRP could/MD be/VB thankful/JJ for/IN that/DT ./.",,
sw10utt/sw_1020_2935.utt,2/sw2935,2935,190,b,A,95,1,Right.  /,Right/UH ./.,,
sw10utt/sw_1020_2935.utt,2/sw2935,2935,191,sv,A,95,2,Maybe next year they'll do better. /,Maybe/RB next/JJ year/NN they/PRP 'll/MD do/VB better/JJR ./.,,
sw10utt/sw_1020_2935.utt,2/sw2935,2935,192,b,B,96,1,"<Laughter> Yeah,  /","Yeah/UH ,/,",,
sw10utt/sw_1020_2935.utt,2/sw2935,2935,193,b,B,96,2,really.  /,really/UH ./.,,
sw10utt/sw_1020_2935.utt,2/sw2935,2935,194,sd,B,96,3,If they survive this year.  /,If/IN they/PRP survive/VBP this/DT year/NN ./.,,
sw10utt/sw_1020_2935.utt,2/sw2935,2935,195,fc,B,96,4,"{F Oh, } {D well, } good luck to you. /","Oh/UH ,/, well/UH ,/, good/JJ luck/NN to/IN you/PRP ./.",,
sw10utt/sw_1020_2935.utt,2/sw2935,2935,196,fc,A,97,1,"Okay,  /","Okay/UH ,/,",,
sw10utt/sw_1020_2935.utt,2/sw2935,2935,197,fc,A,97,2,"{D well, } thanks. /","well/UH ,/, thanks/UH ./.",,
sw10utt/sw_1020_2935.utt,2/sw2935,2935,198,fc,B,98,1,Nice talking to you. /,Nice/JJ talking/VBG to/IN you/PRP ./.,,
sw10utt/sw_1020_2935.utt,2/sw2935,2935,199,fc,A,99,1,It was nice talking to you too.  /,It/PRP was/VBD nice/JJ talking/VBG to/IN you/PRP too/RB ./.,,
sw10utt/sw_1020_2935.utt,2/sw2935,2935,200,fc,A,99,2,Bye-bye. /,Bye-bye/UH ./.,,
