swda_filename,ptb_basename,conversation_no,transcript_index,act_tag,caller,utterance_index,subutterance_index,text,pos,trees,ptb_treenumbers
sw10utt/sw_1004_2562.utt,2/sw2562,2562,0,o,A,1,1,"All right,  /","All/RB right/JJ ,/,",,
sw10utt/sw_1004_2562.utt,2/sw2562,2562,1,qy,A,1,2,do you do garden work? /,do/VBP you/PRP do/VB garden/NN work/NN ?/.,,
sw10utt/sw_1004_2562.utt,2/sw2562,2562,2,na,B,2,1,<Laughter>  As little as possible.  /,As/RB little/JJ as/IN possible/JJ ./.,,
sw10utt/sw_1004_2562.utt,2/sw2562,2562,3,x,A,3,1,<Laughter>.,,,
sw10utt/sw_1004_2562.utt,2/sw2562,2562,4,sd,B,4,1,I'm a college student -- /,I/PRP 'm/VBP a/DT college/NN student/NN --/:,,
sw10utt/sw_1004_2562.utt,2/sw2562,2562,5,b,A,5,1,Uh-huh. /,Uh-huh/UH ./.,,
sw10utt/sw_1004_2562.utt,2/sw2562,2562,6,sd,B,6,1,"-- {C so } if I do any garden work, it's only when I go home in the Summer. /","--/: so/RB if/IN I/PRP do/VBP any/DT garden/NN work/NN ,/, it/PRP 's/BES only/RB when/WRB I/PRP go/VBP home/RB in/IN the/DT Summer/NN ./.",,
sw10utt/sw_1004_2562.utt,2/sw2562,2562,7,qw,A,7,1,"{F Oh, } where do you go to college? /","Oh/UH ,/, where/WRB do/VBP you/PRP go/VB to/IN college/NN ?/.",,
sw10utt/sw_1004_2562.utt,2/sw2562,2562,8,o@,B,8,1,((   )) .,MUMBLEx/XX ./.,,
sw10utt/sw_1004_2562.utt,2/sw2562,2562,9,qw,A,9,1,Where's that? /,Where/WRB 's/BES that/DT ?/.,,
sw10utt/sw_1004_2562.utt,2/sw2562,2562,10,sd,B,10,1,It's about two hours north of Pittsburgh. /,It/PRP 's/BES about/RB two/CD hours/NNS north/RB of/IN Pittsburgh/NNP ./.,,
sw10utt/sw_1004_2562.utt,2/sw2562,2562,11,bk,A,11,1,"{F Oh, } okay. /","Oh/UH ,/, okay/UH ./.",,
sw10utt/sw_1004_2562.utt,2/sw2562,2562,12,b,B,12,1,Yes. /,Yes/UH ./.,,
sw10utt/sw_1004_2562.utt,2/sw2562,2562,13,b,A,13,1,Yes.  /,Yes/UH ./.,,
sw10utt/sw_1004_2562.utt,2/sw2562,2562,14,qy,A,13,2,"{D Well, } [ do you, + {D you know, } do you  ] do gardening at home? /","Well/UH ,/, do/VBP you/PRP ,/, you/PRP know/VBP ,/, do/VBP you/PRP do/VB gardening/NN at/IN home/NN ?/.",,
sw10utt/sw_1004_2562.utt,2/sw2562,2562,15,ny,B,14,1,"Yeah,  /","Yeah/UH ,/,",,
sw10utt/sw_1004_2562.utt,2/sw2562,2562,16,sd^e,B,14,2,"we go home, - /","we/PRP go/VBP home/RB ,/,",,
sw10utt/sw_1004_2562.utt,2/sw2562,2562,17,sd,B,14,3,"{D well, } we have a large family,  /","well/UH ,/, we/PRP have/VBP a/DT large/JJ family/NN ,/,",,
sw10utt/sw_1004_2562.utt,2/sw2562,2562,18,sd,B,14,4,there's twelve kids in my family. /,there/EX 's/BES twelve/CD kids/NNS in/IN my/PRP$ family/NN ./.,,
sw10utt/sw_1004_2562.utt,2/sw2562,2562,19,ba,A,15,1,{F Oh } my goodness. /,Oh/UH my/PRP$ goodness/NN ./.,,
sw10utt/sw_1004_2562.utt,2/sw2562,2562,20,sd,B,16,1,"{C So, } {D like } almost all our vegetables and everything is from the garden. /","So/UH ,/, like/UH almost/RB all/DT our/PRP$ vegetables/NNS and/CC everything/NN is/VBZ from/IN the/DT garden/NN ./.",,
sw10utt/sw_1004_2562.utt,2/sw2562,2562,21,b,A,17,1,{F Hm. } /,Hm/UH ./.,,
sw10utt/sw_1004_2562.utt,2/sw2562,2562,22,sd,B,18,1,{C So } we have a pretty good size garden <laughter>. /,So/RB we/PRP have/VBP a/DT pretty/RB good/JJ size/NN garden/NN ./.,,
sw10utt/sw_1004_2562.utt,2/sw2562,2562,23,b,A,19,1,"Yeah,  /","Yeah/UH ,/,",,
sw10utt/sw_1004_2562.utt,2/sw2562,2562,24,sv,A,19,2,{D well } I guess you glad you got to go to college so you'd get some rest  /,well/UH I/PRP guess/VBP you/PRP glad/JJ you/PRP got/VBD to/TO go/VB to/IN college/NN so/IN you/PRP 'd/MD get/VB some/DT rest/NN,,
sw10utt/sw_1004_2562.utt,2/sw2562.pos,2562,25,x,A,19,3,<laughter>.,./.
sw10utt/sw_1004_2562.utt,2/sw2562,2562,26,sd,B,20,1,"<Laughter>  {C But } we have {D like } a lot, - /","But/CC we/PRP have/VBP like/UH a/DT lot/NN ,/,",,
sw10utt/sw_1004_2562.utt,2/sw2562,2562,27,sd,B,20,2,"{D like } my mom likes flowers, so we have a lot of flowers too. /","like/UH my/PRP$ mom/NN likes/VBZ flowers/NNS ,/, so/RB we/PRP have/VBP a/DT lot/NN of/IN flowers/NNS too/RB ./.",,
sw10utt/sw_1004_2562.utt,2/sw2562,2562,28,b,A,21,1,Yeah.  /,Yeah/UH ./.,,
sw10utt/sw_1004_2562.utt,2/sw2562,2562,29,sd,A,21,2,I had a whole bunch of flowers and things.  /,I/PRP had/VBD a/DT whole/JJ bunch/NN of/IN flowers/NNS and/CC things/NNS ./.,,
sw10utt/sw_1004_2562.utt,2/sw2562,2562,30,sd,A,21,3,"{D Well, } I don't have as many now.  /","Well/UH ,/, I/PRP do/VBP n't/RB have/VB as/IN many/JJ now/RB ./.",,
sw10utt/sw_1004_2562.utt,2/sw2562,2562,31,sd,A,21,4,We lived in the country --,We/PRP lived/VBD in/IN the/DT country/NN --/:,,
sw10utt/sw_1004_2562.utt,2/sw2562,2562,32,b,B,22,1,Uh-huh. /,Uh-huh/UH ./.,,
sw10utt/sw_1004_2562.utt,2/sw2562,2562,33,+,A,23,1,"-- for a long time,  /","--/: for/IN a/DT long/JJ time/NN ,/,",,
sw10utt/sw_1004_2562.utt,2/sw2562,2562,34,sd,A,23,2,{C and } I had a whole bunch.  /,and/CC I/PRP had/VBD a/DT whole/JJ bunch/NN ./.,,
sw10utt/sw_1004_2562.utt,2/sw2562,2562,35,sd,A,23,3,"{C But } now, I work and I live in the city so, that sort a kind of hung it up.  /","But/CC now/RB ,/, I/PRP work/VBP and/CC I/PRP live/VBP in/IN the/DT city/NN so/RB ,/, that/DT sort/RB a/RB kind/RB of/RB hung/VBD it/PRP up/RP ./.",,
sw10utt/sw_1004_2562.utt,2/sw2562,2562,36,sd,A,23,4,"I have a few flowers, but most of mine are {D like } in barrels and things like that. /","I/PRP have/VBP a/DT few/JJ flowers/NNS ,/, but/CC most/JJS of/IN mine/NN are/VBP like/UH in/IN barrels/NNS and/CC things/NNS like/IN that/DT ./.",,
sw10utt/sw_1004_2562.utt,2/sw2562,2562,37,b,B,24,1,Uh-huh. /,Uh-huh/UH ./.,,
sw10utt/sw_1004_2562.utt,2/sw2562,2562,38,sd,A,25,1,"{C And } this year I decided that, - /","And/CC this/DT year/NN I/PRP decided/VBD that/IN ,/,",,
sw10utt/sw_1004_2562.utt,2/sw2562,2562,39,sd,A,25,2,"{D well } my husband made a little garden out there with some tomatoes and stuff in it,  /","well/UH my/PRP$ husband/NN made/VBD a/DT little/JJ garden/NN out/RP there/RB with/IN some/DT tomatoes/NNS and/CC stuff/NN in/IN it/PRP ,/,",,
sw10utt/sw_1004_2562.utt,2/sw2562,2562,40,sd,A,25,3,"{C but } I decided that I don't like  grass,  /","but/CC I/PRP decided/VBD that/IN I/PRP do/VBP n't/RB like/VB grass/NN ,/,",,
sw10utt/sw_1004_2562.utt,2/sw2562,2562,41,sd,A,25,4,I don't like to have to have to pull grass -- /,I/PRP do/VBP n't/RB like/VB to/TO have/VB to/TO have/VB to/TO pull/VB grass/NN --/:,,
sw10utt/sw_1004_2562.utt,2/sw2562,2562,42,b,B,26,1,Uh-huh. /,Uh-huh/UH ./.,,
sw10utt/sw_1004_2562.utt,2/sw2562,2562,43,sd,A,27,1,-- {C so } I decided <laughter> that I would plant me a tomato plant in a flower pot --,--/: so/RB I/PRP decided/VBD that/IN I/PRP would/MD plant/VB me/PRP a/DT tomato/NN plant/NN in/IN a/DT flower/NN pot/NN --/:,,
sw10utt/sw_1004_2562.utt,2/sw2562,2562,44,b,B,28,1,Uh-huh. /,Uh-huh/UH ./.,,
sw10utt/sw_1004_2562.utt,2/sw2562,2562,45,+,A,29,1,-- and see how it worked.  /,--/: and/CC see/VB how/WRB it/PRP worked/VBD ./.,,
sw10utt/sw_1004_2562.utt,2/sw2562,2562,46,sv;sd,A,29,2,{C And } mine looks real good <laughter>. /,And/CC mine/PRP looks/VBZ real/RB good/JJ ./.,,
sw10utt/sw_1004_2562.utt,2/sw2562,2562,47,sd,B,30,1,"{D You know, } I've seen a lot of people that do that. /","You/PRP know/VBP ,/, I/PRP 've/VBP seen/VBN a/DT lot/NN of/IN people/NNS that/WDT do/VBP that/DT ./.",,
sw10utt/sw_1004_2562.utt,2/sw2562,2562,48,b,A,31,1,Yeah. /,Yeah/UH ./.,,
sw10utt/sw_1004_2562.utt,2/sw2562,2562,49,sd,B,32,1,"I've seen, {D you know, } {D like } elderly people --","I/PRP 've/VBP seen/VBN ,/, you/PRP know/VBP ,/, like/UH elderly/JJ people/NNS --/:",,
sw10utt/sw_1004_2562.utt,2/sw2562,2562,50,b,A,33,1,Uh-huh. /,Uh-huh/UH ./.,,
sw10utt/sw_1004_2562.utt,2/sw2562,2562,51,+,B,34,1,-- that really can't get out too much  ((   ))  sometimes.  /,--/: that/WDT really/RB ca/MD n't/RB get/VB out/RB too/RB much/RB MUMBLEx/XX sometimes/RB ./.,,
sw10utt/sw_1004_2562.utt,2/sw2562,2562,52,%,B,34,2,"{D Like } we, - /","Like/IN we/PRP ,/,",,
sw10utt/sw_1004_2562.utt,2/sw2562,2562,53,sd,B,34,3,"I have a great aunt that lives in a, - /","I/PRP have/VBP a/DT great/JJ aunt/NN that/IN lives/NNS in/IN a/DT ,/,",,
sw10utt/sw_1004_2562.utt,2/sw2562,2562,54,sd,B,34,4,"it's just like, {F uh, } a high rise for elderly people.  /","it/PRP 's/BES just/RB like/IN ,/, uh/UH ,/, a/DT high/JJ rise/NN for/IN elderly/JJ people/NNS ./.",,
sw10utt/sw_1004_2562.utt,2/sw2562,2562,55,sd,B,34,5,"{C And, } {D you know, } she does her own thing and everything,  /","And/CC ,/, you/PRP know/VBP ,/, she/PRP does/VBZ her/PRP$ own/JJ thing/NN and/CC everything/NN ,/,",,
sw10utt/sw_1004_2562.utt,2/sw2562,2562,56,sd,B,34,6,"{C but } she has, - /","but/CC she/PRP has/VBZ ,/,",,
sw10utt/sw_1004_2562.utt,2/sw2562,2562,57,sd,B,34,7,it's like a little apartment building.  /,it/PRP 's/BES like/IN a/DT little/JJ apartment/NN building/NN ./.,,
sw10utt/sw_1004_2562.utt,2/sw2562,2562,58,sd,B,34,8,{C And } she has a tomato plant year round. /,And/CC she/PRP has/VBZ a/DT tomato/NN plant/NN year/NN round/NN ./.,,
sw10utt/sw_1004_2562.utt,2/sw2562,2562,59,b,A,35,1,Oh. /,Oh/UH ./.,,
sw10utt/sw_1004_2562.utt,2/sw2562,2562,60,sd,B,36,1,"{C Because } she, {D you know, } - /","Because/IN she/PRP ,/, you/PRP know/VBP ,/,",,
sw10utt/sw_1004_2562.utt,2/sw2562,2562,61,sd,B,36,2,"they keep it warm [ with, + for  ] all the older people,  /","they/PRP keep/VBP it/PRP warm/JJ with/IN ,/, for/IN all/PDT the/DT older/JJR people/NNS ,/,",,
sw10utt/sw_1004_2562.utt,2/sw2562,2562,62,sd,B,36,3,{C and } she keeps it year round. /,and/CC she/PRP keeps/VBZ it/PRP year/NN round/RB ./.,,
sw10utt/sw_1004_2562.utt,2/sw2562,2562,63,sd,A,37,1,I had never thought about that.  /,I/PRP had/VBD never/RB thought/VBN about/IN that/DT ./.,,
sw10utt/sw_1004_2562.utt,2/sw2562,2562,64,sd,A,37,2,"I could probably plant one and bring it in, [ and + ] just like I bring my plants in every year.  /","I/PRP could/MD probably/RB plant/VB one/CD and/CC bring/VB it/PRP in/RB ,/, and/CC just/RB like/IN I/PRP bring/VBP my/PRP$ plants/NNS in/RB every/DT year/NN ./.",,
sw10utt/sw_1004_2562.utt,2/sw2562,2562,65,sd,A,37,3,That'd be neat.  /,That/DT 'd/MD be/VB neat/JJ ./.,,
sw10utt/sw_1004_2562.utt,2/sw2562,2562,66,sd,A,37,4,"{D Well, } I got a patio,  /","Well/UH ,/, I/PRP got/VBD a/DT patio/NN ,/,",,
sw10utt/sw_1004_2562.utt,2/sw2562,2562,67,sd,A,37,5,{C and } I tried to talk my husband into just buying a whole bunch of pots <laughter>.,and/CC I/PRP tried/VBD to/TO talk/VB my/PRP$ husband/NN into/IN just/RB buying/VBG a/DT whole/JJ bunch/NN of/IN pots/NNS ./.,,
sw10utt/sw_1004_2562.utt,2/sw2562,2562,68,x,B,38,1,<Laughter>.,,,
sw10utt/sw_1004_2562.utt,2/sw2562,2562,69,+,A,39,1,"And planting them all in it, {D you know, } because that's favorite thing, is tomatoes --","And/CC planting/VBG them/PRP all/DT in/NN it/PRP ,/, you/PRP know/VBP ,/, because/IN that/DT 's/BES favorite/JJ thing/NN ,/, is/VBZ tomatoes/NNS --/:",,
sw10utt/sw_1004_2562.utt,2/sw2562,2562,70,b,B,40,1,Uh-huh. /,Uh-huh/UH ./.,,
sw10utt/sw_1004_2562.utt,2/sw2562,2562,71,+,A,41,1,-- to grow.  /,--/: to/TO grow/VB ./.,,
sw10utt/sw_1004_2562.utt,2/sw2562,2562,72,sd(^q),A,41,2,"[ [ {C And } + {C so, }  ] + {F um, } {C but }  ] he said, No,  /","And/CC so/RB ,/, um/UH ,/, but/CC he/PRP said/VBD ,/, No/UH ,/,",,
sw10utt/sw_1004_2562.utt,2/sw2562,2562,73,sd,A,41,3,"he was going to plant in the earth, {D you know, } like he always has,  /","he/PRP was/VBD going/VBG to/TO plant/VB in/IN the/DT earth/NN ,/, you/PRP know/VBP ,/, like/IN he/PRP always/RB has/VBZ ,/,",,
sw10utt/sw_1004_2562.utt,2/sw2562,2562,74,sd,A,41,4,{C because } he's always had a garden out in the country. /,because/IN he/PRP 's/BES always/RB had/VBD a/DT garden/NN out/IN in/IN the/DT country/NN ./.,,
sw10utt/sw_1004_2562.utt,2/sw2562,2562,75,b,B,42,1,Uh-huh. /,Uh-huh/UH ./.,,
sw10utt/sw_1004_2562.utt,2/sw2562,2562,76,sd,A,43,1,"{C And } I think he kind of misses it a little bit, {D you know, } since we moved to the city.  /","And/CC I/PRP think/VBP he/PRP kind/RB of/RB misses/VBZ it/PRP a/DT little/JJ bit/NN ,/, you/PRP know/VBP ,/, since/IN we/PRP moved/VBD to/TO the/DT city/NN ./.",,
sw10utt/sw_1004_2562.utt,2/sw2562,2562,77,sd,A,43,2,"{C But, } {F um, } I went ahead and planted one, and mine looks better than his <laughter>. /","But/CC ,/, um/UH ,/, I/PRP went/VBD ahead/RB and/CC planted/VBN one/CD ,/, and/CC mine/PRP looks/VBZ better/JJR than/IN his/PRP$ ./.",,
sw10utt/sw_1004_2562.utt,2/sw2562,2562,78,x,B,44,1,<Laughter>.,,,
sw10utt/sw_1004_2562.utt,2/sw2562,2562,79,sv,A,45,1,"It does,  /","It/PRP does/VBZ ,/,",,
sw10utt/sw_1004_2562.utt,2/sw2562,2562,80,%,A,45,2,"{C and then } I {D like, } {F um, } - /","and/CC then/RB I/PRP like/VBP ,/, um/UH ,/,",,
sw10utt/sw_1004_2562.utt,2/sw2562,2562,81,qy,A,45,3,you know what day lilies are? /,you/PRP know/VBP what/WP day/NN lilies/NNS are/VBP ?/.,,
sw10utt/sw_1004_2562.utt,2/sw2562,2562,82,br,B,46,1,Pardon me? /,Pardon/VB me/PRP ?/.,,
sw10utt/sw_1004_2562.utt,2/sw2562,2562,83,sd^r,A,47,1,Day lilies. /,Day/NN lilies/NNS ./.,,
sw10utt/sw_1004_2562.utt,2/sw2562,2562,84,qy,B,48,1,"Are they, {D well, }  - /","Are/VBP they/PRP ,/, well/UH ,/,",,
sw10utt/sw_1004_2562.utt,2/sw2562,2562,85,qy,B,48,2,do they just come out in the morning then go -- /,do/VBP they/PRP just/RB come/VBP out/RB in/IN the/DT morning/NN then/RB go/VB --/:,,
sw10utt/sw_1004_2562.utt,2/sw2562,2562,86,ny,A,49,1,Uh-huh. /,Uh-huh/UH ./.,,
sw10utt/sw_1004_2562.utt,2/sw2562,2562,87,sd,B,50,1,--  ((   ))  {C but } we call them Morning Glories up here. /,--/: MUMBLEx/XX but/CC we/PRP call/VBP them/PRP Morning/NN Glories/NNS up/IN here/RB ./.,,
sw10utt/sw_1004_2562.utt,2/sw2562,2562,88,ar,A,51,1,"No,  /","No/UH ,/,",,
sw10utt/sw_1004_2562.utt,2/sw2562,2562,89,ar^r,A,51,2,no.  /,no/UH ./.,,
sw10utt/sw_1004_2562.utt,2/sw2562,2562,90,ar,A,51,3,Huh-uh.  /,Huh-uh/UH ./.,,
sw10utt/sw_1004_2562.utt,2/sw2562,2562,91,sd,A,51,4,These look like a lily.  /,These/DT look/VBP like/IN a/DT lily/NN ./.,,
sw10utt/sw_1004_2562.utt,2/sw2562,2562,92,sd,A,51,5,"[ They look like [ a, + a,  ] + {D well, }  they really look like  ] an orchid when they come out. /","They/PRP look/VBP like/IN a/DT ,/, a/DT ,/, well/UH ,/, they/PRP really/RB look/VBP like/IN an/DT orchid/NN when/WRB they/PRP come/VBP out/RB ./.",,
sw10utt/sw_1004_2562.utt,2/sw2562,2562,93,b,B,52,1,{F Oh } really. /,Oh/UH really/UH ./.,,
sw10utt/sw_1004_2562.utt,2/sw2562,2562,94,b,A,53,1,Uh-huh.  /,Uh-huh/UH ./.,,
sw10utt/sw_1004_2562.utt,2/sw2562,2562,95,sd,A,53,2,"That what the look like,  /","That/DT what/WP the/DT look/NN like/IN ,/,",,
sw10utt/sw_1004_2562.utt,2/sw2562,2562,96,sd,A,53,3,{C but } they only bloom for one day. /,but/CC they/PRP only/JJ bloom/VBP for/IN one/CD day/NN ./.,,
sw10utt/sw_1004_2562.utt,2/sw2562,2562,97,b,B,54,1,Oh. /,Oh/UH ./.,,
sw10utt/sw_1004_2562.utt,2/sw2562,2562,98,sd,A,55,1,"They'll, {F um, } - /","They/PRP 'll/MD ,/, um/UH ,/,",,
sw10utt/sw_1004_2562.utt,2/sw2562,2562,99,sd,A,55,2,"you'll have a bud the evening before,  /","you/PRP 'll/MD have/VB a/DT bud/NN the/DT evening/NN before/RB ,/,",,
sw10utt/sw_1004_2562.utt,2/sw2562,2562,100,sd,A,55,3,"{C and then } the next morning as soon as the sun hits it, [ it open-, + it starts opening  ] up  /","and/CC then/RB the/DT next/JJ morning/NN as/RB soon/RB as/IN the/DT sun/NN hits/VBZ it/PRP ,/, it/PRP open/VBZ ,/, it/PRP starts/VBZ opening/VBG up/RP",,
sw10utt/sw_1004_2562.utt,2/sw2562,2562,101,sd,A,55,4,"{C and then } when it gets dark, it closes  /","and/CC then/RB when/WRB it/PRP gets/VBZ dark/JJ ,/, it/PRP closes/VBZ",,
sw10utt/sw_1004_2562.utt,2/sw2562,2562,102,sd,A,55,5,{C and } that's it.  /,and/CC that/DT 's/BES it/PRP ./.,,
sw10utt/sw_1004_2562.utt,2/sw2562,2562,103,sd,A,55,6,It only blooms for one day. /,It/PRP only/RB blooms/VBZ for/IN one/CD day/NN ./.,,
sw10utt/sw_1004_2562.utt,2/sw2562,2562,104,qy^d,B,56,1,"{C And then } it's done, completely done. /","And/CC then/RB it/PRP 's/BES done/JJ ,/, completely/RB done/JJ ./.",,
sw10utt/sw_1004_2562.utt,2/sw2562,2562,105,ny,A,57,1,Uh-huh. /,Uh-huh/UH ./.,,
sw10utt/sw_1004_2562.utt,2/sw2562,2562,106,bk,B,58,1,Oh. /,Oh/UH ./.,,
sw10utt/sw_1004_2562.utt,2/sw2562,2562,107,%,A,59,1,Yeah.  /,Yeah/UH ./.,,
sw10utt/sw_1004_2562.utt,2/sw2562,2562,108,sd,A,59,2,"{C But, } {F um, } they look like orchids, is what they look like,  /","But/CC ,/, um/UH ,/, they/PRP look/VBP like/IN orchids/NNS ,/, is/VBZ what/WP they/PRP look/VBP like/IN ,/,",,
sw10utt/sw_1004_2562.utt,2/sw2562,2562,109,sd,A,59,3,"{C but } they look like different color ones,  /","but/CC they/PRP look/VBP like/IN different/JJ color/NN ones/NNS ,/,",,
sw10utt/sw_1004_2562.utt,2/sw2562,2562,110,sd,A,59,4,"{D like } I have, {F uh, } yellow ones,  /","like/IN I/PRP have/VBP ,/, uh/UH ,/, yellow/JJ ones/NNS ,/,",,
sw10utt/sw_1004_2562.utt,2/sw2562,2562,111,sd,A,59,5,"{C and } I have red ones,  /","and/CC I/PRP have/VBP red/JJ ones/NNS ,/,",,
sw10utt/sw_1004_2562.utt,2/sw2562,2562,112,sd,A,59,6,{C and } --,and/CC --/:,,
sw10utt/sw_1004_2562.utt,2/sw2562,2562,113,b,B,60,1,Uh-huh. /,Uh-huh/UH ./.,,
sw10utt/sw_1004_2562.utt,2/sw2562,2562,114,+,A,61,1,-- I have purple ones  /,--/: I/PRP have/VBP purple/JJ ones/NNS,,
sw10utt/sw_1004_2562.utt,2/sw2562,2562,115,sd,A,61,2,"{C and then } they have {D like, } {D you know, } the real velvety looking stuff inside -- /","and/CC then/RB they/PRP have/VBP like/UH ,/, you/PRP know/VBP ,/, the/DT real/JJ velvety/JJ looking/VBG stuff/NN inside/RB --/:",,
sw10utt/sw_1004_2562.utt,2/sw2562,2562,116,b,B,62,1,"{F Oh, } yeah. /","Oh/UH ,/, yeah/UH ./.",,
sw10utt/sw_1004_2562.utt,2/sw2562,2562,117,sd,A,63,1,-- it looks just like orchids in different colors.  /,--/: it/PRP looks/VBZ just/RB like/IN orchids/NNS in/IN different/JJ colors/NNS ./.,,
sw10utt/sw_1004_2562.utt,2/sw2562,2562,118,sd,A,63,2,That's what they look like. /,That/DT 's/BES what/WP they/PRP look/VBP like/IN ./.,,
sw10utt/sw_1004_2562.utt,2/sw2562,2562,119,ba,B,64,1,"{F Oh, }  ((   ))  really pretty. /","Oh/UH ,/, MUMBLEx/XX really/RB pretty/JJ ./.",,
sw10utt/sw_1004_2562.utt,2/sw2562,2562,120,sv,A,65,1,"[ They are, + they're  ] beautiful.  /","They/PRP are/VBP ,/, they/PRP 're/VBP beautiful/JJ ./.",,
sw10utt/sw_1004_2562.utt,2/sw2562,2562,121,sd,A,65,2,"{F Uh, } I have a friend when I lived out in the country,  /","Uh/UH ,/, I/PRP have/VBP a/DT friend/NN when/WRB I/PRP lived/VBD out/IN in/IN the/DT country/NN ,/,",,
sw10utt/sw_1004_2562.utt,2/sw2562,2562,122,sd,A,65,3,"{C and } she had belonged to this kind of society that {D like } every year, {D you know, } or every so many months they would send you different bulbs that they came out with. /","and/CC she/PRP had/VBD belonged/VBN to/IN this/DT kind/NN of/IN society/NN that/WDT like/UH every/DT year/NN ,/, you/PRP know/VBP ,/, or/CC every/DT so/RB many/JJ months/NNS they/PRP would/MD send/VB you/PRP different/JJ bulbs/NNS that/WDT they/PRP came/VBD out/RP with/IN ./.",,
sw10utt/sw_1004_2562.utt,2/sw2562,2562,123,b,B,66,1,Uh-huh. /,Uh-huh/UH ./.,,
sw10utt/sw_1004_2562.utt,2/sw2562,2562,124,sd,A,67,1,{C And } {E I mean } they were real expensive.  /,And/CC I/PRP mean/VBP they/PRP were/VBD real/RB expensive/JJ ./.,,
sw10utt/sw_1004_2562.utt,2/sw2562,2562,125,sd,A,67,2,"They were {D like, } {D well, } - /","They/PRP were/VBD like/IN ,/, well/UH ,/,",,
sw10utt/sw_1004_2562.utt,2/sw2562,2562,126,sd,A,67,3,the most expensive one that she gave me a bulb for was {D like } thirty-two fifty for one bulb. /,the/DT most/RBS expensive/JJ one/CD that/IN she/PRP gave/VBD me/PRP a/DT bulb/NN for/IN was/VBD like/IN thirty-two/CD fifty/CD for/IN one/CD bulb/NN ./.,,
sw10utt/sw_1004_2562.utt,2/sw2562,2562,127,ba,B,68,1,"{F Oh, } my gosh.  /","Oh/UH ,/, my/UH gosh/UH ./.",,
sw10utt/sw_1004_2562.utt,2/sw2562,2562,128,sd,A,69,1,"{C So } what she would do is she would plant them, and they multiplied.  /","So/UH what/WP she/PRP would/MD do/VB is/VBZ she/PRP would/MD plant/VB them/PRP ,/, and/CC they/PRP multiplied/VBD ./.",,
sw10utt/sw_1004_2562.utt,2/sw2562,2562,129,sd,A,69,2,"{C So } the next year when she, {D you know, } weeded them out --","So/RB the/DT next/JJ year/NN when/WRB she/PRP ,/, you/PRP know/VBP ,/, weeded/VBD them/PRP out/RP --/:",,
sw10utt/sw_1004_2562.utt,2/sw2562,2562,130,b,B,70,1,Uh-huh. /,Uh-huh/UH ./.,,
sw10utt/sw_1004_2562.utt,2/sw2562,2562,131,+,A,71,1,"-- so they wouldn't be as thick, [ then + ] she'd give me some of the bulbs.  /","--/: so/RB they/PRP would/MD n't/RB be/VB as/RB thick/JJ ,/, then/RB she/PRP 'd/MD give/VB me/PRP some/DT of/IN the/DT bulbs/NNS ./.",,
sw10utt/sw_1004_2562.utt,2/sw2562,2562,132,sd,A,71,2,"{C And, } {E I mean, } I have some of the most beautiful day lilies that you've ever seen.  /","And/CC ,/, I/PRP mean/VBP ,/, I/PRP have/VBP some/DT of/IN the/DT most/RBS beautiful/JJ day/NN lilies/NNS that/WDT you/PRP 've/VBP ever/RB seen/VBN ./.",,
sw10utt/sw_1004_2562.utt,2/sw2562,2562,133,sd,A,71,3,"{C So, } when we decided to move, it was really funny because, like I said, I had a whole bunch of different kinds of things, /","So/RB ,/, when/WRB we/PRP decided/VBD to/TO move/VB ,/, it/PRP was/VBD really/RB funny/JJ because/IN ,/, like/IN I/PRP said/VBD ,/, I/PRP had/VBD a/DT whole/JJ bunch/NN of/IN different/JJ kinds/NNS of/IN things/NNS ,/,",,
sw10utt/sw_1004_2562.utt,2/sw2562,2562,134,x,B,72,1,<Laughter>.,,,
sw10utt/sw_1004_2562.utt,2/sw2562,2562,135,sd(^q),A,73,1,"{C and } I kept saying, {D Well, } I want to take a few of these, and I want to take these, and I want to take these.  /","and/CC I/PRP kept/VBD saying/VBG ,/, Well/UH ,/, I/PRP want/VBP to/TO take/VB a/DT few/NN of/IN these/DT ,/, and/CC I/PRP want/VBP to/TO take/VB these/DT ,/, and/CC I/PRP want/VBP to/TO take/VB these/DT ./.",,
sw10utt/sw_1004_2562.utt,2/sw2562,2562,136,sd(^q),A,73,2,"My husband finally said, Look, are we going to take the grass? <laughter>. /","My/PRP$ husband/NN finally/RB said/VBD ,/, Look/VB ,/, are/VBP we/PRP going/VBG to/TO take/VB the/DT grass/NN ?/. ./.",,
sw10utt/sw_1004_2562.utt,2/sw2562,2562,137,x,B,74,1,<Laughter>.,,,
sw10utt/sw_1004_2562.utt,2/sw2562,2562,138,^q,A,75,1,Can we leave the grass? <Laughter>  /,Can/MD we/PRP leave/VB the/DT grass/NN ?/.,,
sw10utt/sw_1004_2562.utt,2/sw2562,2562,139,sd(^q),A,75,2,"I said, Yes, we may leave that. /","I/PRP said/VBD ,/, Yes/UH ,/, we/PRP may/MD leave/VB that/DT ./.",,
sw10utt/sw_1004_2562.utt,2/sw2562,2562,140,bf,B,76,1,"<Laughter>   ((   ))  take the whole grass, the whole yard. /","MUMBLEx/XX take/VB the/DT whole/JJ grass/NN ,/, the/DT whole/JJ yard/NN ./.",,
sw10utt/sw_1004_2562.utt,2/sw2562,2562,141,sd(^q),A,77,1,"{C And } we had a tree that was {D like } seventeen foot tall, or something like  that, that he said, No, no, I am not taking the tree.  /","And/CC we/PRP had/VBD a/DT tree/NN that/WDT was/VBD like/UH seventeen/CD foot/NN tall/JJ ,/, or/CC something/NN like/IN that/DT ,/, that/WDT he/PRP said/VBD ,/, No/UH ,/, no/UH ,/, I/PRP am/VBP not/RB taking/VBG the/DT tree/NN ./.",,
sw10utt/sw_1004_2562.utt,2/sw2562,2562,142,sd,A,77,2,"{D You know, } {E I mean, } every time we went outside, he'd look at something that was humongous, {D you know, }  /","You/PRP know/VBP ,/, I/PRP mean/VBP ,/, every/DT time/NN we/PRP went/VBD outside/RB ,/, he/PRP 'd/MD look/VB at/IN something/NN that/WDT was/VBD humongous/JJ ,/, you/PRP know/VBP ,/,",,
sw10utt/sw_1004_2562.utt,2/sw2562,2562,143,^q,A,77,3,"No,  /","No/UH ,/,",,
sw10utt/sw_1004_2562.utt,2/sw2562,2562,144,^q,A,77,4,we're not taking that. /,we/PRP 're/VBP not/RB taking/VBG that/DT ./.,,
sw10utt/sw_1004_2562.utt,2/sw2562,2562,145,x,B,78,1,<Laughter>.,,,
sw10utt/sw_1004_2562.utt,2/sw2562,2562,146,sd(^q),A,79,1,"{C But } the last day, he said, Can't we leave the grass,  /","But/CC the/DT last/JJ day/NN ,/, he/PRP said/VBD ,/, Ca/MD n't/RB we/PRP leave/VB the/DT grass/NN ,/,",,
sw10utt/sw_1004_2562.utt,2/sw2562,2562,147,sd(^q),A,79,2,"{C and } I said, Yeah,  /","and/CC I/PRP said/VBD ,/, Yeah/UH ,/,",,
sw10utt/sw_1004_2562.utt,2/sw2562,2562,148,^q,A,79,3,I think we will leave that.  /,I/PRP think/VBP we/PRP will/MD leave/VB that/DT ./.,,
sw10utt/sw_1004_2562.utt,2/sw2562,2562,149,ba,B,80,1,<Laughter>  That'd be funny. /,That/DT 'd/MD be/VB funny/JJ ./.,,
sw10utt/sw_1004_2562.utt,2/sw2562,2562,150,sd,A,81,1,"{C But, } I brought, - /","But/CC ,/, I/PRP brought/VBD ,/,",,
sw10utt/sw_1004_2562.utt,2/sw2562,2562,151,sd,A,81,2,"my kids, when they were little they had given me some azaleas --","my/PRP$ kids/NNS ,/, when/WRB they/PRP were/VBD little/JJ they/PRP had/VBD given/VBN me/PRP some/DT azaleas/NNS --/:",,
sw10utt/sw_1004_2562.utt,2/sw2562,2562,152,b,B,82,1,Uh-huh. /,Uh-huh/UH ./.,,
sw10utt/sw_1004_2562.utt,2/sw2562,2562,153,+,A,83,1,-- so I brought all my azalea bushes. /,--/: so/RB I/PRP brought/VBD all/DT my/PRP$ azalea/NN bushes/NNS ./.,,
sw10utt/sw_1004_2562.utt,2/sw2562,2562,154,b,B,84,1,Yeah. /,Yeah/UH ./.,,
sw10utt/sw_1004_2562.utt,2/sw2562,2562,155,sd,A,85,1,"{C And } {D you know, } [ I brought, + I brought  ] as much as I could bring --","And/CC you/PRP know/VBP ,/, I/PRP brought/VBD ,/, I/PRP brought/VBD as/RB much/JJ as/IN I/PRP could/MD bring/VB --/:",,
sw10utt/sw_1004_2562.utt,2/sw2562,2562,156,b,B,86,1,Uh-huh. /,Uh-huh/UH ./.,,
sw10utt/sw_1004_2562.utt,2/sw2562,2562,157,+,A,87,1,"-- without, {D you know, } really tearing up their place.  /","--/: without/IN ,/, you/PRP know/VBP ,/, really/RB tearing/VBG up/RP their/PRP$ place/NN ./.",,
sw10utt/sw_1004_2562.utt,2/sw2562,2562,158,sd,A,87,2,"{C But, } just like, {F um, } {D you know, } - /","But/CC ,/, just/RB like/UH ,/, um/UH ,/, you/PRP know/VBP ,/,",,
sw10utt/sw_1004_2562.utt,2/sw2562,2562,159,sd,A,87,3,"the people that [ bought ours, + bought the place,  ] [ but, + ] {F um, } I knew that they would, {D you know, } - /","the/DT people/NNS that/WDT bought/VBD ours/PRP ,/, bought/VBD the/DT place/NN ,/, but/CC ,/, um/UH ,/, I/PRP knew/VBD that/IN they/PRP would/MD ,/, you/PRP know/VB ,/,",,
sw10utt/sw_1004_2562.utt,2/sw2562,2562,160,sd,A,87,4,"if I left {D like } one bulb of each one of them, by this year they'd have ten bulbs of each one of them. /","if/IN I/PRP left/VBD like/UH one/CD bulb/NN of/IN each/DT one/CD of/IN them/PRP ,/, by/IN this/DT year/NN they/PRP 'd/MD have/VB ten/CD bulbs/NNS of/IN each/DT one/CD of/IN them/PRP ./.",,
sw10utt/sw_1004_2562.utt,2/sw2562,2562,161,b,B,88,1,Yeah. /,Yeah/UH ./.,,
sw10utt/sw_1004_2562.utt,2/sw2562,2562,162,sd,A,89,1,"{C So, } it wasn't like it was going to be this big raw place or something,  {D you know, }  /","So/RB ,/, it/PRP was/VBD n't/RB like/IN it/PRP was/VBD going/VBG to/TO be/VB this/DT big/JJ raw/JJ place/NN or/CC something/NN ,/, you/PRP know/VBP ,/,",,
sw10utt/sw_1004_2562.utt,2/sw2562,2562,163,sd,A,89,2,it would cover it right up. /,it/PRP would/MD cover/VB it/PRP right/RB up/RP ./.,,
sw10utt/sw_1004_2562.utt,2/sw2562,2562,164,b,B,90,1,Uh-huh. /,Uh-huh/UH ./.,,
sw10utt/sw_1004_2562.utt,2/sw2562,2562,165,sd,A,91,1,"{C But, } I just couldn't see it, {D you know, } going off and leaving everything like that. /","But/CC ,/, I/PRP just/RB could/MD n't/RB see/VB it/PRP ,/, you/PRP know/VBP ,/, going/VBG off/RB and/CC leaving/VBG everything/NN like/IN that/DT ./.",,
sw10utt/sw_1004_2562.utt,2/sw2562,2562,166,b,B,92,1,Yeah. /,Yeah/UH ./.,,
sw10utt/sw_1004_2562.utt,2/sw2562,2562,167,sd,A,93,1,"{C Because } this house, I really liked it and everything, but the yard was a lot to be desired.  /","Because/IN this/DT house/NN ,/, I/PRP really/RB liked/VBD it/PRP and/CC everything/NN ,/, but/CC the/DT yard/NN was/VBD a/DT lot/NN to/TO be/VB desired/VBN ./.",,
sw10utt/sw_1004_2562.utt,2/sw2562,2562,168,sd,A,93,2,{F Oh } --,Oh/UH --/:,,
sw10utt/sw_1004_2562.utt,2/sw2562,2562,169,b,B,94,1,{F Oh. } /,Oh/UH ./.,,
sw10utt/sw_1004_2562.utt,2/sw2562,2562,170,+,A,95,1,-- there was nothing.  /,--/: there/EX was/VBD nothing/NN ./.,,
sw10utt/sw_1004_2562.utt,2/sw2562,2562,171,sd,A,95,2,"These people, - /","These/DT people/NNS ,/,",,
sw10utt/sw_1004_2562.utt,2/sw2562,2562,172,sd,A,95,3,we have one ugly pine tree. /,we/PRP have/VBP one/CD ugly/JJ pine/NN tree/NN ./.,,
sw10utt/sw_1004_2562.utt,2/sw2562,2562,173,x,B,96,1,<Laughter>.,,,
sw10utt/sw_1004_2562.utt,2/sw2562,2562,174,sd,A,97,1,"{E I mean, } {C and } it is ugly. /","I/PRP mean/VBP ,/, and/CC it/PRP is/VBZ ugly/JJ ./.",,
sw10utt/sw_1004_2562.utt,2/sw2562,2562,175,x,B,98,1,<Laughter>.,,,
sw10utt/sw_1004_2562.utt,2/sw2562,2562,176,sd,A,99,1,"I even tried making it look nicer, {D you know, }  /","I/PRP even/RB tried/VBD making/VBG it/PRP look/VBP nicer/JJR ,/, you/PRP know/VBP ,/,",,
sw10utt/sw_1004_2562.utt,2/sw2562,2562,177,sd,A,99,2,"I tied the yellow ribbon around it,  /","I/PRP tied/VBD the/DT yellow/JJ ribbon/NN around/IN it/PRP ,/,",,
sw10utt/sw_1004_2562.utt,2/sw2562,2562,178,sd,A,99,3,{C and } it was so ugly. /,and/CC it/PRP was/VBD so/RB ugly/JJ ./.,,
sw10utt/sw_1004_2562.utt,2/sw2562,2562,179,x,B,100,1,<Laughter>.,,,
sw10utt/sw_1004_2562.utt,2/sw2562,2562,180,sd,A,101,1,"{F Oh, } it did not help, let me tell you.  /","Oh/UH ,/, it/PRP did/VBD not/RB help/VB ,/, let/VB me/PRP tell/VB you/PRP ./.",,
sw10utt/sw_1004_2562.utt,2/sw2562,2562,181,sd,A,101,2,I took it off and put it on my door.  /,I/PRP took/VBD it/PRP off/RB and/CC put/NN it/PRP on/IN my/PRP$ door/NN ./.,,
sw10utt/sw_1004_2562.utt,2/sw2562,2562,182,sd,A,101,3,I did not want to call attention.  /,I/PRP did/VBD not/RB want/VB to/TO call/VB attention/NN ./.,,
sw10utt/sw_1004_2562.utt,2/sw2562,2562,183,sd,A,101,4,"<Laughter> {E I mean, } it was terrible.  /","I/PRP mean/VBP ,/, it/PRP was/VBD terrible/JJ ./.",,
sw10utt/sw_1004_2562.utt,2/sw2562,2562,184,sd,A,101,5,{C So } really the plants that I brought over and put out here are just about all.  /,So/RB really/RB the/DT plants/NNS that/WDT I/PRP brought/VBD over/RB and/CC put/VBD out/RB here/RB are/VBP just/RB about/IN all/DT ./.,,
sw10utt/sw_1004_2562.utt,2/sw2562,2562,185,sd,A,101,6,"I don't do any of the mowing or, {D you know, } edging and all that -- /","I/PRP do/VBP n't/RB do/VB any/DT of/IN the/DT mowing/VBG or/CC ,/, you/PRP know/VBP ,/, edging/VBG and/CC all/DT that/NN --/:",,
sw10utt/sw_1004_2562.utt,2/sw2562,2562,186,b,B,102,1,Uh-huh. /,Uh-huh/UH ./.,,
sw10utt/sw_1004_2562.utt,2/sw2562,2562,187,sd,A,103,1,-- My husband does all that stuff.  /,--/: My/PRP$ husband/NN does/VBZ all/PDT that/DT stuff/NN ./.,,
sw10utt/sw_1004_2562.utt,2/sw2562,2562,188,sd,A,103,2,{C But } that's because I'm allergic to the grass. /,But/CC that/DT 's/BES because/IN I/PRP 'm/VBP allergic/JJ to/IN the/DT grass/NN ./.,,
sw10utt/sw_1004_2562.utt,2/sw2562,2562,189,ba,B,104,1,"{F Oh, } that'd be awful.  /","Oh/UH ,/, that/DT 'd/MD be/VB awful/JJ ./.",,
sw10utt/sw_1004_2562.utt,2/sw2562,2562,190,sd,B,104,2,I love going out in the Summer in the grass. /,I/PRP love/VBP going/VBG out/RB in/IN the/DT Summer/NN in/IN the/DT grass/NN ./.,,
sw10utt/sw_1004_2562.utt,2/sw2562,2562,191,b,A,105,1,Really. /,Really/UH ./.,,
sw10utt/sw_1004_2562.utt,2/sw2562,2562,192,ny,B,106,1,Uh-huh. /,Uh-huh/UH ./.,,
sw10utt/sw_1004_2562.utt,2/sw2562,2562,193,sd,A,107,1,"Now I like to go to the beach where the sand is,  /","Now/UH I/PRP like/VBP to/TO go/VB to/IN the/DT beach/NN where/WRB the/DT sand/NN is/VBZ ,/,",,
sw10utt/sw_1004_2562.utt,2/sw2562,2562,194,sd,A,107,2,{C because } then it doesn't make me ill <laughter>. /,because/IN then/RB it/PRP does/VBZ n't/RB make/VB me/PRP ill/JJ ./.,,
sw10utt/sw_1004_2562.utt,2/sw2562,2562,195,b,B,108,1,Yeah.  /,Yeah/UH ./.,,
sw10utt/sw_1004_2562.utt,2/sw2562,2562,196,sd,B,108,2,"{C And, } {F um, } {D well } even up here at school, {D you know, } it gets hot, and we have the windows open,  /","And/CC ,/, um/UH ,/, well/UH even/RB up/IN here/RB at/IN school/NN ,/, you/PRP know/VBP ,/, it/PRP gets/VBZ hot/JJ ,/, and/CC we/PRP have/VBP the/DT windows/NNS open/JJ ,/,",,
sw10utt/sw_1004_2562.utt,2/sw2562,2562,197,sd,B,108,3,{D well } they mow the grass up here sometimes six o'clock in the morning.  /,well/UH they/PRP mow/VBP the/DT grass/NN up/IN here/RB sometimes/RB six/CD o'clock/RB in/IN the/DT morning/NN ./.,,
sw10utt/sw_1004_2562.utt,2/sw2562,2562,198,sd,B,108,4,"{C And } just to smell the grass, it's just, - /","And/CC just/RB to/TO smell/VB the/DT grass/NN ,/, it/PRP 's/BES just/RB ,/,",,
sw10utt/sw_1004_2562.utt,2/sw2562,2562,199,sd,B,108,5,I just love the smell of freshly cut grass. /,I/PRP just/RB love/VBP the/DT smell/NN of/IN freshly/RB cut/VBN grass/NN ./.,,
sw10utt/sw_1004_2562.utt,2/sw2562,2562,200,b,A,109,1,"Yeah,  /","Yeah/UH ,/,",,
sw10utt/sw_1004_2562.utt,2/sw2562,2562,201,sd,A,109,2,"I used to until [ it, + ] I got so allergic to it.  /","I/PRP used/VBD to/TO until/IN it/PRP ,/, I/PRP got/VBD so/RB allergic/JJ to/IN it/PRP ./.",,
sw10utt/sw_1004_2562.utt,2/sw2562,2562,202,sd,A,109,3,"I don't know if it's all, {D well, } - /","I/PRP do/VBP n't/RB know/VB if/IN it/PRP 's/BES all/DT ,/, well/UH ,/,",,
sw10utt/sw_1004_2562.utt,2/sw2562,2562,203,sd,A,109,4,I went and had some tests run and just about all the kinds I was allergic to.  /,I/PRP went/VBD and/CC had/VBD some/DT tests/NNS run/VBN and/CC just/RB about/IN all/PDT the/DT kinds/NNS I/PRP was/VBD allergic/JJ to/IN ./.,,
sw10utt/sw_1004_2562.utt,2/sw2562,2562,204,sd,A,109,5,"{C But } it's not as bad here,  /","But/CC it/PRP 's/BES not/RB as/IN bad/JJ here/RB ,/,",,
sw10utt/sw_1004_2562.utt,2/sw2562,2562,205,sd,A,109,6,"{D like } Saint Augustine, I think, is what we have.  /","like/IN Saint/NNP Augustine/NNP ,/, I/PRP think/VBP ,/, is/VBZ what/WP we/PRP have/VBP ./.",,
sw10utt/sw_1004_2562.utt,2/sw2562,2562,206,sd,A,109,7,{C And } it's not as bad as it was when we were out in the country. /,And/CC it/PRP 's/BES not/RB as/RB bad/JJ as/IN it/PRP was/VBD when/WRB we/PRP were/VBD out/IN in/IN the/DT country/NN ./.,,
sw10utt/sw_1004_2562.utt,2/sw2562,2562,207,b,B,110,1,Uh-huh. /,Uh-huh/UH ./.,,
sw10utt/sw_1004_2562.utt,2/sw2562,2562,208,sd,A,111,1,"{C But } out in the country, {E I mean, } - /","But/CC out/IN in/IN the/DT country/NN ,/, I/PRP mean/VBP ,/,",,
sw10utt/sw_1004_2562.utt,2/sw2562,2562,209,sd,A,111,2,"if I went outside while he was mowing the grass, I was going to have a gigantic attack. /","if/IN I/PRP went/VBD outside/IN while/IN he/PRP was/VBD mowing/VBG the/DT grass/NN ,/, I/PRP was/VBD going/VBG to/TO have/VB a/DT gigantic/JJ attack/NN ./.",,
sw10utt/sw_1004_2562.utt,2/sw2562,2562,210,ba,B,112,1,{F Oh } my gosh. /,Oh/UH my/UH gosh/UH ./.,,
sw10utt/sw_1004_2562.utt,2/sw2562,2562,211,sd,A,113,1,"{C So, } {F um, } I get shots for it now, too.  /","So/UH ,/, um/UH ,/, I/PRP get/VBP shots/NNS for/IN it/PRP now/RB ,/, too/RB ./.",,
sw10utt/sw_1004_2562.utt,2/sw2562,2562,212,sd,A,113,2,That helps a whole bunch. /,That/DT helps/VBZ a/DT whole/JJ bunch/NN ./.,,
sw10utt/sw_1004_2562.utt,2/sw2562,2562,213,b,B,114,1,Uh-huh. /,Uh-huh/UH ./.,,
sw10utt/sw_1004_2562.utt,2/sw2562,2562,214,sd,A,115,1,"{C But, } one good thing about it, {D see } I don't have to mow the grass  /","But/CC ,/, one/CD good/JJ thing/NN about/IN it/PRP ,/, see/VB I/PRP do/VB n't/RB have/VB to/TO mow/VB the/DT grass/NN",,
sw10utt/sw_1004_2562.utt,2/sw2562,2562,215,%,A,115,2,{C or }  ((   )) - /,or/CC MUMBLEx/XX,,
sw10utt/sw_1004_2562.utt,2/sw2562,2562,216,x,A,115,3,"<laughter>,",",/,",,
sw10utt/sw_1004_2562.utt,2/sw2562,2562,217,x,B,116,1,<Laughter>.,,,
sw10utt/sw_1004_2562.utt,2/sw2562,2562,218,sd,A,117,1,"{E I mean, } that's really nice. /","I/PRP mean/VBP ,/, that/DT 's/BES really/RB nice/JJ ./.",,
sw10utt/sw_1004_2562.utt,2/sw2562,2562,219,b,B,118,1,"Yeah,  /","Yeah/UH ,/,",,
sw10utt/sw_1004_2562.utt,2/sw2562,2562,220,sd,B,118,2,you said that you had a garden.  /,you/PRP said/VBD that/IN you/PRP had/VBD a/DT garden/NN ./.,,
sw10utt/sw_1004_2562.utt,2/sw2562,2562,221,qw,B,118,3,"What all things do you plant in it,  /","What/WP all/DT things/NNS do/VBP you/PRP plant/VB in/IN it/PRP ,/,",,
sw10utt/sw_1004_2562.utt,2/sw2562,2562,222,qr,B,118,4,{C or } do you like to plant in it? /,or/CC do/VBP you/PRP like/VB to/TO plant/VB in/IN it/PRP ?/.,,
sw10utt/sw_1004_2562.utt,2/sw2562,2562,223,sd,A,119,1,"{D Well, } the first thing we always plant is tomatoes -- /","Well/UH ,/, the/DT first/JJ thing/NN we/PRP always/RB plant/VBP is/VBZ tomatoes/NNS --/:",,
sw10utt/sw_1004_2562.utt,2/sw2562,2562,224,b,B,120,1,Uh-huh. /,Uh-huh/UH ./.,,
sw10utt/sw_1004_2562.utt,2/sw2562,2562,225,sd,A,121,1,-- every year.  /,--/: every/DT year/NN ./.,,
sw10utt/sw_1004_2562.utt,2/sw2562,2562,226,sd,A,121,2,"I don't care if we don't have anything else,  /","I/PRP do/VBP n't/RB care/VB if/IN we/PRP do/VBP n't/RB have/VB anything/NN else/RB ,/,",,
sw10utt/sw_1004_2562.utt,2/sw2562,2562,227,sd,A,121,3,we're going to have tomatoes.  /,we/PRP 're/VBP going/VBG to/TO have/VB tomatoes/NNS ./.,,
sw10utt/sw_1004_2562.utt,2/sw2562,2562,228,sd,A,121,4,{C And then } we plant cucumbers  /,And/CC then/RB we/PRP plant/VBP cucumbers/NNS,,
sw10utt/sw_1004_2562.utt,2/sw2562,2562,229,%,A,121,5,"{C and, } -/","and/CC ,/,",,
sw10utt/sw_1004_2562.utt,2/sw2562,2562,230,b,B,122,1,"Uh-huh,  /","Uh-huh/UH ,/,",,
sw10utt/sw_1004_2562.utt,2/sw2562,2562,231,qy,B,122,2,do your cucumbers come good? /,do/VBP your/PRP$ cucumbers/NNS come/VB good/JJ ?/.,,
sw10utt/sw_1004_2562.utt,2/sw2562,2562,232,ny,A,123,1,{F Oh } yeah. /,Oh/UH yeah/UH ./.,,
sw10utt/sw_1004_2562.utt,2/sw2562,2562,233,b,B,124,1,Really.  /,Really/UH ./.,,
sw10utt/sw_1004_2562.utt,2/sw2562,2562,234,sd,B,124,2,"Sometimes when my dad has, {D like, } - /","Sometimes/RB when/WRB my/PRP$ dad/NN has/VBZ ,/, like/UH ,/,",,
sw10utt/sw_1004_2562.utt,2/sw2562,2562,235,sd,B,124,3,that's the one thing no one is allowed to touch except my dad.  /,that/DT 's/BES the/DT one/CD thing/NN no/DT one/PRP is/VBZ allowed/VBN to/TO touch/VB except/IN my/PRP$ dad/NN ./.,,
sw10utt/sw_1004_2562.utt,2/sw2562,2562,236,sd,B,124,4,"He takes care of all the cucumbers,  /","He/PRP takes/VBZ care/NN of/IN all/PDT the/DT cucumbers/NNS ,/,",,
sw10utt/sw_1004_2562.utt,2/sw2562,2562,237,sd,B,124,5,"{C because } he said the vines are just so, - /","because/IN he/PRP said/VBD the/DT vines/NNS are/VBP just/RB so/RB ,/,",,
sw10utt/sw_1004_2562.utt,2/sw2562,2562,238,sd,B,124,6,"at our house, as soon as you touch a vine, it's like it completely dies. /","at/IN our/PRP$ house/NN ,/, as/RB soon/RB as/IN you/PRP touch/VBP a/DT vine/NN ,/, it/PRP 's/BES like/IN it/PRP completely/RB dies/VBZ ./.",,
sw10utt/sw_1004_2562.utt,2/sw2562,2562,239,b,A,125,1,"Really, /","Really/UH ,/,",,
sw10utt/sw_1004_2562.utt,2/sw2562,2562,240,ny,B,126,1,Uh-huh. /,Uh-huh/UH ./.,,
sw10utt/sw_1004_2562.utt,2/sw2562,2562,241,sd,A,127,1,"It must be the, {F uh, } -/","It/PRP must/MD be/VB the/DT ,/, uh/UH ,/,",,
sw10utt/sw_1004_2562.utt,2/sw2562,2562,242,sd,B,128,1,"Sometimes we have really good luck with them,  /","Sometimes/RB we/PRP have/VBP really/RB good/JJ luck/NN with/IN them/PRP ,/,",,
sw10utt/sw_1004_2562.utt,2/sw2562,2562,243,sd,B,128,2,{C but } then there'll be {D like } maybe two years in a row that we can't get anything. /,but/CC then/RB there/EX 'll/MD be/VB like/UH maybe/RB two/CD years/NNS in/IN a/DT row/NN that/IN we/PRP ca/MD n't/RB get/VB anything/NN ./.,,
sw10utt/sw_1004_2562.utt,2/sw2562,2562,244,sd,A,129,1,"Now [ that's, + {E I mean, } that's  ] something that grows like a weed here.  /","Now/UH that/DT 's/BES ,/, I/PRP mean/VBP ,/, that/DT 's/BES something/NN that/WDT grows/VBZ like/IN a/DT weed/NN here/RB ./.",,
sw10utt/sw_1004_2562.utt,2/sw2562,2562,245,ba,B,130,1,"{F Oh, } wow. /","Oh/UH ,/, wow/UH ./.",,
sw10utt/sw_1004_2562.utt,2/sw2562,2562,246,sd^r,A,131,1,"{E I mean, } it grows like a weed.  /","I/PRP mean/VBP ,/, it/PRP grows/VBZ like/IN a/DT weed/NN ./.",,
sw10utt/sw_1004_2562.utt,2/sw2562,2562,247,sd,A,131,2,"We have to allow  extra room for those,  [ because, + ] {D you know, } {E I mean } extra space,","We/PRP have/VBP to/TO allow/VB extra/JJ room/NN for/IN those/DT ,/, because/IN ,/, you/PRP know/VBP ,/, I/PRP mean/VBP extra/JJ space/NN ,/,",,
sw10utt/sw_1004_2562.utt,2/sw2562,2562,248,b,B,132,1,# Yeah  /,Yeah/UH,,
sw10utt/sw_1004_2562.utt,2/sw2562,2562,249,sd,B,132,2,{C because } they take up a lot. # /,because/IN they/PRP take/VBP up/RP a/DT lot/NN ./.,,
sw10utt/sw_1004_2562.utt,2/sw2562,2562,250,+,A,133,1,# between the rows and all.  /,between/IN the/DT rows/NNS and/CC all/DT ./.,,
sw10utt/sw_1004_2562.utt,2/sw2562,2562,251,%,A,133,2,"Yes,  /","Yes/UH ,/,",,
sw10utt/sw_1004_2562.utt,2/sw2562,2562,252,sd,A,133,3,"{C but } # {E I mean, } we usually get, - /","but/CC I/PRP mean/VBP ,/, we/PRP usually/RB get/VBP ,/,",,
sw10utt/sw_1004_2562.utt,2/sw2562,2562,253,sd@,A,133,4,"if we plant, for every one plant we probably get fifty to sixty cucumbers off of it.","if/IN we/PRP plant/VBP ,/, for/IN every/DT one/CD plant/NN we/PRP probably/RB get/VBP fifty/CD to/IN sixty/CD cucumbers/NNS off/IN of/IN it/PRP ./.",,
sw10utt/sw_1004_2562.utt,2/sw2562,2562,254,ba,B,134,1,Holy smoke. /,Holy/JJ smoke/NN ./.,,
sw10utt/sw_1004_2562.utt,2/sw2562,2562,255,+,A,135,1,"{E I mean, } just pulling them as fast as you can.  /","I/PRP mean/VBP ,/, just/RB pulling/VBG them/PRP as/RB fast/RB as/IN you/PRP can/MD ./.",,
sw10utt/sw_1004_2562.utt,2/sw2562,2562,256,sd,A,135,2,We usually give them to everybody. /,We/PRP usually/RB give/VBP them/PRP to/IN everybody/NN ./.,,
sw10utt/sw_1004_2562.utt,2/sw2562,2562,257,b,B,136,1,Uh-huh. /,Uh-huh/UH ./.,,
sw10utt/sw_1004_2562.utt,2/sw2562,2562,258,sd,A,137,1,Anybody that wants a cucumber can have it.  /,Anybody/NN that/WDT wants/VBZ a/DT cucumber/NN can/MD have/VB it/PRP ./.,,
sw10utt/sw_1004_2562.utt,2/sw2562,2562,259,sd,A,137,2,"{C But } we tried it, too, where you run it up a fence -- /","But/CC we/PRP tried/VBD it/PRP ,/, too/RB ,/, where/WRB you/PRP run/VBP it/PRP up/IN a/DT fence/NN --/:",,
sw10utt/sw_1004_2562.utt,2/sw2562,2562,260,b,B,138,1,Uh-huh. /,Uh-huh/UH ./.,,
sw10utt/sw_1004_2562.utt,2/sw2562,2562,261,sd,A,139,1,"-- {C and, } {F um, } we had some weird cucumbers because they grew inside the fence.  /","--/: and/CC ,/, um/UH ,/, we/PRP had/VBD some/DT weird/JJ cucumbers/NNS because/IN they/PRP grew/VBD inside/IN the/DT fence/NN ./.",,
sw10utt/sw_1004_2562.utt,2/sw2562,2562,262,sd,A,139,2,{E I mean } {D like } the little thing would be half on one side and half on the other. /,I/PRP mean/VBP like/UH the/DT little/JJ thing/NN would/MD be/VB half/JJ on/IN one/CD side/NN and/CC half/NN on/IN the/DT other/JJ ./.,,
sw10utt/sw_1004_2562.utt,2/sw2562,2562,263,ba,B,140,1,{F Oh } my gosh. /,Oh/UH my/UH gosh/UH ./.,,
sw10utt/sw_1004_2562.utt,2/sw2562,2562,264,sd,A,141,1,"{E I mean, } it was, - /","I/PRP mean/VBP ,/, it/PRP was/VBD ,/,",,
sw10utt/sw_1004_2562.utt,2/sw2562,2562,265,sd,A,141,2,"{C but } they're so heavy, {D you know, }  /","but/CC they/PRP 're/VBP so/RB heavy/JJ ,/, you/PRP know/VBP ,/,",,
sw10utt/sw_1004_2562.utt,2/sw2562,2562,266,sd,A,141,3,they get so heavy they kind of weigh it down.  /,they/PRP get/VBP so/RB heavy/JJ they/PRP kind/RB of/RB weigh/VBP it/PRP down/RP ./.,,
sw10utt/sw_1004_2562.utt,2/sw2562,2562,267,sd,A,141,4,"{C But, } {E I mean, } cucumbers here grow like crazy. /","But/CC ,/, I/PRP mean/VBP ,/, cucumbers/NNS here/RB grow/VBP like/IN crazy/JJ ./.",,
sw10utt/sw_1004_2562.utt,2/sw2562,2562,268,b,B,142,1,Wow. /,Wow/UH ./.,,
sw10utt/sw_1004_2562.utt,2/sw2562,2562,269,sd,A,143,1,Of course it's real hot here too. /,Of/IN course/NN it/PRP 's/BES real/RB hot/JJ here/RB too/RB ./.,,
sw10utt/sw_1004_2562.utt,2/sw2562,2562,270,sd,B,144,1,"{D Well, } {D see, } tomatoes grow like crazy at our house.  /","Well/UH ,/, see/VB ,/, tomatoes/NNS grow/VBP like/IN crazy/JJ at/IN our/PRP$ house/NN ./.",,
sw10utt/sw_1004_2562.utt,2/sw2562,2562,271,sd,B,144,2,"{D Like } we have a section of tomatoes,  /","Like/UH we/PRP have/VBP a/DT section/NN of/IN tomatoes/NNS ,/,",,
sw10utt/sw_1004_2562.utt,2/sw2562,2562,272,sd,B,144,3,"{C and } we put the tomatoes there every year, in the same section.  /","and/CC we/PRP put/VBP the/DT tomatoes/NNS there/RB every/DT year/NN ,/, in/IN the/DT same/JJ section/NN ./.",,
sw10utt/sw_1004_2562.utt,2/sw2562,2562,273,sd,B,144,4,{C And } I swear we get tomatoes six rows up. /,And/CC I/PRP swear/VBP we/PRP get/VBP tomatoes/NNS six/CD rows/NNS up/RB ./.,,
sw10utt/sw_1004_2562.utt,2/sw2562,2562,274,b,A,145,1,"Yeah,  /","Yeah/UH ,/,",,
sw10utt/sw_1004_2562.utt,2/sw2562,2562,275,b^r,A,145,2,"yeah,  /","yeah/UH ,/,",,
sw10utt/sw_1004_2562.utt,2/sw2562,2562,276,sd,A,145,3,"{D now } if we have any, {D like } the birds will pick or something,  {D you know, }  /","now/UH if/IN we/PRP have/VBP any/DT ,/, like/IN the/DT birds/NNS will/MD pick/VB or/CC something/NN ,/, you/PRP know/VBP ,/,",,
sw10utt/sw_1004_2562.utt,2/sw2562,2562,277,sd,A,145,4,{C and } some of the seeds drop.  /,and/CC some/DT of/IN the/DT seeds/NNS drop/VBP ./.,,
sw10utt/sw_1004_2562.utt,2/sw2562,2562,278,qy,A,145,5,Have you ever had them just come up in different places? /,Have/VBP you/PRP ever/RB had/VBN them/PRP just/RB come/VBP up/RB in/IN different/JJ places/NNS ?/.,,
sw10utt/sw_1004_2562.utt,2/sw2562,2562,279,ny,B,146,1,Uh-huh. /,Uh-huh/UH ./.,,
sw10utt/sw_1004_2562.utt,2/sw2562,2562,280,sd,A,147,1,"I know, we do that, too, {D you know, }  /","I/PRP know/VBP ,/, we/PRP do/VBP that/DT ,/, too/RB ,/, you/PRP know/VBP ,/,",,
sw10utt/sw_1004_2562.utt,2/sw2562,2562,281,sd,A,147,2,"{C and } at the first year, - /","and/CC at/IN the/DT first/JJ year/NN ,/,",,
sw10utt/sw_1004_2562.utt,2/sw2562,2562,282,sd,A,147,3,"{C because } I was from the city when  we got married,  /","because/IN I/PRP was/VBD from/IN the/DT city/NN when/WRB we/PRP got/VBD married/VBN ,/,",,
sw10utt/sw_1004_2562.utt,2/sw2562,2562,283,sd,A,147,4,"{C and } the first year that we planted, I couldn't figure out, {E I mean, } the, - /","and/CC the/DT first/JJ year/NN that/IN we/PRP planted/VBD ,/, I/PRP could/MD n't/RB figure/VB out/RP ,/, I/PRP mean/VBP ,/, the/DT ,/,",,
sw10utt/sw_1004_2562.utt,2/sw2562,2562,284,sd,A,147,5,"{D well, } the first year after --","well/UH ,/, the/DT first/JJ year/NN after/RB --/:",,
sw10utt/sw_1004_2562.utt,2/sw2562,2562,285,b,B,148,1,Uh-huh. /,Uh-huh/UH ./.,,
sw10utt/sw_1004_2562.utt,2/sw2562,2562,286,+,A,149,1,"-- {E I mean, } we planted them, - /","--/: I/PRP mean/VBP ,/, we/PRP planted/VBD them/PRP ,/,",,
sw10utt/sw_1004_2562.utt,2/sw2562,2562,287,sd,A,149,2,"{C but } the first year, {D you know, } after we'd had a crop --","but/CC the/DT first/JJ year/NN ,/, you/PRP know/VBP ,/, after/IN we/PRP 'd/MD had/VBD a/DT crop/NN --/:",,
sw10utt/sw_1004_2562.utt,2/sw2562,2562,288,b,B,150,1,Yeah. /,Yeah/UH ./.,,
sw10utt/sw_1004_2562.utt,2/sw2562,2562,289,+,A,151,1,"-- all these little things {D like, } - /","--/: all/PDT these/DT little/JJ things/NNS like/IN ,/,",,
sw10utt/sw_1004_2562.utt,2/sw2562,2562,290,sd,A,151,2,"we had cucumbers coming up, {D you know, } in the middle of our okra,  /","we/PRP had/VBD cucumbers/NNS coming/VBG up/RB ,/, you/PRP know/VBP ,/, in/IN the/DT middle/NN of/IN our/PRP$ okra/NN ,/,",,
sw10utt/sw_1004_2562.utt,2/sw2562,2562,291,sd,A,151,3,"{C and } I thought, how did this get here -- /","and/CC I/PRP thought/VBD ,/, how/WRB did/VBD this/DT get/VB here/RB --/:",,
sw10utt/sw_1004_2562.utt,2/sw2562,2562,292,b,B,152,1,Uh-huh. /,Uh-huh/UH ./.,,
sw10utt/sw_1004_2562.utt,2/sw2562,2562,293,sd,A,153,1,-- I know I didn't put that seed there.  /,--/: I/PRP know/VBP I/PRP did/VBD n't/RB put/VB that/DT seed/NN there/RB ./.,,
sw10utt/sw_1004_2562.utt,2/sw2562,2562,294,sd,A,153,2,"{C And } it was weird,  but the birds had, {D you know, } evidently just deposited them for us. /","And/CC it/PRP was/VBD weird/JJ ,/, but/CC the/DT birds/NNS had/VBD ,/, you/PRP know/VBP ,/, evidently/RB just/RB deposited/VBN them/PRP for/IN us/PRP ./.",,
sw10utt/sw_1004_2562.utt,2/sw2562,2562,295,b,B,154,1,Uh-huh.  /,Uh-huh/UH ./.,,
sw10utt/sw_1004_2562.utt,2/sw2562,2562,296,sd,B,154,2,"{D Well, } sometimes, too, when we take out our garbage,  /","Well/UH ,/, sometimes/RB ,/, too/RB ,/, when/WRB we/PRP take/VBP out/RB our/PRP$ garbage/NN ,/,",,
sw10utt/sw_1004_2562.utt,2/sw2562,2562,297,sd,B,154,3,"{C and }  [ we usually, + {D you know, } we  ] just dump it in the middle of the garden, {D you know, } after your garden's basically done -- /","and/CC we/PRP usually/RB ,/, you/PRP know/VBP ,/, we/PRP just/RB dump/VBP it/PRP in/IN the/DT middle/NN of/IN the/DT garden/NN ,/, you/PRP know/VBP ,/, after/IN your/PRP$ garden/NN 's/BES basically/RB done/JJ --/:",,
sw10utt/sw_1004_2562.utt,2/sw2562,2562,298,b,A,155,1,Uh-huh. /,Uh-huh/UH ./.,,
sw10utt/sw_1004_2562.utt,2/sw2562,2562,299,sd,B,156,1,"-- {C and } we're finding out, - /","--/: and/CC we/PRP 're/VBP finding/VBG out/RP ,/,",,
sw10utt/sw_1004_2562.utt,2/sw2562,2562,300,sd,B,156,2,"{D like } we have peach trees in the middle of our garden now, because we took peach seeds and dump them there, whenever the garden, - /","like/UH we/PRP have/VBP peach/NN trees/NNS in/IN the/DT middle/NN of/IN our/PRP$ garden/NN now/RB ,/, because/IN we/PRP took/VBD peach/NN seeds/NNS and/CC dump/VBP them/PRP there/RB ,/, whenever/WRB the/DT garden/NN ,/,",,
sw10utt/sw_1004_2562.utt,2/sw2562,2562,301,sd,B,156,3,"like in the Fall, - /","like/UH in/IN the/DT Fall/NN ,/,",,
sw10utt/sw_1004_2562.utt,2/sw2562,2562,302,sd,B,156,4,"now we have peach trees coming up, /","now/RB we/PRP have/VBP peach/NN trees/NNS coming/VBG up/IN ,/,",,
