swda_filename,ptb_basename,conversation_no,transcript_index,act_tag,caller,utterance_index,subutterance_index,text,pos,trees,ptb_treenumbers
sw10utt/sw_1045_2495.utt,2/sw2495,2495,0,qo,A,1,1,"{D So, } what is your latest experience with painting? /","So/UH ,/, what/WP is/VBZ your/PRP$ latest/JJS experience/NN with/IN painting/NN ?/.",,
sw10utt/sw_1045_2495.utt,2/sw2495,2495,1,%,B,2,1,"<Breathing> {D Well, } <breathing> I don't, - /","Well/UH ,/, I/PRP do/VBP n't/RB ,/,",,
sw10utt/sw_1045_2495.utt,2/sw2495,2495,2,sd,B,2,2,I haven't done any painting since I was a child  /,I/PRP have/VBP n't/RB done/VBN any/DT painting/NN since/IN I/PRP was/VBD a/DT child/NN,,
sw10utt/sw_1045_2495.utt,2/sw2495,2495,3,sd,B,2,3,"{C and } my father would be painting and I'd ask him if I could, <breathing> {D you know, } <children_talking> take a turn or something,  /","and/CC my/PRP$ father/NN would/MD be/VB painting/VBG and/CC I/PRP 'd/MD ask/VB him/PRP if/IN I/PRP could/MD ,/, you/PRP know/VB ,/, take/VB a/DT turn/NN or/CC something/NN ,/,",,
sw10utt/sw_1045_2495.utt,2/sw2495,2495,4,%,B,2,4,"{C but, } {F uh, } -/","but/CC ,/, uh/UH ,/,",,
sw10utt/sw_1045_2495.utt,2/sw2495,2495,5,b,A,3,1,Uh-huh. /,Uh-huh/UH ./.,,
sw10utt/sw_1045_2495.utt,2/sw2495,2495,6,sd,B,4,1,when we bought our home <children_talking> it was recently <children_talking> <swallowing> updated.  /,when/WRB we/PRP bought/VBD our/PRP$ home/NN it/PRP was/VBD recently/RB updated/VBN ./.,,
sw10utt/sw_1045_2495.utt,2/sw2495,2495,7,sd,B,4,2,"They did that, maybe improvements, so they could sell it and things,  /","They/PRP did/VBD that/DT ,/, maybe/RB improvements/NNS ,/, so/RB they/PRP could/MD sell/VB it/PRP and/CC things/NNS ,/,",,
sw10utt/sw_1045_2495.utt,2/sw2495,2495,8,sd,B,4,3,{C so } we didn't have to do any painting. /,so/RB we/PRP did/VBD n't/RB have/VB to/TO do/VB any/DT painting/NN ./.,,
sw10utt/sw_1045_2495.utt,2/sw2495,2495,9,b,A,5,1,Right. /,Right/UH ./.,,
sw10utt/sw_1045_2495.utt,2/sw2495,2495,10,sd,B,6,1,"{C And } the condominium we moved in before, my husband went over and painted,  /","And/CC the/DT condominium/NN we/PRP moved/VBD in/RB before/RB ,/, my/PRP$ husband/NN went/VBD over/RB and/CC painted/VBD ,/,",,
sw10utt/sw_1045_2495.utt,2/sw2495,2495,11,%,B,6,2,"{C but } I, - /","but/CC I/PRP ,/,",,
sw10utt/sw_1045_2495.utt,2/sw2495,2495,12,sd,B,6,3,"the experience that I've had is that, {F um, } <breathing> whatever time he [ gave, +  said, ] {F Oh, } it would take me [ about, + just about ] four hours,","the/DT experience/NN that/WDT I/PRP 've/VBP had/VBN is/VBZ that/IN ,/, um/UH ,/, whatever/WDT time/NN he/PRP gave/VBD ,/, said/VBD ,/, Oh/UH ,/, it/PRP would/MD take/VB me/PRP about/RB ,/, just/RB about/RB four/CD hours/NNS ,/,",,
sw10utt/sw_1045_2495.utt,2/sw2495,2495,13,x,A,7,1,<Laughter>.,,,
sw10utt/sw_1045_2495.utt,2/sw2495,2495,14,+,B,8,1,"because it was only about like eleven or twelve hundred square feet over there, <breathing>  /","because/IN it/PRP was/VBD only/RB about/RB like/IN eleven/CD or/CC twelve/CD hundred/CD square/NN feet/NNS over/IN there/RB ,/,",,
sw10utt/sw_1045_2495.utt,2/sw2495,2495,15,sd,B,8,2,"{C and } he said, {F Oh, } it's going to be just about four hours.  /","and/CC he/PRP said/VBD ,/, Oh/UH ,/, it/PRP 's/BES going/VBG to/TO be/VB just/RB about/RB four/CD hours/NNS ./.",,
sw10utt/sw_1045_2495.utt,2/sw2495,2495,16,sd,B,8,3,"{D Well, } <laughter> he was gone the whole day,  /","Well/UH ,/, he/PRP was/VBD gone/VBN the/DT whole/JJ day/NN ,/,",,
sw10utt/sw_1045_2495.utt,2/sw2495,2495,17,sd(^q),B,8,4,"{C and } he said, {D Well, } all I got done was the taping around <laughter>. /","and/CC he/PRP said/VBD ,/, Well/UH ,/, all/DT I/PRP got/VBD done/VBN was/VBD the/DT taping/NN around/RB ./.",,
sw10utt/sw_1045_2495.utt,2/sw2495,2495,18,bh,A,9,1,Isn't that amazing? /,Is/VBZ n't/RB that/DT amazing/JJ ?/.,,
sw10utt/sw_1045_2495.utt,2/sw2495,2495,19,x,B,10,1,<Laughter>.,,,
sw10utt/sw_1045_2495.utt,2/sw2495,2495,20,sd,A,11,1,"[ It, + it ] looks so easy just slapping paint on.  /","It/PRP ,/, it/PRP looks/VBZ so/RB easy/JJ just/RB slapping/VBG paint/NN on/RB ./.",,
sw10utt/sw_1045_2495.utt,2/sw2495,2495,21,sd,A,11,2,I had an addition put on -- /,I/PRP had/VBD an/DT addition/NN put/NN on/RP --/:,,
sw10utt/sw_1045_2495.utt,2/sw2495,2495,22,b,B,12,1,Uh-huh. /,Uh-huh/UH ./.,,
sw10utt/sw_1045_2495.utt,2/sw2495,2495,23,sd,A,13,1,"-- [ [ {C and, } {F um, } we, + {C and } I ] decided, + ]","--/: and/CC ,/, um/UH ,/, we/PRP ,/, and/CC I/PRP decided/VBD ,/,",,
sw10utt/sw_1045_2495.utt,2/sw2495,2495,24,x,B,14,1,<Noise>.,,,
sw10utt/sw_1045_2495.utt,2/sw2495,2495,25,+,A,15,1,"because my inner room looked so dingy,","because/IN my/PRP$ inner/JJ room/NN looked/VBD so/RB dingy/JJ ,/,",,
sw10utt/sw_1045_2495.utt,2/sw2495,2495,26,x,B,16,1,<Noise>.,,,
sw10utt/sw_1045_2495.utt,2/sw2495,2495,27,+,A,17,1,because I put these beautiful French doors in -- /,because/IN I/PRP put/VBP these/DT beautiful/JJ French/JJ doors/NNS in/IN --/:,,
sw10utt/sw_1045_2495.utt,2/sw2495,2495,28,b,B,18,1,Uh-huh. /,Uh-huh/UH ./.,,
sw10utt/sw_1045_2495.utt,2/sw2495,2495,29,sd,A,19,1,"-- {C and, so } I decided, okay, I'll just, {D you know, } have them paint this little room, {D you know, } a little ten by ten dining area. /","--/: and/CC ,/, so/RB I/PRP decided/VBD ,/, okay/UH ,/, I/PRP 'll/MD just/RB ,/, you/PRP know/VBP ,/, have/VB them/PRP paint/VB this/DT little/JJ room/NN ,/, you/PRP know/VBP ,/, a/DT little/JJ ten/CD by/IN ten/CD dining/NN area/NN ./.",,
sw10utt/sw_1045_2495.utt,2/sw2495,2495,30,b,B,20,1,Uh-huh. /,Uh-huh/UH ./.,,
sw10utt/sw_1045_2495.utt,2/sw2495,2495,31,sd,A,21,1,It took four days. /,It/PRP took/VBD four/CD days/NNS ./.,,
sw10utt/sw_1045_2495.utt,2/sw2495,2495,32,x,B,22,1,<Laughter>.,,,
sw10utt/sw_1045_2495.utt,2/sw2495,2495,33,sd,A,23,1,<Laughter> {C And } even the painter couldn't give me a good estimate.  /,And/CC even/RB the/DT painter/NN could/MD n't/RB give/VB me/PRP a/DT good/JJ estimate/NN ./.,,
sw10utt/sw_1045_2495.utt,2/sw2495,2495,34,sd,A,23,2,"He said, {D Well, } I'll be done this afternoon, {D you know } -- /","He/PRP said/VBD ,/, Well/UH ,/, I/PRP 'll/MD be/VB done/VBN this/DT afternoon/NN ,/, you/PRP know/VBP --/:",,
sw10utt/sw_1045_2495.utt,2/sw2495,2495,35,b,B,24,1,Uh-huh. /,Uh-huh/UH ./.,,
sw10utt/sw_1045_2495.utt,2/sw2495,2495,36,sd,A,25,1,"-- {C and } pretty soon, before you know it, {D you know, } he's run into so many problems,  /","--/: and/CC pretty/RB soon/RB ,/, before/IN you/PRP know/VBP it/PRP ,/, you/PRP know/VBP ,/, he/PRP 's/HVS run/VBN into/IN so/RB many/JJ problems/NNS ,/,",,
sw10utt/sw_1045_2495.utt,2/sw2495,2495,37,%,A,25,2,"{C and } it's just, - /","and/CC it/PRP 's/BES just/RB ,/,",,
sw10utt/sw_1045_2495.utt,2/sw2495,2495,38,sd,A,25,3,"there's nothing there to be a problem I thought,  /","there/EX 's/BES nothing/NN there/RB to/TO be/VB a/DT problem/NN I/PRP thought/VBD ,/,",,
sw10utt/sw_1045_2495.utt,2/sw2495,2495,39,sd,A,25,4,"{C but, } {F um, } it just took him so much longer,  /","but/CC ,/, um/UH ,/, it/PRP just/RB took/VBD him/PRP so/RB much/RB longer/RB ,/,",,
sw10utt/sw_1045_2495.utt,2/sw2495,2495,40,sd,A,25,5,[ {C and } + --,and/CC --/:,,
sw10utt/sw_1045_2495.utt,2/sw2495,2495,41,b,B,26,1,Uh-huh. /,Uh-huh/UH ./.,,
sw10utt/sw_1045_2495.utt,2/sw2495,2495,42,+,A,27,1,-- {C and } ] he was there to paint the French doors also.  /,--/: and/CC he/PRP was/VBD there/RB to/TO paint/VB the/DT French/JJ doors/NNS also/RB ./.,,
sw10utt/sw_1045_2495.utt,2/sw2495,2495,43,sd,A,27,2,"{F Um, } {C and } if you've ever painted French doors, which my husband just finally said he wasn't going to do <laughter>,","Um/UH ,/, and/CC if/IN you/PRP 've/VBP ever/RB painted/VBN French/JJ doors/NNS ,/, which/WDT my/PRP$ husband/NN just/RB finally/RB said/VBD he/PRP was/VBD n't/RB going/VBG to/TO do/VB ,/,",,
sw10utt/sw_1045_2495.utt,2/sw2495,2495,44,x,B,28,1,<Laughter>.,,,
sw10utt/sw_1045_2495.utt,2/sw2495,2495,45,+,A,29,1,"because it looked so formidable, /","because/IN it/PRP looked/VBD so/RB formidable/JJ ,/,",,
sw10utt/sw_1045_2495.utt,2/sw2495,2495,46,b,B,30,1,Yeah. /,Yeah/UH ./.,,
sw10utt/sw_1045_2495.utt,2/sw2495,2495,47,ad,A,31,1,"{F Um, } [ then, + then ] just <laughter>, -/","Um/UH ,/, then/RB ,/, then/RB just/RB ,/,",,
sw10utt/sw_1045_2495.utt,2/sw2495,2495,48,x,B,32,1,<Children_talking>.,,,
sw10utt/sw_1045_2495.utt,2/sw2495,2495,49,sd,A,33,1,"[ we, + we ] got this painter,  /","we/PRP ,/, we/PRP got/VBD this/DT painter/NN ,/,",,
sw10utt/sw_1045_2495.utt,2/sw2495,2495,50,sd,A,33,2,"{C and } I just called him because I got a little ad out of [ the, + {D you know, } the ]  (( adcose ))  or whatever in the mail,  and, {F uh, } {D you know, } just got this painter person over here.  /","and/CC I/PRP just/RB called/VBD him/PRP because/IN I/PRP got/VBD a/DT little/JJ ad/NN out/IN of/IN the/DT ,/, you/PRP know/VBP ,/, the/DT adcose/NN or/CC whatever/WDT in/IN the/DT mail/NN ,/, and/CC ,/, uh/UH ,/, you/PRP know/VBP ,/, just/RB got/VBD this/DT painter/NN person/NN over/IN here/RB ./.",,
sw10utt/sw_1045_2495.utt,2/sw2495,2495,51,sd(^q),A,33,3,"{C And } he said, Yeah, I can finish it in a day.  /","And/CC he/PRP said/VBD ,/, Yeah/UH ,/, I/PRP can/MD finish/VB it/PRP in/IN a/DT day/NN ./.",,
sw10utt/sw_1045_2495.utt,2/sw2495,2495,52,fe,A,33,4,"{F Oh, } right.  /","Oh/UH ,/, right/UH ./.",,
sw10utt/sw_1045_2495.utt,2/sw2495,2495,53,sd,A,33,5,<laughter> {C so } the whole project basically took a week <laughter>. /,so/RB the/DT whole/JJ project/NN basically/RB took/VBD a/DT week/NN ./.,,
sw10utt/sw_1045_2495.utt,2/sw2495,2495,54,ba,B,34,1,"{F Oh, } I know, /","Oh/UH ,/, I/PRP know/VBP ,/,",,
sw10utt/sw_1045_2495.utt,2/sw2495,2495,55,x,A,35,1,<Laughter>.,,,
sw10utt/sw_1045_2495.utt,2/sw2495,2495,56,sd,B,36,1,it's just awful. /,it/PRP 's/BES just/RB awful/JJ ./.,,
sw10utt/sw_1045_2495.utt,2/sw2495,2495,57,sd,A,37,1,Funny.  /,Funny/UH ./.,,
sw10utt/sw_1045_2495.utt,2/sw2495,2495,58,sd(^q),A,37,2,{C And } I go what makes you a professional?  <laughter> {D You know? } /,And/CC I/PRP go/VBP what/WP makes/VBZ you/PRP a/DT professional/NN ?/. You/PRP know/VBP ?/.,,
sw10utt/sw_1045_2495.utt,2/sw2495,2495,59,x,B,38,1,<Laughter>.,,,
sw10utt/sw_1045_2495.utt,2/sw2495,2495,60,^q,A,39,1,"<Laughter> How much, {D you know, } more do you know than I know about this whole situation,  /","How/WRB much/RB ,/, you/PRP know/VBP ,/, more/RBR do/VBP you/PRP know/VB than/IN I/PRP know/VBP about/IN this/DT whole/JJ situation/NN ,/,",,
sw10utt/sw_1045_2495.utt,2/sw2495,2495,61,sd,A,39,2,"{C but } he just kept painting on those French doors, {D you know, }  /","but/CC he/PRP just/RB kept/VBD painting/VBG on/IN those/DT French/JJ doors/NNS ,/, you/PRP know/VBP ,/,",,
sw10utt/sw_1045_2495.utt,2/sw2495,2495,62,sd,A,39,3,"{C and } each little, <breathing> {F um } --","and/CC each/DT little/JJ ,/, um/UH --/:",,
sw10utt/sw_1045_2495.utt,2/sw2495,2495,63,^2,B,40,1,Pane. /,Pane/NN ./.,,
sw10utt/sw_1045_2495.utt,2/sw2495,2495,64,+,A,41,1,"-- paint stroke, {D you know, } the paint wasn't going on right is what it was. /","--/: paint/NN stroke/NN ,/, you/PRP know/VBP ,/, the/DT paint/NN was/VBD n't/RB going/VBG on/IN right/RB is/VBZ what/WP it/PRP was/VBD ./.",,
sw10utt/sw_1045_2495.utt,2/sw2495,2495,65,b,B,42,1,Uh-huh. /,Uh-huh/UH ./.,,
sw10utt/sw_1045_2495.utt,2/sw2495,2495,66,sd,A,43,1,"{C So } he had to redo them like three times <breathing> before I was happy with them, before he was happy, {D you know, } that they even looked halfway decent,  /","So/RB he/PRP had/VBD to/TO redo/VB them/PRP like/IN three/CD times/NNS before/IN I/PRP was/VBD happy/JJ with/IN them/PRP ,/, before/IN he/PRP was/VBD happy/JJ ,/, you/PRP know/VBP ,/, that/IN they/PRP even/RB looked/VBD halfway/RB decent/JJ ,/,",,
sw10utt/sw_1045_2495.utt,2/sw2495,2495,67,sd,A,43,2,{C and  --,and/CC --/:,,
sw10utt/sw_1045_2495.utt,2/sw2495,2495,68,%,B,44,1,<Noise> {F Um. } /,Um/UH ./.,,
sw10utt/sw_1045_2495.utt,2/sw2495,2495,69,+,A,45,1,"-- so } it's just been painting, yeah,  /","--/: so/RB it/PRP 's/HVS just/RB been/VBN painting/NN ,/, yeah/UH ,/,",,
sw10utt/sw_1045_2495.utt,2/sw2495,2495,70,sd,A,45,2,"{E I mean, } hire a professional,  /","I/PRP mean/VBP ,/, hire/VB a/DT professional/NN ,/,",,
sw10utt/sw_1045_2495.utt,2/sw2495,2495,71,sv,A,45,3,{C but } that doesn't guarantee anything <laughter>. /,but/CC that/DT does/VBZ n't/RB guarantee/VB anything/NN ./.,,
sw10utt/sw_1045_2495.utt,2/sw2495,2495,72,aa,B,46,1,"<Breathing> No,  /","No/UH ,/,",,
sw10utt/sw_1045_2495.utt,2/sw2495,2495,73,%,B,46,2,"{C and } it really, - /","and/CC it/PRP really/RB ,/,",,
sw10utt/sw_1045_2495.utt,2/sw2495,2495,74,sv,B,46,3,"like you said, always takes <children_talking> way longer than anyone, <lipsmack> {F um, } <swallowing> is able to guess, because I know my husband [ he, + he ] painted, when he, - /","like/IN you/PRP said/VBD ,/, always/RB takes/VBZ way/RB longer/RB than/IN anyone/NN ,/, um/UH ,/, is/VBZ able/JJ to/TO guess/VB ,/, because/IN I/PRP know/VBP my/PRP$ husband/NN he/PRP ,/, he/PRP painted/VBD ,/, when/WRB he/PRP ,/,",,
sw10utt/sw_1045_2495.utt,2/sw2495,2495,75,sd,B,46,4,<breathing> it was just the preparation time was so long.,it/PRP was/VBD just/RB the/DT preparation/NN time/NN was/VBD so/RB long/JJ ./.,,
sw10utt/sw_1045_2495.utt,2/sw2495,2495,76,b,A,47,1,Right. /,Right/UH ./.,,
sw10utt/sw_1045_2495.utt,2/sw2495,2495,77,+,B,48,1,"<Breathing> That when he actually got down to the painting part, <breathing> <laughter>,","That/DT when/WRB he/PRP actually/RB got/VBD down/RP to/IN the/DT painting/NN part/NN ,/, ,/,",,
sw10utt/sw_1045_2495.utt,2/sw2495,2495,78,x,A,49,1,<Laughter>.,,,
sw10utt/sw_1045_2495.utt,2/sw2495,2495,79,+,B,50,1,"[ he, + ] it was like <laughter> ten times longer than he already thought he would be done,  /","he/PRP ,/, it/PRP was/VBD like/IN ten/CD times/NNS longer/RB than/IN he/PRP already/RB thought/VBD he/PRP would/MD be/VB done/VBN ,/,",,
sw10utt/sw_1045_2495.utt,2/sw2495,2495,80,sd,B,50,2,"[ {C and, } + <breathing> {C and, } ] {F uh, } he did part of the, [ in the, + ] at night because we were trying to hurry up and get it ready so we could move in,  /","and/CC ,/, and/CC ,/, uh/UH ,/, he/PRP did/VBD part/NN of/IN the/DT ,/, in/IN the/DT ,/, at/IN night/NN because/IN we/PRP were/VBD trying/VBG to/TO hurry/VB up/RP and/CC get/VB it/PRP ready/JJ so/IN we/PRP could/MD move/VB in/IN ,/,",,
sw10utt/sw_1045_2495.utt,2/sw2495,2495,81,sd,B,50,3,"[ {C and, } + {F um, } <children_talking> <lipsmack> {C and } ] he didn't notice until the next morning that [ the shades of paint between the two paint cans, + ] he had finished one can off and started another one. /","and/CC ,/, um/UH ,/, and/CC he/PRP did/VBD n't/RB notice/VB until/IN the/DT next/JJ morning/NN that/IN the/DT shades/NNS of/IN paint/NN between/IN the/DT two/CD paint/NN cans/NNS ,/, he/PRP had/VBD finished/VBN one/PRP can/MD off/RP and/CC started/VBN another/DT one/CD ./.",,
sw10utt/sw_1045_2495.utt,2/sw2495,2495,82,ba,A,51,1,"{F Oh, } no. /","Oh/UH ,/, no/UH ./.",,
sw10utt/sw_1045_2495.utt,2/sw2495,2495,83,sd,B,52,1,"<Breathing> {C And then } we went in there, {D you know, } one was, bu-, - /","And/CC then/RB we/PRP went/VBD in/IN there/RB ,/, you/PRP know/VBP ,/, one/CD was/VBD ,/, bu-/XX ,/,",,
sw10utt/sw_1045_2495.utt,2/sw2495,2495,84,sd,B,52,2,"they were white,  /","they/PRP were/VBD white/JJ ,/,",,
sw10utt/sw_1045_2495.utt,2/sw2495,2495,85,sd,B,52,3,{C but } one had more blue to it. /,but/CC one/CD had/VBD more/RBR blue/JJ to/IN it/PRP ./.,,
sw10utt/sw_1045_2495.utt,2/sw2495,2495,86,sv,A,53,1,"{F Oh, } {C and } that can make a difference,","Oh/UH ,/, and/CC that/DT can/MD make/VB a/DT difference/NN ,/,",,
sw10utt/sw_1045_2495.utt,2/sw2495,2495,87,b,B,54,1,Uh-huh. /,Uh-huh/UH ./.,,
sw10utt/sw_1045_2495.utt,2/sw2495,2495,88,+,A,55,1,too.  /,too/RB ./.,,
sw10utt/sw_1045_2495.utt,2/sw2495,2495,89,sd,A,55,2,"{E I mean, } {C and } they bring the, {F uh, } {D you know, } little samples -- /","I/PRP mean/VBP ,/, and/CC they/PRP bring/VBP the/DT ,/, uh/UH ,/, you/PRP know/VBP ,/, little/JJ samples/NNS --/:",,
sw10utt/sw_1045_2495.utt,2/sw2495,2495,90,b,B,56,1,Uh-huh. /,Uh-huh/UH ./.,,
sw10utt/sw_1045_2495.utt,2/sw2495,2495,91,sd,A,57,1,"-- {C and } you've got like maybe, five hundred, - /","--/: and/CC you/PRP 've/VBP got/VBN like/IN maybe/RB ,/, five/CD hundred/CD ,/,",,
sw10utt/sw_1045_2495.utt,2/sw2495,2495,92,sd,A,57,2,"{D well } that's an exaggeration,  /","well/UH that/DT 's/BES an/DT exaggeration/NN ,/,",,
sw10utt/sw_1045_2495.utt,2/sw2495,2495,93,sd,A,57,3,"{C but } there are just so many tints upon tints upon tints,  /","but/CC there/EX are/VBP just/RB so/RB many/JJ tints/NNS upon/IN tints/NNS upon/IN tints/NNS ,/,",,
sw10utt/sw_1045_2495.utt,2/sw2495,2495,94,sv,A,57,4,"{C and } you don't know what you to want to,","and/CC you/PRP do/VBP n't/RB know/VB what/WP you/PRP to/TO want/VB to/TO ,/,",,
sw10utt/sw_1045_2495.utt,2/sw2495,2495,95,x,B,58,1,<Children_talking>.,,,
sw10utt/sw_1045_2495.utt,2/sw2495,2495,96,+,A,59,1,"put up there,  /","put/VB up/IN there/RB ,/,",,
sw10utt/sw_1045_2495.utt,2/sw2495,2495,97,sd,A,59,2,"{C and } by the time it's on, [ I, + I  /","and/CC by/IN the/DT time/NN it/PRP 's/BES on/IN ,/, I/PRP ,/, I/PRP",,
sw10utt/sw_1045_2495.utt,2/sw2495,2495,98,sd,A,59,3,"selected [ a, + ] what I thought was white,  /","selected/VBD a/DT ,/, what/WP I/PRP thought/VBD was/VBD white/JJ ,/,",,
sw10utt/sw_1045_2495.utt,2/sw2495,2495,99,sd,A,59,4,"{C and } it was like you said, {D you know, } it was [ blue + --","and/CC it/PRP was/VBD like/IN you/PRP said/VBD ,/, you/PRP know/VBP ,/, it/PRP was/VBD blue/JJ --/:",,
sw10utt/sw_1045_2495.utt,2/sw2495,2495,100,b,B,60,1,Uh-huh. /,Uh-huh/UH ./.,,
sw10utt/sw_1045_2495.utt,2/sw2495,2495,101,+,A,61,1,-- blue ] cast to it. /,--/: blue/JJ cast/NN to/IN it/PRP ./.,,
sw10utt/sw_1045_2495.utt,2/sw2495,2495,102,b,B,62,1,Uh-huh. /,Uh-huh/UH ./.,,
sw10utt/sw_1045_2495.utt,2/sw2495,2495,103,sv,A,63,1,{C And } it looked awful on <laughter>. /,And/CC it/PRP looked/VBD awful/JJ on/RB ./.,,
sw10utt/sw_1045_2495.utt,2/sw2495,2495,104,x,B,64,1,<Laughter>.,,,
sw10utt/sw_1045_2495.utt,2/sw2495,2495,105,sd,A,65,1,{C So } that was the next problem.  /,So/RB that/DT was/VBD the/DT next/JJ problem/NN ./.,,
sw10utt/sw_1045_2495.utt,2/sw2495,2495,106,sd,A,65,2,He had to redo that too.  /,He/PRP had/VBD to/TO redo/VB that/DT too/RB ./.,,
sw10utt/sw_1045_2495.utt,2/sw2495,2495,107,%,A,65,3,"I <laughter>, -/","I/PRP ,/,",,
sw10utt/sw_1045_2495.utt,2/sw2495,2495,108,b,B,66,1,<Breathing> Yeah. /,Yeah/UH ./.,,
sw10utt/sw_1045_2495.utt,2/sw2495,2495,109,%,A,67,1,"This was a, - /","This/DT was/VBD a/DT ,/,",,
sw10utt/sw_1045_2495.utt,2/sw2495,2495,110,sd,A,67,2,"{C and } it was a major project getting the money together <laughter> to do it too, by the end,","and/CC it/PRP was/VBD a/DT major/JJ project/NN getting/VBG the/DT money/NN together/RB to/TO do/VB it/PRP too/RB ,/, by/IN the/DT end/NN ,/,",,
sw10utt/sw_1045_2495.utt,2/sw2495,2495,111,b,B,68,1,Right. /,Right/UH ./.,,
sw10utt/sw_1045_2495.utt,2/sw2495,2495,112,+,A,69,1,"of the whole project,  /","of/IN the/DT whole/JJ project/NN ,/,",,
sw10utt/sw_1045_2495.utt,2/sw2495,2495,113,sd,A,69,2,"{C but, } {D you know, } we worked something out, because he was kind of apologetic that it took so long.  /","but/CC ,/, you/PRP know/VBP ,/, we/PRP worked/VBD something/NN out/RP ,/, because/IN he/PRP was/VBD kind/RB of/RB apologetic/JJ that/IN it/PRP took/VBD so/RB long/JJ ./.",,
sw10utt/sw_1045_2495.utt,2/sw2495,2495,114,sd,A,69,3,"He really came over here to paint, I think, because he kept offering to paint the outside of my house <laughter>, /","He/PRP really/RB came/VBD over/IN here/RB to/TO paint/VB ,/, I/PRP think/VBP ,/, because/IN he/PRP kept/VBD offering/NN to/TO paint/VB the/DT outside/NN of/IN my/PRP$ house/NN ,/,",,
sw10utt/sw_1045_2495.utt,2/sw2495,2495,115,x,B,70,1,<Laughter>.,,,
sw10utt/sw_1045_2495.utt,2/sw2495,2495,116,sv,A,71,1,I don't think he did the interiors very well <laughter>. /,I/PRP do/VBP n't/RB think/VB he/PRP did/VBD the/DT interiors/NNS very/RB well/RB ./.,,
sw10utt/sw_1045_2495.utt,2/sw2495,2495,117,ba,B,72,1,"{F Oh, } boy. /","Oh/UH ,/, boy/UH ./.",,
sw10utt/sw_1045_2495.utt,2/sw2495,2495,118,%,A,73,1,"<Laughter> {C And, } yeah. /","And/CC ,/, yeah/UH ./.",,
sw10utt/sw_1045_2495.utt,2/sw2495,2495,119,sd,B,74,1,"{D Well, } I don't recall my parents having that much trouble <laughter>. /","Well/UH ,/, I/PRP do/VBP n't/RB recall/VB my/PRP$ parents/NNS having/VBG that/RB much/JJ trouble/NN ./.",,
sw10utt/sw_1045_2495.utt,2/sw2495,2495,120,b,A,75,1,No <laughter>. /,No/UH ./.,,
sw10utt/sw_1045_2495.utt,2/sw2495,2495,121,sd,B,76,1,"{E I mean, } {D you know, } they painted our rooms all the time,  /","I/PRP mean/VBP ,/, you/PRP know/VBP ,/, they/PRP painted/VBD our/PRP$ rooms/NNS all/PDT the/DT time/NN ,/,",,
sw10utt/sw_1045_2495.utt,2/sw2495,2495,122,sd,B,76,2,"<children_talking> {C and } we had [ a, +  a ] wooden, - /","and/CC we/PRP had/VBD a/DT ,/, a/DT wooden/JJ ,/,",,
sw10utt/sw_1045_2495.utt,2/sw2495,2495,123,sd,B,76,3,"we hardly, - /","we/PRP hardly/RB ,/,",,
sw10utt/sw_1045_2495.utt,2/sw2495,2495,124,sd,B,76,4,we just had brick on {D like } as accent --,we/PRP just/RB had/VBD brick/NN on/IN like/UH as/IN accent/NN --/:,,
sw10utt/sw_1045_2495.utt,2/sw2495,2495,125,b,A,77,1,Uh-huh. /,Uh-huh/UH ./.,,
sw10utt/sw_1045_2495.utt,2/sw2495,2495,126,+,B,78,1,"-- on a certain area of our home <breathing> growing up,  /","--/: on/IN a/DT certain/JJ area/NN of/IN our/PRP$ home/NN growing/VBG up/RP ,/,",,
sw10utt/sw_1045_2495.utt,2/sw2495,2495,127,sd,B,78,2,{C and so } he had to paint the outside all the time.  /,and/CC so/RB he/PRP had/VBD to/TO paint/VB the/DT outside/NN all/PDT the/DT time/NN ./.,,
sw10utt/sw_1045_2495.utt,2/sw2495,2495,128,sd,B,78,3,"<lipsmack> {C and, } {F um, } I just don't think, {D you know, } that there was that big problem <laughter>. /","and/CC ,/, um/UH ,/, I/PRP just/RB do/VBP n't/RB think/VB ,/, you/PRP know/VBP ,/, that/IN there/RB was/VBD that/RB big/JJ problem/NN ./.",,
sw10utt/sw_1045_2495.utt,2/sw2495,2495,129,sd,A,79,1,It wasn't a big deal for them. /,It/PRP was/VBD n't/RB a/DT big/JJ deal/NN for/IN them/PRP ./.,,
sw10utt/sw_1045_2495.utt,2/sw2495,2495,130,b,B,80,1,"<Breathing> No, /","No/UH ,/,",,
sw10utt/sw_1045_2495.utt,2/sw2495,2495,131,%,A,81,1,I don't know. /,I/PRP do/VBP n't/RB know/VB ./.,,
sw10utt/sw_1045_2495.utt,2/sw2495,2495,132,%,B,82,1,"{C but } to us, {D you know, } - /","but/CC to/IN us/PRP ,/, you/PRP know/VBP ,/,",,
sw10utt/sw_1045_2495.utt,2/sw2495,2495,133,sd,B,82,2,"we're going, {F oh, } we're so glad we have a brick home, all we have is like trim around the windows or something,  /","we/PRP 're/VBP going/VBG ,/, oh/UH ,/, we/PRP 're/VBP so/RB glad/JJ we/PRP have/VBP a/DT brick/NN home/NN ,/, all/DT we/PRP have/VBP is/VBZ like/UH trim/NN around/IN the/DT windows/NNS or/CC something/NN ,/,",,
sw10utt/sw_1045_2495.utt,2/sw2495,2495,134,%,B,82,3,{C and } -- -/,and/CC --/:,,
sw10utt/sw_1045_2495.utt,2/sw2495,2495,135,sd,A,83,1,I think my husband's really glad about that <laughter>. /,I/PRP think/VBP my/PRP$ husband/NN 's/BES really/RB glad/JJ about/IN that/DT ./.,,
sw10utt/sw_1045_2495.utt,2/sw2495,2495,136,sd,B,84,1,"-- <Lipsmack> [ No, + {F uh } --","--/: No/UH ,/, uh/UH --/:",,
sw10utt/sw_1045_2495.utt,2/sw2495,2495,137,ba,A,85,1,For sure. /,For/IN sure/JJ ./.,,
sw10utt/sw_1045_2495.utt,2/sw2495,2495,138,+,B,86,1,-- no ] painting to have to do.  /,--/: no/DT painting/NN to/TO have/VB to/TO do/VB ./.,,
sw10utt/sw_1045_2495.utt,2/sw2495,2495,139,%,B,86,2,"[ I, + <noise> <<traffic outside>> I ] don't know that  w-, - /","I/PRP ,/, I/PRP do/VBP n't/RB know/VB that/IN w-/XX ,/,",,
sw10utt/sw_1045_2495.utt,2/sw2495,2495,140,sd,B,86,3,"<swallowing> {D like, } {F uh, } </noise> {D say, } we're  freshly graduated from school and things, /","like/IN ,/, uh/UH ,/, say/UH ,/, we/PRP 're/VBP freshly/RB graduated/VBN from/IN school/NN and/CC things/NNS ,/,",,
sw10utt/sw_1045_2495.utt,2/sw2495,2495,141,sd,B,86,4,{C so } we haven't gotten to the point where we're <breathing> hiring <breathing> professionals to do too much <children_talking> of our needs. /,so/RB we/PRP have/VBP n't/RB gotten/VBN to/IN the/DT point/NN where/WRB we/PRP 're/VBP hiring/VBG professionals/NNS to/TO do/VB too/RB much/JJ of/IN our/PRP$ needs/NNS ./.,,
sw10utt/sw_1045_2495.utt,2/sw2495,2495,142,sd,A,87,1,"[ You just, + you just ] get in there and do it yourself. /","You/PRP just/RB ,/, you/PRP just/RB get/VBP in/IN there/RB and/CC do/VBP it/PRP yourself/PRP ./.",,
sw10utt/sw_1045_2495.utt,2/sw2495,2495,143,sd,B,88,1,"We've been trying, -/","We/PRP 've/VBP been/VBN trying/VBG ,/,",,
sw10utt/sw_1045_2495.utt,2/sw2495,2495,144,b,A,89,1,Yeah. /,Yeah/UH ./.,,
sw10utt/sw_1045_2495.utt,2/sw2495,2495,145,sd,B,90,1,"{D you know, } we've done that the whole time we were in school.  Like,","you/PRP know/VBP ,/, we/PRP 've/VBP done/VBN that/DT the/DT whole/JJ time/NN we/PRP were/VBD in/IN school/NN ./. Like/IN ,/,",,
sw10utt/sw_1045_2495.utt,2/sw2495,2495,146,b,A,91,1,Uh-huh. /,Uh-huh/UH ./.,,
sw10utt/sw_1045_2495.utt,2/sw2495,2495,147,+,B,92,1,"trying to repair our own cars,  /","trying/VBG to/TO repair/VB our/PRP$ own/JJ cars/NNS ,/,",,
sw10utt/sw_1045_2495.utt,2/sw2495,2495,148,sd,B,92,2,"{C and,","and/CC ,/,",,
sw10utt/sw_1045_2495.utt,2/sw2495,2495,149,b,A,93,1,Yeah. /,Yeah/UH ./.,,
sw10utt/sw_1045_2495.utt,2/sw2495,2495,150,+,B,94,1,"so } [ I, + I ] want to get to the point where I could feel like I could just hire someone <laughter>. /","so/RB I/PRP ,/, I/PRP want/VBP to/TO get/VB to/IN the/DT point/NN where/WRB I/PRP could/MD feel/VB like/IN I/PRP could/MD just/RB hire/VB someone/NN ./.",,
sw10utt/sw_1045_2495.utt,2/sw2495,2495,151,sv,A,95,1,"{D Well, } [ it's, + it's ] not that easy.  /","Well/UH ,/, it/PRP 's/BES ,/, it/PRP 's/BES not/RB that/RB easy/JJ ./.",,
sw10utt/sw_1045_2495.utt,2/sw2495,2495,152,sv,A,95,2,"It's like, it's, {F uh, } - /","It/PRP 's/BES like/IN ,/, it/PRP 's/BES ,/, uh/UH ,/,",,
sw10utt/sw_1045_2495.utt,2/sw2495,2495,153,sd,A,95,3,"I don't even know if [ I, + {D you know, } I ] would not even recommend this person again to anybody.  /","I/PRP do/VBP n't/RB even/RB know/VB if/IN I/PRP ,/, you/PRP know/VBP ,/, I/PRP would/MD not/RB even/RB recommend/VB this/DT person/NN again/RB to/IN anybody/NN ./.",,
sw10utt/sw_1045_2495.utt,2/sw2495,2495,154,h,A,95,4,I don't know. /,I/PRP do/VBP n't/RB know/VB ./.,,
sw10utt/sw_1045_2495.utt,2/sw2495,2495,155,b,B,96,1,Uh-huh. /,Uh-huh/UH ./.,,
sw10utt/sw_1045_2495.utt,2/sw2495,2495,156,%,A,97,1,"A, - /","A/UH ,/,",,
sw10utt/sw_1045_2495.utt,2/sw2495,2495,157,%,A,97,2,"I guess you ge-, - /","I/PRP guess/VBP you/PRP ge/VBP ,/,",,
sw10utt/sw_1045_2495.utt,2/sw2495,2495,158,sv,A,97,3,"[ I, + I ] don't know if you get into the mind set where you just say, {D Well, } I'll accept something, or you just really have to get on their back, {E I mean, }","I/PRP ,/, I/PRP do/VBP n't/RB know/VB if/IN you/PRP get/VBP into/IN the/DT mind/NN set/NN where/WRB you/PRP just/RB say/VBP ,/, Well/UH ,/, I/PRP 'll/MD accept/VB something/NN ,/, or/CC you/PRP just/RB really/RB have/VBP to/TO get/VB on/IN their/PRP$ back/NN ,/, I/PRP mean/VBP ,/,",,
sw10utt/sw_1045_2495.utt,2/sw2495,2495,159,b,B,98,1,Uh-huh. /,Uh-huh/UH ./.,,
sw10utt/sw_1045_2495.utt,2/sw2495,2495,160,+,A,99,1,"about things [ and, + and ] working with what they say are professional painters.  /","about/IN things/NNS and/CC ,/, and/CC working/VBG with/IN what/WP they/PRP say/VBP are/VBP professional/JJ painters/NNS ./.",,
sw10utt/sw_1045_2495.utt,2/sw2495,2495,161,%,A,99,2,"{E I mean, } -/","I/PRP mean/VBP ,/,",,
sw10utt/sw_1045_2495.utt,2/sw2495,2495,162,x,B,100,1,</Children_talking>.,,,
sw10utt/sw_1045_2495.utt,2/sw2495,2495,163,sv,A,101,1,"I tell you what, the fumes that [ the, + the ] paint gives off makes you wonder what these people do any-, - /","I/PRP tell/VBP you/PRP what/WP ,/, the/DT fumes/NNS that/WDT the/DT ,/, the/DT paint/NN gives/VBZ off/RP makes/VBZ you/PRP wonder/VBP what/WP these/DT people/NNS do/VBP any-/NN ,/,",,
sw10utt/sw_1045_2495.utt,2/sw2495.pos,2495,164,x,A,101,2,<laughter>.,./.
sw10utt/sw_1045_2495.utt,2/sw2495,2495,165,ba,B,102,1,That's true. /,That/DT 's/BES true/JJ ./.,,
sw10utt/sw_1045_2495.utt,2/sw2495,2495,166,sd,A,103,1,"{E I mean } the fumes are amazing,  /","I/PRP mean/VBP the/DT fumes/NNS are/VBP amazing/JJ ,/,",,
sw10utt/sw_1045_2495.utt,2/sw2495,2495,167,sd,A,103,2,"{C and } [ I, + I ] don't think I could stay sane,","and/CC I/PRP ,/, I/PRP do/VBP n't/RB think/VB I/PRP could/MD stay/VB sane/JJ ,/,",,
sw10utt/sw_1045_2495.utt,2/sw2495,2495,168,x,B,104,1,<Children_talking>.,,,
sw10utt/sw_1045_2495.utt,2/sw2495,2495,169,+,A,105,1,"{D you know } <laughter>,","you/PRP know/VBP ,/,",,
sw10utt/sw_1045_2495.utt,2/sw2495,2495,170,b,B,106,1,No. /,No/UH ./.,,
sw10utt/sw_1045_2495.utt,2/sw2495,2495,171,+,A,107,1,[ and + ] working with all that.  /,and/CC working/VBG with/IN all/PDT that/DT ./.,,
sw10utt/sw_1045_2495.utt,2/sw2495,2495,172,sd,A,107,2,"{C So, } {E I mean, } I know it's not lead based any more, paints,  /","So/RB ,/, I/PRP mean/VBP ,/, I/PRP know/VBP it/PRP 's/BES not/RB lead/NN based/VBN any/DT more/JJR ,/, paints/NNS ,/,",,
sw10utt/sw_1045_2495.utt,2/sw2495,2495,173,fe,A,107,3,"{C but, }","but/CC ,/,",,
sw10utt/sw_1045_2495.utt,2/sw2495,2495,174,^2,B,108,1,"{C But, } still,","But/CC ,/, still/RB ,/,",,
sw10utt/sw_1045_2495.utt,2/sw2495,2495,175,+,A,109,1,my goodness <laughter>. /,my/PRP$ goodness/NN ./.,,
sw10utt/sw_1045_2495.utt,2/sw2495,2495,176,+,B,110,1,"it's harmful,  /","it/PRP 's/BES harmful/JJ ,/,",,
sw10utt/sw_1045_2495.utt,2/sw2495,2495,177,sd,B,110,2,{C and } they have to live with that every day --,and/CC they/PRP have/VBP to/TO live/VB with/IN that/DT every/DT day/NN --/:,,
sw10utt/sw_1045_2495.utt,2/sw2495,2495,178,%,A,111,1,"I, - /","I/PRP ,/,",,
sw10utt/sw_1045_2495.utt,2/sw2495,2495,179,%,A,111,2,"{D well, } yeah,  /","well/UH ,/, yeah/UH ,/,",,
sw10utt/sw_1045_2495.utt,2/sw2495,2495,180,sv,A,111,3,"I, <laughter> think so <laughter>. /","I/PRP ,/, think/VBP so/RB ./.",,
sw10utt/sw_1045_2495.utt,2/sw2495,2495,181,+,B,112,1,"-- [ in, + in ] their clothes and everything. /","--/: in/IN ,/, in/IN their/PRP$ clothes/NNS and/CC everything/NN ./.",,
sw10utt/sw_1045_2495.utt,2/sw2495,2495,182,ba,A,113,1,"{F Oh, } it does. /","Oh/UH ,/, it/PRP does/VBZ ./.",,
sw10utt/sw_1045_2495.utt,2/sw2495,2495,183,sd,B,114,1,"The only painting job that was really <children_talking> <smack> painless for us was in this condominium that the, {F um, } association that manages it, <children_talking> they have to take care of like the structural <breathing> damage.  /","The/DT only/JJ painting/NN job/NN that/WDT was/VBD really/RB painless/JJ for/IN us/PRP was/VBD in/IN this/DT condominium/NN that/WDT the/DT ,/, um/UH ,/, association/NN that/WDT manages/VBZ it/PRP ,/, they/PRP have/VBP to/TO take/VB care/NN of/IN like/IN the/DT structural/JJ damage/NN ./.",,
sw10utt/sw_1045_2495.utt,2/sw2495,2495,184,sd,B,114,2,"</Children _talking> there was a roof leak,  /","there/EX was/VBD a/DT roof/NN leak/NN ,/,",,
sw10utt/sw_1045_2495.utt,2/sw2495,2495,185,sd,B,114,3,{C and } that was not something that we had to pay for.  /,and/CC that/DT was/VBD not/RB something/NN that/WDT we/PRP had/VBD to/TO pay/VB for/IN ./.,,
sw10utt/sw_1045_2495.utt,2/sw2495,2495,186,sd,B,114,4,"{C So } they sent their painters in [ to, + to ] repaint a corner of the ceiling and then, {D you know, } repaint the whole ceiling,","So/RB they/PRP sent/VBD their/PRP$ painters/NNS in/IN to/TO ,/, to/TO repaint/VB a/DT corner/NN of/IN the/DT ceiling/NN and/CC then/RB ,/, you/PRP know/VBP ,/, repaint/VB the/DT whole/JJ ceiling/NN ,/,",,
sw10utt/sw_1045_2495.utt,2/sw2495,2495,187,b,A,115,1,Oh. /,Oh/UH ./.,,
sw10utt/sw_1045_2495.utt,2/sw2495,2495,188,+,B,116,1,<lipsmack> in a certain room. /,in/IN a/DT certain/JJ room/NN ./.,,
sw10utt/sw_1045_2495.utt,2/sw2495,2495,189,b,A,117,1,Yeah. /,Yeah/UH ./.,,
sw10utt/sw_1045_2495.utt,2/sw2495,2495,190,sd,B,118,1,"<Breathing> {C But } [ they came in, and, + {F um, } <children_talking> they came in and ] did it and left in just no time at all,  /","But/CC they/PRP came/VBD in/RB ,/, and/CC ,/, um/UH ,/, they/PRP came/VBD in/RB and/CC did/VBD it/PRP and/CC left/VBD in/IN just/RB no/DT time/NN at/IN all/DT ,/,",,
sw10utt/sw_1045_2495.utt,2/sw2495,2495,191,sd,B,118,2,"{C and } I think it's because  [ they, + {D you know, } they ] were accustomed to working in that <swallowing> environment, in those particular condominiums,  /","and/CC I/PRP think/VBP it/PRP 's/BES because/IN they/PRP ,/, you/PRP know/VBP ,/, they/PRP were/VBD accustomed/VBN to/IN working/VBG in/IN that/DT environment/NN ,/, in/IN those/DT particular/JJ condominiums/NNS ,/,",,
sw10utt/sw_1045_2495.utt,2/sw2495,2495,192,sd,B,118,3,"<breathing> {C and } [ I don't, + I didn't ] watch them,  /","and/CC I/PRP do/VBP n't/RB ,/, I/PRP did/VBD n't/RB watch/VB them/PRP ,/,",,
sw10utt/sw_1045_2495.utt,2/sw2495,2495,193,sv,B,118,4,"{C but } I couldn't imagine that they came in and painted it, the whole ceiling, {D you know, } just within a couple of hours. /","but/CC I/PRP could/MD n't/RB imagine/VB that/IN they/PRP came/VBD in/RB and/CC painted/VBD it/PRP ,/, the/DT whole/JJ ceiling/NN ,/, you/PRP know/VBP ,/, just/RB within/IN a/DT couple/NN of/IN hours/NNS ./.",,
sw10utt/sw_1045_2495.utt,2/sw2495,2495,194,b,A,119,1,Right <breathing>. /,Right/UH ./.,,
sw10utt/sw_1045_2495.utt,2/sw2495,2495,195,%,B,120,1,"{C And, } {F uh } <breathing>, -/","And/CC ,/, uh/UH ,/,",,
sw10utt/sw_1045_2495.utt,2/sw2495,2495,196,sd,A,121,1,"{D Well, } maybe there are some professionals out there <laughter>. /","Well/UH ,/, maybe/RB there/EX are/VBP some/DT professionals/NNS out/IN there/RB ./.",,
sw10utt/sw_1045_2495.utt,2/sw2495,2495,197,x,B,122,1,<Laughter>.,,,
sw10utt/sw_1045_2495.utt,2/sw2495,2495,198,sv,A,123,1,It makes you wonder <laughter>. /,It/PRP makes/VBZ you/PRP wonder/VBP ./.,,
sw10utt/sw_1045_2495.utt,2/sw2495,2495,199,b,B,124,1,Uh-huh. /,Uh-huh/UH ./.,,
sw10utt/sw_1045_2495.utt,2/sw2495,2495,200,sv,A,125,1,"{D Really, } it does,","Really/UH ,/, it/PRP does/VBZ ,/,",,
sw10utt/sw_1045_2495.utt,2/sw2495,2495,201,x,B,126,1,<Breathing>.,,,
sw10utt/sw_1045_2495.utt,2/sw2495,2495,202,+,A,127,1,"{F uh, } for all that. /","uh/UH ,/, for/IN all/PDT that/DT ./.",,
sw10utt/sw_1045_2495.utt,2/sw2495,2495,203,%,B,128,1,{F Um. } /,Um/UH ./.,,
sw10utt/sw_1045_2495.utt,2/sw2495,2495,204,fc,A,129,1,"{D Well, } {F um, } I hope you have a nice day today. /","Well/UH ,/, um/UH ,/, I/PRP hope/VBP you/PRP have/VBP a/DT nice/JJ day/NN today/NN ./.",,
sw10utt/sw_1045_2495.utt,2/sw2495,2495,205,fc,B,130,1,"<Breathing> {D Well, } you too, /","Well/UH ,/, you/PRP too/RB ,/,",,
sw10utt/sw_1045_2495.utt,2/sw2495,2495,206,fc,A,131,1,{C And } you take care. /,And/CC you/PRP take/VBP care/NN ./.,,
sw10utt/sw_1045_2495.utt,2/sw2495,2495,207,fc,B,132,1,"I guess it's [ ge-, + getting ] to be lunch time,  /","I/PRP guess/VBP it/PRP 's/BES ge/VBG ,/, getting/VBG to/TO be/VB lunch/NN time/NN ,/,",,
sw10utt/sw_1045_2495.utt,2/sw2495,2495,208,fc,B,132,2,I need to go take care of the kids  /,I/PRP need/VBP to/TO go/VB take/VB care/NN of/IN the/DT kids/NNS,,
sw10utt/sw_1045_2495.utt,2/sw2495,2495,209,fc,B,132,3,"{C but, } -/","but/CC ,/,",,
sw10utt/sw_1045_2495.utt,2/sw2495,2495,210,fc,A,133,1,Okay. /,Okay/UH ./.,,
sw10utt/sw_1045_2495.utt,2/sw2495,2495,211,fc,B,134,1,You have a good day. /,You/PRP have/VBP a/DT good/JJ day/NN ./.,,
sw10utt/sw_1045_2495.utt,2/sw2495,2495,212,fc,A,135,1,Okay.  /,Okay/UH ./.,,
sw10utt/sw_1045_2495.utt,2/sw2495,2495,213,fc,A,135,2,"Bye, Kay. /","Bye/UH ,/, Kay/NNP ./.",,
sw10utt/sw_1045_2495.utt,2/sw2495,2495,214,fc,B,136,1,Bye. /,Bye/UH ./.,,
