swda_filename,ptb_basename,conversation_no,transcript_index,act_tag,caller,utterance_index,subutterance_index,text,pos,trees,ptb_treenumbers
sw10utt/sw_1043_2293.utt,2/sw2293,2293,0,o,A,1,1,Okay. /,Okay/UH ./.,,
sw10utt/sw_1043_2293.utt,2/sw2293,2293,1,sd^t,B,2,1,"{D Well, } discussing air pollution today, I guess. /","Well/UH ,/, discussing/VBG air/NN pollution/NN today/NN ,/, I/PRP guess/VBP ./.",,
sw10utt/sw_1043_2293.utt,2/sw2293,2293,2,b,A,3,1,Uh-huh. /,Uh-huh/UH ./.,,
sw10utt/sw_1043_2293.utt,2/sw2293,2293,3,ad,B,4,1,"{F Um, } {F uh, } {D well, } give me your first impressions. /","Um/UH ,/, uh/UH ,/, well/UH ,/, give/VB me/PRP your/PRP$ first/JJ impressions/NNS ./.",,
sw10utt/sw_1043_2293.utt,2/sw2293,2293,4,h,A,5,1,"{F Uh, } I don't know,  /","Uh/UH ,/, I/PRP do/VBP n't/RB know/VB ,/,",,
sw10utt/sw_1043_2293.utt,2/sw2293,2293,5,sv,A,5,2,there's a lot of air pollution. /,there/EX 's/BES a/DT lot/NN of/IN air/NN pollution/NN ./.,,
sw10utt/sw_1043_2293.utt,2/sw2293,2293,6,b,B,6,1,Yeah. /,Yeah/UH ./.,,
sw10utt/sw_1043_2293.utt,2/sw2293,2293,7,sv,A,7,1,"{F Um, } I think industries and companies provide a lot of it -- /","Um/UH ,/, I/PRP think/VBP industries/NNS and/CC companies/NNS provide/VBP a/DT lot/NN of/IN it/PRP --/:",,
sw10utt/sw_1043_2293.utt,2/sw2293,2293,8,b,B,8,1,Uh-huh. /,Uh-huh/UH ./.,,
sw10utt/sw_1043_2293.utt,2/sw2293,2293,9,sv,A,9,1,"-- {C and, }  [ with, +  {F uh, } I guess with ] the oil burning over in Kuwait and stuff, that would have a lot of air pollution in it. /","--/: and/CC ,/, with/IN ,/, uh/UH ,/, I/PRP guess/VBP with/IN the/DT oil/NN burning/VBG over/IN in/IN Kuwait/NNP and/CC stuff/NN ,/, that/DT would/MD have/VB a/DT lot/NN of/IN air/NN pollution/NN in/IN it/PRP ./.",,
sw10utt/sw_1043_2293.utt,2/sw2293,2293,10,%,B,10,1,"{F Uh, } puts a whole, - /","Uh/UH ,/, puts/VBZ a/DT whole/NN ,/,",,
sw10utt/sw_1043_2293.utt,2/sw2293,2293,11,%,B,10,2,"yeah,  /","yeah/UH ,/,",,
sw10utt/sw_1043_2293.utt,2/sw2293,2293,12,sv,B,10,3,"gets a whole new picture to what real air pollution can be,  /","gets/VBZ a/DT whole/JJ new/JJ picture/NN to/IN what/WP real/JJ air/NN pollution/NN can/MD be/VB ,/,",,
sw10utt/sw_1043_2293.utt,2/sw2293,2293,13,sv,B,10,4,"{C but, } {F uh, } that stuff going on over there. - /","but/CC ,/, uh/UH ,/, that/DT stuff/NN going/VBG on/RP over/IN there/RB ./.",,
sw10utt/sw_1043_2293.utt,2/sw2293,2293,14,qw,B,10,5,"[ [ What, + what, ] + {F uh, } what ] part of Pennsylvania are you in? /","What/WP ,/, what/WP ,/, uh/UH ,/, what/WP part/NN of/IN Pennsylvania/NNP are/VBP you/PRP in/IN ?/.",,
sw10utt/sw_1043_2293.utt,2/sw2293,2293,15,sd,A,11,1,"{F Um, } I'm north of Pittsburgh,  /","Um/UH ,/, I/PRP 'm/VBP north/RB of/IN Pittsburgh/NNP ,/,",,
sw10utt/sw_1043_2293.utt,2/sw2293,2293,16,%,A,11,2,{C so. } -/,so/RB ./.,,
sw10utt/sw_1043_2293.utt,2/sw2293,2293,17,bk,B,12,1,"Okay,  /","Okay/UH ,/,",,
sw10utt/sw_1043_2293.utt,2/sw2293,2293,18,b,B,12,2,"okay,  /","okay/UH ,/,",,
sw10utt/sw_1043_2293.utt,2/sw2293,2293,19,sv,B,12,3,"{C so, } [ it's, + it's ] amazing too, {D you know, } [ with that, + with the ] oil wells burning over there, that's the exact same stuff that's coming out of cars every day, [ just in, + {F uh, } just in ] a little different # grade, I guess. # /","so/RB ,/, it/PRP 's/BES ,/, it/PRP 's/BES amazing/JJ too/RB ,/, you/PRP know/VBP ,/, with/IN that/DT ,/, with/IN the/DT oil/NN wells/NNS burning/VBG over/IN there/RB ,/, that/DT 's/BES the/DT exact/JJ same/JJ stuff/NN that/WDT 's/BES coming/VBG out/RB of/IN cars/NNS every/DT day/NN ,/, just/RB in/IN ,/, uh/UH ,/, just/RB in/IN a/DT little/JJ different/JJ grade/NN ,/, I/PRP guess/VBP ./.",,
sw10utt/sw_1043_2293.utt,2/sw2293,2293,20,b,A,13,1,# Yeah. # /,Yeah/UH ./.,,
sw10utt/sw_1043_2293.utt,2/sw2293,2293,21,sd,B,14,1,"{C But, } {F uh, } in Dallas, [ we've got, + we've ] just, {F uh, } brought in a whole new set of requirements on inspections and things like that for cars, because, {F uh, } people just don't use mass transit and stuff in Dallas.  /","But/CC ,/, uh/UH ,/, in/IN Dallas/NNP ,/, we/PRP 've/VBP got/VBN ,/, we/PRP 've/VBP just/RB ,/, uh/UH ,/, brought/VBN in/IN a/DT whole/JJ new/JJ set/NN of/IN requirements/NNS on/IN inspections/NNS and/CC things/NNS like/IN that/DT for/IN cars/NNS ,/, because/IN ,/, uh/UH ,/, people/NNS just/RB do/VBP n't/RB use/VB mass/NN transit/NN and/CC stuff/NN in/IN Dallas/NNP ./.",,
sw10utt/sw_1043_2293.utt,2/sw2293,2293,22,sv,B,14,2,"Everybody loves their car,  /","Everybody/NN loves/VBZ their/PRP$ car/NN ,/,",,
sw10utt/sw_1043_2293.utt,2/sw2293,2293,23,sd,B,14,3,"{C and } you see an awful lot of, {F uh, } one person vehicles on the road [ on, + ] during rush hours.  /","and/CC you/PRP see/VBP an/DT awful/JJ lot/NN of/IN ,/, uh/UH ,/, one/CD person/NN vehicles/NNS on/IN the/DT road/NN on/IN ,/, during/IN rush/NN hours/NNS ./.",,
sw10utt/sw_1043_2293.utt,2/sw2293,2293,24,sv,B,14,4,That seems to be our biggest problem down here.  /,That/DT seems/VBZ to/TO be/VB our/PRP$ biggest/JJS problem/NN down/IN here/RB ./.,,
sw10utt/sw_1043_2293.utt,2/sw2293,2293,25,sd,B,14,5,"{F Um, } {D you know, } [ there's, + {F uh, } there's ] a lot of industry around,  /","Um/UH ,/, you/PRP know/VBP ,/, there/EX 's/BES ,/, uh/UH ,/, there/EX 's/BES a/DT lot/NN of/IN industry/NN around/RB ,/,",,
sw10utt/sw_1043_2293.utt,2/sw2293,2293,26,%,B,14,6,"{C but, } {F uh, } [ it's not, + it's ] - /","but/CC ,/, uh/UH ,/, it/PRP 's/BES not/RB ,/, it/PRP 's/BES",,
sw10utt/sw_1043_2293.utt,2/sw2293,2293,27,sv,B,14,7,any pollution that industry's dumping around here is not going into the air.  /,any/DT pollution/NN that/WDT industry/NN 's/BES dumping/VBG around/IN here/RB is/VBZ not/RB going/VBG into/IN the/DT air/NN ./.,,
sw10utt/sw_1043_2293.utt,2/sw2293,2293,28,sv,B,14,8,It's typically water <laughter> type situation. /,It/PRP 's/BES typically/RB water/NN type/NN situation/NN ./.,,
sw10utt/sw_1043_2293.utt,2/sw2293,2293,29,b,A,15,1,Yeah.  /,Yeah/UH ./.,,
sw10utt/sw_1043_2293.utt,2/sw2293,2293,30,sd,A,15,2,"{F Um. } [ We have a couple, + we have ] {D like } a steel mill and a couple refineries and stuff,  /","Um/UH ./. We/PRP have/VBP a/DT couple/NN ,/, we/PRP have/VBP like/UH a/DT steel/NN mill/NN and/CC a/DT couple/NN refineries/NNS and/CC stuff/NN ,/,",,
sw10utt/sw_1043_2293.utt,2/sw2293,2293,31,sv,A,15,3,"{C and } I know there's a lot of air pollution going in there,  /","and/CC I/PRP know/VBP there/EX 's/BES a/DT lot/NN of/IN air/NN pollution/NN going/VBG in/IN there/RB ,/,",,
sw10utt/sw_1043_2293.utt,2/sw2293,2293,32,sd,A,15,4,"{C and } {D like } [ they, + they ] get fined whenever they do the air pollution -- /","and/CC like/UH they/PRP ,/, they/PRP get/VBP fined/VBN whenever/WRB they/PRP do/VBP the/DT air/NN pollution/NN --/:",,
sw10utt/sw_1043_2293.utt,2/sw2293,2293,33,b,B,16,1,Uh-huh. /,Uh-huh/UH ./.,,
sw10utt/sw_1043_2293.utt,2/sw2293,2293,34,sv,A,17,1,"-- {C but } the fine is nothing, {D you know, } /","--/: but/CC the/DT fine/NN is/VBZ nothing/NN ,/, you/PRP know/VBP ,/,",,
sw10utt/sw_1043_2293.utt,2/sw2293,2293,35,b,B,18,1,"Yeah,  /","Yeah/UH ,/,",,
sw10utt/sw_1043_2293.utt,2/sw2293,2293,36,sv,B,18,2,"# [ it's, + it's, ] #","it/PRP 's/BES ,/, it/PRP 's/BES ,/,",,
sw10utt/sw_1043_2293.utt,2/sw2293,2293,37,^2,A,19,1,# it's like # nothing to them. /,it/PRP 's/BES like/IN nothing/NN to/IN them/PRP ./.,,
sw10utt/sw_1043_2293.utt,2/sw2293,2293,38,+,B,20,1,"[ like, + like ] two hours of output or something like that. /","like/IN ,/, like/IN two/CD hours/NNS of/IN output/NN or/CC something/NN like/IN that/DT ./.",,
sw10utt/sw_1043_2293.utt,2/sw2293,2293,39,b,A,21,1,"Yeah,  /","Yeah/UH ,/,",,
sw10utt/sw_1043_2293.utt,2/sw2293,2293,40,b^r,A,21,2,"yeah, /","yeah/UH ,/,",,
sw10utt/sw_1043_2293.utt,2/sw2293,2293,41,ba,B,22,1,"That's true,  /","That/DT 's/BES true/JJ ,/,",,
sw10utt/sw_1043_2293.utt,2/sw2293,2293,42,ba^r,B,22,2,that's true. /,that/DT 's/BES true/JJ ./.,,
sw10utt/sw_1043_2293.utt,2/sw2293,2293,43,b,A,23,1,Uh-huh. /,Uh-huh/UH ./.,,
sw10utt/sw_1043_2293.utt,2/sw2293,2293,44,b,B,24,1,"Yeah,  /","Yeah/UH ,/,",,
sw10utt/sw_1043_2293.utt,2/sw2293,2293,45,sd,B,24,2,"[ I, + [ a, + ] {F uh, } I ] grew up in South Dakota,  /","I/PRP ,/, a/DT ,/, uh/UH ,/, I/PRP grew/VBD up/RP in/IN South/NNP Dakota/NNP ,/,",,
sw10utt/sw_1043_2293.utt,2/sw2293,2293,46,sd,B,24,3,"{C so } [ I was never, + <laughter> I was never ] exposed --","so/RB I/PRP was/VBD never/RB ,/, I/PRP was/VBD never/RB exposed/VBN --/:",,
sw10utt/sw_1043_2293.utt,2/sw2293,2293,47,b,A,25,1,Uh-huh. /,Uh-huh/UH ./.,,
sw10utt/sw_1043_2293.utt,2/sw2293,2293,48,+,B,26,1,"-- to anything [ [ of, + of ] the, + of the ] sort.  /","--/: to/IN anything/NN of/IN ,/, of/IN the/DT ,/, of/IN the/DT sort/NN ./.",,
sw10utt/sw_1043_2293.utt,2/sw2293,2293,49,sd,B,26,2,"{F Um, } there were always E P A people {C and } what not were always telling us that, {F uh, } farm chemicals and what not were destroying our water system and all that -- /","Um/UH ,/, there/EX were/VBD always/RB E/NNP P/NNP A/NNP people/NNS and/CC what/WP not/RB were/VBD always/RB telling/VBG us/PRP that/IN ,/, uh/UH ,/, farm/NN chemicals/NNS and/CC what/WP not/RB were/VBD destroying/VBG our/PRP$ water/NN system/NN and/CC all/DT that/DT --/:",,
sw10utt/sw_1043_2293.utt,2/sw2293,2293,50,b,A,27,1,Uh-huh. /,Uh-huh/UH ./.,,
sw10utt/sw_1043_2293.utt,2/sw2293,2293,51,sd,B,28,1,"-- {C but } [ we just, + we  just ] never saw the results.  /","--/: but/CC we/PRP just/RB ,/, we/PRP just/RB never/RB saw/VBD the/DT results/NNS ./.",,
sw10utt/sw_1043_2293.utt,2/sw2293,2293,52,sd,B,28,2,"[  There was, + there was ] dust in the air during planting seasons and what not,  /","There/EX was/VBD ,/, there/EX was/VBD dust/NN in/IN the/DT air/NN during/IN planting/VBG seasons/NNS and/CC what/WP not/RB ,/,",,
sw10utt/sw_1043_2293.utt,2/sw2293,2293,53,sd,B,28,3,"{C but } [ that, + that ] was all we ever saw,  /","but/CC that/DT ,/, that/DT was/VBD all/DT we/PRP ever/RB saw/VBD ,/,",,
sw10utt/sw_1043_2293.utt,2/sw2293,2293,54,sd,B,28,4,"{C and then } five years ago I moved to Dallas,  /","and/CC then/RB five/CD years/NNS ago/RB I/PRP moved/VBD to/IN Dallas/NNP ,/,",,
sw10utt/sw_1043_2293.utt,2/sw2293,2293,55,sd,B,28,5,"{C and } I suddenly started to understand what burning eyes, and all that stuff is about that I'd always heard about.  /","and/CC I/PRP suddenly/RB started/VBD to/TO understand/VB what/WP burning/VBG eyes/NNS ,/, and/CC all/PDT that/DT stuff/NN is/VBZ about/IN that/WDT I/PRP 'd/VBD always/RB heard/VBN about/IN ./.",,
sw10utt/sw_1043_2293.utt,2/sw2293,2293,56,sd,B,28,6,"[ [ [  It, + {F uh, } it's, ] + it gets, ] + it's ] real depressing.  /","It/PRP ,/, uh/UH ,/, it/PRP 's/BES ,/, it/PRP gets/VBZ ,/, it/PRP 's/BES real/RB depressing/JJ ./.",,
sw10utt/sw_1043_2293.utt,2/sw2293,2293,57,sd,B,28,7,"In the morning sometime you can tell if it's a good day or a bad day by, {F uh, } how far out from downtown, {F uh, } you can be on the road and still not see it. /","In/IN the/DT morning/NN sometime/RB you/PRP can/MD tell/VB if/IN it/PRP 's/BES a/DT good/JJ day/NN or/CC a/DT bad/JJ day/NN by/IN ,/, uh/UH ,/, how/WRB far/RB out/IN from/IN downtown/NN ,/, uh/UH ,/, you/PRP can/MD be/VB on/IN the/DT road/NN and/CC still/RB not/RB see/VB it/PRP ./.",,
sw10utt/sw_1043_2293.utt,2/sw2293,2293,58,ba,A,29,1,"{F Oh, } my God <laughter>. /","Oh/UH ,/, my/PRP$ God/NNP ./.",,
sw10utt/sw_1043_2293.utt,2/sw2293,2293,59,%,B,30,1,"<Laughter> {C And, } {F uh, } yeah,  /","And/CC ,/, uh/UH ,/, yeah/UH ,/,",,
sw10utt/sw_1043_2293.utt,2/sw2293,2293,60,%,B,30,2,"{E I mean, } it's not, - /","I/PRP mean/VBP ,/, it/PRP 's/BES not/RB ,/,",,
sw10utt/sw_1043_2293.utt,2/sw2293,2293,61,sv,B,30,3,"I don't think Dallas is considered, {F uh, } a real bad place for air pollution,  /","I/PRP do/VBP n't/RB think/VB Dallas/NNP is/VBZ considered/VBN ,/, uh/UH ,/, a/DT real/RB bad/JJ place/NN for/IN air/NN pollution/NN ,/,",,
sw10utt/sw_1043_2293.utt,2/sw2293,2293,62,sd,B,30,4,"{C but, } [ [ you, + you ] can tell, + you can tell ] the differences in the days, [ when it's, + when ] the haze is kind of yellowish gray instead of just being [ a, + a ] foggy, misty # color # -- /","but/CC ,/, you/PRP ,/, you/PRP can/MD tell/VB ,/, you/PRP can/MD tell/VB the/DT differences/NNS in/IN the/DT days/NNS ,/, when/WRB it/PRP 's/BES ,/, when/WRB the/DT haze/NN is/VBZ kind/RB of/RB yellowish/JJ gray/JJ instead/IN of/IN just/RB being/VBG a/DT ,/, a/DT foggy/JJ ,/, misty/JJ color/NN --/:",,
sw10utt/sw_1043_2293.utt,2/sw2293,2293,63,b,A,31,1,# Uh-huh. # /,Uh-huh/UH ./.,,
sw10utt/sw_1043_2293.utt,2/sw2293,2293,64,sd,B,32,1,"-- {C and, } {F uh, } [ [ it, + it's ] a little, + it's a little ] disappointing sometimes you start to realize what you're breathing. /","--/: and/CC ,/, uh/UH ,/, it/PRP ,/, it/PRP 's/BES a/DT little/JJ ,/, it/PRP 's/BES a/DT little/JJ disappointing/JJ sometimes/RB you/PRP start/VBP to/TO realize/VB what/WP you/PRP 're/VBP breathing/VBG ./.",,
sw10utt/sw_1043_2293.utt,2/sw2293,2293,65,b,A,33,1,"{F Uh, } yeah,  /","Uh/UH ,/, yeah/UH ,/,",,
sw10utt/sw_1043_2293.utt,2/sw2293,2293,66,sd,A,33,2,"{C but, } I don't know what they can do to really prevent it, {D you know. } - /","but/CC ,/, I/PRP do/VBP n't/RB know/VB what/WP they/PRP can/MD do/VB to/TO really/RB prevent/VB it/PRP ,/, you/PRP know/VBP ./.",,
sw10utt/sw_1043_2293.utt,2/sw2293,2293,67,%,A,33,3,"{D Like, } how, - /","Like/IN ,/, how/WRB ,/,",,
sw10utt/sw_1043_2293.utt,2/sw2293,2293,68,qh,A,33,4,what can they do about the oil burning over in Kuwait?  /,what/WP can/MD they/PRP do/VB about/IN the/DT oil/NN burning/VBG over/IN in/IN Kuwait/NNP ?/.,,
sw10utt/sw_1043_2293.utt,2/sw2293,2293,69,%,A,33,5,"What, {D you know, } - /","What/WP ,/, you/PRP know/VBP ,/,",,
sw10utt/sw_1043_2293.utt,2/sw2293,2293,70,sd,A,33,6,"{E I mean } they fine the industries,  /","I/PRP mean/VBP they/PRP fine/VBP the/DT industries/NNS ,/,",,
sw10utt/sw_1043_2293.utt,2/sw2293,2293,71,sv,A,33,7,"{C but } {D you know, } that doesn't seem to stop them # there # -- /","but/CC you/PRP know/VBP ,/, that/DT does/VBZ n't/RB seem/VB to/TO stop/VB them/PRP there/RB --/:",,
sw10utt/sw_1043_2293.utt,2/sw2293,2293,72,b,B,34,1,# Right. # /,Right/UH ./.,,
sw10utt/sw_1043_2293.utt,2/sw2293,2293,73,sd,A,35,1,-- I don't know what else they can do. /,--/: I/PRP do/VBP n't/RB know/VB what/WP else/RB they/PRP can/MD do/VB ./.,,
sw10utt/sw_1043_2293.utt,2/sw2293,2293,74,b,B,36,1,Right.  /,Right/UH ./.,,
sw10utt/sw_1043_2293.utt,2/sw2293,2293,75,sv,B,36,2,"[ It, + it's ] that there really isn't a whole lot.  /","It/PRP ,/, it/PRP 's/BES that/IN there/EX really/RB is/VBZ n't/RB a/DT whole/JJ lot/NN ./.",,
sw10utt/sw_1043_2293.utt,2/sw2293,2293,76,sv,B,36,3,"[  It's one of those, + {F uh, } <throat_clearing> it's one of those ] things that if they do a little bit [ and, + {F uh, } and, ] {D you know, } [ e-, + every ] little bit does help,  /","It/PRP 's/BES one/CD of/IN those/DT ,/, uh/UH ,/, it/PRP 's/BES one/CD of/IN those/DT things/NNS that/WDT if/IN they/PRP do/VBP a/DT little/JJ bit/NN and/CC ,/, uh/UH ,/, and/CC ,/, you/PRP know/VBP ,/, e-/XX ,/, every/DT little/JJ bit/NN does/VBZ help/VB ,/,",,
sw10utt/sw_1043_2293.utt,2/sw2293,2293,77,h,B,36,4,I do believe that.  /,I/PRP do/VBP believe/VB that/DT ./.,,
sw10utt/sw_1043_2293.utt,2/sw2293,2293,78,sd,B,36,5,"{F Um, } {C but } I also believe that the earth is a kind of a self-regulating system,  /","Um/UH ,/, but/CC I/PRP also/RB believe/VBP that/IN the/DT earth/NN is/VBZ a/DT kind/NN of/IN a/DT self-regulating/JJ system/NN ,/,",,
sw10utt/sw_1043_2293.utt,2/sw2293,2293,79,sv,B,36,6,"{C and, } {F uh, } it will clean itself up, eventually.  /","and/CC ,/, uh/UH ,/, it/PRP will/MD clean/VB itself/PRP up/RP ,/, eventually/RB ./.",,
sw10utt/sw_1043_2293.utt,2/sw2293,2293,80,%,B,36,7,"It, - /","It/PRP ,/,",,
sw10utt/sw_1043_2293.utt,2/sw2293,2293,81,sv,B,36,8,"the whole idea is [ not to, + not to ] push the limit too hard, I guess -- /","the/DT whole/JJ idea/NN is/VBZ not/RB to/TO ,/, not/RB to/TO push/VB the/DT limit/NN too/RB hard/JJ ,/, I/PRP guess/VBP --/:",,
sw10utt/sw_1043_2293.utt,2/sw2293,2293,82,b,A,37,1,Uh-huh. /,Uh-huh/UH ./.,,
sw10utt/sw_1043_2293.utt,2/sw2293,2293,83,sv,B,38,1,"-- [ let the, + {D you know, } let the ] [ natural, + natural ] systems take care of the problem as much as possible. /","--/: let/VB the/DT ,/, you/PRP know/VBP ,/, let/VB the/DT natural/NN ,/, natural/JJ systems/NNS take/VBP care/NN of/IN the/DT problem/NN as/RB much/JJ as/IN possible/JJ ./.",,
sw10utt/sw_1043_2293.utt,2/sw2293,2293,84,b,A,39,1,"Yeah,  /","Yeah/UH ,/,",,
sw10utt/sw_1043_2293.utt,2/sw2293,2293,85,%,A,39,2,"[ I, + I, ] - /","I/PRP ,/, I/PRP ,/,",,
sw10utt/sw_1043_2293.utt,2/sw2293,2293,86,b,A,39,3,"yeah,  /","yeah/UH ,/,",,
sw10utt/sw_1043_2293.utt,2/sw2293,2293,87,sd,A,39,4,"I just don't understand, {D you know, } what else anyone can do about it.  /","I/PRP just/RB do/VBP n't/RB understand/VB ,/, you/PRP know/VBP ,/, what/WP else/JJ anyone/NN can/MD do/VB about/IN it/PRP ./.",,
sw10utt/sw_1043_2293.utt,2/sw2293,2293,88,sv,A,39,5,"I don't think it's something that people really think about, either. /","I/PRP do/VBP n't/RB think/VB it/PRP 's/BES something/NN that/WDT people/NNS really/RB think/VBP about/IN ,/, either/RB ./.",,
sw10utt/sw_1043_2293.utt,2/sw2293,2293,89,b,B,40,1,Uh-huh. /,Uh-huh/UH ./.,,
sw10utt/sw_1043_2293.utt,2/sw2293,2293,90,sv,A,41,1,"{D You know, } [ [ it's, + {E I mean, } it, ] + it ] should probably be a big issue, {D you know, } because [ it's, + it's ] doing a lot of damage,  /","You/PRP know/VBP ,/, it/PRP 's/BES ,/, I/PRP mean/VBP ,/, it/PRP ,/, it/PRP should/MD probably/RB be/VB a/DT big/JJ issue/NN ,/, you/PRP know/VBP ,/, because/IN it/PRP 's/BES ,/, it/PRP 's/BES doing/VBG a/DT lot/NN of/IN damage/NN ,/,",,
sw10utt/sw_1043_2293.utt,2/sw2293,2293,91,%,A,41,2,"{C but } I, - /","but/CC I/PRP ,/,",,
sw10utt/sw_1043_2293.utt,2/sw2293,2293,92,sv,A,41,3,"it's something, {D you know, } - /","it/PRP 's/BES something/NN ,/, you/PRP know/VBP ,/,",,
sw10utt/sw_1043_2293.utt,2/sw2293,2293,93,sv,A,41,4,"I don't think many people really think about it, because it's nothing they, - /","I/PRP do/VBP n't/RB think/VB many/JJ people/NNS really/RB think/VBP about/IN it/PRP ,/, because/IN it/PRP 's/BES nothing/NN they/PRP ,/,",,
sw10utt/sw_1043_2293.utt,2/sw2293,2293,94,sv,A,41,5,I don't think we really have too much control over it. /,I/PRP do/VBP n't/RB think/VB we/PRP really/RB have/VBP too/RB much/JJ control/NN over/IN it/PRP ./.,,
sw10utt/sw_1043_2293.utt,2/sw2293,2293,95,b,B,42,1,Right.  /,Right/UH ./.,,
sw10utt/sw_1043_2293.utt,2/sw2293,2293,96,sv,B,42,2,"{C And } it's one of those things, - /","And/CC it/PRP 's/BES one/CD of/IN those/DT things/NNS ,/,",,
sw10utt/sw_1043_2293.utt,2/sw2293,2293,97,sv,B,42,3,"[ it, + it's ] so hard to measure [ what, + what ] the damage is -- /","it/PRP ,/, it/PRP 's/BES so/RB hard/JJ to/TO measure/VB what/WP ,/, what/WP the/DT damage/NN is/VBZ --/:",,
sw10utt/sw_1043_2293.utt,2/sw2293,2293,98,b,A,43,1,Uh-huh. /,Uh-huh/UH ./.,,
sw10utt/sw_1043_2293.utt,2/sw2293,2293,99,sv,B,44,1,"--  it's kind of like,  {F oh, } - /","--/: it/PRP 's/BES kind/RB of/RB like/IN ,/, oh/UH ,/,",,
sw10utt/sw_1043_2293.utt,2/sw2293,2293,100,sv,B,44,2,"I guess it's [ kind of like,  + kind of like ] cigarette smoking, {D you know. }  /","I/PRP guess/VBP it/PRP 's/BES kind/RB of/RB like/IN ,/, kind/RB of/RB like/IN cigarette/NN smoking/NN ,/, you/PRP know/VBP ./.",,
sw10utt/sw_1043_2293.utt,2/sw2293,2293,101,sv,B,44,3,"[ It, + it ] could go on for years and years until they start to see some results and people can [ actually, + actually ] say, Yeah, [ [ it's, + it's, ] + it's ] [ doing, + doing ] some damage --","It/PRP ,/, it/PRP could/MD go/VB on/RP for/IN years/NNS and/CC years/NNS until/IN they/PRP start/VBP to/TO see/VB some/DT results/NNS and/CC people/NNS can/MD actually/RB ,/, actually/RB say/VB ,/, Yeah/UH ,/, it/PRP 's/BES ,/, it/PRP 's/BES ,/, it/PRP 's/BES doing/VBG ,/, doing/VBG some/DT damage/NN --/:",,
sw10utt/sw_1043_2293.utt,2/sw2293,2293,102,b,A,45,1,Uh-huh. /,Uh-huh/UH ./.,,
sw10utt/sw_1043_2293.utt,2/sw2293,2293,103,+,B,46,1,-- and something's got to be done.  /,--/: and/CC something/NN 's/HVS got/VBN to/TO be/VB done/VBN ./.,,
sw10utt/sw_1043_2293.utt,2/sw2293,2293,104,sv,B,46,2,"{F Um, } [ there's, + {D you know, } there's ] a lot of things like that.  /","Um/UH ,/, there/EX 's/BES ,/, you/PRP know/VBP ,/, there/EX 's/BES a/DT lot/NN of/IN things/NNS like/IN that/DT ./.",,
sw10utt/sw_1043_2293.utt,2/sw2293,2293,105,%,B,46,3,"It, - /","It/PRP ,/,",,
sw10utt/sw_1043_2293.utt,2/sw2293,2293,106,sv,B,46,4,"[ you can, + {F uh, } you can ] pound on something for a long time before it finally breaks,  /","you/PRP can/MD ,/, uh/UH ,/, you/PRP can/MD pound/VB on/IN something/NN for/IN a/DT long/JJ time/NN before/IN it/PRP finally/RB breaks/VBZ ,/,",,
sw10utt/sw_1043_2293.utt,2/sw2293,2293,107,sv,B,46,5,"{C but } until it breaks, you don't really know that [ there, + ] you were doing anything to it. /","but/CC until/IN it/PRP breaks/VBZ ,/, you/PRP do/VBP n't/RB really/RB know/VB that/IN there/EX ,/, you/PRP were/VBD doing/VBG anything/NN to/IN it/PRP ./.",,
sw10utt/sw_1043_2293.utt,2/sw2293,2293,108,b,A,47,1,"Yeah,  /","Yeah/UH ,/,",,
sw10utt/sw_1043_2293.utt,2/sw2293,2293,109,ba,A,47,2,exactly. /,exactly/UH ./.,,
sw10utt/sw_1043_2293.utt,2/sw2293,2293,110,%,B,48,1,"{C But, } {F uh, } -/","But/CC ,/, uh/UH ,/,",,
sw10utt/sw_1043_2293.utt,2/sw2293,2293,111,sd,A,49,1,"{D Well, } I really don't know <laughter> too much else about it. /","Well/UH ,/, I/PRP really/RB do/VBP n't/RB know/VB too/RB much/JJ else/RB about/IN it/PRP ./.",,
sw10utt/sw_1043_2293.utt,2/sw2293,2293,112,b,B,50,1,"Yeah,  /","Yeah/UH ,/,",,
sw10utt/sw_1043_2293.utt,2/sw2293,2293,113,%,B,50,2,"{D well, [ } that's, + that's, ] - /","well/UH ,/, that/DT 's/BES ,/, that/DT 's/BES ,/,",,
sw10utt/sw_1043_2293.utt,2/sw2293,2293,114,sv,B,50,3,"I think we both agree [ it's, + it's ] one of those deals that, {F uh, } - /","I/PRP think/VBP we/PRP both/DT agree/VB it/PRP 's/BES ,/, it/PRP 's/BES one/CD of/IN those/DT deals/NNS that/WDT ,/, uh/UH ,/,",,
sw10utt/sw_1043_2293.utt,2/sw2293,2293,115,sv,B,50,4,I just think there's a lot of other problems right now -- /,I/PRP just/RB think/VBP there/EX 's/BES a/DT lot/NN of/IN other/JJ problems/NNS right/RB now/RB --/:,,
sw10utt/sw_1043_2293.utt,2/sw2293,2293,116,b,A,51,1,Uh-huh. /,Uh-huh/UH ./.,,
sw10utt/sw_1043_2293.utt,2/sw2293,2293,117,sv,B,52,1,"-- {C and, } {F uh, } we've done a lot to take care of it. /","--/: and/CC ,/, uh/UH ,/, we/PRP 've/VBP done/VBN a/DT lot/NN to/TO take/VB care/NN of/IN it/PRP ./.",,
sw10utt/sw_1043_2293.utt,2/sw2293,2293,118,b,A,53,1,Yeah. /,Yeah/UH ./.,,
sw10utt/sw_1043_2293.utt,2/sw2293,2293,119,%,B,54,1,"{C And, } {F uh, } -/","And/CC ,/, uh/UH ,/,",,
sw10utt/sw_1043_2293.utt,2/sw2293,2293,120,b,A,55,1,"Yeah,  /","Yeah/UH ,/,",,
sw10utt/sw_1043_2293.utt,2/sw2293,2293,121,sv,A,55,2,"we have tried, - /","we/PRP have/VBP tried/VBN ,/,",,
sw10utt/sw_1043_2293.utt,2/sw2293,2293,122,sd,A,55,3,"{E I mean, } {D you know, } {C and, } {F um, } [ I, + I ] know [ where, + {D you know, } where ] a couple of the mills that have, - /","I/PRP mean/VBP ,/, you/PRP know/VBP ,/, and/CC ,/, um/UH ,/, I/PRP ,/, I/PRP know/VBP where/WRB ,/, you/PRP know/VBP ,/, where/WRB a/DT couple/NN of/IN the/DT mills/NNS that/WDT have/VBP ,/,",,
sw10utt/sw_1043_2293.utt,2/sw2293,2293,123,sd,A,55,4,"I know they put things on their stacks, {D you know, } to filter the smoke, and do all kinds of things,  /","I/PRP know/VBP they/PRP put/VBP things/NNS on/IN their/PRP$ stacks/NNS ,/, you/PRP know/VBP ,/, to/TO filter/VB the/DT smoke/NN ,/, and/CC do/VB all/DT kinds/NNS of/IN things/NNS ,/,",,
sw10utt/sw_1043_2293.utt,2/sw2293,2293,124,sd,A,55,5,"{C but, } {E I mean, } every now and then it breaks, {D you know, }  /","but/CC ,/, I/PRP mean/VBP ,/, every/DT now/RB and/CC then/RB it/PRP breaks/VBZ ,/, you/PRP know/VBP ,/,",,
sw10utt/sw_1043_2293.utt,2/sw2293,2293,125,sd,A,55,6,[ {C and } + --,and/CC --/:,,
sw10utt/sw_1043_2293.utt,2/sw2293,2293,126,b,B,56,1,"{F Oh, } sure. /","Oh/UH ,/, sure/UH ./.",,
sw10utt/sw_1043_2293.utt,2/sw2293,2293,127,+,A,57,1,"-- {C and } ] you just have smoke going out into the air for a day or two, until you can get it fixed. /","--/: and/CC you/PRP just/RB have/VBP smoke/NN going/VBG out/IN into/IN the/DT air/NN for/IN a/DT day/NN or/CC two/CD ,/, until/IN you/PRP can/MD get/VB it/PRP fixed/VBD ./.",,
sw10utt/sw_1043_2293.utt,2/sw2293,2293,128,b,B,58,1,Sure. /,Sure/UH ./.,,
sw10utt/sw_1043_2293.utt,2/sw2293,2293,129,sd,A,59,1,"[ {C and so, } + {C so, } ] {D you know, } it's something [ we, + we ] have tried to help. /","and/CC so/RB ,/, so/RB ,/, you/PRP know/VBP ,/, it/PRP 's/BES something/NN we/PRP ,/, we/PRP have/VBP tried/VBN to/TO help/VB ./.",,
sw10utt/sw_1043_2293.utt,2/sw2293,2293,130,ba,B,60,1,"{F Oh, } there's no doubt about it. /","Oh/UH ,/, there/EX 's/BES no/DT doubt/NN about/IN it/PRP ./.",,
sw10utt/sw_1043_2293.utt,2/sw2293,2293,131,b,A,61,1,Yeah. /,Yeah/UH ./.,,
sw10utt/sw_1043_2293.utt,2/sw2293,2293,132,sd,B,62,1,"I don't know if you ever happened to see some of the {D like, } Twenty Twenty and what not about Rumania and East Germany when they first got pictures out of there --","I/PRP do/VBP n't/RB know/VB if/IN you/PRP ever/RB happened/VBD to/TO see/VB some/DT of/IN the/DT like/UH ,/, Twenty/CD Twenty/CD and/CC what/WP not/RB about/IN Rumania/NNP and/CC East/NNP Germany/NNP when/WRB they/PRP first/JJ got/VBD pictures/NNS out/IN of/IN there/RB --/:",,
sw10utt/sw_1043_2293.utt,2/sw2293,2293,133,b,A,63,1,Uh-huh. /,Uh-huh/UH ./.,,
sw10utt/sw_1043_2293.utt,2/sw2293,2293,134,+,B,64,1,-- about how some of their systems had been running for twenty and thirty years -- /,--/: about/IN how/WRB some/DT of/IN their/PRP$ systems/NNS had/VBD been/VBN running/VBG for/IN twenty/CD and/CC thirty/CD years/NNS --/:,,
sw10utt/sw_1043_2293.utt,2/sw2293,2293,135,b,A,65,1,Uh-huh. /,Uh-huh/UH ./.,,
sw10utt/sw_1043_2293.utt,2/sw2293,2293,136,sd,B,66,1,"-- {C and, } {F uh, } {D you know, } they had absolutely no regulations, no controls whatsoever,  /","--/: and/CC ,/, uh/UH ,/, you/PRP know/VBP ,/, they/PRP had/VBD absolutely/RB no/DT regulations/NNS ,/, no/DT controls/NNS whatsoever/RB ,/,",,
sw10utt/sw_1043_2293.utt,2/sw2293,2293,137,sd,B,66,2,"{C and } they had destroyed entire forests and what not, just because the air was so polluted.  /","and/CC they/PRP had/VBD destroyed/VBN entire/JJ forests/NNS and/CC what/WP not/RB ,/, just/RB because/IN the/DT air/NN was/VBD so/RB polluted/JJ ./.",,
sw10utt/sw_1043_2293.utt,2/sw2293,2293,138,sv,B,66,3,"[ That's, + that's ] the kind of things that, {F uh, } you don't see in this country,  /","That/DT 's/BES ,/, that/DT 's/BES the/DT kind/NN of/IN things/NNS that/WDT ,/, uh/UH ,/, you/PRP do/VBP n't/RB see/VB in/IN this/DT country/NN ,/,",,
sw10utt/sw_1043_2293.utt,2/sw2293,2293,139,sv,B,66,4,"{C and } [ that's, + that's ] why I think that, {D you know, } it's, - /","and/CC that/DT 's/BES ,/, that/DT 's/BES why/WRB I/PRP think/VBP that/IN ,/, you/PRP know/VBP ,/, it/PRP 's/BES ,/,",,
sw10utt/sw_1043_2293.utt,2/sw2293,2293,140,sv,B,66,5,"I don't know if you can ever do enough,  /","I/PRP do/VBP n't/RB know/VB if/IN you/PRP can/MD ever/RB do/VB enough/RB ,/,",,
sw10utt/sw_1043_2293.utt,2/sw2293,2293,141,sv,B,66,6,"{C but, } {F uh, } I think it's all relative [ to the, + to the ] time and place,  /","but/CC ,/, uh/UH ,/, I/PRP think/VBP it/PRP 's/BES all/RB relative/JJ to/IN the/DT ,/, to/IN the/DT time/NN and/CC place/NN ,/,",,
sw10utt/sw_1043_2293.utt,2/sw2293,2293,142,sv,B,66,7,"{C and } I think right now [ it's, + it's ] pretty much under control. /","and/CC I/PRP think/VBP right/RB now/RB it/PRP 's/BES ,/, it/PRP 's/BES pretty/RB much/JJ under/IN control/NN ./.",,
sw10utt/sw_1043_2293.utt,2/sw2293,2293,143,b,A,67,1,"Yeah,  /","Yeah/UH ,/,",,
sw10utt/sw_1043_2293.utt,2/sw2293,2293,144,%,A,67,2,"okay,  /","okay/UH ,/,",,
sw10utt/sw_1043_2293.utt,2/sw2293,2293,145,%,A,67,3,{D well. } -/,well/UH ./.,,
sw10utt/sw_1043_2293.utt,2/sw2293,2293,146,fc,B,68,1,All righty. /,All/RB righty/JJ ./.,,
sw10utt/sw_1043_2293.utt,2/sw2293,2293,147,fc,A,69,1,Uh-huh.  /,Uh-huh/UH ./.,,
sw10utt/sw_1043_2293.utt,2/sw2293,2293,148,fc,A,69,2,It's been nice talking to you. /,It/PRP 's/HVS been/VBN nice/JJ talking/VBG to/IN you/PRP ./.,,
sw10utt/sw_1043_2293.utt,2/sw2293,2293,149,fc,B,70,1,"{D Well, } you bet. /","Well/UH ,/, you/PRP bet/VBP ./.",,
sw10utt/sw_1043_2293.utt,2/sw2293,2293,150,fc,A,71,1,"Okay,  /","Okay/UH ,/,",,
sw10utt/sw_1043_2293.utt,2/sw2293,2293,151,fc,A,71,2,bye-bye. /,bye-bye/UH ./.,,
sw10utt/sw_1043_2293.utt,2/sw2293,2293,152,fc,B,72,1,Bye. /,Bye/UH ./.,,
