swda_filename,ptb_basename,conversation_no,transcript_index,act_tag,caller,utterance_index,subutterance_index,text,pos,trees,ptb_treenumbers
sw10utt/sw_1054_3208.utt,3/sw3208,3208,0,o,A,1,1,Okay.  /,Okay/UH ./.,,
sw10utt/sw_1054_3208.utt,3/sw3208,3208,1,sd,A,1,2,"{D Well, } basically I am a mother of a three year old, /","Well/UH ,/, basically/RB I/PRP am/VBP a/DT mother/NN of/IN a/DT three/CD year/NN old/JJ ,/,",,
sw10utt/sw_1054_3208.utt,3/sw3208,3208,2,b,B,2,1,Uh-huh. /,Uh-huh/UH ./.,,
sw10utt/sw_1054_3208.utt,3/sw3208,3208,3,sd,A,3,1,"{C so } I kind of relate to trying to find a good day care because it's, {F uh, } extremely hard thing to do to trust somebody else with your child, {F uh, } trust their emotional and their safety and --","so/RB I/PRP kind/RB of/RB relate/VBP to/TO trying/VBG to/TO find/VB a/DT good/JJ day/NN care/NN because/IN it/PRP 's/BES ,/, uh/UH ,/, extremely/RB hard/JJ thing/NN to/TO do/VB to/TO trust/VB somebody/NN else/RB with/IN your/PRP$ child/NN ,/, uh/UH ,/, trust/VB their/PRP$ emotional/JJ and/CC their/PRP$ safety/NN and/CC --/:",,
sw10utt/sw_1054_3208.utt,3/sw3208,3208,4,b,B,4,1,Right. /,Right/UH ./.,,
sw10utt/sw_1054_3208.utt,3/sw3208,3208,5,+,A,5,1,-- all the rest of that.  /,--/: all/PDT the/DT rest/NN of/IN that/DT ./.,,
sw10utt/sw_1054_3208.utt,3/sw3208,3208,6,sd,A,5,2,"{C And, } {F uh, } I've been pretty selective,  /","And/CC ,/, uh/UH ,/, I/PRP 've/VBP been/VBN pretty/RB selective/JJ ,/,",,
sw10utt/sw_1054_3208.utt,3/sw3208,3208,7,sd,A,5,3,"{C and } what I'm finding is with, {F um, } day cares that are like day care centers like, for instance, {F uh, } Learning Tree or Kinder Care and all of that. /","and/CC what/WP I/PRP 'm/VBP finding/VBG is/VBZ with/IN ,/, um/UH ,/, day/NN cares/NNS that/WDT are/VBP like/IN day/NN care/NN centers/NNS like/IN ,/, for/IN instance/NN ,/, uh/UH ,/, Learning/NNP Tree/NNP or/CC Kinder/NNP Care/NNP and/CC all/DT of/IN that/DT ./.",,
sw10utt/sw_1054_3208.utt,3/sw3208,3208,8,b,B,6,1,Uh-huh. /,Uh-huh/UH ./.,,
sw10utt/sw_1054_3208.utt,3/sw3208,3208,9,sd@,A,7,1,"What I find is that they're highly structured, highly organized.  Almost too rigid for the children if you bring a child in at a certain time.","What/WP I/PRP find/VBP is/VBZ that/IN they/PRP 're/VBP highly/RB structured/JJ ,/, highly/RB organized/JJ ./. Almost/RB too/RB rigid/JJ for/IN the/DT children/NNS if/IN you/PRP bring/VBP a/DT child/NN in/IN at/IN a/DT certain/JJ time/NN ./.",,
sw10utt/sw_1054_3208.utt,3/sw3208,3208,10,b,B,8,1,Uh-huh. /,Uh-huh/UH ./.,,
sw10utt/sw_1054_3208.utt,3/sw3208,3208,11,+,A,9,1,"{F Uh, } like nap time or whatever time, {F uh, } because of parents' hours they are differ-, - /","Uh/UH ,/, like/IN nap/NN time/NN or/CC whatever/WDT time/NN ,/, uh/UH ,/, because/IN of/IN parents/NNS '/POS hours/NNS they/PRP are/VBP differ/JJ ,/,",,
sw10utt/sw_1054_3208.utt,3/sw3208,3208,12,sd,A,9,2,"{C and } when I bring my daughter into such a system like that, {F uh, } they only have one thing going on  /","and/CC when/WRB I/PRP bring/VBP my/PRP$ daughter/NN into/IN such/PDT a/DT system/NN like/IN that/DT ,/, uh/UH ,/, they/PRP only/RB have/VBP one/CD thing/NN going/VBG on/RP",,
sw10utt/sw_1054_3208.utt,3/sw3208,3208,13,sd,A,9,3,{C and } that's nap time.  /,and/CC that/DT 's/BES nap/NN time/NN ./.,,
sw10utt/sw_1054_3208.utt,3/sw3208,3208,14,sd,A,9,4,"Everybody is napping,","Everybody/NN is/VBZ napping/VBG ,/,",,
sw10utt/sw_1054_3208.utt,3/sw3208,3208,15,b,B,10,1,Uh-huh. /,Uh-huh/UH ./.,,
sw10utt/sw_1054_3208.utt,3/sw3208,3208,16,+,A,11,1,"whether they came there an hour before or they came [ a-, + ] right during that time.  /","whether/IN they/PRP came/VBD there/RB an/DT hour/NN before/IN or/CC they/PRP came/VBD a-/XX ,/, right/RB during/IN that/DT time/NN ./.",,
sw10utt/sw_1054_3208.utt,3/sw3208,3208,17,sd,A,11,2,"{C And } with that kind of a system my daughter just isn't likely to enjoy it if she has to good there immediately and lay down,","And/CC with/IN that/DT kind/NN of/IN a/DT system/NN my/PRP$ daughter/NN just/RB is/VBZ n't/RB likely/JJ to/TO enjoy/VB it/PRP if/IN she/PRP has/VBZ to/TO good/JJ there/RB immediately/RB and/CC lay/VB down/RB  ,/,",,
sw10utt/sw_1054_3208.utt,3/sw3208,3208,18,b,B,12,1,Uh-huh. /,Uh-huh/UH ./.,,
sw10utt/sw_1054_3208.utt,3/sw3208,3208,19,+,A,13,1,on a cot.  /,on/IN a/DT cot/NN ./.,,
sw10utt/sw_1054_3208.utt,3/sw3208,3208,20,sd,A,13,2,"{C So, } {F um, } home day care has been an option.  /","So/RB ,/, um/UH ,/, home/NN day/NN care/NN has/VBZ been/VBN an/DT option/NN ./.",,
sw10utt/sw_1054_3208.utt,3/sw3208,3208,21,sd,A,13,3,{C And } I've looked into that.  /,And/CC I/PRP 've/VBP looked/VBN into/IN that/DT ./.,,
sw10utt/sw_1054_3208.utt,3/sw3208,3208,22,sd,A,13,4,"The only thing is you raise the question of if it's safe, {F uh, } can you trust the people, {D you know. } /","The/DT only/JJ thing/NN is/VBZ you/PRP raise/VBP the/DT question/NN of/IN if/IN it/PRP 's/BES safe/JJ ,/, uh/UH ,/, can/MD you/PRP trust/VB the/DT people/NNS ,/, you/PRP know/VBP ./.",,
sw10utt/sw_1054_3208.utt,3/sw3208,3208,23,ba,B,14,1,That's right. /,That/DT 's/BES right/JJ ./.,,
sw10utt/sw_1054_3208.utt,3/sw3208,3208,24,%,A,15,1,"{F Um, } -/","Um/UH ,/,",,
sw10utt/sw_1054_3208.utt,3/sw3208,3208,25,sv,B,16,1,{C And } you never know.  /,And/CC you/PRP never/RB know/VBP ./.,,
sw10utt/sw_1054_3208.utt,3/sw3208,3208,26,sd,B,16,2,"I have, {F um, } an ex-sister-in-law that,","I/PRP have/VBP ,/, um/UH ,/, an/DT ex-sister-in-law/NN that/WDT ,/,",,
sw10utt/sw_1054_3208.utt,3/sw3208,3208,27,b,A,17,1,<<Very faint>> Uh-huh. /,Uh-huh/UH ./.,,
sw10utt/sw_1054_3208.utt,3/sw3208,3208,28,+,B,18,1,"{F um, } currently has a child abuse case on a home baby-sitter. /","um/UH ,/, currently/RB has/VBZ a/DT child/NN abuse/NN case/NN on/IN a/DT home/NN baby-sitter/NN ./.",,
sw10utt/sw_1054_3208.utt,3/sw3208,3208,29,b,A,19,1,Sure.  /,Sure/UH ./.,,
sw10utt/sw_1054_3208.utt,3/sw3208,3208,30,ba,A,19,2,"{F Oh, } sure.  /","Oh/UH ,/, sure/UH ./.",,
sw10utt/sw_1054_3208.utt,3/sw3208,3208,31,b^r,A,19,3,Sure.  /,Sure/UH ./.,,
sw10utt/sw_1054_3208.utt,3/sw3208,3208,32,ba,A,19,4,That's really scary.  /,That/DT 's/BES really/RB scary/JJ ./.,,
sw10utt/sw_1054_3208.utt,3/sw3208,3208,33,sd,A,19,5,"{C And, }","And/CC ,/,",,
sw10utt/sw_1054_3208.utt,3/sw3208,3208,34,b,B,20,1,Uh-huh. /,Uh-huh/UH ./.,,
sw10utt/sw_1054_3208.utt,3/sw3208,3208,35,+,A,21,1,"To the point that you kind of say to yourself, especially home day care - /","To/IN the/DT point/NN that/IN you/PRP kind/RB of/RB say/VBP to/IN yourself/PRP ,/, especially/RB home/NN day/NN care/NN",,
sw10utt/sw_1054_3208.utt,3/sw3208,3208,36,sv,A,21,2,"{E I mean, } I think center day cares there's so many people coming in and out --","I/PRP mean/VBP ,/, I/PRP think/VBP center/NN day/NN cares/NNS there/EX 's/BES so/RB many/JJ people/NNS coming/VBG in/RB and/CC out/RB --/:",,
sw10utt/sw_1054_3208.utt,3/sw3208,3208,37,b,B,22,1,Right. /,Right/UH ./.,,
sw10utt/sw_1054_3208.utt,3/sw3208,3208,38,+,A,23,1,"-- that you're better off if you're going to put a child into that type of system for eight hours, it's fine.  /","--/: that/IN you/PRP 're/VBP better/JJR off/RP if/IN you/PRP 're/VBP going/VBG to/TO put/VB a/DT child/NN into/IN that/DT type/NN of/IN system/NN for/IN eight/CD hours/NNS ,/, it/PRP 's/BES fine/JJ ./.",,
sw10utt/sw_1054_3208.utt,3/sw3208,3208,39,sd,A,23,2,It depends on the age of the child.  /,It/PRP depends/VBZ on/IN the/DT age/NN of/IN the/DT child/NN ./.,,
sw10utt/sw_1054_3208.utt,3/sw3208,3208,40,sv,A,23,3,{D Now } some children do real well that are at the age of four or five or children that have been in that kind of system for a while  /,Now/UH some/DT children/NNS do/VBP real/RB well/RB that/WDT are/VBP at/IN the/DT age/NN of/IN four/CD or/CC five/CD or/CC children/NNS that/WDT have/VBP been/VBN in/IN that/DT kind/NN of/IN system/NN for/IN a/DT while/NN,,
sw10utt/sw_1054_3208.utt,3/sw3208,3208,41,sv,A,23,4,{C but } --,but/CC --/:,,
sw10utt/sw_1054_3208.utt,3/sw3208,3208,42,b,B,24,1,Right. /,Right/UH ./.,,
sw10utt/sw_1054_3208.utt,3/sw3208,3208,43,+,A,25,1,"-- [ home da-, + home day ] care works well if it's an infant.  /","--/: home/NN da-/XX ,/, home/NN day/NN care/NN works/VBZ well/RB if/IN it/PRP 's/BES an/DT infant/NN ./.",,
sw10utt/sw_1054_3208.utt,3/sw3208,3208,44,sv,A,25,2,"[ [ If it's, +  if it's, ] +","If/IN it/PRP 's/BES ,/, if/IN it/PRP 's/BES ,/,",,
sw10utt/sw_1054_3208.utt,3/sw3208,3208,45,b,B,26,1,Uh-huh. /,Uh-huh/UH ./.,,
sw10utt/sw_1054_3208.utt,3/sw3208,3208,46,+@,A,27,1,if ] you want to have kind of {D like } a family structuring where there's a home that they can be provided.  Because I've seen things at the day care where they can't keep up with all the kids.  /,if/IN you/PRP want/VBP to/TO have/VB kind/RB of/RB like/IN a/DT family/NN structuring/NN where/WRB there/EX 's/BES a/DT home/NN that/WDT they/PRP can/MD be/VB provided/VBN ./. Because/IN I/PRP 've/VBP seen/VBN things/NNS at/IN the/DT day/NN care/NN where/WRB they/PRP ca/MD n't/RB keep/VB up/RP with/IN all/PDT the/DT kids/NNS ./.,,
sw10utt/sw_1054_3208.utt,3/sw3208,3208,47,sd,A,27,2,"The kids have,","The/DT kids/NNS have/VBP ,/,",,
sw10utt/sw_1054_3208.utt,3/sw3208,3208,48,b,B,28,1,Right. /,Right/UH ./.,,
sw10utt/sw_1054_3208.utt,3/sw3208,3208,49,+,A,29,1,colds  /,colds/NNS,,
sw10utt/sw_1054_3208.utt,3/sw3208,3208,50,sd,A,29,2,{C and } they're sick all the time  /,and/CC they/PRP 're/VBP sick/JJ all/PDT the/DT time/NN,,
sw10utt/sw_1054_3208.utt,3/sw3208,3208,51,%,A,29,3,"{C and } the-, -/","and/CC the-/XX ,/,",,
