swda_filename,ptb_basename,conversation_no,transcript_index,act_tag,caller,utterance_index,subutterance_index,text,pos,trees,ptb_treenumbers
sw10utt/sw_1028_3496.utt,3/sw3496,3496,0,o,A,1,1,"Okay,  /","Okay/UH ,/,",,
sw10utt/sw_1028_3496.utt,3/sw3496,3496,1,qy^t,A,1,2,do we just go ahead? /,do/VBP we/PRP just/RB go/VB ahead/RB ?/.,,
sw10utt/sw_1028_3496.utt,3/sw3496,3496,2,ny,B,2,1,Uh-huh. /,Uh-huh/UH ./.,,
sw10utt/sw_1028_3496.utt,3/sw3496,3496,3,bk,A,3,1,Okay. /,Okay/UH ./.,,
sw10utt/sw_1028_3496.utt,3/sw3496,3496,4,qy^t,B,4,1,Do you want to start? /,Do/VBP you/PRP want/VB to/TO start/VB ?/.,,
sw10utt/sw_1028_3496.utt,3/sw3496,3496,5,na^t,A,5,1,"{F Uh, } <lipsmack> {D well, } we're supposed to talk about vacations -- /","Uh/UH ,/, well/UH ,/, we/PRP 're/VBP supposed/VBN to/TO talk/VB about/IN vacations/NNS --/:",,
sw10utt/sw_1028_3496.utt,3/sw3496,3496,6,b,B,6,1,Right. /,Right/UH ./.,,
sw10utt/sw_1028_3496.utt,3/sw3496,3496,7,sd,A,7,1,"-- {C and, } {F uh, } I'm trying to think of the ones that I've been on that I liked the most  /","--/: and/CC ,/, uh/UH ,/, I/PRP 'm/VBP trying/VBG to/TO think/VB of/IN the/DT ones/NNS that/WDT I/PRP 've/VBP been/VBN on/RP that/WDT I/PRP liked/VBD the/DT most/RBS",,
sw10utt/sw_1028_3496.utt,3/sw3496,3496,8,sd,A,7,2,{C and } <noise> probably the one I liked most was Hawaii <laughter>. /,and/CC probably/RB the/DT one/CD I/PRP liked/VBD most/RBS was/VBD Hawaii/NNP ./.,,
sw10utt/sw_1028_3496.utt,3/sw3496,3496,9,qy,B,8,1,"{F Oh, } did you get to go to Hawaii? /","Oh/UH ,/, did/VBD you/PRP get/VBP to/TO go/VB to/IN Hawaii/NNP ?/.",,
sw10utt/sw_1028_3496.utt,3/sw3496,3496,10,ny,A,9,1,Yes. /,Yes/UH ./.,,
sw10utt/sw_1028_3496.utt,3/sw3496,3496,11,b,B,10,1,"Yeah,  /","Yeah/UH ,/,",,
sw10utt/sw_1028_3496.utt,3/sw3496,3496,12,sd,B,10,2,we went there for our twenty-fifth wedding anniversary.  /,we/PRP went/VBD there/RB for/IN our/PRP$ twenty-fifth/JJ wedding/NN anniversary/NN ./.,,
sw10utt/sw_1028_3496.utt,3/sw3496,3496,13,qy^g,B,10,3,"It's lovely, isn't it? /","It/PRP 's/BES lovely/JJ ,/, is/VBZ n't/RB it/PRP ?/.",,
sw10utt/sw_1028_3496.utt,3/sw3496,3496,14,ny,A,11,1,Yes.  /,Yes/UH ./.,,
sw10utt/sw_1028_3496.utt,3/sw3496,3496,15,sd,A,11,2,"We went, {F uh, } six months after we were married. /","We/PRP went/VBD ,/, uh/UH ,/, six/CD months/NNS after/IN we/PRP were/VBD married/VBN ./.",,
sw10utt/sw_1028_3496.utt,3/sw3496,3496,16,b,B,12,1,Uh-huh. /,Uh-huh/UH ./.,,
sw10utt/sw_1028_3496.utt,3/sw3496,3496,17,sd,A,13,1,"{C And } we just went to, {F uh, } two islands. /","And/CC we/PRP just/RB went/VBD to/IN ,/, uh/UH ,/, two/CD islands/NNS ./.",,
sw10utt/sw_1028_3496.utt,3/sw3496,3496,18,qw,B,14,1,What islands did you go to? /,What/WDT islands/NNS did/VBD you/PRP go/VB to/IN ?/.,,
sw10utt/sw_1028_3496.utt,3/sw3496,3496,19,sd,A,15,1,We went to Oahu and Kauai. /,We/PRP went/VBD to/IN Oahu/NNP and/CC Kauai/NNP ./.,,
sw10utt/sw_1028_3496.utt,3/sw3496,3496,20,sd,B,16,1,"Kauai,  /","Kauai/NNP ,/,",,
sw10utt/sw_1028_3496.utt,3/sw3496,3496,21,b,B,16,2,uh-huh.  /,uh-huh/UH ./.,,
sw10utt/sw_1028_3496.utt,3/sw3496,3496,22,sd,B,16,3,"We went to Kauai,  /","We/PRP went/VBD to/IN Kauai/NNP ,/,",,
sw10utt/sw_1028_3496.utt,3/sw3496,3496,23,sd,B,16,4,"{C and then } we also hit Maui,  /","and/CC then/RB we/PRP also/RB hit/VBD Maui/NNP ,/,",,
sw10utt/sw_1028_3496.utt,3/sw3496,3496,24,sd,B,16,5,"{C and then, } of course, {F uh } -- -/","and/CC then/RB ,/, of/IN course/NN ,/, uh/UH --/:",,
sw10utt/sw_1028_3496.utt,3/sw3496,3496,25,^2,A,17,1,The big one. /,The/DT big/JJ one/CD ./.,,
sw10utt/sw_1028_3496.utt,3/sw3496,3496,26,b^m,B,18,1,"-- {F uh, } the big one,  /","--/: uh/UH ,/, the/DT big/JJ one/CD ,/,",,
sw10utt/sw_1028_3496.utt,3/sw3496,3496,27,aa,B,18,2,uh-huh. /,uh-huh/UH ./.,,
sw10utt/sw_1028_3496.utt,3/sw3496,3496,28,b,A,19,1,Oh. /,Oh/UH ./.,,
sw10utt/sw_1028_3496.utt,3/sw3496,3496,29,sv,B,20,1,"With, {F uh, } the big one I thought was very commercialized. /","With/IN ,/, uh/UH ,/, the/DT big/JJ one/CD I/PRP thought/VBD was/VBD very/RB commercialized/JJ ./.",,
sw10utt/sw_1028_3496.utt,3/sw3496,3496,30,aa,A,21,1,"{F Oh, } yeah.  /","Oh/UH ,/, yeah/UH ./.",,
sw10utt/sw_1028_3496.utt,3/sw3496,3496,31,sv,A,21,2,It was. -/,It/PRP was/VBD ./.,,
sw10utt/sw_1028_3496.utt,3/sw3496,3496,32,sv,B,22,1,{C But } the other two were just lovely. /,But/CC the/DT other/JJ two/CD were/VBD just/RB lovely/JJ ./.,,
sw10utt/sw_1028_3496.utt,3/sw3496,3496,33,b,A,23,1,"Yes,  /","Yes/UH ,/,",,
sw10utt/sw_1028_3496.utt,3/sw3496,3496,34,sd,A,23,2,"I enjoyed Kauai better, too. /","I/PRP enjoyed/VBD Kauai/NNP better/RBR ,/, too/RB ./.",,
sw10utt/sw_1028_3496.utt,3/sw3496,3496,35,b,B,24,1,"Uh-huh,  /","Uh-huh/UH ,/,",,
sw10utt/sw_1028_3496.utt,3/sw3496,3496,36,sv,B,24,2,"it was quiet and restful, [ and, + and  ] so beautiful.  /","it/PRP was/VBD quiet/JJ and/CC restful/JJ ,/, and/CC ,/, and/CC so/RB beautiful/JJ ./.",,
sw10utt/sw_1028_3496.utt,3/sw3496,3496,37,sv,B,24,3,It wasn't commercialized. /,It/PRP was/VBD n't/RB commercialized/JJ ./.,,
sw10utt/sw_1028_3496.utt,3/sw3496,3496,38,sd,A,25,1,"{F Oh, } it was rainy <laughter>. /","Oh/UH ,/, it/PRP was/VBD rainy/JJ ./.",,
sw10utt/sw_1028_3496.utt,3/sw3496,3496,39,b,B,26,1,Yeah  /,Yeah/UH,,
sw10utt/sw_1028_3496.utt,3/sw3496,3496,40,qy,B,26,2,"<laughter>, was it? /",",/, was/VBD it/PRP ?/.",,
sw10utt/sw_1028_3496.utt,3/sw3496,3496,41,na,A,27,1,"Rainy,  /","Rainy/JJ ,/,",,
sw10utt/sw_1028_3496.utt,3/sw3496,3496,42,sd,A,27,2,"{C but, } {D you know, } we don't like to spend the money to go over there and sit on the beach anyway  /","but/CC ,/, you/PRP know/VBP ,/, we/PRP do/VBP n't/RB like/VB to/TO spend/VB the/DT money/NN to/TO go/VB over/IN there/RB and/CC sit/VB on/IN the/DT beach/NN anyway/RB",,
sw10utt/sw_1028_3496.utt,3/sw3496,3496,43,%,A,27,3,"{C so, } -/","so/RB ,/,",,
sw10utt/sw_1028_3496.utt,3/sw3496,3496,44,b,B,28,1,That's right. /,That/DT 's/BES right/JJ ./.,,
sw10utt/sw_1028_3496.utt,3/sw3496,3496,45,x,A,29,1,<Laughter>.,,,
sw10utt/sw_1028_3496.utt,3/sw3496,3496,46,sd,B,30,1,"{D Well, } it wasn't real rainy.  /","Well/UH ,/, it/PRP was/VBD n't/RB real/RB rainy/JJ ./.",,
sw10utt/sw_1028_3496.utt,3/sw3496,3496,47,sd,B,30,2,"We had [ s-, + a few ] showers,  but,  {F uh, } nothing that really got in the way with anything and just very brief ones  /","We/PRP had/VBD s-/XX ,/, a/DT few/JJ showers/NNS ,/, but/CC ,/, uh/UH ,/, nothing/NN that/WDT really/RB got/VBD in/IN the/DT way/NN with/IN anything/NN and/CC just/RB very/RB brief/JJ ones/NNS",,
sw10utt/sw_1028_3496.utt,3/sw3496,3496,48,%,B,30,3,"[ {C and, } + {C and, }  ] when, {F uh, } - /","and/CC ,/, and/CC ,/, when/WRB ,/, uh/UH ,/,",,
sw10utt/sw_1028_3496.utt,3/sw3496,3496,49,sd,B,30,4,{D now } we went to Nassau  /,now/RB we/PRP went/VBD to/IN Nassau/NNP,,
sw10utt/sw_1028_3496.utt,3/sw3496,3496,50,sd,B,30,5,{C and } my husband liked it better than he did Hawaii. /,and/CC my/PRP$ husband/NN liked/VBD it/PRP better/JJR than/IN he/PRP did/VBD Hawaii/NNP ./.,,
sw10utt/sw_1028_3496.utt,3/sw3496,3496,51,bh,A,31,1,"{F Oh, } really? /","Oh/UH ,/, really/UH ?/.",,
sw10utt/sw_1028_3496.utt,3/sw3496,3496,52,aa,B,32,1,Uh-huh. /,Uh-huh/UH ./.,,
sw10utt/sw_1028_3496.utt,3/sw3496,3496,53,bk,A,33,1,Oh. /,Oh/UH ./.,,
sw10utt/sw_1028_3496.utt,3/sw3496,3496,54,b,B,34,1,"Yeah,  /","Yeah/UH ,/,",,
sw10utt/sw_1028_3496.utt,3/sw3496,3496,55,sd,B,34,2,he really did.  /,he/PRP really/RB did/VBD ./.,,
sw10utt/sw_1028_3496.utt,3/sw3496,3496,56,sd,B,34,3,I don't know why.  /,I/PRP do/VBP n't/RB know/VB why/WRB ./.,,
sw10utt/sw_1028_3496.utt,3/sw3496,3496,57,sd,B,34,4,"{D You know, } he didn't like Oahu at all <child>.  /","You/PRP know/VBP ,/, he/PRP did/VBD n't/RB like/VB Oahu/NNP at/IN all/DT ./.",,
sw10utt/sw_1028_3496.utt,3/sw3496,3496,58,sd,B,34,5,[ He thought -- +,He/PRP thought/VBD --/:,,
sw10utt/sw_1028_3496.utt,3/sw3496,3496,59,b,A,35,1,Uh-huh. /,Uh-huh/UH ./.,,
sw10utt/sw_1028_3496.utt,3/sw3496,3496,60,+@,B,36,1,"-- he thought  ] Honolulu was just horrible <laughter>, {D you know. } *[[should this be the end of the slash unit?]]","--/: he/PRP thought/VBD Honolulu/NNP was/VBD just/RB horrible/JJ ,/, you/PRP know/VBP ./.",,
sw10utt/sw_1028_3496.utt,3/sw3496,3496,61,b,A,37,1,Oh. /,Oh/UH ./.,,
sw10utt/sw_1028_3496.utt,3/sw3496,3496,62,+@,B,38,1,Although we went to that Polynesian Village.  /,Although/IN we/PRP went/VBD to/IN that/DT Polynesian/NNP Village/NNP ./.,,
sw10utt/sw_1028_3496.utt,3/sw3496,3496,63,qy,B,38,2,Did you go there? /,Did/VBD you/PRP go/VB there/RB ?/.,,
sw10utt/sw_1028_3496.utt,3/sw3496,3496,64,ny,A,39,1,Uh-huh. /,Uh-huh/UH ./.,,
sw10utt/sw_1028_3496.utt,3/sw3496,3496,65,sv,B,40,1,That was wonderful --  /,That/DT was/VBD wonderful/JJ --/:,,
sw10utt/sw_1028_3496.utt,3/sw3496,3496,66,b,A,41,1,Yeah. /,Yeah/UH ./.,,
sw10utt/sw_1028_3496.utt,3/sw3496,3496,67,sd,B,42,1,-- {C and } we both enjoyed it --,--/: and/CC we/PRP both/DT enjoyed/VBD it/PRP --/:,,
sw10utt/sw_1028_3496.utt,3/sw3496,3496,68,sv,A,43,1,[ That was <child>. +,That/DT was/VBD ./.,,
sw10utt/sw_1028_3496.utt,3/sw3496,3496,69,+,B,44,1,-- very much. /,--/: very/RB much/RB ./.,,
sw10utt/sw_1028_3496.utt,3/sw3496,3496,70,+,A,45,1,"That was  ] nice,  /","That/DT was/VBD nice/JJ ,/,",,
sw10utt/sw_1028_3496.utt,3/sw3496,3496,71,b,A,45,2,uh-huh.  /,uh-huh/UH ./.,,
sw10utt/sw_1028_3496.utt,3/sw3496,3496,72,sd,A,45,3,"{D You know, } I've been to Nassau, too. /","You/PRP know/VBP ,/, I/PRP 've/VBP been/VBN to/IN Nassau/NNP ,/, too/RB ./.",,
sw10utt/sw_1028_3496.utt,3/sw3496,3496,73,bh,B,46,1,Have you? /,Have/VBP you/PRP ?/.,,
sw10utt/sw_1028_3496.utt,3/sw3496,3496,74,sd,A,47,1,I went on a cruise. /,I/PRP went/VBD on/IN a/DT cruise/NN ./.,,
sw10utt/sw_1028_3496.utt,3/sw3496,3496,75,ba,B,48,1,"{F Oh, } neat. /","Oh/UH ,/, neat/UH ./.",,
sw10utt/sw_1028_3496.utt,3/sw3496,3496,76,b,A,49,1,"Uh-huh,  /","Uh-huh/UH ,/,",,
sw10utt/sw_1028_3496.utt,3/sw3496,3496,77,sd,A,49,2,"{C and, } {F uh, } to tell you the truth, [ I, + I  ] think I'd rather just go to the island. /","and/CC ,/, uh/UH ,/, to/TO tell/VB you/PRP the/DT truth/NN ,/, I/PRP ,/, I/PRP think/VBP I/PRP 'd/MD rather/RB just/RB go/VB to/IN the/DT island/NN ./.",,
sw10utt/sw_1028_3496.utt,3/sw3496,3496,78,b,B,50,1,"Yeah,  /","Yeah/UH ,/,",,
sw10utt/sw_1028_3496.utt,3/sw3496,3496,79,sd,B,50,2,"{F uh, } our son and daughter-in-law <child> [ just, + ] {F uh, } they got married last January and they won a cruise.  /","uh/UH ,/, our/PRP$ son/NN and/CC daughter-in-law/NN just/RB ,/, uh/UH ,/, they/PRP got/VBD married/VBN last/JJ January/NNP and/CC they/PRP won/VBD a/DT cruise/NN ./.",,
sw10utt/sw_1028_3496.utt,3/sw3496,3496,80,sd,B,50,3,{C And } I know they didn't like it.  /,And/CC I/PRP know/VBP they/PRP did/VBD n't/RB like/VB it/PRP ./.,,
sw10utt/sw_1028_3496.utt,3/sw3496,3496,81,sd,B,50,4,"{D Now, } we have several friends that, {F uh, } have been on, and just love them.   /","Now/UH ,/, we/PRP have/VBP several/JJ friends/NNS that/WDT ,/, uh/UH ,/, have/VBP been/VBN on/IN ,/, and/CC just/RB love/VBP them/PRP ./.",,
sw10utt/sw_1028_3496.utt,3/sw3496,3496,82,sd,B,50,5,"{C But } James and I like, - /","But/CC James/NNP and/CC I/PRP like/VBP ,/,",,
sw10utt/sw_1028_3496.utt,3/sw3496,3496,83,h,B,50,6,"I don't know,  /","I/PRP do/VBP n't/RB know/VB ,/,",,
sw10utt/sw_1028_3496.utt,3/sw3496,3496,84,sd,B,50,7,I think we would get bored on the boat all the time. /,I/PRP think/VBP we/PRP would/MD get/VB bored/JJ on/IN the/DT boat/NN all/PDT the/DT time/NN ./.,,
sw10utt/sw_1028_3496.utt,3/sw3496,3496,85,sd,A,51,1,"{D Well, } I, <breathing> got sick. /","Well/UH ,/, I/PRP ,/, got/VBD sick/JJ ./.",,
sw10utt/sw_1028_3496.utt,3/sw3496,3496,86,bh,B,52,1,"{F Oh, } did you? /","Oh/UH ,/, did/VBD you/PRP ?/.",,
sw10utt/sw_1028_3496.utt,3/sw3496,3496,87,ny,A,53,1,"Yeah,  /","Yeah/UH ,/,",,
sw10utt/sw_1028_3496.utt,3/sw3496,3496,88,sd^e,A,53,2,I did the first night.  /,I/PRP did/VBD the/DT first/JJ night/NN ./.,,
sw10utt/sw_1028_3496.utt,3/sw3496,3496,89,sd,A,53,3,I went --,I/PRP went/VBD --/:,,
sw10utt/sw_1028_3496.utt,3/sw3496,3496,90,b,B,54,1,Ooh. /,Ooh/UH ./.,,
sw10utt/sw_1028_3496.utt,3/sw3496,3496,91,+,A,55,1,-- with my sister --,--/: with/IN my/PRP$ sister/NN --/:,,
sw10utt/sw_1028_3496.utt,3/sw3496,3496,92,b,B,56,1,Uh-huh. /,Uh-huh/UH ./.,,
sw10utt/sw_1028_3496.utt,3/sw3496,3496,93,+,A,57,1,"-- just, {F uh, } a couple years ago  /","--/: just/RB ,/, uh/UH ,/, a/DT couple/NN years/NNS ago/RB",,
sw10utt/sw_1028_3496.utt,3/sw3496,3496,94,sd,A,57,2,"[ {C and, } + {C and }  ] we both, the first night, just had to leave dinner. /","and/CC ,/, and/CC we/PRP both/DT ,/, the/DT first/JJ night/NN ,/, just/RB had/VBD to/TO leave/VB dinner/NN ./.",,
sw10utt/sw_1028_3496.utt,3/sw3496,3496,95,%,B,58,1,{F Um. } /,Um/UH ./.,,
sw10utt/sw_1028_3496.utt,3/sw3496,3496,96,sd,A,59,1,"It was bad,  /","It/PRP was/VBD bad/JJ ,/,",,
sw10utt/sw_1028_3496.utt,3/sw3496,3496,97,sd,A,59,2,"[ {C but, } + {C and then } ] after that [ it was, + it  ] got better,  /","but/CC ,/, and/CC then/RB after/IN that/DT it/PRP was/VBD ,/, it/PRP got/VBD better/JJR ,/,",,
sw10utt/sw_1028_3496.utt,3/sw3496,3496,98,%,A,59,3,"{C but } we just, - /","but/CC we/PRP just/RB ,/,",,
sw10utt/sw_1028_3496.utt,3/sw3496,3496,99,sd,A,59,4,it was a four day --  /,it/PRP was/VBD a/DT four/CD day/NN --/:,,
sw10utt/sw_1028_3496.utt,3/sw3496,3496,100,b,B,60,1,Uh-huh. /,Uh-huh/UH ./.,,
sw10utt/sw_1028_3496.utt,3/sw3496,3496,101,sd,A,61,1,-- {C and } we were both ready to get off the boat. /,--/: and/CC we/PRP were/VBD both/DT ready/JJ to/TO get/VB off/IN the/DT boat/NN ./.,,
sw10utt/sw_1028_3496.utt,3/sw3496,3496,102,bh,B,62,1,Were you? /,Were/VBD you/PRP ?/.,,
sw10utt/sw_1028_3496.utt,3/sw3496,3496,103,ny,A,63,1,Yeah. /,Yeah/UH ./.,,
sw10utt/sw_1028_3496.utt,3/sw3496,3496,104,sd,B,64,1,"{D Well, } I think if we ever go, it will only be for a three day.  /","Well/UH ,/, I/PRP think/VBP if/IN we/PRP ever/RB go/VBP ,/, it/PRP will/MD only/RB be/VB for/IN a/DT three/CD day/NN ./.",,
sw10utt/sw_1028_3496.utt,3/sw3496,3496,105,sd,B,64,2,{D Now } we've been real lucky.   /,Now/UH we/PRP 've/VBP been/VBN real/RB lucky/JJ ./.,,
sw10utt/sw_1028_3496.utt,3/sw3496,3496,106,sd,B,64,3,We've been to Europe twice. /,We/PRP 've/VBP been/VBN to/IN Europe/NNP twice/RB ./.,,
sw10utt/sw_1028_3496.utt,3/sw3496,3496,107,bh,A,65,1,"{F Oh, } have you? /","Oh/UH ,/, have/VBP you/PRP ?/.",,
sw10utt/sw_1028_3496.utt,3/sw3496,3496,108,ny,B,66,1,Yeah.  /,Yeah/UH ./.,,
sw10utt/sw_1028_3496.utt,3/sw3496,3496,109,sd,B,66,2,"[ We went, + the first time we went  ] to London, Europe and  touched a little bit of Scotland <dishes>.  /","We/PRP went/VBD ,/, the/DT first/JJ time/NN we/PRP went/VBD to/IN London/NNP ,/, Europe/NNP and/CC touched/VBD a/DT little/JJ bit/NN of/IN Scotland/NNP ./.",,
sw10utt/sw_1028_3496.utt,3/sw3496,3496,110,sd,B,66,3,"{C And } second time we went to Munich, Germany and were there a week, and loved <noise> Germany. /","And/CC second/JJ time/NN we/PRP went/VBD to/IN Munich/NNP ,/, Germany/NNP and/CC were/VBD there/RB a/DT week/NN ,/, and/CC loved/VBD Germany/NNP ./.",,
sw10utt/sw_1028_3496.utt,3/sw3496,3496,111,b,A,67,1,Oh. /,Oh/UH ./.,,
sw10utt/sw_1028_3496.utt,3/sw3496,3496,112,sv,B,68,1,It --,It/PRP --/:,,
sw10utt/sw_1028_3496.utt,3/sw3496,3496,113,ba,A,69,1,Wow. /,Wow/UH ./.,,
sw10utt/sw_1028_3496.utt,3/sw3496,3496,114,+,B,70,1,-- is just absolutely gorgeous --,--/: is/VBZ just/RB absolutely/RB gorgeous/JJ --/:,,
sw10utt/sw_1028_3496.utt,3/sw3496,3496,115,b,A,71,1,I'll bet it is. /,I/PRP 'll/MD bet/VB it/PRP is/VBZ ./.,,
sw10utt/sw_1028_3496.utt,3/sw3496,3496,116,+,B,72,1,-- with the mountains  /,--/: with/IN the/DT mountains/NNS,,
sw10utt/sw_1028_3496.utt,3/sw3496,3496,117,sd,B,72,2,"{C and } we were there in the fall before the snows, {D you know, } started  /","and/CC we/PRP were/VBD there/RB in/IN the/DT fall/NN before/IN the/DT snows/NNS ,/, you/PRP know/VBP ,/, started/VBD",,
sw10utt/sw_1028_3496.utt,3/sw3496,3496,118,sd,B,72,3,{C and } it was wonderful.  /,and/CC it/PRP was/VBD wonderful/JJ ./.,,
sw10utt/sw_1028_3496.utt,3/sw3496,3496,119,sd,B,72,4,"[ [ It, + {F uh } --","It/PRP ,/, uh/UH --/:",,
sw10utt/sw_1028_3496.utt,3/sw3496,3496,120,b,A,73,1,Oh. /,Oh/UH ./.,,
sw10utt/sw_1028_3496.utt,3/sw3496,3496,121,+,B,74,1,"-- it  ] was just, + it was  ] marvelous.  /","--/: it/PRP was/VBD just/RB ,/, it/PRP was/VBD marvelous/JJ ./.",,
sw10utt/sw_1028_3496.utt,3/sw3496,3496,122,sd,B,74,2,{C And } we would love to go back there  /,And/CC we/PRP would/MD love/VB to/TO go/VB back/RB there/RB,,
sw10utt/sw_1028_3496.utt,3/sw3496,3496,123,sd,B,74,3,{C and } we'd love to go back to London. /,and/CC we/PRP 'd/MD love/VB to/TO go/VB back/RB to/IN London/NNP ./.,,
sw10utt/sw_1028_3496.utt,3/sw3496,3496,124,qy,A,75,1,You haven't been to Spain? /,You/PRP have/VBP n't/RB been/VBN to/IN Spain/NNP ?/.,,
sw10utt/sw_1028_3496.utt,3/sw3496,3496,125,nn,B,76,1,No -- /,No/UH --/:,,
sw10utt/sw_1028_3496.utt,3/sw3496,3496,126,b,A,77,1,Oh. /,Oh/UH ./.,,
sw10utt/sw_1028_3496.utt,3/sw3496,3496,127,sd,B,78,1,-- have not been to Spain. /,--/: have/VBP not/RB been/VBN to/IN Spain/NNP ./.,,
sw10utt/sw_1028_3496.utt,3/sw3496,3496,128,sd,A,79,1,I was born there. /,I/PRP was/VBD born/VBN there/RB ./.,,
sw10utt/sw_1028_3496.utt,3/sw3496,3496,129,bh,B,80,1,Were you? /,Were/VBD you/PRP ?/.,,
sw10utt/sw_1028_3496.utt,3/sw3496,3496,130,ny,A,81,1,Yes <laughter>. /,Yes/UH ./.,,
sw10utt/sw_1028_3496.utt,3/sw3496,3496,131,qw,B,82,1,How old were you when you left? /,How/WRB old/JJ were/VBD you/PRP when/WRB you/PRP left/VBD ?/.,,
sw10utt/sw_1028_3496.utt,3/sw3496,3496,132,sd,A,83,1,"{F Uh, } just ten months. /","Uh/UH ,/, just/RB ten/CD months/NNS ./.",,
sw10utt/sw_1028_3496.utt,3/sw3496,3496,133,b^m,B,84,1,"{F Oh, } ten months,  /","Oh/UH ,/, ten/CD months/NNS ,/,",,
sw10utt/sw_1028_3496.utt,3/sw3496,3496,134,b,B,84,2,uh-huh. /,uh-huh/UH ./.,,
sw10utt/sw_1028_3496.utt,3/sw3496,3496,135,b,A,85,1,"Yeah,  /","Yeah/UH ,/,",,
sw10utt/sw_1028_3496.utt,3/sw3496,3496,136,%,A,85,2,"{C so, } -/","so/RB ,/,",,
sw10utt/sw_1028_3496.utt,3/sw3496,3496,137,qy,B,86,1,Have you ever got to go back? /,Have/VBP you/PRP ever/RB got/VBN to/TO go/VB back/RB ?/.,,
sw10utt/sw_1028_3496.utt,3/sw3496,3496,138,nn,A,87,1,"No,  /","No/UH ,/,",,
sw10utt/sw_1028_3496.utt,3/sw3496,3496,139,nn^r,A,87,2,"no,  /","no/UH ,/,",,
sw10utt/sw_1028_3496.utt,3/sw3496,3496,140,sd^e,A,87,3,{C and } I would like to. /,and/CC I/PRP would/MD like/VB to/TO ./.,,
sw10utt/sw_1028_3496.utt,3/sw3496,3496,141,bh,B,88,1,Would you?  /,Would/MD you/PRP ?/.,,
sw10utt/sw_1028_3496.utt,3/sw3496,3496,142,%,B,88,2,"[ My, + {F uh, }  <lipsmack> my  ] sister, - /","My/PRP$ ,/, uh/UH ,/, my/PRP$ sister/NN ,/,",,
sw10utt/sw_1028_3496.utt,3/sw3496,3496,143,sd,B,88,3,we went with them to Germany  /,we/PRP went/VBD with/IN them/PRP to/IN Germany/NNP,,
sw10utt/sw_1028_3496.utt,3/sw3496,3496,144,sd,B,88,4,"{C and, } {F uh, } she would like to go to Spain.  /","and/CC ,/, uh/UH ,/, she/PRP would/MD like/VB to/TO go/VB to/IN Spain/NNP ./.",,
sw10utt/sw_1028_3496.utt,3/sw3496,3496,145,sd,B,88,5,I'm not sure whether I would like to or not. /,I/PRP 'm/VBP not/RB sure/JJ whether/IN I/PRP would/MD like/VB to/TO or/CC not/RB ./.,,
sw10utt/sw_1028_3496.utt,3/sw3496,3496,146,b,A,89,1,Huh. /,Huh/UH ./.,,
sw10utt/sw_1028_3496.utt,3/sw3496,3496,147,sd,B,90,1,"{C And, } {F uh, } I would like to go to Ireland. /","And/CC ,/, uh/UH ,/, I/PRP would/MD like/VB to/TO go/VB to/IN Ireland/NNP ./.",,
sw10utt/sw_1028_3496.utt,3/sw3496,3496,148,bh,A,91,1,Would you? /,Would/MD you/PRP ?/.,,
sw10utt/sw_1028_3496.utt,3/sw3496,3496,149,ny,B,92,1,Uh-huh. /,Uh-huh/UH ./.,,
sw10utt/sw_1028_3496.utt,3/sw3496,3496,150,sd,A,93,1,"{D Now, } {D now } I don't know if I'd like to go there just from --","Now/UH ,/, now/UH I/PRP do/VBP n't/RB know/VB if/IN I/PRP 'd/MD like/VB to/TO go/VB there/RB just/RB from/IN --/:",,
sw10utt/sw_1028_3496.utt,3/sw3496,3496,151,%,B,94,1,"{D Well, } the -- -/","Well/UH ,/, the/DT --/:",,
sw10utt/sw_1028_3496.utt,3/sw3496,3496,152,+,A,95,1,-- [ the -- +,--/: the/DT --/:,,
sw10utt/sw_1028_3496.utt,3/sw3496,3496,153,%,B,96,1,--  ((   ))  there is -- -/,--/: MUMBLEx/XX there/EX is/VBZ --/:,,
sw10utt/sw_1028_3496.utt,3/sw3496,3496,154,+,A,97,1,-- the  ] problems. /,--/: the/DT problems/NNS ./.,,
sw10utt/sw_1028_3496.utt,3/sw3496,3496,155,b,B,98,1,"-- uh-huh,  /","--/: uh-huh/UH ,/,",,
sw10utt/sw_1028_3496.utt,3/sw3496,3496,156,sv,B,98,2,"[ is, + is  ] a little scary,  /","is/VBZ ,/, is/VBZ a/DT little/JJ scary/JJ ,/,",,
sw10utt/sw_1028_3496.utt,3/sw3496,3496,157,sd,B,98,3,{C but } I would still like to see it.  /,but/CC I/PRP would/MD still/RB like/VB to/TO see/VB it/PRP ./.,,
sw10utt/sw_1028_3496.utt,3/sw3496,3496,158,sd,B,98,4,"I'd like to see, {F uh, } <noise> Italy. /","I/PRP 'd/MD like/VB to/TO see/VB ,/, uh/UH ,/, Italy/NNP ./.",,
sw10utt/sw_1028_3496.utt,3/sw3496,3496,159,b,A,99,1,"{F Oh, } yeah,  /","Oh/UH ,/, yeah/UH ,/,",,
sw10utt/sw_1028_3496.utt,3/sw3496,3496,160,b^r,A,99,2,yeah. /,yeah/UH ./.,,
sw10utt/sw_1028_3496.utt,3/sw3496,3496,161,sd,B,100,1,I would love to go there. /,I/PRP would/MD love/VB to/TO go/VB there/RB ./.,,
sw10utt/sw_1028_3496.utt,3/sw3496,3496,162,ba,A,101,1,That would be nice. /,That/DT would/MD be/VB nice/JJ ./.,,
sw10utt/sw_1028_3496.utt,3/sw3496,3496,163,sd,B,102,1,"{C And, } course, there is a lot of places in the United States I still want to [ come, + ] {D you know, } go to. /","And/CC ,/, course/NN ,/, there/EX is/VBZ a/DT lot/NN of/IN places/NNS in/IN the/DT United/NNP States/NNPS I/PRP still/RB want/VBP to/TO come/VB ,/, you/PRP know/VBP ,/, go/VB to/TO ./.",,
sw10utt/sw_1028_3496.utt,3/sw3496,3496,164,qy,A,103,1,"{D Now, } have you been to Yellowstone? /","Now/UH ,/, have/VBP you/PRP been/VBN to/IN Yellowstone/NNP ?/.",,
sw10utt/sw_1028_3496.utt,3/sw3496,3496,165,%,B,104,1,"{F Uh, } /","Uh/UH ,/,",,
sw10utt/sw_1028_3496.utt,3/sw3496,3496,166,sd^r,A,105,1,"Yellowstone, /","Yellowstone/NNP ,/,",,
sw10utt/sw_1028_3496.utt,3/sw3496,3496,167,ny,B,106,1,"Yes,  /","Yes/UH ,/,",,
sw10utt/sw_1028_3496.utt,3/sw3496,3496,168,ny^r,B,106,2,yes. /,yes/UH ./.,,
sw10utt/sw_1028_3496.utt,3/sw3496,3496,169,qy,A,107,1,Have you? /,Have/VBP you/PRP ?/.,,
sw10utt/sw_1028_3496.utt,3/sw3496,3496,170,na,B,108,1,We have been there.  /,We/PRP have/VBP been/VBN there/RB ./.,,
sw10utt/sw_1028_3496.utt,3/sw3496,3496,171,sd,B,108,2,"[ We, + I  ] was there as a child and then we, we went to California and came back through Yellowstone with our kids. /","We/PRP ,/, I/PRP was/VBD there/RB as/IN a/DT child/NN and/CC then/RB we/PRP ,/, we/PRP went/VBD to/IN California/NNP and/CC came/VBD back/RB through/IN Yellowstone/NNP with/IN our/PRP$ kids/NNS ./.",,
sw10utt/sw_1028_3496.utt,3/sw3496,3496,172,b,A,109,1,Uh-huh. /,Uh-huh/UH ./.,,
sw10utt/sw_1028_3496.utt,3/sw3496,3496,173,sd,B,110,1,{C And } they loved it. /,And/CC they/PRP loved/VBD it/PRP ./.,,
sw10utt/sw_1028_3496.utt,3/sw3496,3496,174,%,A,111,1,"{D Well, } /","Well/UH ,/,",,
sw10utt/sw_1028_3496.utt,3/sw3496,3496,175,sd,B,112,1,"I was in Utah, in Salt Lake City when I was a, {F uh, } youngster. /","I/PRP was/VBD in/IN Utah/NNP ,/, in/IN Salt/NNP Lake/NNP City/NNP when/WRB I/PRP was/VBD a/DT ,/, uh/UH ,/, youngster/NN ./.",,
sw10utt/sw_1028_3496.utt,3/sw3496,3496,176,b,A,113,1,"{F Oh, } uh-huh. /","Oh/UH ,/, uh-huh/UH ./.",,
sw10utt/sw_1028_3496.utt,3/sw3496,3496,177,sd,B,114,1,"{C So, } {F uh, } {D you know, } I've touched on that. /","So/RB ,/, uh/UH ,/, you/PRP know/VBP ,/, I/PRP 've/VBP touched/VBN on/IN that/DT ./.",,
sw10utt/sw_1028_3496.utt,3/sw3496,3496,178,b,A,115,1,"Yeah,  /","Yeah/UH ,/,",,
sw10utt/sw_1028_3496.utt,3/sw3496,3496,179,sd,A,115,2,"{D now } I'm just about, {F oh, } a half hour, {F uh, } north of Salt Lake. /","now/UH I/PRP 'm/VBP just/RB about/RB ,/, oh/UH ,/, a/DT half/NN hour/NN ,/, uh/UH ,/, north/RB of/IN Salt/NNP Lake/NNP ./.",,
sw10utt/sw_1028_3496.utt,3/sw3496,3496,180,b,B,116,1,Oh. /,Oh/UH ./.,,
sw10utt/sw_1028_3496.utt,3/sw3496,3496,181,%,A,117,1,"{C So, } {F uh, } it's at -- -/","So/RB ,/, uh/UH ,/, it/PRP 's/BES at/IN --/:",,
sw10utt/sw_1028_3496.utt,3/sw3496,3496,182,b,B,118,1,Yeah. /,Yeah/UH ./.,,
sw10utt/sw_1028_3496.utt,3/sw3496,3496,183,sd,A,119,1,"-- my husband works in Salt Lake,  /","--/: my/PRP$ husband/NN works/VBZ in/IN Salt/NNP Lake/NNP ,/,",,
sw10utt/sw_1028_3496.utt,3/sw3496,3496,184,%,A,119,2,{C so } -- -/,so/RB --/:,,
sw10utt/sw_1028_3496.utt,3/sw3496,3496,185,b,B,120,1,Uh-huh. /,Uh-huh/UH ./.,,
sw10utt/sw_1028_3496.utt,3/sw3496,3496,186,sd,A,121,1,-- we're real close  /,--/: we/PRP 're/VBP real/RB close/RB,,
sw10utt/sw_1028_3496.utt,3/sw3496,3496,187,%,A,121,2,"{C and, } yeah,  /","and/CC ,/, yeah/UH ,/,",,
sw10utt/sw_1028_3496.utt,3/sw3496,3496,188,%,A,121,3,"we, -/","we/PRP ,/,",,
sw10utt/sw_1028_3496.utt,3/sw3496,3496,189,sv,B,122,1,{D Now } that's a pretty city. /,Now/UH that/DT 's/BES a/DT pretty/JJ city/NN ./.,,
sw10utt/sw_1028_3496.utt,3/sw3496,3496,190,aa,A,123,1,"Yes,  /","Yes/UH ,/,",,
sw10utt/sw_1028_3496.utt,3/sw3496,3496,191,sd,A,123,2,"[ we, + we  ] like it. /","we/PRP ,/, we/PRP like/VBP it/PRP ./.",,
sw10utt/sw_1028_3496.utt,3/sw3496,3496,192,sd,B,124,1,Very clean.,Very/RB clean/JJ ./.,,
sw10utt/sw_1028_3496.utt,3/sw3496,3496,193,b,A,125,1,Yeah. /,Yeah/UH ./.,,
sw10utt/sw_1028_3496.utt,3/sw3496,3496,194,+,B,126,1,{D You know. } /,You/PRP know/VBP ./.,,
sw10utt/sw_1028_3496.utt,3/sw3496,3496,195,sd,A,127,1,It is. /,It/PRP is/VBZ ./.,,
sw10utt/sw_1028_3496.utt,3/sw3496,3496,196,sd,B,128,1,Utah is a pretty state from what I remember of it. /,Utah/NNP is/VBZ a/DT pretty/JJ state/NN from/IN what/WP I/PRP remember/VBP of/IN it/PRP ./.,,
sw10utt/sw_1028_3496.utt,3/sw3496,3496,197,sd,A,129,1,"{D Well, } we kind of like it <laughter>. /","Well/UH ,/, we/PRP kind/RB of/RB like/VBP it/PRP ./.",,
sw10utt/sw_1028_3496.utt,3/sw3496,3496,198,b,B,130,1,Uh-huh  /,Uh-huh/UH,,
sw10utt/sw_1028_3496.utt,3/sw3496.pos,3496,199,x,B,130,2,<laughter>.,./.
sw10utt/sw_1028_3496.utt,3/sw3496,3496,200,qy,A,131,1,"{D Well, } do you like to camp, those kind of trips? /","Well/UH ,/, do/VBP you/PRP like/VB to/TO camp/VB ,/, those/DT kind/NN of/IN trips/NNS ?/.",,
sw10utt/sw_1028_3496.utt,3/sw3496,3496,201,%,B,132,1,"We, - /","We/PRP ,/,",,
sw10utt/sw_1028_3496.utt,3/sw3496,3496,202,nn,B,132,2,"no,  /","no/UH ,/,",,
sw10utt/sw_1028_3496.utt,3/sw3496,3496,203,sd^e,B,132,3,we used to <child>.  /,we/PRP used/VBD to/TO ./.,,
sw10utt/sw_1028_3496.utt,3/sw3496,3496,204,sd,B,132,4,We used to camp a lot with our - /,We/PRP used/VBD to/TO camp/VB a/DT lot/NN with/IN our/PRP$,,
sw10utt/sw_1028_3496.utt,3/sw3496,3496,205,sd@,B,132,5,"kids.   *[[This should be the end of a slash unit, should it be part of the one above?]]",kids/NNS ./.,,
sw10utt/sw_1028_3496.utt,3/sw3496,3496,206,b,A,133,1,Uh-huh. /,Uh-huh/UH ./.,,
sw10utt/sw_1028_3496.utt,3/sw3496,3496,207,+@,B,134,1,"[ {C And, } + {F uh, } {C but }  ] now <child> we like things like the Regency Hyatt <laughter>. /","And/CC ,/, uh/UH ,/, but/CC now/RB we/PRP like/VBP things/NNS like/IN the/DT Regency/NNP Hyatt/NNP ./.",,
sw10utt/sw_1028_3496.utt,3/sw3496,3496,208,qy,A,135,1,"{F Oh, } you like the motels? /","Oh/UH ,/, you/PRP like/VBP the/DT motels/NNS ?/.",,
sw10utt/sw_1028_3496.utt,3/sw3496,3496,209,na,B,136,1,"We like the motels,  /","We/PRP like/VBP the/DT motels/NNS ,/,",,
sw10utt/sw_1028_3496.utt,3/sw3496,3496,210,ny,B,136,2,yes <laughter>. /,yes/UH ./.,,
sw10utt/sw_1028_3496.utt,3/sw3496,3496,211,%,A,137,1,"{F Oh, } {F oh, } {D well. } /","Oh/UH ,/, oh/UH ,/, well/UH ./.",,
sw10utt/sw_1028_3496.utt,3/sw3496,3496,212,sd,B,138,1,"[ We have, + we've  ] gone past the camping stage.  /","We/PRP have/VBP ,/, we/PRP 've/VBP gone/VBN past/JJ the/DT camping/NN stage/NN ./.",,
sw10utt/sw_1028_3496.utt,3/sw3496,3496,213,sd,B,138,2,"We lived in <child> Chattanooga, Tennessee for two years. /","We/PRP lived/VBD in/IN Chattanooga/NNP ,/, Tennessee/NNP for/IN two/CD years/NNS ./.",,
sw10utt/sw_1028_3496.utt,3/sw3496,3496,214,bh,A,139,1,"{F Oh, } did you? /","Oh/UH ,/, did/VBD you/PRP ?/.",,
sw10utt/sw_1028_3496.utt,3/sw3496,3496,215,sd,B,140,1,{C And } we did a lot of camping out there in the Smokeys  /,And/CC we/PRP did/VBD a/DT lot/NN of/IN camping/NN out/IN there/RB in/IN the/DT Smokeys/NNPS,,
sw10utt/sw_1028_3496.utt,3/sw3496,3496,216,sd,B,140,2,{C and } it was beautiful  /,and/CC it/PRP was/VBD beautiful/JJ,,
sw10utt/sw_1028_3496.utt,3/sw3496,3496,217,sd,B,140,3,{C and } our kids loved it and everything  /,and/CC our/PRP$ kids/NNS loved/VBD it/PRP and/CC everything/NN,,
sw10utt/sw_1028_3496.utt,3/sw3496,3496,218,sd,B,140,4,"{C and then } we moved to, {F uh, } <child> {F uh, } the Dallas area -- /","and/CC then/RB we/PRP moved/VBD to/IN ,/, uh/UH ,/, uh/UH ,/, the/DT Dallas/NNP area/NN --/:",,
sw10utt/sw_1028_3496.utt,3/sw3496,3496,219,b,A,141,1,Uh-huh. /,Uh-huh/UH ./.,,
sw10utt/sw_1028_3496.utt,3/sw3496,3496,220,sd,B,142,1,"-- {C and, } {F uh, } it's hot down here  /","--/: and/CC ,/, uh/UH ,/, it/PRP 's/BES hot/JJ down/IN here/RB",,
sw10utt/sw_1028_3496.utt,3/sw3496,3496,221,sd,B,142,2,{C and } camping is not near as much fun. /,and/CC camping/NN is/VBZ not/RB near/RB as/RB much/JJ fun/NN ./.,,
sw10utt/sw_1028_3496.utt,3/sw3496,3496,222,b,A,143,1,Oh. /,Oh/UH ./.,,
sw10utt/sw_1028_3496.utt,3/sw3496,3496,223,sd,B,144,1,"[ [ {C And, } + {F uh, } {C so, } ] + {C and then } ] the kids were getting older [ and, + and  ]  were involved in activities so the camping sort of went by the wayside.","And/CC ,/, uh/UH ,/, so/RB ,/, and/CC then/RB the/DT kids/NNS were/VBD getting/VBG older/JJR and/CC ,/, and/CC were/VBD involved/JJ in/IN activities/NNS so/RB the/DT camping/NN sort/NN of/IN went/VBN by/IN the/DT wayside/NN ./.",,
sw10utt/sw_1028_3496.utt,3/sw3496,3496,224,b,A,145,1,Huh. /,Huh/UH ./.,,
sw10utt/sw_1028_3496.utt,3/sw3496,3496,225,+,B,146,1,"{C And, } {F uh, } although our son loves to fish  /","And/CC ,/, uh/UH ,/, although/IN our/PRP$ son/NN loves/VBZ to/TO fish/VB",,
sw10utt/sw_1028_3496.utt,3/sw3496,3496,226,sd,B,146,2,"[ {C and, } + {F uh, } {C and }  ] our daughter and her husband are talking now about starting camping with their boys now that they have gotten older. /","and/CC ,/, uh/UH ,/, and/CC our/PRP$ daughter/NN and/CC her/PRP$ husband/NN are/VBP talking/VBG now/RB about/IN starting/VBG camping/NN with/IN their/PRP$ boys/NNS now/RB that/IN they/PRP have/VBP gotten/VBN older/JJR ./.",,
sw10utt/sw_1028_3496.utt,3/sw3496,3496,227,b,A,147,1,Uh-huh. /,Uh-huh/UH ./.,,
