swda_filename,ptb_basename,conversation_no,transcript_index,act_tag,caller,utterance_index,subutterance_index,text,pos,trees,ptb_treenumbers
sw10utt/sw_1069_2884.utt,2/sw2884,2884,0,ad,A,1,1,<Laughter>  Go ahead.  /,Go/VB ahead/RB ./.,,
sw10utt/sw_1069_2884.utt,2/sw2884,2884,1,qh,A,1,2,"{D So } Ken, how do you do your family budget? /","So/UH Ken/NNP ,/, how/WRB do/VBP you/PRP do/VB your/PRP$ family/NN budget/NN ?/.",,
sw10utt/sw_1069_2884.utt,2/sw2884,2884,2,sd,B,2,1,"{D Well, } we don't actually have a [ budget, + budget ] per se.  /","Well/UH ,/, we/PRP do/VBP n't/RB actually/RB have/VB a/DT budget/NN ,/, budget/NN per/FW se/FW ./.",,
sw10utt/sw_1069_2884.utt,2/sw2884,2884,3,sd,B,2,2,"What we do is, {F uh, } maintain a normal checkbook.  {D You know, } like,","What/WP we/PRP do/VBP is/VBZ ,/, uh/UH ,/, maintain/VB a/DT normal/JJ checkbook/NN ./. You/PRP know/VBP ,/, like/IN ,/,",,
sw10utt/sw_1069_2884.utt,2/sw2884,2884,4,b,A,3,1,Huh-uh. /,Huh-uh/UH ./.,,
sw10utt/sw_1069_2884.utt,2/sw2884,2884,5,+,B,4,1,"everyone in the world does, I guess,  /","everyone/NN in/IN the/DT world/NN does/VBZ ,/, I/PRP guess/VBP ,/,",,
sw10utt/sw_1069_2884.utt,2/sw2884,2884,6,sd,B,4,2,"{C and } occasionally it actually balances, <laughter>.  /","and/CC occasionally/RB it/PRP actually/RB balances/VBZ ,/, ./.",,
sw10utt/sw_1069_2884.utt,2/sw2884,2884,7,sd,B,4,3,"{C And, } {F um, } [  [ we also, +   we, ] + {F um, } we ] have [ a, + a ] U S Air and Visa card. /","And/CC ,/, um/UH ,/, we/PRP also/RB ,/, we/PRP ,/, um/UH ,/, we/PRP have/VBP a/DT ,/, a/DT U/NNP S/NNP Air/NNP and/CC Visa/NNP card/NN ./.",,
sw10utt/sw_1069_2884.utt,2/sw2884,2884,8,b,A,5,1,Huh-uh. /,Huh-uh/UH ./.,,
sw10utt/sw_1069_2884.utt,2/sw2884,2884,9,sd,B,6,1,"[ [ Every, + every ] dollar we, + every dollar we ] charge is a mile for our frequent flier mileage. /","Every/DT ,/, every/DT dollar/NN we/PRP ,/, every/DT dollar/NN we/PRP charge/VBP is/VBZ a/DT mile/NN for/IN our/PRP$ frequent/JJ flier/NN mileage/NN ./.",,
sw10utt/sw_1069_2884.utt,2/sw2884,2884,10,b,A,7,1,"{F Oh, } yeah. /","Oh/UH ,/, yeah/UH ./.",,
sw10utt/sw_1069_2884.utt,2/sw2884,2884,11,sd,B,8,1,"It's a real good deal actually, if you charge a lot.   /","It/PRP 's/BES a/DT real/RB good/JJ deal/NN actually/RB ,/, if/IN you/PRP charge/VBP a/DT lot/NN ./.",,
sw10utt/sw_1069_2884.utt,2/sw2884,2884,12,sd,B,8,2,"{C So } [ what we, + what ] my wife and I have taken to doing is charging everything in sight.  /","So/RB what/WP we/PRP ,/, what/WP my/PRP$ wife/NN and/CC I/PRP have/VBP taken/VBN to/IN doing/VBG is/VBZ charging/VBG everything/NN in/IN sight/NN ./.",,
sw10utt/sw_1069_2884.utt,2/sw2884,2884,13,sd,B,8,3,"Anything we buy, we charge, including groceries and so forth. /","Anything/NN we/PRP buy/VBP ,/, we/PRP charge/VBP ,/, including/VBG groceries/NNS and/CC so/RB forth/RB ./.",,
sw10utt/sw_1069_2884.utt,2/sw2884,2884,14,b,A,9,1,Huh-uh. /,Huh-uh/UH ./.,,
sw10utt/sw_1069_2884.utt,2/sw2884,2884,15,sd,B,10,1,"{C So } what we'll do is, -/","So/RB what/WP we/PRP 'll/MD do/VB is/VBZ ,/,",,
sw10utt/sw_1069_2884.utt,2/sw2884,2884,16,qy^2,A,11,1,"{D Well, } then you just pay it off at the end of the month? /","Well/UH ,/, then/RB you/PRP just/RB pay/VBP it/PRP off/RP at/IN the/DT end/NN of/IN the/DT month/NN ?/.",,
sw10utt/sw_1069_2884.utt,2/sw2884,2884,17,na,B,12,1,Right.  /,Right/UH ./.,,
sw10utt/sw_1069_2884.utt,2/sw2884,2884,18,sd,B,12,2,"We actually maintain a, - /","We/PRP actually/RB maintain/VBP a/DT ,/,",,
sw10utt/sw_1069_2884.utt,2/sw2884,2884,19,sd,B,12,3,"[ we have, a, + [ [ [ we, + we, ] + we, ] + we ] have a ] checking account that we treat like a savings, - /","we/PRP have/VBP ,/, a/DT ,/, we/PRP ,/, we/PRP ,/, we/PRP ,/, we/PRP have/VBP a/DT checking/NN account/NN that/WDT we/PRP treat/VBP like/IN a/DT savings/NNS ,/,",,
sw10utt/sw_1069_2884.utt,2/sw2884,2884,20,ad,B,12,4,"scratch that,  /","scratch/VB that/DT ,/,",,
sw10utt/sw_1069_2884.utt,2/sw2884,2884,21,sd,B,12,5,we have a savings account that we treat like a checking account. /,we/PRP have/VBP a/DT savings/NNS account/VBP that/WDT we/PRP treat/VBP like/IN a/DT checking/NN account/NN ./.,,
sw10utt/sw_1069_2884.utt,2/sw2884,2884,22,b,A,13,1,Huh-uh. /,Huh-uh/UH ./.,,
sw10utt/sw_1069_2884.utt,2/sw2884,2884,23,sd,B,14,1,"{C And so } what we do is, [ we + ] anytime we do or make or charge something, we write it out as if we wrote a check. /","And/CC so/RB what/WP we/PRP do/VBP is/VBZ ,/, we/PRP anytime/RB we/PRP do/VBP or/CC make/VBP or/CC charge/NN something/NN ,/, we/PRP write/VBP it/PRP out/RP as/IN if/IN we/PRP wrote/VBD a/DT check/NN ./.",,
sw10utt/sw_1069_2884.utt,2/sw2884,2884,24,b,A,15,1,Huh-uh. /,Huh-uh/UH ./.,,
sw10utt/sw_1069_2884.utt,2/sw2884,2884,25,sd,B,16,1,{C And then } at the end of the month all the money to  ((   ))  covered already.  /,And/CC then/RB at/IN the/DT end/NN of/IN the/DT month/NN all/PDT the/DT money/NN to/TO MUMBLEx/XX covered/VBN already/RB ./.,,
sw10utt/sw_1069_2884.utt,2/sw2884,2884,26,sd,B,16,2,{C So } we just pay it off without having to worry about any interest or anything. /,So/RB we/PRP just/RB pay/VBP it/PRP off/RP without/IN having/VBG to/TO worry/VB about/IN any/DT interest/NN or/CC anything/NN ./.,,
sw10utt/sw_1069_2884.utt,2/sw2884,2884,27,b,A,17,1,Oh.  /,Oh/UH ./.,,
sw10utt/sw_1069_2884.utt,2/sw2884,2884,28,ba,A,17,2,That's a real good idea. /,That/DT 's/BES a/DT real/RB good/JJ idea/NN ./.,,
sw10utt/sw_1069_2884.utt,2/sw2884,2884,29,sd,B,18,1,It keeps us hopping. /,It/PRP keeps/VBZ us/PRP hopping/VBG ./.,,
sw10utt/sw_1069_2884.utt,2/sw2884,2884,30,b,A,19,1,Yeah.  /,Yeah/UH ./.,,
sw10utt/sw_1069_2884.utt,2/sw2884,2884,31,sd,A,19,2,"{D See, } {D now } I'd never get my wife to be able to follow that.  /","See/UH ,/, now/UH I/PRP 'd/MD never/RB get/VB my/PRP$ wife/NN to/TO be/VB able/JJ to/TO follow/VB that/DT ./.",,
sw10utt/sw_1069_2884.utt,2/sw2884,2884,32,sd,A,19,3,Before we got married I had money in the bank.  /,Before/IN we/PRP got/VBD married/VBN I/PRP had/VBD money/NN in/IN the/DT bank/NN ./.,,
sw10utt/sw_1069_2884.utt,2/sw2884,2884,33,sd,A,19,4,I owned my own home.  /,I/PRP owned/VBD my/PRP$ own/JJ home/NN ./.,,
sw10utt/sw_1069_2884.utt,2/sw2884,2884,34,sd,A,19,5,"I put in so much money, each, {D you know, } month towards long term savings, {D you know, } like in, {F uh, } mutual funds and things, {D you know, } /","I/PRP put/VBP in/IN so/RB much/JJ money/NN ,/, each/DT ,/, you/PRP know/VBP ,/, month/NN towards/IN long/JJ term/NN savings/NNS ,/, you/PRP know/VBP ,/, like/IN in/IN ,/, uh/UH ,/, mutual/JJ funds/NNS and/CC things/NNS ,/, you/PRP know/VBP ,/,",,
sw10utt/sw_1069_2884.utt,2/sw2884,2884,35,b,B,20,1,# Huh-uh. # /,Huh-uh/UH ./.,,
sw10utt/sw_1069_2884.utt,2/sw2884,2884,36,sd,A,21,1,"# {C and, } # {F uh, } after I got married, - /","and/CC ,/, uh/UH ,/, after/IN I/PRP got/VBD married/VBN ,/,",,
sw10utt/sw_1069_2884.utt,2/sw2884,2884,37,o,A,21,2,"no,  /","no/UH ,/,",,
sw10utt/sw_1069_2884.utt,2/sw2884,2884,38,sd,A,21,3,it just didn't work anymore.  /,it/PRP just/RB did/VBD n't/RB work/VB anymore/RB ./.,,
sw10utt/sw_1069_2884.utt,2/sw2884,2884,39,sd,A,21,4,She spends a lot.  /,She/PRP spends/VBZ a/DT lot/NN ./.,,
sw10utt/sw_1069_2884.utt,2/sw2884,2884,40,sd,A,21,5,"She likes to spend on anything and everything <laughter>.  With body lotion, everything <laughter>.  /","She/PRP likes/VBZ to/TO spend/VB on/IN anything/NN and/CC everything/NN ./. With/IN body/NN lotion/NN ,/, everything/NN ./.",,
sw10utt/sw_1069_2884.utt,2/sw2884,2884,41,sd,A,21,6,"{C So, } [ we really haven't, + we don't  have ] a good organized system, yet.  /","So/RB ,/, we/PRP really/RB have/VBP n't/RB ,/, we/PRP do/VBP n't/RB have/VB a/DT good/RB organized/JJ system/NN ,/, yet/RB ./.",,
sw10utt/sw_1069_2884.utt,2/sw2884,2884,42,sd,A,21,7,Maybe after awhile I'll rub off on her or  something <laughter>.  /,Maybe/RB after/IN awhile/RB I/PRP 'll/MD rub/VB off/RP on/IN her/PRP$ or/CC something/NN ./.,,
sw10utt/sw_1069_2884.utt,2/sw2884,2884,43,%,A,21,8,"I don't think, -/","I/PRP do/VBP n't/RB think/VB ,/,",,
sw10utt/sw_1069_2884.utt,2/sw2884,2884,44,sv,B,22,1,"<Laughter>  {D Well, } {D you know, } {D you know, } {D you know, } what's always good is sort of a  (( for savings )) , where they just take money out of you're pay. /","Well/UH ,/, you/PRP know/VBP ,/, you/PRP know/VBP ,/, you/PRP know/VBP ,/, what/WP 's/BES always/RB good/NN is/VBZ sort/RB of/RB a/DT for/IN savings/NNS ,/, where/WRB they/PRP just/RB take/VBP money/NN out/IN of/IN you/GW 're/^PRP$ pay/NN ./.",,
sw10utt/sw_1069_2884.utt,2/sw2884,2884,45,b,A,23,1,Yeah. /,Yeah/UH ./.,,
sw10utt/sw_1069_2884.utt,2/sw2884,2884,46,sd,B,24,1,"We did that for awhile where, {F um, } - /","We/PRP did/VBD that/DT for/IN awhile/RB where/WRB ,/, um/UH ,/,",,
sw10utt/sw_1069_2884.utt,2/sw2884,2884,47,sd,B,24,2,"we actually still do it [ with, + with ] my wife's salary,","we/PRP actually/RB still/RB do/VBP it/PRP with/IN ,/, with/IN my/PRP$ wife/NN 's/POS salary/NN ,/,",,
sw10utt/sw_1069_2884.utt,2/sw2884,2884,48,b@,A,25,1,# Huh-uh.  #,Huh-uh/UH ./.,,
sw10utt/sw_1069_2884.utt,2/sw2884,2884,49,+,B,26,1,"# where # [ we put it, + we have ] [  a separate, + a third ] account even, a savings account [ in, + in ] an entirely different bank --","where/WRB we/PRP put/VBP it/PRP ,/, we/PRP have/VBP a/DT separate/JJ ,/, a/DT third/JJ account/NN even/RB ,/, a/DT savings/NNS account/NN in/IN ,/, in/IN an/DT entirely/RB different/JJ bank/NN --/:",,
sw10utt/sw_1069_2884.utt,2/sw2884,2884,50,+@,A,27,1,Yeah. /,Yeah/UH ./.,,
sw10utt/sw_1069_2884.utt,2/sw2884,2884,51,+,B,28,1,-- where what we do is take money out of her paycheck every week.  /,--/: where/WRB what/WP we/PRP do/VBP is/VBZ take/VB money/NN out/IN of/IN her/PRP$ paycheck/NN every/DT week/NN ./.,,
sw10utt/sw_1069_2884.utt,2/sw2884,2884,52,sd,B,28,2,I'm a graduate student. /,I/PRP 'm/VBP a/DT graduate/NN student/NN ./.,,
sw10utt/sw_1069_2884.utt,2/sw2884,2884,53,b,A,29,1,Yes.  /,Yes/UH ./.,,
sw10utt/sw_1069_2884.utt,2/sw2884,2884,54,sd,A,29,2,So am I. /,So/RB am/VBP I/PRP ./.,,
sw10utt/sw_1069_2884.utt,2/sw2884,2884,55,b,B,30,1,"{F Oh, } really.  /","Oh/UH ,/, really/UH ./.",,
sw10utt/sw_1069_2884.utt,2/sw2884,2884,56,qw,B,30,2,In what field? /,In/IN what/WP field/NN ?/.,,
sw10utt/sw_1069_2884.utt,2/sw2884,2884,57,sd,A,31,1,"{D Well, } {F uh, } in information systems.  /","Well/UH ,/, uh/UH ,/, in/IN information/NN systems/NNS ./.",,
sw10utt/sw_1069_2884.utt,2/sw2884,2884,58,sd,A,31,2,I'm a voice researcher. /,I/PRP 'm/VBP a/DT voice/NN researcher/NN ./.,,
sw10utt/sw_1069_2884.utt,2/sw2884,2884,59,bk,B,32,1,"{F Oh, } okay.  /","Oh/UH ,/, okay/UH ./.",,
sw10utt/sw_1069_2884.utt,2/sw2884,2884,60,sd,B,32,2,"I'm in, {F uh, } psycholinguistics, {D actually. } /","I/PRP 'm/VBP in/IN ,/, uh/UH ,/, psycholinguistics/NNS ,/, actually/RB ./.",,
sw10utt/sw_1069_2884.utt,2/sw2884,2884,61,b,A,33,1,Huh-uh. /,Huh-uh/UH ./.,,
sw10utt/sw_1069_2884.utt,2/sw2884,2884,62,sd,B,34,1,"{F Um, } {C but } my wife has a real job. /","Um/UH ,/, but/CC my/PRP$ wife/NN has/VBZ a/DT real/JJ job/NN ./.",,
sw10utt/sw_1069_2884.utt,2/sw2884,2884,63,b,A,35,1,Yeah.  /,Yeah/UH ./.,,
sw10utt/sw_1069_2884.utt,2/sw2884,2884,64,sd,A,35,2,So does mine. /,So/RB does/VBZ mine/PRP ./.,,
sw10utt/sw_1069_2884.utt,2/sw2884,2884,65,b,B,36,1,Yeah  /,Yeah/UH,,
sw10utt/sw_1069_2884.utt,2/sw2884,2884,66,sd,B,36,2,"<laughter>.  What we do is, we take money [ out of her, + out of her ] paycheck each week. /","./. What/WP we/PRP do/VBP is/VBZ ,/, we/PRP take/VBP money/NN out/IN of/IN her/PRP$ ,/, out/IN of/IN her/PRP$ paycheck/NN each/DT week/NN ./.",,
sw10utt/sw_1069_2884.utt,2/sw2884,2884,67,b,A,37,1,Huh-uh. /,Huh-uh/UH ./.,,
sw10utt/sw_1069_2884.utt,2/sw2884,2884,68,sd,B,38,1,"{C And } [ put it, + it ] goes directly to another account, [ that we don't, + at an entirely different bank, that we don't ] have access to so easily,  /","And/CC put/VBP it/PRP ,/, it/PRP goes/VBZ directly/RB to/IN another/DT account/NN ,/, that/WDT we/PRP do/VBP n't/RB ,/, at/IN an/DT entirely/RB different/JJ bank/NN ,/, that/WDT we/PRP do/VBP n't/RB have/VB access/NN to/IN so/RB easily/RB ,/,",,
sw10utt/sw_1069_2884.utt,2/sw2884,2884,69,sd,B,38,2,{C and } it goes there  /,and/CC it/PRP goes/VBZ there/RB,,
sw10utt/sw_1069_2884.utt,2/sw2884,2884,70,sd,B,38,3,{C and } it stays there  /,and/CC it/PRP stays/VBZ there/RB,,
sw10utt/sw_1069_2884.utt,2/sw2884,2884,71,sd,B,38,4,{C and } it builds up until we need it for something. /,and/CC it/PRP builds/VBZ up/RP until/IN we/PRP need/VBP it/PRP for/IN something/NN ./.,,
sw10utt/sw_1069_2884.utt,2/sw2884,2884,72,b,A,39,1,Yeah.  /,Yeah/UH ./.,,
sw10utt/sw_1069_2884.utt,2/sw2884,2884,73,sd,A,39,2,"{D See, } I think we might have to do that <laughter>. /","See/UH ,/, I/PRP think/VBP we/PRP might/MD have/VB to/TO do/VB that/DT ./.",,
sw10utt/sw_1069_2884.utt,2/sw2884,2884,74,x,B,40,1,<Laughter>.,,,
sw10utt/sw_1069_2884.utt,2/sw2884,2884,75,sd,A,41,1,"Of course, she looks at what she brings home each week.  /","Of/IN course/NN ,/, she/PRP looks/VBZ at/IN what/WP she/PRP brings/VBZ home/RB each/DT week/NN ./.",,
sw10utt/sw_1069_2884.utt,2/sw2884,2884,76,sd,A,41,2,"It's going to be hard for her to, {F uh, } not have her own money.  Because, like now, {D you know, } I put money in the bank and saved to go back to graduate school for two years.  /","It/PRP 's/BES going/VBG to/TO be/VB hard/JJ for/IN her/PRP$ to/TO ,/, uh/UH ,/, not/RB have/VB her/PRP$ own/JJ money/NN ./. Because/IN ,/, like/IN now/RB ,/, you/PRP know/VBP ,/, I/PRP put/VBD money/NN in/IN the/DT bank/NN and/CC saved/VBD to/TO go/VB back/RB to/IN graduate/NN school/NN for/IN two/CD years/NNS ./.",,
sw10utt/sw_1069_2884.utt,2/sw2884,2884,77,sd,A,41,3,"{C And } now she wants to go back to school,  /","And/CC now/RB she/PRP wants/VBZ to/TO go/VB back/RB to/IN school/NN ,/,",,
sw10utt/sw_1069_2884.utt,2/sw2884,2884,78,sd,A,41,4,{C but } she saved enough maybe to get her through August. /,but/CC she/PRP saved/VBD enough/RB maybe/RB to/TO get/VB her/PRP through/IN August/NNP ./.,,
sw10utt/sw_1069_2884.utt,2/sw2884,2884,79,b,B,42,1,Oh. /,Oh/UH ./.,,
sw10utt/sw_1069_2884.utt,2/sw2884,2884,80,sd,A,43,1,"{D You know, } {C and } that's it.  /","You/PRP know/VBP ,/, and/CC that/DT 's/BES it/PRP ./.",,
sw10utt/sw_1069_2884.utt,2/sw2884,2884,81,sd,A,43,2,"{C And } I keep saying, now, Laura, you're going to have to save a little money.  /","And/CC I/PRP keep/VBP saying/VBG ,/, now/UH ,/, Laura/NNP ,/, you/PRP 're/VBP going/VBG to/TO have/VB to/TO save/VB a/DT little/JJ money/NN ./.",,
sw10utt/sw_1069_2884.utt,2/sw2884,2884,82,sd,A,43,3,I don't know if my paltry graduate student fees are going to get us through.  /,I/PRP do/VBP n't/RB know/VB if/IN my/PRP$ paltry/JJ graduate/NN student/NN fees/NNS are/VBP going/VBG to/TO get/VB us/PRP through/RB ./.,,
sw10utt/sw_1069_2884.utt,2/sw2884,2884,83,sd,A,43,4,"It doesn't work, Ken <laughter>. /","It/PRP does/VBZ n't/RB work/VB ,/, Ken/NNP ./.",,
sw10utt/sw_1069_2884.utt,2/sw2884,2884,84,b,B,44,1,Gee. /,Gee/UH ./.,,
sw10utt/sw_1069_2884.utt,2/sw2884,2884,85,sd,A,45,1,"My mother always said, ""now, don't argue about money"",  /","My/PRP$ mother/NN always/RB said/VBD ,/, ``/`` now/UH ,/, do/VBP n't/RB argue/VB about/IN money/NN ''/'' ,/,",,
sw10utt/sw_1069_2884.utt,2/sw2884,2884,86,sd,A,45,2,{C so } we don't. /,so/RB we/PRP do/VBP n't/RB ./.,,
sw10utt/sw_1069_2884.utt,2/sw2884,2884,87,b,B,46,1,Right. /,Right/UH ./.,,
sw10utt/sw_1069_2884.utt,2/sw2884,2884,88,sd,A,47,1,"{C But, } {D you know, } there goes my savings <laughter>. /","But/CC ,/, you/PRP know/VBP ,/, there/EX goes/VBZ my/PRP$ savings/NNS ./.",,
sw10utt/sw_1069_2884.utt,2/sw2884,2884,89,ba,B,48,1,God. /,God/UH ./.,,
sw10utt/sw_1069_2884.utt,2/sw2884,2884,90,sd,A,49,1,"{C But, } {D you know, } it's one of those things. /","But/CC ,/, you/PRP know/VBP ,/, it/PRP 's/BES one/CD of/IN those/DT things/NNS ./.",,
sw10utt/sw_1069_2884.utt,2/sw2884,2884,91,sd,B,50,1,I got lucky.  /,I/PRP got/VBD lucky/JJ ./.,,
sw10utt/sw_1069_2884.utt,2/sw2884,2884,92,sd,B,50,2,"My wife apparently is not a, - /","My/PRP$ wife/NN apparently/RB is/VBZ not/RB a/DT ,/,",,
sw10utt/sw_1069_2884.utt,2/sw2884,2884,93,sd,B,50,3,"she likes to spend,  /","she/PRP likes/VBZ to/TO spend/VB ,/,",,
sw10utt/sw_1069_2884.utt,2/sw2884,2884,94,sd,B,50,4,{C but } she's pretty good about things. /,but/CC she/PRP 's/BES pretty/RB good/JJ about/IN things/NNS ./.,,
sw10utt/sw_1069_2884.utt,2/sw2884,2884,95,b,A,51,1,Yeah.  /,Yeah/UH ./.,,
sw10utt/sw_1069_2884.utt,2/sw2884,2884,96,sd,A,51,2,"{D Now, } {D see } my wife will do things like make clothes. /","Now/UH ,/, see/UH my/PRP$ wife/NN will/MD do/VB things/NNS like/IN make/VB clothes/NNS ./.",,
sw10utt/sw_1069_2884.utt,2/sw2884,2884,97,ba,B,52,1,Wow. /,Wow/UH ./.,,
sw10utt/sw_1069_2884.utt,2/sw2884,2884,98,sd,A,53,1,"[  One of our, + one of our ] big investments that, {D you know, } I was wholeheartedly in favor of, was to buy a sewing machine.  Because she makes clothes.  /","One/CD of/IN our/PRP$ ,/, one/CD of/IN our/PRP$ big/JJ investments/NNS that/WDT ,/, you/PRP know/VBP ,/, I/PRP was/VBD wholeheartedly/RB in/IN favor/NN of/IN ,/, was/VBD to/TO buy/VB a/DT sewing/NN machine/NN ./. Because/IN she/PRP makes/VBZ clothes/NNS ./.",,
sw10utt/sw_1069_2884.utt,2/sw2884,2884,99,sd,A,53,2,"{C And, } {D you know, } a descent sewing machine will really help her out  /","And/CC ,/, you/PRP know/VBP ,/, a/DT descent/NN sewing/NN machine/NN will/MD really/RB help/VB her/PRP out/RP",,
sw10utt/sw_1069_2884.utt,2/sw2884,2884,100,sd,A,53,3,"{C and } she's already made, {D you know, } presents and gifts and [ things for, +","and/CC she/PRP 's/HVS already/RB made/VBN ,/, you/PRP know/VBP ,/, presents/NNS and/CC gifts/NNS and/CC things/NNS for/IN ,/,",,
sw10utt/sw_1069_2884.utt,2/sw2884,2884,101,ba@,B,54,1,#  (( That was great )) . #,That/DT was/VBD great/JJ ./.,,
sw10utt/sw_1069_2884.utt,2/sw2884,2884,102,+,A,55,1,# shorts for me # and things for ] the summer.  /,shorts/NNS for/IN me/PRP and/CC things/NNS for/IN the/DT summer/NN ./.,,
sw10utt/sw_1069_2884.utt,2/sw2884,2884,103,sd,A,55,2,"{D You know, } {C so } I guess I can't, {D you know, } we've probably almost paid off the sewing [ with, + {F uh, }","You/PRP know/VBP ,/, so/RB I/PRP guess/VBP I/PRP ca/MD n't/RB ,/, you/PRP know/VBP ,/, we/PRP 've/VBP probably/RB almost/RB paid/VBN off/RP the/DT sewing/NN with/IN ,/, uh/UH ,/,",,
sw10utt/sw_1069_2884.utt,2/sw2884,2884,104,+@,B,56,1,# With the money savings there.  #,With/IN the/DT money/NN savings/NNS there/RB ./.,,
sw10utt/sw_1069_2884.utt,2/sw2884,2884,105,+,A,57,1,"# {D yeah, }  with ] the savings from # that.  /","yeah/UH ,/, with/IN the/DT savings/NNS from/IN that/DT ./.",,
sw10utt/sw_1069_2884.utt,2/sw2884,2884,106,sd,A,57,2,"{C So } I can't complain too much, {D you know, }  /","So/RB I/PRP ca/MD n't/RB complain/VB too/RB much/JJ ,/, you/PRP know/VBP ,/,",,
sw10utt/sw_1069_2884.utt,2/sw2884,2884,107,sd,A,57,3,"[ she's, + she's ] good about that.  /","she/PRP 's/BES ,/, she/PRP 's/BES good/JJ about/IN that/DT ./.",,
sw10utt/sw_1069_2884.utt,2/sw2884,2884,108,sd,A,57,4,"{C And, } also, [ we, + we ] dine at home a lot.  /","And/CC ,/, also/RB ,/, we/PRP ,/, we/PRP dine/VBP at/IN home/NN a/DT lot/NN ./.",,
sw10utt/sw_1069_2884.utt,2/sw2884,2884,109,sd,A,57,5,"{D You know, } she likes to cook.  /","You/PRP know/VBP ,/, she/PRP likes/VBZ to/TO cook/VB ./.",,
sw10utt/sw_1069_2884.utt,2/sw2884,2884,110,sd,A,57,6,{C So } that saves us from restaurants or whatever  /,So/RB that/DT saves/VBZ us/PRP from/IN restaurants/NNS or/CC whatever/WDT,,
sw10utt/sw_1069_2884.utt,2/sw2884,2884,111,sd,A,57,7,"[ {C but, } +","but/CC ,/,",,
sw10utt/sw_1069_2884.utt,2/sw2884,2884,112,+@,B,58,1,# That's good. # /,That/DT 's/BES good/JJ ./.,,
sw10utt/sw_1069_2884.utt,2/sw2884,2884,113,+,A,59,1,"# {C but, } ] she # does have things where she likes to pamper herself that just to me seem like money dumped down a drain.","but/CC ,/, she/PRP does/VBZ have/VBP things/NNS where/WRB she/PRP likes/VBZ to/TO pamper/VB herself/PRP that/WDT just/RB to/IN me/PRP seem/VB like/IN money/NN dumped/VBD down/IN a/DT drain/NN ./.",,
sw10utt/sw_1069_2884.utt,2/sw2884,2884,114,b,B,60,1,Right.  /,Right/UH ./.,,
sw10utt/sw_1069_2884.utt,2/sw2884,2884,115,sv,B,60,2,"{D Well, }","Well/UH ,/,",,
sw10utt/sw_1069_2884.utt,2/sw2884,2884,116,+,A,61,1,{D You know. } /,You/PRP know/VBP ./.,,
sw10utt/sw_1069_2884.utt,2/sw2884,2884,117,+,B,62,1,I guess we all have those feelings. /,I/PRP guess/VBP we/PRP all/DT have/VBP those/DT feelings/NNS ./.,,
sw10utt/sw_1069_2884.utt,2/sw2884,2884,118,b,A,63,1,Yeah. /,Yeah/UH ./.,,
sw10utt/sw_1069_2884.utt,2/sw2884,2884,119,%,B,64,1,"[ [ [  I, + {F uh, } I ] + {F uh, } I, ] + I ] go to, {F uh, } - /","I/PRP ,/, uh/UH ,/, I/PRP uh/UH ,/, I/PRP ,/, I/PRP go/VBP to/TO ,/, uh/UH ,/,",,
sw10utt/sw_1069_2884.utt,2/sw2884,2884,120,sd,B,64,2,"I pay what I think is a lot of money to go to a karate class, {D you know. } /","I/PRP pay/VBP what/WP I/PRP think/VBP is/VBZ a/DT lot/NN of/IN money/NN to/TO go/VB to/IN a/DT karate/NN class/NN ,/, you/PRP know/VBP ./.",,
sw10utt/sw_1069_2884.utt,2/sw2884,2884,121,b,A,65,1,Huh-uh.  /,Huh-uh/UH ./.,,
sw10utt/sw_1069_2884.utt,2/sw2884,2884,122,sv,A,65,2,"{D You know, } {C but } you need a hobby. /","You/PRP know/VBP ,/, but/CC you/PRP need/VBP a/DT hobby/NN ./.",,
sw10utt/sw_1069_2884.utt,2/sw2884,2884,123,b,B,66,1,Right.  /,Right/UH ./.,,
sw10utt/sw_1069_2884.utt,2/sw2884,2884,124,ba,B,66,2,"Exactly,  /","Exactly/UH ,/,",,
sw10utt/sw_1069_2884.utt,2/sw2884,2884,125,sd,B,66,3,{C but } that to her is sort of like a waste. /,but/CC that/DT to/IN her/PRP$ is/VBZ sort/RB of/RB like/IN a/DT waste/NN ./.,,
sw10utt/sw_1069_2884.utt,2/sw2884,2884,126,b,A,67,1,Yeah.  /,Yeah/UH ./.,,
sw10utt/sw_1069_2884.utt,2/sw2884,2884,127,ba,A,67,2,That's true. /,That/DT 's/BES true/JJ ./.,,
sw10utt/sw_1069_2884.utt,2/sw2884,2884,128,sd,B,68,1,{C But } she does her nails.  /,But/CC she/PRP does/VBZ her/PRP$ nails/NNS ./.,,
sw10utt/sw_1069_2884.utt,2/sw2884,2884,129,%,B,68,2,"{C So, } -/","So/RB ,/,",,
sw10utt/sw_1069_2884.utt,2/sw2884,2884,130,ba,A,69,1,"I know,  /","I/PRP know/VBP ,/,",,
sw10utt/sw_1069_2884.utt,2/sw2884,2884,131,sd,A,69,2,{C and } those nails are so expensive  /,and/CC those/DT nails/NNS are/VBP so/RB expensive/JJ,,
sw10utt/sw_1069_2884.utt,2/sw2884.pos,2884,132,x,A,69,3,[ <laughter>. + ],./.
sw10utt/sw_1069_2884.utt,2/sw2884,2884,133,x,B,70,1,<Laughter>.,,,
sw10utt/sw_1069_2884.utt,2/sw2884,2884,134,fe,A,71,1,"{F Oh, } gosh.  /","Oh/UH ,/, gosh/UH ./.",,
sw10utt/sw_1069_2884.utt,2/sw2884,2884,135,sd,A,71,2,I was so excited when she decided she wasn't going to do her nails anymore.  /,I/PRP was/VBD so/RB excited/JJ when/WRB she/PRP decided/VBD she/PRP was/VBD n't/RB going/VBG to/TO do/VB her/PRP$ nails/NNS anymore/RB ./.,,
sw10utt/sw_1069_2884.utt,2/sw2884,2884,136,sd,A,71,3,I guess she just stopped polishing them because they were yellow. /,I/PRP guess/VBP she/PRP just/RB stopped/VBD polishing/VBG them/PRP because/IN they/PRP were/VBD yellow/JJ ./.,,
sw10utt/sw_1069_2884.utt,2/sw2884,2884,137,b,B,72,1,Yeah. /,Yeah/UH ./.,,
sw10utt/sw_1069_2884.utt,2/sw2884,2884,138,sd,A,73,1,{C And then } she waits for them to get their color back.  /,And/CC then/RB she/PRP waits/VBZ for/IN them/PRP to/TO get/VB their/PRP$ color/NN back/RB ./.,,
sw10utt/sw_1069_2884.utt,2/sw2884,2884,139,sd,A,73,2,{C And then } she'll polish them again.  /,And/CC then/RB she/PRP 'll/MD polish/VB them/PRP again/RB ./.,,
sw10utt/sw_1069_2884.utt,2/sw2884,2884,140,sd,A,73,3,"I don't know, whatever.  /","I/PRP do/VBP n't/RB know/VB ,/, whatever/WDT ./.",,
sw10utt/sw_1069_2884.utt,2/sw2884,2884,141,sd,A,73,4,{C So } she stopped for awhile.  /,So/RB she/PRP stopped/VBD for/IN awhile/RB ./.,,
sw10utt/sw_1069_2884.utt,2/sw2884,2884,142,sd,A,73,5,"Boy, what a difference.  /","Boy/UH ,/, what/WP a/DT difference/NN ./.",,
sw10utt/sw_1069_2884.utt,2/sw2884,2884,143,sd,A,73,6,"They buy nail polish every two weeks,  /","They/PRP buy/VBP nail/NN polish/NN every/DT two/CD weeks/NNS ,/,",,
sw10utt/sw_1069_2884.utt,2/sw2884,2884,144,%,A,73,7,"it's, {F uh, } - /","it/PRP 's/BES ,/, uh/UH ,/,",,
sw10utt/sw_1069_2884.utt,2/sw2884,2884,145,fe,A,73,8,"<laughter>, my gosh, /",",/, my/PRP$ gosh/UH ,/,",,
sw10utt/sw_1069_2884.utt,2/sw2884,2884,146,b,B,74,1,# Yeah. # /,Yeah/UH ./.,,
sw10utt/sw_1069_2884.utt,2/sw2884,2884,147,sd,A,75,1,"# And # lotion, {F oh, } my goodness, body lotion, /","And/CC lotion/NN ,/, oh/UH ,/, my/PRP$ goodness/NN ,/, body/NN lotion/NN ,/,",,
sw10utt/sw_1069_2884.utt,2/sw2884,2884,148,b,B,76,1,"# {F Oh, } yeah. # /","Oh/UH ,/, yeah/UH ./.",,
sw10utt/sw_1069_2884.utt,2/sw2884,2884,149,sd,A,77,1,"# we spend # more [ [ on soft, + on, ] + on ] body lotions with sesame oil and all these different things, than, {F uh, } - /","we/PRP spend/VBP more/RBR on/IN soft/JJ ,/, on/IN ,/, on/IN body/NN lotions/NNS with/IN sesame/NN oil/NN and/CC all/PDT these/DT different/JJ things/NNS ,/, than/IN ,/, uh/UH ,/,",,
sw10utt/sw_1069_2884.utt,2/sw2884,2884,150,sd,A,77,2,[ she + ] must spend more on one application of body lotion than I do on soap for an entire year. /,she/PRP must/MD spend/VB more/RBR on/IN one/CD application/NN of/IN body/NN lotion/NN than/IN I/PRP do/VBP on/IN soap/NN for/IN an/DT entire/JJ year/NN ./.,,
sw10utt/sw_1069_2884.utt,2/sw2884,2884,151,b,B,78,1,Yeah  /,Yeah/UH,,
sw10utt/sw_1069_2884.utt,2/sw2884,2884,152,sd,B,78,2,<laughter>.  Good old Ivory <laughter>. /,./. Good/JJ old/JJ Ivory/NNP ./.,,
sw10utt/sw_1069_2884.utt,2/sw2884,2884,153,b,A,79,1,Yeah.  /,Yeah/UH ./.,,
sw10utt/sw_1069_2884.utt,2/sw2884,2884,154,sv,A,79,2,It's funny. /,It/PRP 's/BES funny/JJ ./.,,
sw10utt/sw_1069_2884.utt,2/sw2884,2884,155,qy^g,B,80,1,"{F Um, } {D well, } it's for your benefit though, right. /","Um/UH ,/, well/UH ,/, it/PRP 's/BES for/IN your/PRP$ benefit/NN though/RB ,/, right/UH ./.",,
sw10utt/sw_1069_2884.utt,2/sw2884,2884,156,na,A,81,1,"{F Oh, } I think so,  /","Oh/UH ,/, I/PRP think/VBP so/RB ,/,",,
sw10utt/sw_1069_2884.utt,2/sw2884,2884,157,sd,A,81,2,she's always soft.  /,she/PRP 's/BES always/RB soft/JJ ./.,,
sw10utt/sw_1069_2884.utt,2/sw2884,2884,158,sd,A,81,3,That's true. /,That/DT 's/BES true/JJ ./.,,
sw10utt/sw_1069_2884.utt,2/sw2884,2884,159,ba,B,82,1,"((   )) , {C so } that's helpful. /","MUMBLEx/XX ,/, so/RB that/DT 's/BES helpful/JJ ./.",,
sw10utt/sw_1069_2884.utt,2/sw2884,2884,160,aa,A,83,1,Yeah.  /,Yeah/UH ./.,,
sw10utt/sw_1069_2884.utt,2/sw2884,2884,161,%,A,83,2,"{C But } I think, {F um, } - /","But/CC I/PRP think/VBP ,/, um/UH ,/,",,
sw10utt/sw_1069_2884.utt,2/sw2884,2884,162,h,A,83,3,"I don't know,  /","I/PRP do/VBP n't/RB know/VB ,/,",,
sw10utt/sw_1069_2884.utt,2/sw2884,2884,163,sd,A,83,4,"maybe after we're not in school anymore, we'll be much better at saving.  /","maybe/RB after/IN we/PRP 're/VBP not/RB in/IN school/NN anymore/RB ,/, we/PRP 'll/MD be/VB much/RB better/JJR at/IN saving/VBG ./.",,
sw10utt/sw_1069_2884.utt,2/sw2884,2884,164,%,A,83,5,"[ I think, + {F uh, }","I/PRP think/VBP ,/, uh/UH ,/,",,
sw10utt/sw_1069_2884.utt,2/sw2884,2884,165,b,B,84,1,# Yeah. # /,Yeah/UH ./.,,
sw10utt/sw_1069_2884.utt,2/sw2884,2884,166,+,A,85,1,"# I # think ] that's, {F uh, } -/","I/PRP think/VBP that/DT 's/BES ,/, uh/UH ,/,",,
sw10utt/sw_1069_2884.utt,2/sw2884,2884,167,qy,B,86,1,{D Now } do you still own a house?  /,Now/UH do/VBP you/PRP still/RB own/VB a/DT house/NN ?/.,,
sw10utt/sw_1069_2884.utt,2/sw2884,2884,168,sd,B,86,2,You said you owned one. /,You/PRP said/VBD you/PRP owned/VBD one/CD ./.,,
sw10utt/sw_1069_2884.utt,2/sw2884,2884,169,ng,A,87,1,I sold my house.  /,I/PRP sold/VBD my/PRP$ house/NN ./.,,
sw10utt/sw_1069_2884.utt,2/sw2884,2884,170,sd,A,87,2,{C And } that's what's really paying for my time unemployed or  whatever.,And/CC that/DT 's/BES what/WP 's/BES really/RB paying/VBG for/IN my/PRP$ time/NN unemployed/JJ or/CC whatever/WP ./.,,
sw10utt/sw_1069_2884.utt,2/sw2884,2884,171,ba,B,88,1,That's great. /,That/DT 's/BES great/JJ ./.,,
sw10utt/sw_1069_2884.utt,2/sw2884,2884,172,+,A,89,1,"Because [ the graduate assistantship really doesn't cover, + the ten thousand dollars in tuition, really doesn't cover ] living expenses.  {F Um, } /","Because/IN the/DT graduate/NN assistantship/NN really/RB does/VBZ n't/RB cover/VB ,/, the/DT ten/CD thousand/CD dollars/NNS in/IN tuition/NN ,/, really/RB does/VBZ n't/RB cover/VB living/NN expenses/NNS ./. Um/UH ,/,",,
sw10utt/sw_1069_2884.utt,2/sw2884,2884,173,b,B,90,1,# Right. # /,Right/UH ./.,,
sw10utt/sw_1069_2884.utt,2/sw2884,2884,174,sd,A,91,1,# we # actually live in two different places right now because she has her job.  /,we/PRP actually/RB live/VBP in/IN two/CD different/JJ places/NNS right/RB now/RB because/IN she/PRP has/VBZ her/PRP$ job/NN ./.,,
sw10utt/sw_1069_2884.utt,2/sw2884,2884,175,sd,A,91,2,"{C So } that makes it hard with, {F uh, } {D you know, } - /","So/RB that/DT makes/VBZ it/PRP hard/JJ with/IN ,/, uh/UH ,/, you/PRP know/VBP ,/,",,
sw10utt/sw_1069_2884.utt,2/sw2884,2884,176,sd,A,91,3,"we're paying double rent, double utilities, /","we/PRP 're/VBP paying/VBG double/JJ rent/NN ,/, double/JJ utilities/NNS ,/,",,
sw10utt/sw_1069_2884.utt,2/sw2884,2884,177,ba,B,92,1,"# {F Oh, } wow.  # /","Oh/UH ,/, wow/UH ./.",,
sw10utt/sw_1069_2884.utt,2/sw2884,2884,178,sd,A,93,1,# {C and } that # makes it sort of expensive  /,and/CC that/DT makes/VBZ it/PRP sort/RB of/RB expensive/JJ,,
sw10utt/sw_1069_2884.utt,2/sw2884,2884,179,sd,A,93,2,"{C but } {D see, } [ I live within my, +","but/CC see/UH ,/, I/PRP live/VBP within/IN my/PRP$ ,/,",,
sw10utt/sw_1069_2884.utt,2/sw2884,2884,180,o@,B,94,1,#  ((   )) . #,MUMBLEx/XX ./.,,
sw10utt/sw_1069_2884.utt,2/sw2884,2884,181,+,A,95,1,"# I live # within my ] [ me-, + very menial ] income  /","I/PRP live/VBP within/IN my/PRP$ me/JJ ,/, very/RB menial/JJ income/NN",,
sw10utt/sw_1069_2884.utt,2/sw2884,2884,182,sd,A,95,2,{C and } she doesn't <laughter>.  /,and/CC she/PRP does/VBZ n't/RB ./.,,
sw10utt/sw_1069_2884.utt,2/sw2884,2884,183,sd,A,95,3,"She doesn't live within her professional income, {D you know. }  /","She/PRP does/VBZ n't/RB live/VB within/IN her/PRP$ professional/JJ income/NN ,/, you/PRP know/VBP ./.",,
sw10utt/sw_1069_2884.utt,2/sw2884,2884,184,%,A,95,4,"{C So } I just get a, -/","So/RB I/PRP just/RB get/VBP a/DT ,/,",,
sw10utt/sw_1069_2884.utt,2/sw2884,2884,185,sv,B,96,1,"# that's the killer, two apartments, # /","that/DT 's/BES the/DT killer/NN ,/, two/CD apartments/NNS ,/,",,
sw10utt/sw_1069_2884.utt,2/sw2884,2884,186,aa,A,97,1,"# yeah,  /","yeah/UH ,/,",,
sw10utt/sw_1069_2884.utt,2/sw2884,2884,187,sd,A,97,2,"{C and then } even if # we want to see each other on weekends, it's twenty-five, thirty dollars in gas, every weekend,  /","and/CC then/RB even/RB if/IN we/PRP want/VBP to/TO see/VB each/DT other/NN on/IN weekends/NNS ,/, it/PRP 's/BES twenty-five/CD ,/, thirty/CD dollars/NNS in/IN gas/NN ,/, every/DT weekend/NN ,/,",,
sw10utt/sw_1069_2884.utt,2/sw2884,2884,188,sd,A,97,3,"{C and } that really adds up too, {D you know, }  /","and/CC that/DT really/RB adds/VBZ up/RP too/RB ,/, you/PRP know/VBP ,/,",,
sw10utt/sw_1069_2884.utt,2/sw2884,2884,189,sd,A,97,4,"{C so } it gets tough, /","so/RB it/PRP gets/VBZ tough/JJ ,/,",,
sw10utt/sw_1069_2884.utt,2/sw2884,2884,190,ba,B,98,1,Wow. /,Wow/UH ./.,,
sw10utt/sw_1069_2884.utt,2/sw2884,2884,191,sd,A,99,1,"I think, we'll, do much better when we're living together and we're only paying one rent and one telephone.  /","I/PRP think/VBP ,/, we/PRP 'll/MD ,/, do/VB much/RB better/JJR when/WRB we/PRP 're/VBP living/VBG together/RB and/CC we/PRP 're/VBP only/RB paying/VBG one/CD rent/NN and/CC one/CD telephone/NN ./.",,
sw10utt/sw_1069_2884.utt,2/sw2884,2884,192,sd,A,99,2,"{D You know, } it will cut our telephone bills, {D you know, } # [ by five, + by four-fifths, ] {D you know, } #","You/PRP know/VBP ,/, it/PRP will/MD cut/VB our/PRP$ telephone/NN bills/NNS ,/, you/PRP know/VBP ,/, by/IN five/CD ,/, by/IN four-fifths/NNS ,/, you/PRP know/VBP ,/,",,
sw10utt/sw_1069_2884.utt,2/sw2884,2884,193,ba,B,100,1,"# Eventually, right.  /","Eventually/RB ,/, right/UH ./.",,
sw10utt/sw_1069_2884.utt,2/sw2884,2884,194,%,B,100,2,"{E I mean } you're not # going to, - /","I/PRP mean/VBP you/PRP 're/VBP not/RB going/VBG to/TO ,/,",,
sw10utt/sw_1069_2884.utt,2/sw2884,2884,195,b,B,100,3,# Right. # /,Right/UH ./.,,
sw10utt/sw_1069_2884.utt,2/sw2884,2884,196,+,A,101,1,"# if # she's here,  /","if/IN she/PRP 's/BES here/RB ,/,",,
sw10utt/sw_1069_2884.utt,2/sw2884,2884,197,sd,A,101,2,"{C so } it's actually tough this year,  /","so/RB it/PRP 's/BES actually/RB tough/VB this/DT year/NN ,/,",,
sw10utt/sw_1069_2884.utt,2/sw2884,2884,198,sd,A,101,3,{C but } it will be better in June.  /,but/CC it/PRP will/MD be/VB better/JJR in/IN June/NNP ./.,,
sw10utt/sw_1069_2884.utt,2/sw2884,2884,199,sd,A,101,4,"She will move in with me in June,  /","She/PRP will/MD move/VB in/RP with/IN me/PRP in/IN June/NNP ,/,",,
sw10utt/sw_1069_2884.utt,2/sw2884,2884,200,sd,A,101,5,{C so } hopefully our budget will in increase then. /,so/RB hopefully/RB our/PRP$ budget/NN will/MD in/IN increase/VB then/RB ./.,,
sw10utt/sw_1069_2884.utt,2/sw2884,2884,201,qy,B,102,1,Have you been married for long? /,Have/VBP you/PRP been/VBN married/JJ for/IN long/JJ ?/.,,
sw10utt/sw_1069_2884.utt,2/sw2884,2884,202,nn,A,103,1,No.  /,No/UH ./.,,
sw10utt/sw_1069_2884.utt,2/sw2884,2884,203,sd,A,103,2,Just since December. /,Just/RB since/IN December/NNP ./.,,
sw10utt/sw_1069_2884.utt,2/sw2884,2884,204,ba,B,104,1,"{F Oh, } wow.  /","Oh/UH ,/, wow/UH ./.",,
sw10utt/sw_1069_2884.utt,2/sw2884,2884,205,sd,B,104,2,{C So } you guys really are newlyweds. /,So/RB you/PRP guys/NNS really/RB are/VBP newlyweds/NNS ./.,,
sw10utt/sw_1069_2884.utt,2/sw2884,2884,206,b,A,105,1,Yeah.  /,Yeah/UH ./.,,
sw10utt/sw_1069_2884.utt,2/sw2884,2884,207,sd,A,105,2,"We're, very newlyweds,  /","We/PRP 're/VBP ,/, very/JJ newlyweds/NNS ,/,",,
sw10utt/sw_1069_2884.utt,2/sw2884,2884,208,%,A,105,3,"{C but } that's the, - /","but/CC that/DT 's/BES the/DT ,/,",,
sw10utt/sw_1069_2884.utt,2/sw2884,2884,209,sd,A,105,4,"[ we, + we're ] together probably for, {F um, } {F uh, } very close for about six months before we got married.  /","we/PRP ,/, we/PRP 're/VBP together/RB probably/RB for/IN ,/, um/UH ,/, uh/UH ,/, very/RB close/JJ for/IN about/RB six/CD months/NNS before/IN we/PRP got/VBD married/VBN ./.",,
sw10utt/sw_1069_2884.utt,2/sw2884,2884,210,%,A,105,5,"{C So, } {D you know, } we lived within, - /","So/RB ,/, you/PRP know/VBP ,/, we/PRP lived/VBD within/IN ,/,",,
sw10utt/sw_1069_2884.utt,2/sw2884,2884,211,sd,A,105,6,"though I had my own house and things, {D you know, } [ we still, + {F uh, } we're still ] pretty close.  /","though/IN I/PRP had/VBD my/PRP$ own/JJ house/NN and/CC things/NNS ,/, you/PRP know/VBP ,/, we/PRP still/RB ,/, uh/UH ,/, we/PRP 're/VBP still/RB pretty/RB close/JJ ./.",,
sw10utt/sw_1069_2884.utt,2/sw2884,2884,212,sd,A,105,7,I knew her spending habits  /,I/PRP knew/VBD her/PRP$ spending/NN habits/NNS,,
sw10utt/sw_1069_2884.utt,2/sw2884,2884,213,sd,A,105,8,"{C and } they're about the same <laughter>, /","and/CC they/PRP 're/VBP about/RB the/DT same/JJ ,/,",,
sw10utt/sw_1069_2884.utt,2/sw2884,2884,214,ba,B,106,1,"# <Laughter>  {F Oh, } wow.  # /","Oh/UH ,/, wow/UH ./.",,
sw10utt/sw_1069_2884.utt,2/sw2884,2884,215,sd,A,107,1,"# they haven't changed # at all, {D you know. } /","they/PRP have/VBP n't/RB changed/VBN at/IN all/DT ,/, you/PRP know/VBP ./.",,
sw10utt/sw_1069_2884.utt,2/sw2884,2884,216,x,B,108,1,<Laughter>.,,,
sw10utt/sw_1069_2884.utt,2/sw2884,2884,217,sd(^q),A,109,1,"My mother always said to me, ""Tom, now, the best thing to do is be like  you're father.  /","My/PRP$ mother/NN always/RB said/VBD to/IN me/PRP ,/, ``/`` Tom/NNP ,/, now/UH ,/, the/DT best/JJS thing/NN to/TO do/VB is/VBZ be/VB like/IN you/GW 're/^PRP$ father/NN ./.",,
sw10utt/sw_1069_2884.utt,2/sw2884,2884,218,^q,A,109,2,"Never say a word when you're wife spends money"".  /",Never/RB say/VB a/DT word/NN when/WRB you/GW 're/^PRP$ wife/NN spends/VBZ money/NN ''/'' ./.,,
sw10utt/sw_1069_2884.utt,2/sw2884,2884,219,sd,A,109,3,"{C And } I was like, {D well, } that's true my dad never said a word, {D you know. } /","And/CC I/PRP was/VBD like/IN ,/, well/UH ,/, that/DT 's/BES true/JJ my/PRP$ dad/NN never/RB said/VBD a/DT word/NN ,/, you/PRP know/VBP ./.",,
sw10utt/sw_1069_2884.utt,2/sw2884,2884,220,b,B,110,1,Yeah. /,Yeah/UH ./.,,
sw10utt/sw_1069_2884.utt,2/sw2884,2884,221,%,A,111,1,{D So. } -/,So/UH ./.,,
sw10utt/sw_1069_2884.utt,2/sw2884,2884,222,sd,B,112,1,I actually encourage my wife to spend money sometimes.,I/PRP actually/RB encourage/VBP my/PRP$ wife/NN to/TO spend/VB money/NN sometimes/RB ./.,,
sw10utt/sw_1069_2884.utt,2/sw2884,2884,223,x,A,113,1,<Laughter>.,,,
sw10utt/sw_1069_2884.utt,2/sw2884,2884,224,+,B,114,1,"Because [ I think, + {D you know, } {F um, } I ] sort of feel guilty, {D you know, } given that she makes twice as much as I do. /","Because/IN I/PRP think/VBP ,/, you/PRP know/VBP ,/, um/UH ,/, I/PRP sort/RB of/RB feel/VBP guilty/JJ ,/, you/PRP know/VBP ,/, given/VBN that/IN she/PRP makes/VBZ twice/RB as/RB much/JJ as/IN I/PRP do/VBP ./.",,
sw10utt/sw_1069_2884.utt,2/sw2884,2884,225,b,A,115,1,Yeah. /,Yeah/UH ./.,,
sw10utt/sw_1069_2884.utt,2/sw2884,2884,226,sd,B,116,1,"{C So } I say if she wants to go out and buy something, I never argue with her, because she's real good at, {D you know, } sort of  ((   )) . -/","So/RB I/PRP say/VBP if/IN she/PRP wants/VBZ to/TO go/VB out/RB and/CC buy/VB something/NN ,/, I/PRP never/RB argue/VBP with/IN her/PRP$ ,/, because/IN she/PRP 's/BES real/RB good/JJ at/IN ,/, you/PRP know/VBP ,/, sort/RB of/RB MUMBLEx/XX ./.",,
sw10utt/sw_1069_2884.utt,2/sw2884,2884,227,sd,A,117,1,"I don't argue with her,  /","I/PRP do/VBP n't/RB argue/VB with/IN her/PRP$ ,/,",,
sw10utt/sw_1069_2884.utt,2/sw2884,2884,228,sd,A,117,2,"{C but } I just get all, - /","but/CC I/PRP just/RB get/VBP all/DT ,/,",,
sw10utt/sw_1069_2884.utt,2/sw2884,2884,229,sd,A,117,3,it must show in my face. /,it/PRP must/MD show/VB in/IN my/PRP$ face/NN ./.,,
sw10utt/sw_1069_2884.utt,2/sw2884,2884,230,x,B,118,1,<Laughter>.,,,
sw10utt/sw_1069_2884.utt,2/sw2884,2884,231,sd,A,119,1,"[ Must be like, + must be ] cringes or something, {D you know, }","Must/MD be/VB like/IN ,/, must/MD be/VB cringes/NNS or/CC something/NN ,/, you/PRP know/VBP ,/,",,
sw10utt/sw_1069_2884.utt,2/sw2884,2884,232,b,B,120,1,# Yeah. # /,Yeah/UH ./.,,
sw10utt/sw_1069_2884.utt,2/sw2884,2884,233,+,A,121,1,# especially # yesterday or this past weekend.  /,especially/RB yesterday/NN or/CC this/DT past/JJ weekend/NN ./.,,
sw10utt/sw_1069_2884.utt,2/sw2884,2884,234,sd,A,121,2,"We met half way between, at her parents house  /","We/PRP met/VBD half/JJ way/NN between/IN ,/, at/IN her/PRP$ parents/NNS house/NN",,
sw10utt/sw_1069_2884.utt,2/sw2884,2884,235,sd,A,121,3,"{C and, } {F um, } she had on a new pair of jeans  /","and/CC ,/, um/UH ,/, she/PRP had/VBD on/IN a/DT new/JJ pair/NN of/IN jeans/NNS",,
sw10utt/sw_1069_2884.utt,2/sw2884,2884,236,sd,A,121,4,"{C and } she'd gotten all new underwear,  /","and/CC she/PRP 'd/VBD gotten/VBN all/DT new/JJ underwear/NN ,/,",,
sw10utt/sw_1069_2884.utt,2/sw2884,2884,237,sd(^q),A,121,5,"{C and } I was like, Laura.","and/CC I/PRP was/VBD like/IN ,/, Laura/NNP ./.",,
sw10utt/sw_1069_2884.utt,2/sw2884,2884,238,x,B,122,1,# <Laughter>.  #,,,
sw10utt/sw_1069_2884.utt,2/sw2884,2884,239,+,A,123,1,# How # did you get all this stuff?  /,How/WRB did/VBD you/PRP get/VB all/PDT this/DT stuff/NN ?/.,,
sw10utt/sw_1069_2884.utt,2/sw2884,2884,240,^q,A,123,2,"<<Speaker imitates a woman's voice>>. ""Well, I just got paid.""  /","./. ``/`` Well/UH ,/, I/PRP just/RB got/VBD paid/VBN ./. ''/''",,
sw10utt/sw_1069_2884.utt,2/sw2884,2884,241,sd(^q),A,123,3,"[ {C And, } + {C and } ] I was like, oh. /","And/CC ,/, and/CC I/PRP was/VBD like/IN ,/, oh/UH ./.",,
sw10utt/sw_1069_2884.utt,2/sw2884,2884,242,ba,B,124,1,"Had some money in her pocket, yeah. /","Had/VBD some/DT money/NN in/IN her/PRP$ pocket/NN ,/, yeah/UH ./.",,
sw10utt/sw_1069_2884.utt,2/sw2884,2884,243,sd,A,125,1,It was there.  /,It/PRP was/VBD there/RB ./.,,
sw10utt/sw_1069_2884.utt,2/sw2884,2884,244,sd,A,125,2,It was burning.  /,It/PRP was/VBD burning/VBG ./.,,
sw10utt/sw_1069_2884.utt,2/sw2884,2884,245,sd,A,125,3,It had to be spent.  /,It/PRP had/VBD to/TO be/VB spent/VBN ./.,,
sw10utt/sw_1069_2884.utt,2/sw2884,2884,246,%,A,125,4,"{D You know, } {C and } I'm like - /","You/PRP know/VBP ,/, and/CC I/PRP 'm/VBP like/IN",,
sw10utt/sw_1069_2884.utt,2/sw2884,2884,247,sd,A,125,5,{C and } she said everything was on sale.  /,and/CC she/PRP said/VBD everything/NN was/VBD on/IN sale/NN ./.,,
sw10utt/sw_1069_2884.utt,2/sw2884,2884,248,ba,A,125,6,"{F Oh, } {F oh, } that's good,  /","Oh/UH ,/, oh/UH ,/, that/DT 's/BES good/JJ ,/,",,
sw10utt/sw_1069_2884.utt,2/sw2884,2884,249,sd,A,125,7,at least it was on sale <laughter>. /,at/IN least/JJS it/PRP was/VBD on/IN sale/NN ./.,,
sw10utt/sw_1069_2884.utt,2/sw2884,2884,250,x,B,126,1,<Laughter>.,,,
sw10utt/sw_1069_2884.utt,2/sw2884,2884,251,^q,A,127,1,"That's good honey,  /","That/DT 's/BES good/JJ honey/NN ,/,",,
sw10utt/sw_1069_2884.utt,2/sw2884,2884,252,^q,A,127,2,I'm glad you bought it on sale <laughter>. /,I/PRP 'm/VBP glad/JJ you/PRP bought/VBD it/PRP on/IN sale/NN ./.,,
sw10utt/sw_1069_2884.utt,2/sw2884,2884,253,x,B,128,1,<Laughter>.,,,
sw10utt/sw_1069_2884.utt,2/sw2884,2884,254,bh,A,129,1,What else can you say? /,What/WP else/RB can/MD you/PRP say/VB ?/.,,
sw10utt/sw_1069_2884.utt,2/sw2884,2884,255,ba,B,130,1,That's right.  /,That/DT 's/BES right/JJ ./.,,
sw10utt/sw_1069_2884.utt,2/sw2884,2884,256,fx,B,130,2,I do recommend the  (( for savings ))  bit.  /,I/PRP do/VBP recommend/VB the/DT for/IN savings/NNS bit/NN ./.,,
sw10utt/sw_1069_2884.utt,2/sw2884,2884,257,sd,B,130,3,"[  They, + {F uh, }","They/PRP ,/, uh/UH ,/,",,
sw10utt/sw_1069_2884.utt,2/sw2884,2884,258,b,A,131,1,Yeah.  /,Yeah/UH ./.,,
sw10utt/sw_1069_2884.utt,2/sw2884,2884,259,%,A,131,2,"I think, -/","I/PRP think/VBP ,/,",,
sw10utt/sw_1069_2884.utt,2/sw2884,2884,260,+,B,132,1,they ] take it out or your paycheck before you see it because it doesn't  hurt. /,they/PRP take/VBP it/PRP out/RP or/^IN your/PRP$ paycheck/NN before/IN you/PRP see/VBP it/PRP because/IN it/PRP does/VBZ n't/RB hurt/VBN ./.,,
sw10utt/sw_1069_2884.utt,2/sw2884,2884,261,b,A,133,1,Yeah.  /,Yeah/UH ./.,,
sw10utt/sw_1069_2884.utt,2/sw2884,2884,262,sd,A,133,2,You don't notice it.  /,You/PRP do/VBP n't/RB notice/VB it/PRP ./.,,
sw10utt/sw_1069_2884.utt,2/sw2884,2884,263,sd,A,133,3,I think that's probably a really good idea. /,I/PRP think/VBP that/DT 's/BES probably/RB a/DT really/RB good/JJ idea/NN ./.,,
sw10utt/sw_1069_2884.utt,2/sw2884,2884,264,sv,B,134,1,"{D You know, } you don't even think about it if it's gone. /","You/PRP know/VBP ,/, you/PRP do/VBP n't/RB even/RB think/VB about/IN it/PRP if/IN it/PRP 's/BES gone/VBN ./.",,
sw10utt/sw_1069_2884.utt,2/sw2884,2884,265,b,A,135,1,Huh-uh. /,Huh-uh/RB ./.,,
sw10utt/sw_1069_2884.utt,2/sw2884,2884,266,b,B,136,1,"Yeah,  /","Yeah/UH ,/,",,
sw10utt/sw_1069_2884.utt,2/sw2884,2884,267,sd,B,136,2,"{C so, } {F uh, } until you really need it - /","so/RB ,/, uh/UH ,/, until/IN you/PRP really/RB need/VBP it/PRP",,
sw10utt/sw_1069_2884.utt,2/sw2884,2884,268,sd,B,136,3,"{C and then } you realize, you've got a couple of thousand dollars built up someplace else. /","and/CC then/RB you/PRP realize/VBP ,/, you/PRP 've/VBP got/VBN a/DT couple/NN of/IN thousand/CD dollars/NNS built/VBN up/RP someplace/RB else/RB ./.",,
sw10utt/sw_1069_2884.utt,2/sw2884,2884,269,b,A,137,1,Yeah.  /,Yeah/UH ./.,,
sw10utt/sw_1069_2884.utt,2/sw2884,2884,270,b^r,A,137,2,"Yeah,  /","Yeah/UH ,/,",,
sw10utt/sw_1069_2884.utt,2/sw2884,2884,271,%,A,137,3,"{D see } I was, - /","see/UH I/PRP was/VBD ,/,",,
sw10utt/sw_1069_2884.utt,2/sw2884,2884,272,sd,A,137,4,"[ when I had, + when I was ] living alone and I had my own house and things, {F uh, } [ I put one, + ] I was paid twice a month,  /","when/WRB I/PRP had/VBD ,/, when/WRB I/PRP was/VBD living/VBG alone/RB and/CC I/PRP had/VBD my/PRP$ own/JJ house/NN and/CC things/NNS ,/, uh/UH ,/, I/PRP put/VBP one/CD ,/, I/PRP was/VBD paid/VBN twice/RB a/DT month/NN ,/,",,
sw10utt/sw_1069_2884.utt,2/sw2884,2884,273,sd,A,137,5,one paycheck went into savings  /,one/CD paycheck/NN went/VBD into/IN savings/NNS,,
sw10utt/sw_1069_2884.utt,2/sw2884,2884,274,sd,A,137,6,"{C and } one went into the checking account that paid the mortgage,","and/CC one/CD went/VBD into/IN the/DT checking/NN account/NN that/WDT paid/VBD the/DT mortgage/NN ,/,",,
sw10utt/sw_1069_2884.utt,2/sw2884,2884,275,b,B,138,1,# Right. # /,Right/UH ./.,,
sw10utt/sw_1069_2884.utt,2/sw2884,2884,276,+,A,139,1,# and # the food bills  /,and/CC the/DT food/NN bills/NNS,,
sw10utt/sw_1069_2884.utt,2/sw2884,2884,277,%,A,139,2,"{C and } it, - /","and/CC it/PRP ,/,",,
sw10utt/sw_1069_2884.utt,2/sw2884,2884,278,sd,A,139,3,"{C and } I was even able [ to, + {D you know, } to ] accumulate some savings in a sense in the checking account, because I'm pretty thrifty  /","and/CC I/PRP was/VBD even/RB able/JJ to/TO ,/, you/PRP know/VBP ,/, to/TO accumulate/VB some/DT savings/NNS in/IN a/DT sense/NN in/IN the/DT checking/NN account/NN ,/, because/IN I/PRP 'm/VBP pretty/RB thrifty/JJ",,
sw10utt/sw_1069_2884.utt,2/sw2884,2884,279,sd,A,139,4,"[ {C and, } + {D you know. }  {C But } ] my wife likes to spend.  /","and/CC ,/, you/PRP know/VBP ./. But/CC my/PRP$ wife/NN likes/VBZ to/TO spend/VB ./.",,
sw10utt/sw_1069_2884.utt,2/sw2884,2884,280,sd,A,139,5,"She enjoys, - /","She/PRP enjoys/VBZ ,/,",,
sw10utt/sw_1069_2884.utt,2/sw2884,2884,281,sd,A,139,6,{C so } that's fine <laughter>.  /,so/RB that/DT 's/BES fine/JJ ./.,,
sw10utt/sw_1069_2884.utt,2/sw2884,2884,282,%,A,139,7,{C But } a - /,But/CC a/DT,,
sw10utt/sw_1069_2884.utt,2/sw2884,2884,283,sd,A,139,8,"(( for savings )) , I'll have to look into that. /","for/IN savings/NNS ,/, I/PRP 'll/MD have/VB to/TO look/VB into/IN that/DT ./.",,
sw10utt/sw_1069_2884.utt,2/sw2884,2884,284,b,B,140,1,Yeah.  /,Yeah/UH ./.,,
sw10utt/sw_1069_2884.utt,2/sw2884,2884,285,sd,B,140,2,"[ that's, + that's ] been our godsend, {D you know. } /","that/DT 's/HVS ,/, that/DT 's/HVS been/VBN our/PRP$ godsend/NN ,/, you/PRP know/VBP ./.",,
sw10utt/sw_1069_2884.utt,2/sw2884,2884,286,b,A,141,1,Huh-uh. /,Huh-uh/UH ./.,,
sw10utt/sw_1069_2884.utt,2/sw2884,2884,287,sd,B,142,1,"We've had some sort of major emergencies come up, {D you know, } where, - /","We/PRP 've/VBP had/VBN some/DT sort/NN of/IN major/JJ emergencies/NNS come/VBP up/RP ,/, you/PRP know/VBP ,/, where/WRB ,/,",,
sw10utt/sw_1069_2884.utt,2/sw2884,2884,288,sd,B,142,2,"we also own our own house, /","we/PRP also/RB own/VBP our/PRP$ own/JJ house/NN ,/,",,
sw10utt/sw_1069_2884.utt,2/sw2884,2884,289,b,A,143,1,# Huh-uh.  # /,Huh-uh/UH ./.,,
sw10utt/sw_1069_2884.utt,2/sw2884,2884,290,sd,B,144,1,"# {F um, } # we had an ice storm up here,","um/UH ,/, we/PRP had/VBD an/DT ice/NN storm/NN up/IN here/RB ,/,",,
sw10utt/sw_1069_2884.utt,2/sw2884,2884,291,b,A,145,1,# Yeah. # /,Yeah/UH ./.,,
sw10utt/sw_1069_2884.utt,2/sw2884,2884,292,+,B,146,1,"# recently, # where [ it was pathe-, + {E I mean, } it was horrible. ]  /","recently/RB ,/, where/WRB it/PRP was/VBD pathe/JJ ,/, I/PRP mean/VBP ,/, it/PRP was/VBD horrible/JJ ./.",,
sw10utt/sw_1069_2884.utt,2/sw2884,2884,293,sd,B,146,2,"{E I mean, } half the city  (( owned ))  trees  ((   )) .  /","I/PRP mean/VBP ,/, half/PDT the/DT city/NN owned/VBD trees/NNS MUMBLEx/XX ./.",,
sw10utt/sw_1069_2884.utt,2/sw2884,2884,294,sd,B,146,3,One-third of all vegetation in this county is just wiped out. /,One-third/JJ of/IN all/DT vegetation/NN in/IN this/DT county/NN is/VBZ just/RB wiped/VBN out/RP ./.,,
sw10utt/sw_1069_2884.utt,2/sw2884,2884,295,qy^d,A,147,1,"{F Oh, } really, because of the heavy ice. /","Oh/UH ,/, really/UH ,/, because/IN of/IN the/DT heavy/JJ ice/NN ./.",,
sw10utt/sw_1069_2884.utt,2/sw2884,2884,296,ny,B,148,1,Yeah. /,Yeah/UH ./.,,
sw10utt/sw_1069_2884.utt,2/sw2884,2884,297,sd,A,149,1,It broke the limbs. /,It/PRP broke/VBD the/DT limbs/NNS ./.,,
sw10utt/sw_1069_2884.utt,2/sw2884,2884,298,aa,B,150,1,Exactly. /,Exactly/UH ./.,,
sw10utt/sw_1069_2884.utt,2/sw2884,2884,299,b,A,151,1,Huh-uh. /,Huh-uh/RB ./.,,
sw10utt/sw_1069_2884.utt,2/sw2884,2884,300,sd,B,152,1,"We had to  ((   ))  our backyard tremendous willow tree that just fortunately, - /","We/PRP had/VBD to/TO MUMBLEx/XX our/PRP$ backyard/NN tremendous/JJ willow/NN tree/NN that/WDT just/RB fortunately/RB ,/,",,
sw10utt/sw_1069_2884.utt,2/sw2884,2884,301,sd,B,152,2,"{C but } it cost us, {D you know, } a couple of hundred dollars just to bring the tree down.","but/CC it/PRP cost/VBP us/PRP ,/, you/PRP know/VBP ,/, a/DT couple/NN of/IN hundred/CD dollars/NNS just/RB to/TO bring/VB the/DT tree/NN down/RB ./.",,
sw10utt/sw_1069_2884.utt,2/sw2884,2884,302,b,A,153,1,Right. /,Right/UH ./.,,
sw10utt/sw_1069_2884.utt,2/sw2884,2884,303,+,B,154,1,"{E I mean, } just to take off what was broken.  /","I/PRP mean/VBP ,/, just/RB to/TO take/VB off/RP what/WP was/VBD broken/JJ ./.",,
sw10utt/sw_1069_2884.utt,2/sw2884,2884,304,sd,B,154,2,"Plus, we went with a friend,  /","Plus/CC ,/, we/PRP went/VBD with/IN a/DT friend/NN ,/,",,
sw10utt/sw_1069_2884.utt,2/sw2884,2884,305,%,B,154,3,"{C and } they said {D you know, } - /","and/CC they/PRP said/VBD you/PRP know/VBP ,/,",,
sw10utt/sw_1069_2884.utt,2/sw2884,2884,306,sd,B,154,4,"{C and then } the whole ice storm cost us quite a bit of money, even though insurance picked up some of it,","and/CC then/RB the/DT whole/JJ ice/NN storm/NN cost/VB us/PRP quite/RB a/DT bit/NN of/IN money/NN ,/, even/RB though/IN insurance/NN picked/VBD up/RP some/DT of/IN it/PRP ,/,",,
sw10utt/sw_1069_2884.utt,2/sw2884,2884,307,b,A,155,1,# Yeah. # /,Yeah/UH ./.,,
sw10utt/sw_1069_2884.utt,2/sw2884,2884,308,+,B,156,1,"# still, # not all of it.  /","still/RB ,/, not/RB all/DT of/IN it/PRP ./.",,
sw10utt/sw_1069_2884.utt,2/sw2884,2884,309,%,B,156,2,"They don't get, {D you know, } -/","They/PRP do/VBP n't/RB get/VB ,/, you/PRP know/VBP ,/,",,
sw10utt/sw_1069_2884.utt,2/sw2884,2884,310,b,A,157,1,# Huh-uh.  # /,Huh-uh/UH ./.,,
sw10utt/sw_1069_2884.utt,2/sw2884,2884,311,%,B,158,1,"# {C and } # that, - /","and/CC that/IN ,/,",,
sw10utt/sw_1069_2884.utt,2/sw2884,2884,312,%,B,158,2,plus - /,plus/CC,,
sw10utt/sw_1069_2884.utt,2/sw2884,2884,313,sd,B,158,3,{C and then } we had a car expense {D like } that same week.  /,and/CC then/RB we/PRP had/VBD a/DT car/NN expense/NN like/IN that/DT same/JJ week/NN ./.,,
sw10utt/sw_1069_2884.utt,2/sw2884,2884,314,sd,B,158,4,"One of the cars died, {D you know. }  /","One/CD of/IN the/DT cars/NNS died/VBD ,/, you/PRP know/VBP ./.",,
sw10utt/sw_1069_2884.utt,2/sw2884,2884,315,sd,B,158,5,All of this adds up  /,All/DT of/IN this/DT adds/VBZ up/RP,,
sw10utt/sw_1069_2884.utt,2/sw2884,2884,316,sd,B,158,6,{C and } that  (( for savings )) really comes in handy. /,and/CC that/DT for/IN savings/NNS really/RB comes/VBZ in/RP handy/JJ ./.,,
sw10utt/sw_1069_2884.utt,2/sw2884,2884,317,b,A,159,1,Yeah.  /,Yeah/UH ./.,,
sw10utt/sw_1069_2884.utt,2/sw2884,2884,318,b^r,A,159,2,Yeah.  /,Yeah/UH ./.,,
sw10utt/sw_1069_2884.utt,2/sw2884,2884,319,ba,A,159,3,I can see that.  /,I/PRP can/MD see/VB that/DT ./.,,
sw10utt/sw_1069_2884.utt,2/sw2884,2884,320,%,A,159,4,"I can that, - /","I/PRP can/MD that/IN ,/,",,
sw10utt/sw_1069_2884.utt,2/sw2884,2884,321,sd(^q),A,159,5,"I keep trying to say to her, Laura don't spend so much.  /","I/PRP keep/VBP trying/VBG to/TO say/VB to/IN her/PRP$ ,/, Laura/NNP do/VBP n't/RB spend/VB so/RB much/JJ ./.",,
sw10utt/sw_1069_2884.utt,2/sw2884,2884,322,^q,A,159,6,"What happens if something happens to a car, {D you know. } /","What/WP happens/VBZ if/IN something/NN happens/VBZ to/IN a/DT car/NN ,/, you/PRP know/VBP ./.",,
sw10utt/sw_1069_2884.utt,2/sw2884,2884,323,b,B,160,1,Right. /,Right/UH ./.,,
sw10utt/sw_1069_2884.utt,2/sw2884,2884,324,sd,A,161,1,"{F Oh, } {D well, } nothing will happen.  /","Oh/UH ,/, well/UH ,/, nothing/NN will/MD happen/VB ./.",,
sw10utt/sw_1069_2884.utt,2/sw2884,2884,325,%,A,161,2,Oh. /,Oh/UH ./.,,
