swda_filename,ptb_basename,conversation_no,transcript_index,act_tag,caller,utterance_index,subutterance_index,text,pos,trees,ptb_treenumbers
sw10utt/sw_1015_2355.utt,2/sw2355,2355,0,o,A,1,1,"Okay, {F um, }  /","Okay/UH ,/, um/UH ,/,",,
sw10utt/sw_1015_2355.utt,2/sw2355,2355,1,qo,A,1,2,what do you think about the war recently? /,what/WP do/VBP you/PRP think/VB about/IN the/DT war/NN recently/RB ?/.,,
sw10utt/sw_1015_2355.utt,2/sw2355,2355,2,qy^d,B,2,1,The war? /,The/DT war/NN ?/.,,
sw10utt/sw_1015_2355.utt,2/sw2355,2355,3,ny,A,3,1,Uh-huh. /,Uh-huh/UH ./.,,
sw10utt/sw_1015_2355.utt,2/sw2355,2355,4,qy^d,B,4,1,You mean in terms of the economy  /,You/PRP mean/VBP in/IN terms/NNS of/IN the/DT economy/NN,,
sw10utt/sw_1015_2355.utt,2/sw2355,2355,5,%,B,4,2,"{C or, } -/","or/CC ,/,",,
sw10utt/sw_1015_2355.utt,2/sw2355,2355,6,na,A,5,1,"{F Uh, } the economy, - /","Uh/UH ,/, the/DT economy/NN ,/,",,
sw10utt/sw_1015_2355.utt,2/sw2355,2355,7,%,A,5,2,"the, - /","the/DT ,/,",,
sw10utt/sw_1015_2355.utt,2/sw2355,2355,8,sd,A,5,3,"our soldiers going over, {F uh, } -/","our/PRP$ soldiers/NNS going/VBG over/RB ,/, uh/UH ,/,",,
sw10utt/sw_1015_2355.utt,2/sw2355,2355,9,b,B,6,1,"{F Oh, } /","Oh/UH ,/,",,
sw10utt/sw_1015_2355.utt,2/sw2355,2355,10,sd,A,7,1,just everything. /,just/RB everything/NN ./.,,
sw10utt/sw_1015_2355.utt,2/sw2355,2355,11,sd^t,B,8,1,I thought we were going to talk about social changes.  /,I/PRP thought/VBD we/PRP were/VBD going/VBG to/TO talk/VB about/IN social/JJ changes/NNS ./.,,
sw10utt/sw_1015_2355.utt,2/sw2355,2355,12,%,B,8,2,"[ Is that, + is that  ] what - /","Is/VBZ that/DT ,/, is/VBZ that/DT what/WP",,
sw10utt/sw_1015_2355.utt,2/sw2355,2355,13,qy,B,8,3,"you're kind,","you/PRP 're/VBP kind/RB ,/RB",,
sw10utt/sw_1015_2355.utt,2/sw2355,2355,14,ny,A,9,1,"Yeah, /","Yeah/UH ,/,",,
sw10utt/sw_1015_2355.utt,2/sw2355,2355,15,+,B,10,1,"of directing it, /","of/IN directing/VBG it/PRP ,/,",,
sw10utt/sw_1015_2355.utt,2/sw2355,2355,16,ny,A,11,1,yeah. /,yeah/UH ./.,,
sw10utt/sw_1015_2355.utt,2/sw2355,2355,17,bk,B,12,1,{F Oh } okay <lipsmack>. /,Oh/UH okay/UH ./.,,
sw10utt/sw_1015_2355.utt,2/sw2355,2355,18,b,A,13,1,"Yeah, /","Yeah/UH ,/,",,
sw10utt/sw_1015_2355.utt,2/sw2355,2355,19,b,B,14,1,Okay  /,Okay/UH,,
sw10utt/sw_1015_2355.utt,2/sw2355,2355,20,sv,B,14,2,"{D well } <laughter>,","well/UH ,/,",,
sw10utt/sw_1015_2355.utt,2/sw2355,2355,21,sd,A,15,1,that's the first thing I thought of <laughter>  /,that/DT 's/BES the/DT first/JJ thing/NN I/PRP thought/VBD of/IN,,
sw10utt/sw_1015_2355.utt,2/sw2355,2355,22,h,A,15,2,I don't know. /,I/PRP do/VBP n't/RB know/VB ./.,,
sw10utt/sw_1015_2355.utt,2/sw2355,2355,23,+,B,16,1,"{F Um. }  {D Well, } I think it's caused a lot of, {D you know, } big difference between when people had gone to war before,","Um/UH ./. Well/UH ,/, I/PRP think/VBP it/PRP 's/HVS caused/VBN a/DT lot/NN of/IN ,/, you/PRP know/VBP ,/, big/JJ difference/NN between/IN when/WRB people/NNS had/VBD gone/VBN to/IN war/NN before/RB ,/,",,
sw10utt/sw_1015_2355.utt,2/sw2355,2355,24,b,A,17,1,Right. /,Right/UH ./.,,
sw10utt/sw_1015_2355.utt,2/sw2355,2355,25,+,B,18,1,{D like } compared to Vietnam  /,like/IN compared/VBD to/IN Vietnam/NNP,,
sw10utt/sw_1015_2355.utt,2/sw2355,2355,26,sv,B,18,2,"{C because, }","because/IN ,/,",,
sw10utt/sw_1015_2355.utt,2/sw2355,2355,27,b,A,19,1,<<Very faint>> Right. /,Right/UH ./.,,
sw10utt/sw_1015_2355.utt,2/sw2355,2355,28,+,B,20,1,"{E I mean, } I know that there was so much more support for the soldiers going over,  /","I/PRP mean/VBP ,/, I/PRP know/VBP that/IN there/EX was/VBD so/RB much/RB more/JJR support/NN for/IN the/DT soldiers/NNS going/VBG over/RB ,/,",,
sw10utt/sw_1015_2355.utt,2/sw2355,2355,29,sv,B,20,2,"{C and } even people that didn't agree with the war still seem to be able to separate that,","and/CC even/JJ people/NNS that/WDT did/VBD n't/RB agree/VB with/IN the/DT war/NN still/RB seem/VB to/TO be/VB able/JJ to/TO separate/VB that/DT ,/,",,
sw10utt/sw_1015_2355.utt,2/sw2355,2355,30,b,A,21,1,Right  /,Right/UH,,
sw10utt/sw_1015_2355.utt,2/sw2355,2355,31,%,A,21,2,"{C and, } -/","and/CC ,/,",,
sw10utt/sw_1015_2355.utt,2/sw2355,2355,32,+,B,22,1,"{D you know, } and support the soldiers,  /","you/PRP know/VBP ,/, and/CC support/VB the/DT soldiers/NNS ,/,",,
sw10utt/sw_1015_2355.utt,2/sw2355,2355,33,%,B,22,2,{C so. } -/,so/RB ./.,,
sw10utt/sw_1015_2355.utt,2/sw2355,2355,34,sd,A,23,1,"I know that, {F uh, }  I've heard people say that {D you know } when people that went to World War Two - /","I/PRP know/VBP that/IN ,/, uh/UH ,/, I/PRP 've/VBP heard/VBN people/NNS say/VBP that/IN you/PRP know/VBP when/WRB people/NNS that/WDT went/VBD to/IN World/NNP War/NNP Two/CD",,
sw10utt/sw_1015_2355.utt,2/sw2355,2355,35,sd,A,23,2,"you couldn't become a political figure or president unless you had <baby_crying> served in the war, /","you/PRP could/MD n't/RB become/VB a/DT political/JJ figure/NN or/CC president/NN unless/IN you/PRP had/VBD served/VBN in/IN the/DT war/NN ,/,",,
sw10utt/sw_1015_2355.utt,2/sw2355,2355,36,b,B,24,1,Yeah. /,Yeah/UH ./.,,
sw10utt/sw_1015_2355.utt,2/sw2355,2355,37,sv,A,25,1,"{C but } then in Vietnam that was totally different, {D you know, }  /","but/CC then/RB in/IN Vietnam/NNP that/WDT was/VBD totally/RB different/JJ ,/, you/PRP know/VBP ,/,",,
sw10utt/sw_1015_2355.utt,2/sw2355,2355,38,sv,A,25,2,you couldn't be a political figure if you were in Vietnam probably. /,you/PRP could/MD n't/RB be/VB a/DT political/JJ figure/NN if/IN you/PRP were/VBD in/IN Vietnam/NNP probably/RB ./.,,
sw10utt/sw_1015_2355.utt,2/sw2355,2355,39,b,B,26,1,"Yeah, /","Yeah/UH ,/,",,
sw10utt/sw_1015_2355.utt,2/sw2355,2355,40,sv,A,27,1,"{C And } now,","And/CC now/RB ,/,",,
sw10utt/sw_1015_2355.utt,2/sw2355,2355,41,b,B,28,1,yeah. /,yeah/UH ./.,,
sw10utt/sw_1015_2355.utt,2/sw2355,2355,42,+,A,29,1,"if you've served in Desert Storm you probably would be [ a, + a  ] good candidate. /","if/IN you/PRP 've/VBP served/VBN in/IN Desert/NNP Storm/NN you/PRP probably/RB would/MD be/VB a/DT ,/, a/DT good/JJ candidate/NN ./.",,
sw10utt/sw_1015_2355.utt,2/sw2355,2355,43,aa,B,30,1,"Yes,  /","Yes/UH ,/,",,
sw10utt/sw_1015_2355.utt,2/sw2355,2355,44,sv,B,30,2,"it would be {D like } a bonus for your,","it/PRP would/MD be/VB like/IN a/DT bonus/NN for/IN your/PRP$ ,/,",,
sw10utt/sw_1015_2355.utt,2/sw2355,2355,45,ba,A,31,1,"[ [ E-, +","E-/XX ,/,",,
sw10utt/sw_1015_2355.utt,2/sw2355,2355,46,+,B,32,1,image or something. /,image/NN or/CC something/NN ./.,,
sw10utt/sw_1015_2355.utt,2/sw2355,2355,47,+,A,33,1,"exactly, ] + exactly. ] /","exactly/UH ,/, exactly/UH ./.",,
sw10utt/sw_1015_2355.utt,2/sw2355,2355,48,b,B,34,1,Yeah  /,Yeah/UH,,
sw10utt/sw_1015_2355.utt,2/sw2355,2355,49,%,B,34,2,"<breathing>, it, - /",",/, it/PRP ,/,",,
sw10utt/sw_1015_2355.utt,2/sw2355,2355,50,sv,B,34,3,"I'm sure it caused a lot of changes in terms of how many families had to have their income,","I/PRP 'm/VBP sure/JJ it/PRP caused/VBD a/DT lot/NN of/IN changes/NNS in/IN terms/NNS of/IN how/WRB many/JJ families/NNS had/VBD to/TO have/VB their/PRP$ income/NN ,/,",,
sw10utt/sw_1015_2355.utt,2/sw2355,2355,51,^2,A,35,1,"{F Oh, } torn apart. - /","Oh/UH ,/, torn/VBN apart/RB ./.",,
sw10utt/sw_1015_2355.utt,2/sw2355,2355,52,%,A,35,2,"{F Oh, } yea-, /","Oh/UH ,/, yea-/UH ,/,",,
sw10utt/sw_1015_2355.utt,2/sw2355,2355,53,+,B,36,1,just drastically altered.  /,just/RB drastically/RB altered/VBN ./.,,
sw10utt/sw_1015_2355.utt,2/sw2355,2355,54,sd,B,36,2,"We had people down the street that the guy was in the reserves and he was just about ready to go and they [ have a, + just had  ] a new baby, /","We/PRP had/VBD people/NNS down/IN the/DT street/NN that/IN the/DT guy/NN was/VBD in/IN the/DT reserves/NNS and/CC he/PRP was/VBD just/RB about/RB ready/JJ to/TO go/VB and/CC they/PRP have/VBP a/DT ,/, just/RB had/VBD a/DT new/JJ baby/NN ,/,",,
sw10utt/sw_1015_2355.utt,2/sw2355,2355,55,b,A,37,1,Uh-huh. /,Uh-huh/UH ./.,,
sw10utt/sw_1015_2355.utt,2/sw2355,2355,56,sd,B,38,1,"{C and, } {F uh, } [ they would have, + she would have  ] had to go back to work  /","and/CC ,/, uh/UH ,/, they/PRP would/MD have/VB ,/, she/PRP would/MD have/VB had/VBN to/TO go/VB back/RB to/TO work/VB",,
sw10utt/sw_1015_2355.utt,2/sw2355,2355,57,sd,B,38,2,"{C and, }","and/CC ,/,",,
sw10utt/sw_1015_2355.utt,2/sw2355,2355,58,b,A,39,1,Right. /,Right/UH ./.,,
sw10utt/sw_1015_2355.utt,2/sw2355,2355,59,+,B,40,1,I think she said their income would have dropped by {D like } two thirds. /,I/PRP think/VBP she/PRP said/VBD their/PRP$ income/NN would/MD have/VB dropped/VBN by/IN like/IN two/CD thirds/NNS ./.,,
sw10utt/sw_1015_2355.utt,2/sw2355,2355,60,%,A,41,1,"{C So } it, - /","So/RB it/PRP ,/,",,
sw10utt/sw_1015_2355.utt,2/sw2355,2355,61,sv,A,41,2,"that's also a good reason why [ it, + it,  ] - /","that/DT 's/BES also/RB a/DT good/JJ reason/NN why/WRB it/PRP ,/, it/PRP ,/,",,
sw10utt/sw_1015_2355.utt,2/sw2355,2355,62,sv,A,41,3,{C or } good that it ended as soon as it did. /,or/CC good/JJ that/IN it/PRP ended/VBD as/RB soon/RB as/IN it/PRP did/VBD ./.,,
sw10utt/sw_1015_2355.utt,2/sw2355,2355,63,b,B,42,1,"Yeah,  /","Yeah/UH ,/,",,
sw10utt/sw_1015_2355.utt,2/sw2355,2355,64,b^r,B,42,2,yeah.  /,yeah/UH ./.,,
sw10utt/sw_1015_2355.utt,2/sw2355,2355,65,sv,B,42,3,"I think the biggest change that we've seen, {F um, } [ in, + in  ] my life or whatever lately is the economy,","I/PRP think/VBP the/DT biggest/JJS change/NN that/WDT we/PRP 've/VBP seen/VBN ,/, um/UH ,/, in/IN ,/, in/IN my/PRP$ life/NN or/CC whatever/WDT lately/RB is/VBZ the/DT economy/NN ,/,",,
sw10utt/sw_1015_2355.utt,2/sw2355,2355,66,b,A,43,1,Uh-huh. /,Uh-huh/UH ./.,,
sw10utt/sw_1015_2355.utt,2/sw2355,2355,67,+@,B,44,1,/,and/CC,,
sw10utt/sw_1015_2355.utt,2/sw2355,2355,68,sv,B,44,2,"{C and } things are so tight,  /","and/CC things/NNS are/VBP so/RB tight/JJ ,/,",,
sw10utt/sw_1015_2355.utt,2/sw2355,2355,69,sd,B,44,3,{C and } {D like } my husband hasn't gotten a raise in two years  /,and/CC like/IN my/PRP$ husband/NN has/VBZ n't/RB gotten/VBN a/DT raise/NN in/IN two/CD years/NNS,,
sw10utt/sw_1015_2355.utt,2/sw2355,2355,70,%,B,44,4,"{C and, }","and/CC ,/,",,
sw10utt/sw_1015_2355.utt,2/sw2355,2355,71,ba,A,45,1,"Exactly, /","Exactly/UH ,/,",,
sw10utt/sw_1015_2355.utt,2/sw2355,2355,72,+,B,46,1,{D you know. } -/,you/PRP know/VBP ./.,,
sw10utt/sw_1015_2355.utt,2/sw2355,2355,73,sv,A,47,1,"{C and } it seems like everything is raising, [ every-, + everything  ] that can be, cigarettes,","and/CC it/PRP seems/VBZ like/IN everything/NN is/VBZ raising/VBG ,/, every-/XX ,/, everything/NN that/WDT can/MD be/VB ,/, cigarettes/NNS ,/,",,
sw10utt/sw_1015_2355.utt,2/sw2355,2355,74,b,B,48,1,Yeah. /,Yeah/UH ./.,,
sw10utt/sw_1015_2355.utt,2/sw2355,2355,75,+,A,49,1,"not that I smoke, but cigarettes, {F um, } {F uh, } stamps,  /","not/RB that/IN I/PRP smoke/VBP ,/, but/CC cigarettes/NNS ,/, um/UH ,/, uh/UH ,/, stamps/NNS ,/,",,
sw10utt/sw_1015_2355.utt,2/sw2355,2355,76,sv,A,49,2,"{E I mean } it seems like  ever-, -/","I/PRP mean/VBP it/PRP seems/VBZ like/IN ever-/NN ,/,",,
sw10utt/sw_1015_2355.utt,2/sw2355,2355,77,sv,B,50,1,Even dog licenses <laughter>  /,Even/RB dog/NN licenses/NNS,,
sw10utt/sw_1015_2355.utt,2/sw2355,2355,78,%,B,50,2,"{E I mean, } -/","I/PRP mean/VBP ,/,",,
sw10utt/sw_1015_2355.utt,2/sw2355,2355,79,aa,A,51,1,"Exactly,  /","Exactly/UH ,/,",,
sw10utt/sw_1015_2355.utt,2/sw2355,2355,80,sv,A,51,2,"everything single thing that we do,","everything/NN single/JJ thing/NN that/WDT we/PRP do/VBP ,/,",,
sw10utt/sw_1015_2355.utt,2/sw2355,2355,81,b,B,52,1,Yeah. /,Yeah/UH ./.,,
sw10utt/sw_1015_2355.utt,2/sw2355,2355,82,+,A,53,1,"is higher, /","is/VBZ higher/JJR ,/,",,
sw10utt/sw_1015_2355.utt,2/sw2355,2355,83,b,B,54,1,Yeah. /,Yeah/UH ./.,,
sw10utt/sw_1015_2355.utt,2/sw2355,2355,84,sd,A,55,1,{D you know. }  {C And } they just raised the minimum wage today  /,you/PRP know/VBP ./. And/CC they/PRP just/RB raised/VBD the/DT minimum/JJ wage/NN today/NN,,
sw10utt/sw_1015_2355.utt,2/sw2355,2355,85,sv,A,55,2,"{C but } that's not {D like, } {D you know, }","but/CC that/DT 's/BES not/RB like/IN ,/, you/PRP know/VBP ,/,",,
sw10utt/sw_1015_2355.utt,2/sw2355,2355,86,^2,B,56,1,"Going to effect too many, -/","Going/VBG to/TO effect/VB too/RB many/JJ ,/,",,
sw10utt/sw_1015_2355.utt,2/sw2355,2355,87,+,A,57,1,as much as they should have raised it I'm sure. /,as/RB much/JJ as/IN they/PRP should/MD have/VB raised/VBN it/PRP I/PRP 'm/VBP sure/JJ ./.,,
sw10utt/sw_1015_2355.utt,2/sw2355,2355,88,b,B,58,1,"Yeah,  /","Yeah/UH ,/,",,
sw10utt/sw_1015_2355.utt,2/sw2355,2355,89,b^r,B,58,2,yeah. /,yeah/UH ./.,,
sw10utt/sw_1015_2355.utt,2/sw2355,2355,90,%,A,59,1,"{C But, } {F uh, } -/","But/CC ,/, uh/UH ,/,",,
sw10utt/sw_1015_2355.utt,2/sw2355,2355,91,sd,B,60,1,"{C So, } that's the hardest thing for us  /","So/RB ,/, that/DT 's/BES the/DT hardest/JJS thing/NN for/IN us/PRP",,
sw10utt/sw_1015_2355.utt,2/sw2355,2355,92,sd,B,60,2,"{C and, } {F um, } we've been trying to kind of maintain traditional lifestyle in the sense of  (( meaning ))  home.  /","and/CC ,/, um/UH ,/, we/PRP 've/VBP been/VBN trying/VBG to/TO kind/RB of/RB maintain/VB traditional/JJ lifestyle/NN in/IN the/DT sense/NN of/IN meaning/VBG home/NN ./.",,
sw10utt/sw_1015_2355.utt,2/sw2355,2355,93,sd,B,60,3,We have a three year old and a two year old  /,We/PRP have/VBP a/DT three/CD year/NN old/JJ and/CC a/DT two/CD year/NN old/JJ,,
sw10utt/sw_1015_2355.utt,2/sw2355,2355,94,sd,B,60,4,"{C and } I'm trying to stay home as long as I can, /","and/CC I/PRP 'm/VBP trying/VBG to/TO stay/VB home/RB as/RB long/RB as/IN I/PRP can/MD ,/,",,
sw10utt/sw_1015_2355.utt,2/sw2355,2355,95,b,A,61,1,Right. /,Right/UH ./.,,
sw10utt/sw_1015_2355.utt,2/sw2355,2355,96,sd,B,62,1,"{C but, } {D you know, } every week <laughter> it gets harder  /","but/CC ,/, you/PRP know/VBP ,/, every/DT week/NN it/PRP gets/VBZ harder/JJR",,
sw10utt/sw_1015_2355.utt,2/sw2355,2355,97,sd,B,62,2,"{C because } I could go out and be making money, /","because/IN I/PRP could/MD go/VB out/RB and/CC be/VB making/VBG money/NN ,/,",,
sw10utt/sw_1015_2355.utt,2/sw2355,2355,98,b,A,63,1,Right.  /,Right/UH ./.,,
sw10utt/sw_1015_2355.utt,2/sw2355,2355,99,b^r,A,63,2,Right. /,Right/UH ./.,,
sw10utt/sw_1015_2355.utt,2/sw2355,2355,100,sd,B,64,1,"{D you know, } {C so } that's a big, {F uh, } stress I think,","you/PRP know/VBP ,/, so/RB that/DT 's/BES a/DT big/JJ ,/, uh/UH ,/, stress/NN I/PRP think/VBP ,/,",,
sw10utt/sw_1015_2355.utt,2/sw2355,2355,101,b,A,65,1,Yeah. /,Yeah/UH ./.,,
sw10utt/sw_1015_2355.utt,2/sw2355,2355,102,+,B,66,1,"{D you know, } for the social changes in our family. /","you/PRP know/VBP ,/, for/IN the/DT social/JJ changes/NNS in/IN our/PRP$ family/NN ./.",,
sw10utt/sw_1015_2355.utt,2/sw2355,2355,103,sd,A,67,1,"[ I don't, +  I don't ] have any children or anything right now  /","I/PRP do/VBP n't/RB ,/, I/PRP do/VBP n't/RB have/VB any/DT children/NNS or/CC anything/NN right/RB now/RB",,
sw10utt/sw_1015_2355.utt,2/sw2355,2355,104,sd,A,67,2,"[ I'm, + {F uh, } I  ] work as a news reporter in Waco, /","I/PRP 'm/VBP ,/, uh/UH ,/, I/PRP work/VBP as/IN a/DT news/NN reporter/NN in/IN Waco/NNP ,/,",,
sw10utt/sw_1015_2355.utt,2/sw2355,2355,105,b,B,68,1,"{F Oh, } /","Oh/UH ,/,",,
sw10utt/sw_1015_2355.utt,2/sw2355,2355,106,%,A,69,1,"{C and } {C so, } -/","and/CC so/RB ,/,",,
sw10utt/sw_1015_2355.utt,2/sw2355,2355,107,b,B,70,1,I see. /,I/PRP see/VBP ./.,,
sw10utt/sw_1015_2355.utt,2/sw2355,2355,108,sd,A,71,1,"I get to see,  /","I/PRP get/VBP to/TO see/VB ,/,",,
sw10utt/sw_1015_2355.utt,2/sw2355,2355,109,sd,A,71,2,"I got to see [ a lot of not firsthand <noise> + ] [ but, + ] {F uh, } probably a good part of the war, {F um, } as far as what people thought about it,","I/PRP got/VBD to/TO see/VB a/DT lot/NN of/IN not/RB firsthand/JJ but/CC ,/, uh/UH ,/, probably/RB a/DT good/JJ part/NN of/IN the/DT war/NN ,/, um/UH ,/, as/RB far/RB as/IN what/WP people/NNS thought/VBD about/IN it/PRP ,/,",,
sw10utt/sw_1015_2355.utt,2/sw2355,2355,110,b,B,72,1,Uh-huh. /,Uh-huh/UH ./.,,
sw10utt/sw_1015_2355.utt,2/sw2355,2355,111,+,A,73,1,"and a lot of things like that,  /","and/CC a/DT lot/NN of/IN things/NNS like/IN that/DT ,/,",,
sw10utt/sw_1015_2355.utt,2/sw2355,2355,112,%,A,73,2,{C so. } -/,so/RB ./.,,
sw10utt/sw_1015_2355.utt,2/sw2355,2355,113,b,B,74,1,"Yeah,  /","Yeah/UH ,/,",,
sw10utt/sw_1015_2355.utt,2/sw2355,2355,114,b^r,B,74,2,yeah.  /,yeah/UH ./.,,
sw10utt/sw_1015_2355.utt,2/sw2355,2355,115,%,B,74,3,"Well i-, -/","Well/UH i-/XX ,/,",,
sw10utt/sw_1015_2355.utt,2/sw2355,2355,116,sd,A,75,1,It was kind of amazing  /,It/PRP was/VBD kind/RB of/RB amazing/JJ,,
sw10utt/sw_1015_2355.utt,2/sw2355,2355,117,sd,A,75,2,"people were coming to me to ask me, {D you know, } what's going on, {D you know, }  like I knew,","people/NNS were/VBD coming/VBG to/IN me/PRP to/TO ask/VB me/PRP ,/, you/PRP know/VBP ,/, what/WP 's/BES going/VBG on/RP ,/, you/PRP know/VBP ,/, like/IN I/PRP knew/VBD ,/,",,
sw10utt/sw_1015_2355.utt,2/sw2355,2355,118,x,B,76,1,<Laughter>.,,,
sw10utt/sw_1015_2355.utt,2/sw2355,2355,119,+,A,77,1,or like I sat in on the meetings or something. /,or/CC like/IN I/PRP sat/VBD in/RB on/IN the/DT meetings/NNS or/CC something/NN ./.,,
sw10utt/sw_1015_2355.utt,2/sw2355,2355,120,b,B,78,1,"Yeah,  /","Yeah/UH ,/,",,
sw10utt/sw_1015_2355.utt,2/sw2355,2355,121,bf,B,78,2,you have an inside track or something. /,you/PRP have/VBP an/DT inside/JJ track/NN or/CC something/NN ./.,,
sw10utt/sw_1015_2355.utt,2/sw2355,2355,122,aa,A,79,1,"Yeah,  /","Yeah/UH ,/,",,
sw10utt/sw_1015_2355.utt,2/sw2355,2355,123,aa^2,A,79,2,yeah.  /,yeah/UH ./.,,
sw10utt/sw_1015_2355.utt,2/sw2355,2355,124,sd,A,79,3,"{C So, } I got to hear a lot of what the people thought about,  {D you know, } changes [ in, + in  ] the war and everything,  /","So/RB ,/, I/PRP got/VBD to/TO hear/VB a/DT lot/NN of/IN what/WP the/DT people/NNS thought/VBD about/IN ,/, you/PRP know/VBP ,/, changes/NNS in/IN ,/, in/IN the/DT war/NN and/CC everything/NN ,/,",,
sw10utt/sw_1015_2355.utt,2/sw2355,2355,125,sv,A,79,4,{C so } that was pretty interesting. /,so/RB that/DT was/VBD pretty/RB interesting/JJ ./.,,
sw10utt/sw_1015_2355.utt,2/sw2355,2355,126,b,B,80,1,"Yeah,  /","Yeah/UH ,/,",,
sw10utt/sw_1015_2355.utt,2/sw2355,2355,127,b^r,B,80,2,yeah.  /,yeah/UH ./.,,
sw10utt/sw_1015_2355.utt,2/sw2355,2355,128,^h,B,80,3,"Let's see,  /","Let/VB 's/PRP see/VB ,/,",,
sw10utt/sw_1015_2355.utt,2/sw2355,2355,129,t1,B,80,4,"what other social changes in the past ten years, {F oh, }  /","what/WP other/JJ social/JJ changes/NNS in/IN the/DT past/JJ ten/CD years/NNS ,/, oh/UH ,/,",,
sw10utt/sw_1015_2355.utt,2/sw2355,2355,130,sd,B,80,5,"I guess between men and women I've seen a lot of changes,","I/PRP guess/VBP between/IN men/NNS and/CC women/NNS I/PRP 've/VBP seen/VBN a/DT lot/NN of/IN changes/NNS ,/,",,
sw10utt/sw_1015_2355.utt,2/sw2355,2355,131,b,A,81,1,Yeah. /,Yeah/UH ./.,,
sw10utt/sw_1015_2355.utt,2/sw2355,2355,132,+,B,82,1,"in terms of women feeling like they have to have a career, be mom, be,","in/IN terms/NNS of/IN women/NNS feeling/VBG like/IN they/PRP have/VBP to/TO have/VB a/DT career/NN ,/, be/VB mom/NN ,/, be/VB ,/,",,
sw10utt/sw_1015_2355.utt,2/sw2355,2355,133,aa,A,83,1,"Exactly,  /","Exactly/UH ,/,",,
sw10utt/sw_1015_2355.utt,2/sw2355,2355,134,^2,A,83,2,"be everything, be supermom, /","be/VB everything/NN ,/, be/VB supermom/NN ,/,",,
sw10utt/sw_1015_2355.utt,2/sw2355,2355,135,+,B,84,1,"everything, superperson <laughter>. /","everything/NN ,/, superperson/NN ./.",,
sw10utt/sw_1015_2355.utt,2/sw2355,2355,136,aa@,A,85,1,exactly.,exactly/UH ./.,,
sw10utt/sw_1015_2355.utt,2/sw2355,2355,137,b,B,86,1,"Yeah,  /","Yeah/UH ,/,",,
sw10utt/sw_1015_2355.utt,2/sw2355,2355,138,sd,B,86,2,"{C because } I know, {D you know, } [ I, + I  ] really get pressure [ from, + ] because I have a career also, /","because/IN I/PRP know/VBP ,/, you/PRP know/VBP ,/, I/PRP ,/, I/PRP really/RB get/VBP pressure/NN from/IN ,/, because/IN I/PRP have/VBP a/DT career/NN also/RB ,/,",,
sw10utt/sw_1015_2355.utt,2/sw2355,2355,139,+@,A,87,1,Uh-huh. /,Uh-huh/UH ./.,,
sw10utt/sw_1015_2355.utt,2/sw2355,2355,140,sd,B,88,1,"{C and } I get a lot of pressure from [ people that, + {D you know, }  my colleagues  ]  /","and/CC I/PRP get/VBP a/DT lot/NN of/IN pressure/NN from/IN people/NNS that/WDT ,/, you/PRP know/VBP ,/, my/PRP$ colleagues/NNS",,
sw10utt/sw_1015_2355.utt,2/sw2355,2355,141,%,B,88,2,that - /,that/WDT,,
sw10utt/sw_1015_2355.utt,2/sw2355,2355,142,sd,B,88,3,"why am I staying home.  {D You know, } /","why/WRB am/VBP I/PRP staying/VBG home/RB ./. You/PRP know/VBP ,/,",,
sw10utt/sw_1015_2355.utt,2/sw2355,2355,143,b,A,89,1,Right.  /,Right/UH ./.,,
sw10utt/sw_1015_2355.utt,2/sw2355,2355,144,%,A,89,2,"{C And, } -/","And/CC ,/,",,
sw10utt/sw_1015_2355.utt,2/sw2355,2355,145,sv,B,90,1,"whereas before that never would have happened <laughter>, /","whereas/IN before/IN that/DT never/RB would/MD have/VB happened/VBN ,/,",,
sw10utt/sw_1015_2355.utt,2/sw2355,2355,146,sv,A,91,1,"Whereas it would have been, -/","Whereas/IN it/PRP would/MD have/VB been/VBN ,/,",,
sw10utt/sw_1015_2355.utt,2/sw2355,2355,147,sv(^q),B,92,1,"people would have said, why are you going to work. /","people/NNS would/MD have/VB said/VBN ,/, why/WRB are/VBP you/PRP going/VBG to/TO work/VB ./.",,
sw10utt/sw_1015_2355.utt,2/sw2355,2355,148,aa,A,93,1,"Exactly, {F um. } /","Exactly/UH ,/, um/UH ./.",,
sw10utt/sw_1015_2355.utt,2/sw2355,2355,149,sv,B,94,1,"{C So, } that's kind of a difference for us.  /","So/RB ,/, that/DT 's/BES kind/RB of/RB a/DT difference/NN for/IN us/PRP ./.",,
sw10utt/sw_1015_2355.utt,2/sw2355,2355,150,sv,B,94,2,"I think there's more pressure [ to, {F um, } not necessarily a negative thing but + on my husband to  ] be more involved with the family. /","I/PRP think/VBP there/EX 's/BES more/JJR pressure/NN to/TO ,/, um/UH ,/, not/RB necessarily/RB a/DT negative/JJ thing/NN but/CC on/IN my/PRP$ husband/NN to/TO be/VB more/RBR involved/JJ with/IN the/DT family/NN ./.",,
sw10utt/sw_1015_2355.utt,2/sw2355,2355,151,b,A,95,1,Right. /,Right/UH ./.,,
sw10utt/sw_1015_2355.utt,2/sw2355,2355,152,%,B,96,1,"{C So } he's, -/","So/RB he/PRP 's/BES ,/,",,
sw10utt/sw_1015_2355.utt,2/sw2355,2355,153,sv,A,97,1,The roles are changing a lot. /,The/DT roles/NNS are/VBP changing/VBG a/DT lot/NN ./.,,
sw10utt/sw_1015_2355.utt,2/sw2355,2355,154,b,B,98,1,"Yeah,  /","Yeah/UH ,/,",,
sw10utt/sw_1015_2355.utt,2/sw2355,2355,155,sd,B,98,2,"he's gotten a lot, {F uh, } {D you know, }  /","he/PRP 's/HVS gotten/VBN a/DT lot/NN ,/, uh/UH ,/, you/PRP know/VBP ,/,",,
sw10utt/sw_1015_2355.utt,2/sw2355,2355,156,sv,B,98,3,"you see all kinds of men being involved in the housework and taking care of the kids and all,  /","you/PRP see/VBP all/DT kinds/NNS of/IN men/NNS being/VBG involved/JJ in/IN the/DT housework/NN and/CC taking/VBG care/NN of/IN the/DT kids/NNS and/CC all/DT ,/,",,
sw10utt/sw_1015_2355.utt,2/sw2355,2355,157,sd,B,98,4,"{C but } in terms of his amount of hours at work, nothing on that has lightened up. /","but/CC in/IN terms/NNS of/IN his/PRP$ amount/NN of/IN hours/NNS at/IN work/NN ,/, nothing/NN on/IN that/DT has/VBZ lightened/VBN up/RP ./.",,
sw10utt/sw_1015_2355.utt,2/sw2355,2355,158,b,A,99,1,Right. /,Right/UH ./.,,
sw10utt/sw_1015_2355.utt,2/sw2355,2355,159,sd,B,100,1,"{C So, } it's now he has the pressure too of being superdad and supercareer  /","So/RB ,/, it/PRP 's/BES now/RB he/PRP has/VBZ the/DT pressure/NN too/RB of/IN being/VBG superdad/NN and/CC supercareer/NN",,
sw10utt/sw_1015_2355.utt,2/sw2355,2355,160,%,B,100,2,"{C and, } -/","and/CC ,/,",,
sw10utt/sw_1015_2355.utt,2/sw2355,2355,161,sv,A,101,1,"{C And } even, {D you know, } I think a lot of the movies we see now [ kind of, + kind of  ] play a good part in our changes  /","And/CC even/RB ,/, you/PRP know/VBP ,/, I/PRP think/VBP a/DT lot/NN of/IN the/DT movies/NNS we/PRP see/VBP now/JJ kind/RB of/RB ,/, kind/RB of/RB play/VBP a/DT good/JJ part/NN in/IN our/PRP$ changes/NNS",,
sw10utt/sw_1015_2355.utt,2/sw2355,2355,162,sd,A,101,2,"{C because, } you see that they have THE THREE MEN AND A BABY type movies. /","because/IN ,/, you/PRP see/VBP that/IN they/PRP have/VBP THE/DT THREE/CD MEN/NNPS AND/CC A/DT BABY/NNP type/NN movies/NNS ./.",,
sw10utt/sw_1015_2355.utt,2/sw2355,2355,163,aa,B,102,1,"Yeah,  /","Yeah/UH ,/,",,
sw10utt/sw_1015_2355.utt,2/sw2355,2355,164,ba,B,102,2,"that's true, /","that/DT 's/BES true/JJ ,/,",,
sw10utt/sw_1015_2355.utt,2/sw2355,2355,165,sv,A,103,1,"{C And } I think, you know that, -/","And/CC I/PRP think/VBP ,/, you/PRP know/VBP that/DT ,/,",,
sw10utt/sw_1015_2355.utt,2/sw2355,2355,166,sd,B,104,1,MISTER MOM  /,MISTER/NNP MOM/NNP,,
sw10utt/sw_1015_2355.utt,2/sw2355,2355,167,%,B,104,2,"{C and, } -/","and/CC ,/,",,
sw10utt/sw_1015_2355.utt,2/sw2355,2355,168,b,A,105,1,"yeah,  /","yeah/UH ,/,",,
sw10utt/sw_1015_2355.utt,2/sw2355,2355,169,sd,A,105,2,"{C and then } you have the women, {F uh, } detectives now  and, {D you know, } different roles, /","and/CC then/RB you/PRP have/VBP the/DT women/NNS ,/, uh/UH ,/, detectives/NNS now/RB and/CC ,/, you/PRP know/VBP ,/, different/JJ roles/NNS ,/,",,
sw10utt/sw_1015_2355.utt,2/sw2355,2355,170,b,B,106,1,Uh-huh. /,Uh-huh/UH ./.,,
sw10utt/sw_1015_2355.utt,2/sw2355,2355,171,%,A,107,1,just in what we see - /,just/RB in/IN what/WP we/PRP see/VBP,,
sw10utt/sw_1015_2355.utt,2/sw2355,2355,172,sv,A,107,2,[ {C and } + {C so }  ] we probably want to do that even more now.,and/CC so/RB we/PRP probably/RB want/VBP to/TO do/VB that/DT even/RB more/RBR now/RB ./.,,
sw10utt/sw_1015_2355.utt,2/sw2355,2355,173,b,B,108,1,"Yeah,  /","Yeah/UH ,/,",,
sw10utt/sw_1015_2355.utt,2/sw2355,2355,174,b^r,B,108,2,yeah. /,yeah/UH ./.,,
sw10utt/sw_1015_2355.utt,2/sw2355,2355,175,+,A,109,1,"{D You know } since the women's movement in the, [ wh-, + ] seventies, /","You/PRP know/VBP since/IN the/DT women/NNS 's/POS movement/NN in/IN the/DT ,/, wh-/XX ,/, seventies/NNS ,/,",,
sw10utt/sw_1015_2355.utt,2/sw2355,2355,176,ba,B,110,1,That's true. /,That/DT 's/BES true/JJ ./.,,
sw10utt/sw_1015_2355.utt,2/sw2355,2355,177,sv,A,111,1,"{C and, } {D you know, } we've come a long way but I think it's [ still a, + still  ] have a good ways to go. /","and/CC ,/, you/PRP know/VBP ,/, we/PRP 've/VBP come/VB a/DT long/JJ way/NN but/CC I/PRP think/VBP it/PRP 's/BES still/RB a/DT ,/, still/RB have/VB a/DT good/JJ ways/NNS to/TO go/VB ./.",,
sw10utt/sw_1015_2355.utt,2/sw2355,2355,178,b,B,112,1,Yeah.  /,Yeah/UH ./.,,
sw10utt/sw_1015_2355.utt,2/sw2355,2355,179,b^r,B,112,2,Yeah. /,Yeah/UH ./.,,
sw10utt/sw_1015_2355.utt,2/sw2355,2355,180,%,A,113,1,"{D So, } -/","So/RB ,/,",,
sw10utt/sw_1015_2355.utt,2/sw2355,2355,181,%,B,114,1,"I think there's still, - /","I/PRP think/VBP there/EX 's/BES still/RB ,/,",,
sw10utt/sw_1015_2355.utt,2/sw2355,2355,182,sd,B,114,2,"[ I, + I  ] know that, {F um, } I grew up in Chicago in the sixties, /","I/PRP ,/, I/PRP know/VBP that/IN ,/, um/UH ,/, I/PRP grew/VBD up/RP in/IN Chicago/NNP in/IN the/DT sixties/NNS ,/,",,
sw10utt/sw_1015_2355.utt,2/sw2355,2355,183,b,A,115,1,Uh-huh. /,Uh-huh/UH ./.,,
sw10utt/sw_1015_2355.utt,2/sw2355,2355,184,%,B,116,1,"{C and } was part, - /","and/CC was/VBD part/NN ,/,",,
sw10utt/sw_1015_2355.utt,2/sw2355,2355,185,sd,B,116,2,"my family was real liberal,  /","my/PRP$ family/NN was/VBD real/RB liberal/JJ ,/,",,
sw10utt/sw_1015_2355.utt,2/sw2355,2355,186,sv,B,116,3,"{C and } I think there's a lot of, {F um, } kind of myths that we've come a long way just in terms of our society,","and/CC I/PRP think/VBP there/EX 's/BES a/DT lot/NN of/IN ,/, um/UH ,/, kind/RB of/RB myths/NNS that/IN we/PRP 've/VBP come/VB a/DT long/JJ way/NN just/RB in/IN terms/NNS of/IN our/PRP$ society/NN ,/,",,
sw10utt/sw_1015_2355.utt,2/sw2355,2355,187,b,A,117,1,Right. /,Right/UH ./.,,
sw10utt/sw_1015_2355.utt,2/sw2355,2355,188,+,B,118,1,"and race relations and things like that,  /","and/CC race/NN relations/NNS and/CC things/NNS like/IN that/DT ,/,",,
sw10utt/sw_1015_2355.utt,2/sw2355,2355,189,sv,B,118,2,"{C and, } {D you know, } I think there's so much prejudice still there, /","and/CC ,/, you/PRP know/VBP ,/, I/PRP think/VBP there/EX 's/BES so/RB much/JJ prejudice/NN still/RB there/RB ,/,",,
sw10utt/sw_1015_2355.utt,2/sw2355,2355,190,b,A,119,1,Yeah. /,Yeah/UH ./.,,
sw10utt/sw_1015_2355.utt,2/sw2355,2355,191,x,B,120,1,/, ,,
sw10utt/sw_1015_2355.utt,2/sw2355,2355,192,sv,B,120,2,{C and } it's kind of more covert now.  /,and/CC it/PRP 's/BES kind/RB of/RB more/RBR covert/JJ now/RB ./.,,
sw10utt/sw_1015_2355.utt,2/sw2355,2355,193,sv,B,120,3,"People used to be more clear and say,","People/NNS used/VBD to/TO be/VB more/RBR clear/JJ and/CC say/VB ,/,",,
sw10utt/sw_1015_2355.utt,2/sw2355,2355,194,aa,A,121,1,Exactly. /,Exactly/UH ./.,,
sw10utt/sw_1015_2355.utt,2/sw2355,2355,195,+,B,122,1,"{D you know, } {D well, } I believe in this or I believe in that, /","you/PRP know/VBP ,/, well/UH ,/, I/PRP believe/VBP in/IN this/DT or/CC I/PRP believe/VBP in/IN that/DT ,/,",,
sw10utt/sw_1015_2355.utt,2/sw2355,2355,196,aa^r,A,123,1,Exactly. /,Exactly/UH ./.,,
sw10utt/sw_1015_2355.utt,2/sw2355,2355,197,sv,B,124,1,"{C and } {D now, } {D you know, } I think there's still tremendous amount of prejudice, /","and/CC now/RB ,/, you/PRP know/VBP ,/, I/PRP think/VBP there/EX 's/BES still/RB tremendous/JJ amount/NN of/IN prejudice/NN ,/,",,
sw10utt/sw_1015_2355.utt,2/sw2355,2355,198,%,A,125,1,"It's just not as, -/","It/PRP 's/BES just/RB not/RB as/IN ,/,",,
sw10utt/sw_1015_2355.utt,2/sw2355,2355,199,sv,B,126,1,"{C but } people think, {F oh, } we're in the nineties, we're beyond all that,  {D you know } <laughter>. /","but/CC people/NNS think/VBP ,/, oh/UH ,/, we/PRP 're/VBP in/IN the/DT nineties/NNS ,/, we/PRP 're/VBP beyond/IN all/DT that/DT ,/, you/PRP know/VBP ./.",,
sw10utt/sw_1015_2355.utt,2/sw2355,2355,200,aa,A,127,1,Exactly.  /,Exactly/UH ./.,,
sw10utt/sw_1015_2355.utt,2/sw2355,2355,201,%,A,127,2,"{C But } it's, - /","But/CC it/PRP 's/BES ,/,",,
sw10utt/sw_1015_2355.utt,2/sw2355,2355,202,sv,A,127,3,"{E I mean } like I say, we've come a long way, but we have, {E I mean, } twice as far to go,","I/PRP mean/VBP like/IN I/PRP say/VBP ,/, we/PRP 've/VBP come/VB a/DT long/JJ way/NN ,/, but/CC we/PRP have/VBP ,/, I/PRP mean/VBP ,/, twice/RB as/IN far/RB to/TO go/VB ,/,",,
sw10utt/sw_1015_2355.utt,2/sw2355,2355,203,b,B,128,1,"Yeah, /","Yeah/UH ,/,",,
sw10utt/sw_1015_2355.utt,2/sw2355,2355,204,+,A,129,1,"still, /","still/RB ,/,",,
sw10utt/sw_1015_2355.utt,2/sw2355,2355,205,b^r,B,130,1,yeah. /,yeah/UH ./.,,
sw10utt/sw_1015_2355.utt,2/sw2355,2355,206,sv,A,131,1,"{C and } I don't think a lot of people, {D you know, } realize [ a lot, + the plight of a lot  ] of people.","and/CC I/PRP do/VBP n't/RB think/VB a/DT lot/NN of/IN people/NNS ,/, you/PRP know/VBP ,/, realize/VB a/DT lot/NN ,/, the/DT plight/NN of/IN a/DT lot/NN of/IN people/NNS ./.",,
sw10utt/sw_1015_2355.utt,2/sw2355,2355,207,b,B,132,1,Yeah. /,Yeah/UH ./.,,
sw10utt/sw_1015_2355.utt,2/sw2355,2355,208,+,A,133,1,"{D You know, } {C and } you may be in good standing and everything may look hunky-dory to you,","You/PRP know/VBP ,/, and/CC you/PRP may/MD be/VB in/IN good/JJ standing/NN and/CC everything/NN may/MD look/VB hunky-dory/JJ to/IN you/PRP ,/,",,
sw10utt/sw_1015_2355.utt,2/sw2355,2355,209,^2,B,134,1,"# But there's so many more people, #","But/CC there/EX 's/BES so/RB many/RB more/JJR people/NNS ,/,",,
sw10utt/sw_1015_2355.utt,2/sw2355,2355,210,+,A,135,1,"# but there's so many more people, #","but/CC there/EX 's/BES so/RB many/RB more/JJR people/NNS ,/,",,
sw10utt/sw_1015_2355.utt,2/sw2355,2355,211,+,B,136,1,that are homeless   /,that/WDT are/VBP homeless/JJ,,
sw10utt/sw_1015_2355.utt,2/sw2355,2355,212,%,B,136,2,"{C and, } -/","and/CC ,/,",,
sw10utt/sw_1015_2355.utt,2/sw2355,2355,213,+@,A,137,1,"{D exactly, } [ that you don't even, +   *[[slash marks right? Should there be one after 'exactly'?]]","exactly/UH ,/, that/WDT you/PRP do/VBP n't/RB even/RB ,/,",,
sw10utt/sw_1015_2355.utt,2/sw2355,2355,214,b,B,138,1,Yeah. /,Yeah/UH ./.,,
sw10utt/sw_1015_2355.utt,2/sw2355,2355,215,+,A,139,1,[ and + ] that you don't even  ] see or know about. /,and/CC that/WDT you/PRP do/VBP n't/RB even/RB see/VB or/CC know/VB about/IN ./.,,
sw10utt/sw_1015_2355.utt,2/sw2355,2355,216,b,B,140,1,Yeah.  /,Yeah/UH ./.,,
sw10utt/sw_1015_2355.utt,2/sw2355,2355,217,sv,B,140,2,"It's real easy to get isolated in your own little community, /","It/PRP 's/BES real/RB easy/JJ to/TO get/VB isolated/JJ in/IN your/PRP$ own/JJ little/JJ community/NN ,/,",,
sw10utt/sw_1015_2355.utt,2/sw2355,2355,218,ba,A,141,1,"{F Oh, } {F oh, } yeah. /","Oh/UH ,/, oh/UH ,/, yeah/UH ./.",,
sw10utt/sw_1015_2355.utt,2/sw2355,2355,219,sd,B,142,1,"{D you know, } {C because } [ wh-, + when  ] I was growing up in Chicago, {F um, } we were in a real ethnic neighborhood  /","you/PRP know/VBP ,/, because/IN wh-/XX ,/, when/WRB I/PRP was/VBD growing/VBG up/RP in/IN Chicago/NNP ,/, um/UH ,/, we/PRP were/VBD in/IN a/DT real/RB ethnic/JJ neighborhood/NN",,
sw10utt/sw_1015_2355.utt,2/sw2355,2355,220,sd,B,142,2,"{C and } there were people from [ all, + {A first generation Chinese, German, {D you know } } all  ] different nationalities,","and/CC there/EX were/VBD people/NNS from/IN all/DT ,/, first/JJ generation/NN Chinese/JJ ,/, German/JJ ,/, you/PRP know/VBP all/RB different/JJ nationalities/NNS ,/,",,
sw10utt/sw_1015_2355.utt,2/sw2355,2355,221,b,A,143,1,Uh-huh. /,Uh-huh/UH ./.,,
sw10utt/sw_1015_2355.utt,2/sw2355,2355,222,+,B,144,1,and everything. /,and/CC everything/NN ./.,,
sw10utt/sw_1015_2355.utt,2/sw2355,2355,223,b,A,145,1,Uh-huh. /,Uh-huh/UH ./.,,
sw10utt/sw_1015_2355.utt,2/sw2355,2355,224,sd,B,146,1,"{C And } now we're kind of {D like } in Lewisville, Miss White Little suburbia,","And/CC now/RB we/PRP 're/VBP kind/RB of/RB like/IN in/IN Lewisville/NNP ,/, Miss/NN White/JJ Little/JJ suburbia/NN ,/,",,
sw10utt/sw_1015_2355.utt,2/sw2355,2355,225,b,A,147,1,<Laughter> Yeah. /,Yeah/UH ./.,,
sw10utt/sw_1015_2355.utt,2/sw2355,2355,226,+,B,148,1,{D you know. }  /,you/PRP know/VBP ./.,,
sw10utt/sw_1015_2355.utt,2/sw2355,2355,227,sd,B,148,2,"{E I mean } I don't even know anybody [ that + ] <laughter>,","I/PRP mean/VBP I/PRP do/VBP n't/RB even/RB know/VB anybody/NN that/WDT ,/,",,
sw10utt/sw_1015_2355.utt,2/sw2355,2355,228,b,A,149,1,<<Very faint>> Yeah. /,Yeah/UH ./.,,
sw10utt/sw_1015_2355.utt,2/sw2355,2355,229,+,B,150,1,"(( {D you know } )) , from any place other than Texas hardly,","you/PRP know/VBP ,/, from/IN any/DT place/NN other/JJ than/IN Texas/NNP hardly/RB ,/,",,
sw10utt/sw_1015_2355.utt,2/sw2355,2355,230,sd,A,151,1,"I grew up [ in, +","I/PRP grew/VBD up/RP in/IN ,/,",,
sw10utt/sw_1015_2355.utt,2/sw2355,2355,231,+,B,152,1,{D you know. } /,you/PRP know/VBP ./.,,
sw10utt/sw_1015_2355.utt,2/sw2355,2355,232,+,A,153,1,"in ] Brooklyn, New York, /","in/IN Brooklyn/NNP ,/, New/NNP York/NNP ,/,",,
sw10utt/sw_1015_2355.utt,2/sw2355,2355,233,ba,B,154,1,"{F Oh, } boy. /","Oh/UH ,/, boy/UH ./.",,
sw10utt/sw_1015_2355.utt,2/sw2355,2355,234,sd,A,155,1,"{C and } {C so } [ I was just, + I was just  ] surrounded, {D you know, } by Black people, /","and/CC so/RB I/PRP was/VBD just/RB ,/, I/PRP was/VBD just/RB surrounded/VBN ,/, you/PRP know/VBP ,/, by/IN Black/JJ people/NNS ,/,",,
sw10utt/sw_1015_2355.utt,2/sw2355,2355,235,b,B,156,1,Yeah. /,Yeah/UH ./.,,
sw10utt/sw_1015_2355.utt,2/sw2355,2355,236,sd,A,157,1,"{C because } I'm Black,  /","because/IN I/PRP 'm/VBP Black/JJ ,/,",,
sw10utt/sw_1015_2355.utt,2/sw2355,2355,237,sd,A,157,2,"{C and } {C so, } {D you know } [ I lived, + that's where I lived.  ] /","and/CC so/RB ,/, you/PRP know/VBP I/PRP lived/VBD ,/, that/DT 's/BES where/WRB I/PRP lived/VBD ./.",,
sw10utt/sw_1015_2355.utt,2/sw2355,2355,238,b,B,158,1,Yeah. /,Yeah/UH ./.,,
sw10utt/sw_1015_2355.utt,2/sw2355,2355,239,sd,A,159,1,"[ {C And } + {C so }  ] {D now, } [ I, + I  ] feel lucky {D actually } because I've almost lived around everyone.  /","And/CC so/RB now/RB ,/, I/PRP ,/, I/PRP feel/VBP lucky/JJ actually/UH because/IN I/PRP 've/VBP almost/RB lived/VBN around/IN everyone/NN ./.",,
sw10utt/sw_1015_2355.utt,2/sw2355,2355,240,sd,A,159,2,"[ I've, +  I  ] went to U T to college, /","I/PRP 've/VBP ,/, I/PRP went/VBD to/IN U/NNP T/NNP to/IN college/NN ,/,",,
sw10utt/sw_1015_2355.utt,2/sw2355,2355,241,b,B,160,1,Oh. /,Oh/UH ./.,,
sw10utt/sw_1015_2355.utt,2/sw2355,2355,242,sd,A,161,1,"{C and } {C so } [ they, + {D you know, } they  ] have a lot of  different people go there,","and/CC so/RB they/PRP ,/, you/PRP know/VBP ,/, they/PRP have/VBP a/DT lot/NN of/IN different/JJ people/NNS go/VB there/RB ,/,",,
sw10utt/sw_1015_2355.utt,2/sw2355,2355,243,b,B,162,1,Yeah. /,Yeah/UH ./.,,
sw10utt/sw_1015_2355.utt,2/sw2355,2355,244,+,A,163,1,different kinds of people.  /,different/JJ kinds/NNS of/IN people/NNS ./.,,
sw10utt/sw_1015_2355.utt,2/sw2355,2355,245,sd,A,163,2,"{C And } {C so } I feel really enriched in that a lot of people don't get to see, -/","And/CC so/RB I/PRP feel/VBP really/RB enriched/JJ in/IN that/IN a/DT lot/NN of/IN people/NNS do/VBP n't/RB get/VB to/TO see/VB ,/,",,
sw10utt/sw_1015_2355.utt,2/sw2355,2355,246,b,B,164,1,Yeah. /,Yeah/UH ./.,,
sw10utt/sw_1015_2355.utt,2/sw2355,2355,247,sd,A,165,1,"{D you know, } some people have lived in Lewisville all their life, # {D you know, } #","you/PRP know/VBP ,/, some/DT people/NNS have/VBP lived/VBN in/IN Lewisville/NNP all/DT their/PRP$ life/NN ,/, you/PRP know/VBP ,/,",,
sw10utt/sw_1015_2355.utt,2/sw2355,2355,248,b,B,166,1,"# Yeah,  /","Yeah/UH ,/,",,
sw10utt/sw_1015_2355.utt,2/sw2355,2355,249,sv,B,166,2,"{C and } [ they, # +","and/CC they/PRP ,/,",,
sw10utt/sw_1015_2355.utt,2/sw2355,2355,250,+,A,167,1,"# and [ so + ] they don't get to see, # -/","and/CC so/RB they/PRP do/VBP n't/RB get/VB to/TO see/VB ,/,",,
sw10utt/sw_1015_2355.utt,2/sw2355,2355,251,+,B,168,1,"# they  ] think the whole world, # <laughter>, is like that. /","they/PRP think/VBP the/DT whole/JJ world/NN ,/, ,/, is/VBZ like/IN that/DT ./.",,
sw10utt/sw_1015_2355.utt,2/sw2355,2355,252,ba,A,169,1,"Exactly <laughter>.  {C And } th-, -/","Exactly/UH ./. And/CC th-/XX ,/,",,
sw10utt/sw_1015_2355.utt,2/sw2355,2355,253,sd,B,170,1,We lived in a dorm.   /,We/PRP lived/VBD in/IN a/DT dorm/NN ./.,,
sw10utt/sw_1015_2355.utt,2/sw2355,2355,254,sd,B,170,2,"My husband and I met in graduate school,","My/PRP$ husband/NN and/CC I/PRP met/VBD in/IN graduate/NN school/NN ,/,",,
sw10utt/sw_1015_2355.utt,2/sw2355,2355,255,b,A,171,1,Uh-huh. /,Uh-huh/UH ./.,,
sw10utt/sw_1015_2355.utt,2/sw2355,2355,256,+,B,172,1,at Indiana University  /,at/IN Indiana/NNP University/NNP,,
sw10utt/sw_1015_2355.utt,2/sw2355,2355,257,sd,B,172,2,"{C and } [ I was, + ours was,  ] {F uh, } international [ co-, +  {D you know, } co-ed  ] dorm, /","and/CC I/PRP was/VBD ,/, ours/PRP was/VBD ,/, uh/UH ,/, international/JJ co-/XX ,/, you/PRP know/VBP ,/, co-ed/JJ dorm/NN ,/,",,
sw10utt/sw_1015_2355.utt,2/sw2355,2355,258,b,A,173,1,Uh-huh. /,Uh-huh/UH ./.,,
sw10utt/sw_1015_2355.utt,2/sw2355,2355,259,sd,B,174,1,"{C and } there were twelve hundred students,  /","and/CC there/EX were/VBD twelve/CD hundred/CD students/NNS ,/,",,
sw10utt/sw_1015_2355.utt,2/sw2355,2355,260,sd,B,174,2,they're graduate students from all over the world.  /,they/PRP 're/VBP graduate/JJ students/NNS from/IN all/RB over/IN the/DT world/NN ./.,,
sw10utt/sw_1015_2355.utt,2/sw2355,2355,261,sd,B,174,3,"{C And } once we came here it was {D like, } - /","And/CC once/RB we/PRP came/VBD here/RB it/PRP was/VBD like/IN ,/,",,
sw10utt/sw_1015_2355.utt,2/sw2355,2355,262,^h,B,174,4,"gosh,  /","gosh/UH ,/,",,
sw10utt/sw_1015_2355.utt,2/sw2355,2355,263,sd,B,174,5,"I just miss that, /","I/PRP just/RB miss/VBP that/DT ,/,",,
sw10utt/sw_1015_2355.utt,2/sw2355,2355,264,ba,A,175,1,<Laughter> Exactly. /,Exactly/UH ./.,,
sw10utt/sw_1015_2355.utt,2/sw2355,2355,265,sv,B,176,1,"{C because } it really is exciting,","because/IN it/PRP really/RB is/VBZ exciting/JJ ,/,",,
sw10utt/sw_1015_2355.utt,2/sw2355,2355,266,aa,A,177,1,It is. /,It/PRP is/VBZ ./.,,
sw10utt/sw_1015_2355.utt,2/sw2355,2355,267,+,B,178,1,to be around people of different cultures and different backgrounds.  /,to/TO be/VB around/IN people/NNS of/IN different/JJ cultures/NNS and/CC different/JJ backgrounds/NNS ./.,,
sw10utt/sw_1015_2355.utt,2/sw2355,2355,268,sd,B,178,2,"We got invited to, - /","We/PRP got/VBD invited/VBN to/IN ,/,",,
sw10utt/sw_1015_2355.utt,2/sw2355,2355,269,sd,B,178,3,"one guy practically roasted a goat [ in his, + in his  ] dorm  /","one/CD guy/NN practically/RB roasted/VBD a/DT goat/NN in/IN his/PRP$ ,/, in/IN his/PRP$ dorm/NN",,
sw10utt/sw_1015_2355.utt,2/sw2355.pos,2355,270,x,B,178,4,<laughter>.,./.
sw10utt/sw_1015_2355.utt,2/sw2355,2355,271,ba,A,179,1,"{F Oh, } my God. /","Oh/UH ,/, my/PRP$ God/NNP ./.",,
sw10utt/sw_1015_2355.utt,2/sw2355,2355,272,sd,B,180,1,"(( I wonder if he was ))  from, Iran, or some place,  /","I/PRP wonder/VBP if/IN he/PRP was/VBD from/IN ,/, Iran/NNP ,/, or/CC some/DT place/NN ,/,",,
sw10utt/sw_1015_2355.utt,2/sw2355,2355,273,h,B,180,2,I don't know where  /,I/PRP do/VBP n't/RB know/VB where/WRB,,
sw10utt/sw_1015_2355.utt,2/sw2355,2355,274,%@,B,180,3,"{C but, } {F um, } {D you know. }","but/CC ,/, um/UH ,/, you/PRP know/VBP ./.",,
sw10utt/sw_1015_2355.utt,2/sw2355,2355,275,sd,A,181,1,"{D Well, } there's so many people who have never, {D you know, } even gotten to do that, /","Well/UH ,/, there/EX 's/BES so/RB many/JJ people/NNS who/WP have/VBP never/RB ,/, you/PRP know/VBP ,/, even/RB gotten/VBN to/TO do/VB that/DT ,/,",,
sw10utt/sw_1015_2355.utt,2/sw2355,2355,276,+@,B,182,1,"Yeah, /","Yeah/UH ,/,",,
sw10utt/sw_1015_2355.utt,2/sw2355,2355,277,sv,A,183,1,{C so } that's great. /,so/RB that/DT 's/BES great/JJ ./.,,
sw10utt/sw_1015_2355.utt,2/sw2355,2355,278,b,B,184,1,yeah. /,yeah/UH ./.,,
sw10utt/sw_1015_2355.utt,2/sw2355,2355,279,sd,A,185,1,"My sister was telling me [ she met a gi-, + she's  ] going to the University of Pennsylvania [ in, + in  ] Philadelphia, /","My/PRP$ sister/NN was/VBD telling/VBG me/PRP she/PRP met/VBD a/DT gi-/XX ,/, she/PRP 's/BES going/VBG to/IN the/DT University/NNP of/IN Pennsylvania/NNP in/IN ,/, in/IN Philadelphia/NNP ,/,",,
sw10utt/sw_1015_2355.utt,2/sw2355,2355,280,b,B,186,1,"{F Oh, } uh-huh. /","Oh/UH ,/, uh-huh/UH ./.",,
sw10utt/sw_1015_2355.utt,2/sw2355,2355,281,sd,A,187,1,"{C and, } {F uh, } she just met a girl from, {F um, } I think, Barbados or Jamaica, {C or } something,","and/CC ,/, uh/UH ,/, she/PRP just/RB met/VBD a/DT girl/NN from/IN ,/, um/UH ,/, I/PRP think/VBP ,/, Barbados/NNP or/CC Jamaica/NNP ,/, or/CC something/NN ,/,",,
sw10utt/sw_1015_2355.utt,2/sw2355,2355,282,b,B,188,1,Oh. /,Oh/UH ./.,,
sw10utt/sw_1015_2355.utt,2/sw2355,2355,283,+,A,189,1,like that.  /,like/IN that/DT ./.,,
sw10utt/sw_1015_2355.utt,2/sw2355,2355,284,sd,A,189,2,"{C And } I mean this girl she had {D like } two outfits that she would just wear all the time,","And/CC I/PRP mean/VBP this/DT girl/NN she/PRP had/VBD like/IN two/CD outfits/NN that/WDT she/PRP would/MD just/RB wear/VB all/PDT the/DT time/NN ,/,",,
sw10utt/sw_1015_2355.utt,2/sw2355,2355,285,b,B,190,1,"Yeah, /","Yeah/UH ,/,",,
sw10utt/sw_1015_2355.utt,2/sw2355,2355,286,+,A,191,1,and everything  /,and/CC everything/NN,,
sw10utt/sw_1015_2355.utt,2/sw2355,2355,287,sd,A,191,2,"{C and, }","and/CC ,/,",,
sw10utt/sw_1015_2355.utt,2/sw2355,2355,288,b,B,192,1,yeah. /,yeah/UH ./.,,
sw10utt/sw_1015_2355.utt,2/sw2355,2355,289,+,A,193,1,she got some kind of money from her government {D like } five hundred dollars.  /,she/PRP got/VBD some/DT kind/NN of/IN money/NN from/IN her/PRP$ government/NN like/IN five/CD hundred/CD dollars/NNS ./.,,
sw10utt/sw_1015_2355.utt,2/sw2355,2355,290,sd,A,193,2,"{C So } my sister had to take her shopping and, {D you know, }  show her what to wear, show   her how to match up colors  /","So/RB my/PRP$ sister/NN had/VBD to/TO take/VB her/PRP$ shopping/VBG and/CC ,/, you/PRP know/VBP ,/, show/VB her/PRP$ what/WP to/TO wear/VB ,/, show/VB her/PRP$ how/WRB to/TO match/VB up/RP colors/NNS",,
sw10utt/sw_1015_2355.utt,2/sw2355,2355,291,sd,A,193,3,"{C and, }","and/CC ,/,",,
sw10utt/sw_1015_2355.utt,2/sw2355,2355,292,ba,B,194,1,"{F Oh, } God. /","Oh/UH ,/, God/UH ./.",,
sw10utt/sw_1015_2355.utt,2/sw2355,2355,293,+,A,195,1,"I just thought that was so very exciting,","I/PRP just/RB thought/VBD that/DT was/VBD so/RB very/RB exciting/JJ ,/,",,
sw10utt/sw_1015_2355.utt,2/sw2355,2355,294,b,B,196,1,"Yeah,  /","Yeah/UH ,/,",,
sw10utt/sw_1015_2355.utt,2/sw2355,2355,295,b^r,B,196,2,yeah. /,yeah/UH ./.,,
sw10utt/sw_1015_2355.utt,2/sw2355,2355,296,+,A,197,1,"you {D know, } to go [ and, + and  ] just witness, {D you know, } this girl just coming to America type thing, {D you know. } /","you/PRP know/VBP ,/, to/TO go/VB and/CC ,/, and/CC just/RB witness/VB ,/, you/PRP know/VBP ,/, this/DT girl/NN just/RB coming/VBG to/IN America/NNP type/NN thing/NN ,/, you/PRP know/VBP ./.",,
sw10utt/sw_1015_2355.utt,2/sw2355,2355,297,b,B,198,1,"Yeah,  /","Yeah/UH ,/,",,
sw10utt/sw_1015_2355.utt,2/sw2355,2355,298,b,B,198,2,really <laughter>. /,really/UH ./.,,
sw10utt/sw_1015_2355.utt,2/sw2355,2355,299,sd,A,199,1,"<Laughter> {C So, } {D you know, } I would have loved [ it, + ] the opportunity to do that, /","So/RB ,/, you/PRP know/VBP ,/, I/PRP would/MD have/VB loved/VBN it/PRP ,/, the/DT opportunity/NN to/TO do/VB that/DT ,/,",,
sw10utt/sw_1015_2355.utt,2/sw2355,2355,300,sd,B,200,1,"That is part,","That/DT is/VBZ part/NN ,/,",,
sw10utt/sw_1015_2355.utt,2/sw2355,2355,301,%,A,201,1,"{C but, } -/","but/CC ,/,",,
sw10utt/sw_1015_2355.utt,2/sw2355,2355,302,+,B,202,1,"of the change I think that I've seen probably, {D you know, } in the past twenty years or whatever, is now kids have to have so much.  /","of/IN the/DT change/NN I/PRP think/VBP that/IN I/PRP 've/VBP seen/VBN probably/RB ,/, you/PRP know/VBP ,/, in/IN the/DT past/JJ twenty/CD years/NNS or/CC whatever/WDT ,/, is/VBZ now/RB kids/NNS have/VBP to/TO have/VB so/RB much/JJ ./.",,
sw10utt/sw_1015_2355.utt,2/sw2355,2355,303,sd,B,202,2,"{E I mean } I even get caught up in it with our kids,","I/PRP mean/VBP I/PRP even/RB get/VBP caught/VBN up/RP in/IN it/PRP with/IN our/PRP$ kids/NNS ,/,",,
sw10utt/sw_1015_2355.utt,2/sw2355,2355,304,b,A,203,1,"{F Oh, } yeah. /","Oh/UH ,/, yeah/UH ./.",,
sw10utt/sw_1015_2355.utt,2/sw2355,2355,305,+,B,204,1,"even though I buy most of the things at garage sales for their Christmas, /","even/RB though/IN I/PRP buy/VBP most/JJS of/IN the/DT things/NNS at/IN garage/NN sales/NNS for/IN their/PRP$ Christmas/NNP ,/,",,
sw10utt/sw_1015_2355.utt,2/sw2355,2355,306,b,A,205,1,Uh-huh. /,Uh-huh/UH ./.,,
sw10utt/sw_1015_2355.utt,2/sw2355,2355,307,sv,B,206,1,"{E I mean, } people [ ha-, + ] {D you know } think they're kids have to have five, <laughter>, hundred dollars worth of toys. /","I/PRP mean/VBP ,/, people/NNS ha-/XX ,/, you/PRP know/VBP think/VBP they/PRP 're/VBP kids/NNS have/VBP to/TO have/VB five/CD ,/, ,/, hundred/CD dollars/NNS worth/JJ of/IN toys/NNS ./.",,
sw10utt/sw_1015_2355.utt,2/sw2355,2355,308,sv,A,207,1,"((   ))  the latest cereal about,  {D you know, } th-, -/","MUMBLEx/XX the/DT latest/JJS cereal/NN about/IN ,/, you/PRP know/VBP ,/, th-/XX ,/,",,
sw10utt/sw_1015_2355.utt,2/sw2355,2355,309,b,B,208,1,"{F Oh, } yeah,  /","Oh/UH ,/, yeah/UH ,/,",,
sw10utt/sw_1015_2355.utt,2/sw2355,2355,310,%,B,208,2,"it's just, -/","it/PRP 's/BES just/RB ,/,",,
sw10utt/sw_1015_2355.utt,2/sw2355,2355,311,b,A,209,1,"Yeah,  /","Yeah/UH ,/,",,
sw10utt/sw_1015_2355.utt,2/sw2355,2355,312,sv,A,209,2,"that's ridiculous,","that/DT 's/BES ridiculous/JJ ,/,",,
sw10utt/sw_1015_2355.utt,2/sw2355,2355,313,%,B,210,1,"[ it, + it's,  ] -/","it/PRP ,/, it/PRP 's/BES ,/,",,
sw10utt/sw_1015_2355.utt,2/sw2355,2355,314,+,A,211,1,too.  /,too/RB ./.,,
sw10utt/sw_1015_2355.utt,2/sw2355,2355,315,sd,A,211,2,"When I first moved here I was only thirteen but, everyone had a car in school, {D you know, } /","When/WRB I/PRP first/JJ moved/VBD here/RB I/PRP was/VBD only/RB thirteen/CD but/CC ,/, everyone/NN had/VBD a/DT car/NN in/IN school/NN ,/, you/PRP know/VBP ,/,",,
sw10utt/sw_1015_2355.utt,2/sw2355,2355,316,ba,B,212,1,"{F Oh, } gosh. /","Oh/UH ,/, gosh/UH ./.",,
sw10utt/sw_1015_2355.utt,2/sw2355,2355,317,sd,A,213,1,"[ {C and } I couldn't, + {C and } I just couldn't  ] belie-, {D you know, }  /","and/CC I/PRP could/MD n't/RB ,/, and/CC I/PRP just/RB could/MD n't/RB belie/VB ,/, you/PRP know/VBP ,/,",,
sw10utt/sw_1015_2355.utt,2/sw2355,2355,318,sd,A,213,2,"I was from New York [ {C and } + {C so, }  ] {D you know, } we road the bus. /","I/PRP was/VBD from/IN New/NNP York/NNP and/CC so/RB ,/, you/PRP know/VBP ,/, we/PRP road/VBD the/DT bus/NN ./.",,
sw10utt/sw_1015_2355.utt,2/sw2355,2355,319,b,B,214,1,"Yeah,  /","Yeah/UH ,/,",,
sw10utt/sw_1015_2355.utt,2/sw2355,2355,320,sd,B,214,2,"me too, /","me/PRP too/RB ,/,",,
sw10utt/sw_1015_2355.utt,2/sw2355,2355,321,%,A,215,1,"{C And } if you had a ca-, -/","And/CC if/IN you/PRP had/VBD a/DT ca-/NN ,/,",,
sw10utt/sw_1015_2355.utt,2/sw2355,2355,322,sd,B,216,1,"in Chicago <laughter>,","in/IN Chicago/NNP ,/,",,
sw10utt/sw_1015_2355.utt,2/sw2355,2355,323,b,A,217,1,Yeah. /,Yeah/UH ./.,,
sw10utt/sw_1015_2355.utt,2/sw2355,2355,324,+,B,218,1,I didn't even date a guy that had a car until I was in college <laughter>. /,I/PRP did/VBD n't/RB even/RB date/VB a/DT guy/NN that/WDT had/VBD a/DT car/NN until/IN I/PRP was/VBD in/IN college/NN ./.,,
sw10utt/sw_1015_2355.utt,2/sw2355,2355,325,aa,A,219,1,<Laughter> Exactly.  /,Exactly/UH ./.,,
sw10utt/sw_1015_2355.utt,2/sw2355,2355,326,sd,A,219,2,"{C And } if you had a car [ y-, + ] there was nowhere to park it anyway  /","And/CC if/IN you/PRP had/VBD a/DT car/NN y-/XX ,/, there/EX was/VBD nowhere/RB to/TO park/VB it/PRP anyway/RB",,
sw10utt/sw_1015_2355.utt,2/sw2355,2355,327,%,A,219,3,"{C or, } {D you know, } it's just, - /","or/CC ,/, you/PRP know/VBP ,/, it/PRP 's/BES just/RB ,/,",,
sw10utt/sw_1015_2355.utt,2/sw2355,2355,328,sd,A,219,4,"you just didn't have a car, /","you/PRP just/RB did/VBD n't/RB have/VB a/DT car/NN ,/,",,
sw10utt/sw_1015_2355.utt,2/sw2355,2355,329,b,B,220,1,Yeah. /,Yeah/UH ./.,,
sw10utt/sw_1015_2355.utt,2/sw2355,2355,330,sd,A,221,1,{C but } then we came here and they had parking lots in the schools  /,but/CC then/RB we/PRP came/VBD here/RB and/CC they/PRP had/VBD parking/NN lots/NNS in/IN the/DT schools/NNS,,
sw10utt/sw_1015_2355.utt,2/sw2355,2355,331,sd,A,221,2,{C and } I couldn't understand it. /,and/CC I/PRP could/MD n't/RB understand/VB it/PRP ./.,,
sw10utt/sw_1015_2355.utt,2/sw2355,2355,332,b,B,222,1,Yeah. /,Yeah/UH ./.,,
sw10utt/sw_1015_2355.utt,2/sw2355,2355,333,sd,A,223,1,"{D You know, } all the kids had cars, /","You/PRP know/VBP ,/, all/PDT the/DT kids/NNS had/VBD cars/NNS ,/,",,
sw10utt/sw_1015_2355.utt,2/sw2355,2355,334,b,B,224,1,Yeah. /,Yeah/UH ./.,,
sw10utt/sw_1015_2355.utt,2/sw2355,2355,335,sd,A,225,1,"{C and } they, {D you know, } have to have a car. /","and/CC they/PRP ,/, you/PRP know/VBP ,/, have/VBP to/TO have/VB a/DT car/NN ./.",,
sw10utt/sw_1015_2355.utt,2/sw2355,2355,336,ba,B,226,1,"{F Oh, } gosh, /","Oh/UH ,/, gosh/UH ,/,",,
sw10utt/sw_1015_2355.utt,2/sw2355,2355,337,sd,A,227,1,"{C So } that was, -/","So/RB that/DT was/VBD ,/,",,
sw10utt/sw_1015_2355.utt,2/sw2355,2355,338,sd,B,228,1,"my kids are going to be hating me, /","my/PRP$ kids/NNS are/VBP going/VBG to/TO be/VB hating/VBG me/PRP ,/,",,
sw10utt/sw_1015_2355.utt,2/sw2355,2355,339,x,A,229,1,<Laughter>.,,,
sw10utt/sw_1015_2355.utt,2/sw2355,2355,340,sd(^q),B,230,1,"I'll give them a bike and say,","I/PRP 'll/MD give/VB them/PRP a/DT bike/NN and/CC say/VB ,/,",,
sw10utt/sw_1015_2355.utt,2/sw2355,2355,341,b,A,231,1,Yeah  /,Yeah/UH,,
sw10utt/sw_1015_2355.utt,2/sw2355,2355,342,b^r,A,231,2,"<laughter>, yeah,  /",",/, yeah/UH ,/,",,
sw10utt/sw_1015_2355.utt,2/sw2355,2355,343,b,A,231,3,right. /,right/UH ./.,,
sw10utt/sw_1015_2355.utt,2/sw2355,2355,344,+,B,232,1,here's it  /,here/RB 's/BES it/PRP,,
sw10utt/sw_1015_2355.utt,2/sw2355,2355,345,^q,B,232,2,"{C so } you can afford to pay the insurance,","so/RB you/PRP can/MD afford/VB to/TO pay/VB the/DT insurance/NN ,/,",,
sw10utt/sw_1015_2355.utt,2/sw2355,2355,346,b,A,233,1,Really. /,Really/UH ./.,,
sw10utt/sw_1015_2355.utt,2/sw2355,2355,347,+,B,234,1,{D you know } <laughter>. /,you/PRP know/VBP ./.,,
sw10utt/sw_1015_2355.utt,2/sw2355,2355,348,sd,A,235,1,Or live really close to school and have them walk. /,Or/CC live/VB really/RB close/RB to/IN school/NN and/CC have/VB them/PRP walk/VB ./.,,
sw10utt/sw_1015_2355.utt,2/sw2355,2355,349,b,B,236,1,"Yeah,  /","Yeah/UH ,/,",,
sw10utt/sw_1015_2355.utt,2/sw2355,2355,350,ba,B,236,2,"no,","no/UH ,/,",,
sw10utt/sw_1015_2355.utt,2/sw2355,2355,351,%,A,237,1,"{C But, } -/","But/CC ,/,",,
sw10utt/sw_1015_2355.utt,2/sw2355,2355,352,+,B,238,1,kidding. /,kidding/VBG ./.,,
sw10utt/sw_1015_2355.utt,2/sw2355,2355,353,b,A,239,1,"{F uh, } yeah,  /","uh/UH ,/, yeah/UH ,/,",,
sw10utt/sw_1015_2355.utt,2/sw2355,2355,354,sv,A,239,2,a lot of changes. /,a/DT lot/NN of/IN changes/NNS ./.,,
sw10utt/sw_1015_2355.utt,2/sw2355,2355,355,b,B,240,1,Yeah. /,Yeah/UH ./.,,
sw10utt/sw_1015_2355.utt,2/sw2355,2355,356,%,A,241,1,"{D So, } -/","So/UH ,/,",,
sw10utt/sw_1015_2355.utt,2/sw2355,2355,357,qy^t,B,242,1,"{D Well } <lipsmack>, did we cover [ it + ] everything  (( Betty ))  <laughter>? /","Well/UH ,/, did/VBD we/PRP cover/VB it/PRP everything/NN Betty/NNP ?/.",,
sw10utt/sw_1015_2355.utt,2/sw2355,2355,358,sd,A,243,1,I think so <laughter>. /,I/PRP think/VBP so/RB ./.,,
sw10utt/sw_1015_2355.utt,2/sw2355,2355,359,bk,B,244,1,<Laughter> Okay.  /,Okay/UH ./.,,
sw10utt/sw_1015_2355.utt,2/sw2355,2355,360,ad,B,244,2,I guess I'll get back to my laundry <laughter>. /,I/PRP guess/VBP I/PRP 'll/MD get/VB back/RB to/IN my/PRP$ laundry/NN ./.,,
sw10utt/sw_1015_2355.utt,2/sw2355,2355,361,aa,A,245,1,"Okay,  /","Okay/UH ,/,",,
sw10utt/sw_1015_2355.utt,2/sw2355,2355,362,fc,A,245,2,"{D well, } [ it's good, + it's good  ] talking to you. /","well/UH ,/, it/PRP 's/BES good/JJ ,/, it/PRP 's/BES good/JJ talking/VBG to/IN you/PRP ./.",,
sw10utt/sw_1015_2355.utt,2/sw2355,2355,363,fc,B,246,1,"You too,  /","You/PRP too/RB ,/,",,
sw10utt/sw_1015_2355.utt,2/sw2355,2355,364,fc,B,246,2,good luck. /,good/JJ luck/NN ./.,,
sw10utt/sw_1015_2355.utt,2/sw2355,2355,365,fc,A,247,1,Okay. /,Okay/UH ./.,,
sw10utt/sw_1015_2355.utt,2/sw2355,2355,366,fc,B,248,1,# Bye-bye. #  /,Bye-bye/UH ./.,,
sw10utt/sw_1015_2355.utt,2/sw2355,2355,367,fc^m,A,249,1,# Bye-bye. # /,Bye-bye/UH ./.,,
