swda_filename,ptb_basename,conversation_no,transcript_index,act_tag,caller,utterance_index,subutterance_index,text,pos,trees,ptb_treenumbers
sw10utt/sw_1036_2960.utt,2/sw2960,2960,0,qy,A,1,1,"{D Well, } do you watch much T V? /","Well/UH ,/, do/VBP you/PRP watch/VB much/JJ T/NN V/NN ?/.",,
sw10utt/sw_1036_2960.utt,2/sw2960,2960,1,na,B,2,1,"{D Well, } I watch in the evening with my kids <TV>. /","Well/UH ,/, I/PRP watch/VBP in/IN the/DT evening/NN with/IN my/PRP$ kids/NNS ./.",,
sw10utt/sw_1036_2960.utt,2/sw2960,2960,2,bf,A,3,1,Your kids.  /,Your/PRP$ kids/NNS ./.,,
sw10utt/sw_1036_2960.utt,2/sw2960,2960,3,qw,A,3,2,How many kids do you have? /,How/WRB many/JJ kids/NNS do/VBP you/PRP have/VB ?/.,,
sw10utt/sw_1036_2960.utt,2/sw2960,2960,4,sd,B,4,1,I have four children. /,I/PRP have/VBP four/CD children/NNS ./.,,
sw10utt/sw_1036_2960.utt,2/sw2960,2960,5,ba,A,5,1,"{F Oh, } goodness. /","Oh/UH ,/, goodness/UH ./.",,
sw10utt/sw_1036_2960.utt,2/sw2960,2960,6,x,B,6,1,<Laughter>.,,,
sw10utt/sw_1036_2960.utt,2/sw2960,2960,7,sd,A,7,1,I have got two. /,I/PRP have/VBP got/VBN two/CD ./.,,
sw10utt/sw_1036_2960.utt,2/sw2960,2960,8,%,B,8,1,"{D Well, } -/","Well/UH ,/,",,
sw10utt/sw_1036_2960.utt,2/sw2960,2960,9,sd,A,9,1,That is about all I want <laughter>. /,That/DT is/VBZ about/RB all/DT I/PRP want/VBP ./.,,
sw10utt/sw_1036_2960.utt,2/sw2960,2960,10,b,B,10,1,"Yeah,  /","Yeah/UH ,/,",,
sw10utt/sw_1036_2960.utt,2/sw2960,2960,11,qy^g,B,10,2,"it keeps you busy, doesn't it? /","it/PRP keeps/VBZ you/PRP busy/JJ ,/, does/VBZ n't/RB it/PRP ?/.",,
sw10utt/sw_1036_2960.utt,2/sw2960,2960,12,ny,A,11,1,"Yeah,  /","Yeah/UH ,/,",,
sw10utt/sw_1036_2960.utt,2/sw2960,2960,13,sd^e,A,11,2,they do.  /,they/PRP do/VBP ./.,,
sw10utt/sw_1036_2960.utt,2/sw2960,2960,14,sd,A,11,3,They are still babies. /,They/PRP are/VBP still/JJ babies/NNS ./.,,
sw10utt/sw_1036_2960.utt,2/sw2960,2960,15,sd,B,12,1,"{F Uh, } my children like to watch SESAME STREET.  /","Uh/UH ,/, my/PRP$ children/NNS like/VBP to/TO watch/VB SESAME/NNP STREET/NNP ./.",,
sw10utt/sw_1036_2960.utt,2/sw2960,2960,16,sd,B,12,2,"I watch with them every once in a while,  /","I/PRP watch/VBP with/IN them/PRP every/DT once/RB in/IN a/DT while/NN ,/,",,
sw10utt/sw_1036_2960.utt,2/sw2960,2960,17,sd,B,12,3,{C but } that is not my favorite programs. /,but/CC that/DT is/VBZ not/RB my/PRP$ favorite/JJ programs/NNS ./.,,
sw10utt/sw_1036_2960.utt,2/sw2960,2960,18,sd,A,13,1,"{F Oh, } {D well. }  We have only get two channels.  /","Oh/UH ,/, well/UH ./. We/PRP have/VBP only/RB get/VB two/CD channels/NNS ./.",,
sw10utt/sw_1036_2960.utt,2/sw2960,2960,19,sd,A,13,2,We do not have cable. /,We/PRP do/VBP not/RB have/VB cable/NN ./.,,
sw10utt/sw_1036_2960.utt,2/sw2960,2960,20,b,B,14,1,Uh-huh. /,Uh-huh/UH ./.,,
sw10utt/sw_1036_2960.utt,2/sw2960,2960,21,sd,A,15,1,{C But } I am not crazy about T V much.  /,But/CC I/PRP am/VBP not/RB crazy/JJ about/IN T/NN V/NN much/JJ ./.,,
sw10utt/sw_1036_2960.utt,2/sw2960,2960,22,%,A,15,2,"It just, - /","It/PRP just/RB ,/,",,
sw10utt/sw_1036_2960.utt,2/sw2960,2960,23,sv,A,15,3,{D well } it kind of is an idiot box.  /,well/UH it/PRP kind/RB of/RB is/VBZ an/DT idiot/JJ box/NN ./.,,
sw10utt/sw_1036_2960.utt,2/sw2960,2960,24,sv,A,15,4,{D Now } SESAME STREET is a good program --,Now/UH SESAME/NNP STREET/NNP is/VBZ a/DT good/JJ program/NN --/:,,
sw10utt/sw_1036_2960.utt,2/sw2960,2960,25,b,B,16,1,Uh-huh. /,Uh-huh/UH ./.,,
sw10utt/sw_1036_2960.utt,2/sw2960,2960,26,+,A,17,1,"-- because, {F uh, } - /","--/: because/IN ,/, uh/UH ,/,",,
sw10utt/sw_1036_2960.utt,2/sw2960,2960,27,sd,A,17,2,"I do have that on videotape,  /","I/PRP do/VBP have/VB that/DT on/IN videotape/NN ,/,",,
sw10utt/sw_1036_2960.utt,2/sw2960,2960,28,sd,A,17,3,{C and } I will let him watch that every once in a while.  /,and/CC I/PRP will/MD let/VB him/PRP watch/VB that/DT every/DT once/RB in/IN a/DT while/NN ./.,,
sw10utt/sw_1036_2960.utt,2/sw2960,2960,29,sd,A,17,4,{C And } he has learned to count to twenty from that.  /,And/CC he/PRP has/VBZ learned/VBN to/TO count/VB to/IN twenty/CD from/IN that/DT ./.,,
sw10utt/sw_1036_2960.utt,2/sw2960,2960,30,%,A,17,5,"{C So, } -/","So/RB ,/,",,
sw10utt/sw_1036_2960.utt,2/sw2960,2960,31,b,B,18,1,Yeah.  /,Yeah/UH ./.,,
sw10utt/sw_1036_2960.utt,2/sw2960,2960,32,sv,B,18,2,It can be very --,It/PRP can/MD be/VB very/RB --/:,,
sw10utt/sw_1036_2960.utt,2/sw2960,2960,33,b,A,19,1,Yeah. /,Yeah/UH ./.,,
sw10utt/sw_1036_2960.utt,2/sw2960,2960,34,+,B,20,1,-- educational.  /,--/: educational/JJ ./.,,
sw10utt/sw_1036_2960.utt,2/sw2960,2960,35,sd,B,20,2,"There are shows [ th-, + that ] I like.  /","There/EX are/VBP shows/NNS th-/XX ,/, that/WDT I/PRP like/VBP ./.",,
sw10utt/sw_1036_2960.utt,2/sw2960,2960,36,sd,B,20,3,"{F Uh, } I like good family shows,","Uh/UH ,/, I/PRP like/VBP good/JJ family/NN shows/NNS ,/,",,
sw10utt/sw_1036_2960.utt,2/sw2960,2960,37,b,A,21,1,Uh-huh. /,Uh-huh/UH ./.,,
sw10utt/sw_1036_2960.utt,2/sw2960,2960,38,+,B,22,1,"{F uh, } though.  /","uh/UH ,/, though/RB ./.",,
sw10utt/sw_1036_2960.utt,2/sw2960,2960,39,sd,B,22,2,"{F Uh, } I let my kids watch things like LITTLE HOUSE ON THE PRAIRIE. /","Uh/UH ,/, I/PRP let/VBP my/PRP$ kids/NNS watch/VBP things/NNS like/IN LITTLE/NNP HOUSE/NNP ON/IN THE/DT PRAIRIE/NNP ./.",,
sw10utt/sw_1036_2960.utt,2/sw2960,2960,40,b,A,23,1,Okay. /,Okay/UH ./.,,
sw10utt/sw_1036_2960.utt,2/sw2960,2960,41,sv,B,24,1,"{C And } the COSBY SHOW [ is, + {F uh, } is, ] {F uh, } kind of unrealistic as a family unless you live in upper class and have money. /","And/CC the/DT COSBY/NNP SHOW/NNP is/VBZ ,/, uh/UH ,/, is/VBZ ,/, uh/UH ,/, kind/RB of/RB unrealistic/JJ as/IN a/DT family/NN unless/IN you/PRP live/VBP in/IN upper/JJ class/NN and/CC have/VBP money/NN ./.",,
sw10utt/sw_1036_2960.utt,2/sw2960,2960,42,b,A,25,1,Right. /,Right/UH ./.,,
sw10utt/sw_1036_2960.utt,2/sw2960,2960,43,sv,B,26,1,"I think that sometimes the things they show on there though, {F uh, } - /","I/PRP think/VBP that/IN sometimes/RB the/DT things/NNS they/PRP show/VBP on/IN there/EX though/RB ,/, uh/UH ,/,",,
sw10utt/sw_1036_2960.utt,2/sw2960,2960,44,sv,B,26,2,"the problems that their kids get into, [ are, + are ] good to, {F uh, } show that they do have problems anyway. /","the/DT problems/NNS that/WDT their/PRP$ kids/NNS get/VBP into/IN ,/, are/VBP ,/, are/VBP good/JJ to/TO ,/, uh/UH ,/, show/VB that/IN they/PRP do/VBP have/VB problems/NNS anyway/RB ./.",,
sw10utt/sw_1036_2960.utt,2/sw2960,2960,45,b,A,27,1,Right. /,Right/UH ./.,,
sw10utt/sw_1036_2960.utt,2/sw2960,2960,46,%,B,28,1,"{F Uh, } /","Uh/UH ,/,",,
sw10utt/sw_1036_2960.utt,2/sw2960,2960,47,sv,A,29,1,{C But } they also have a lot easier time disciplining their kids than real people do. /,But/CC they/PRP also/RB have/VBP a/DT lot/NN easier/JJR time/NN disciplining/VBG their/PRP$ kids/NNS than/IN real/JJ people/NNS do/VBP ./.,,
sw10utt/sw_1036_2960.utt,2/sw2960,2960,48,b,B,30,1,Yeah.  /,Yeah/UH ./.,,
sw10utt/sw_1036_2960.utt,2/sw2960,2960,49,sv,B,30,2,"{E I mean, } like I said, real life is not that easy. /","I/PRP mean/VBP ,/, like/IN I/PRP said/VBD ,/, real/JJ life/NN is/VBZ not/RB that/RB easy/JJ ./.",,
sw10utt/sw_1036_2960.utt,2/sw2960,2960,50,b,A,31,1,Yeah. /,Yeah/UH ./.,,
sw10utt/sw_1036_2960.utt,2/sw2960,2960,51,sd,B,32,1,"{C And, } {F uh, } I watch a show that I like [ i-, + ] for entertainment.  /","And/CC ,/, uh/UH ,/, I/PRP watch/VBP a/DT show/NN that/WDT I/PRP like/VBP i-/XX ,/, for/IN entertainment/NN ./.",,
sw10utt/sw_1036_2960.utt,2/sw2960,2960,52,sd,B,32,2,"{F Uh, } it is called the QUANTUM LEAP. /","Uh/UH ,/, it/PRP is/VBZ called/VBN the/DT QUANTUM/NNP LEAP/NNP ./.",,
sw10utt/sw_1036_2960.utt,2/sw2960,2960,53,sd,A,33,1,"{F Oh, } I love QUANTUM LEAP. /","Oh/UH ,/, I/PRP love/VBP QUANTUM/NNP LEAP/NNP ./.",,
sw10utt/sw_1036_2960.utt,2/sw2960,2960,54,sd,B,34,1,"I watch that show every time, /","I/PRP watch/VBP that/DT show/NN every/DT time/NN ,/,",,
sw10utt/sw_1036_2960.utt,2/sw2960,2960,55,b@,A,35,1,"{F Um, } yes.","Um/UH ,/, yes/UH ./.",,
sw10utt/sw_1036_2960.utt,2/sw2960,2960,56,%,B,36,1,"{C and, } {F uh, } -/","and/CC ,/, uh/UH ,/,",,
sw10utt/sw_1036_2960.utt,2/sw2960,2960,57,+@,A,37,1,That is a good show. /,That/DT is/VBZ a/DT good/JJ show/NN ./.,,
sw10utt/sw_1036_2960.utt,2/sw2960,2960,58,sd,B,38,1,"[ I, + I ] like, {F uh, } [ how the, + how ] he has to help with the people [ that he, + that he ] becomes.","I/PRP ,/, I/PRP like/IN ,/, uh/UH ,/, how/WRB the/DT ,/, how/WRB he/PRP has/VBZ to/TO help/VB with/IN the/DT people/NNS that/WDT he/PRP ,/, that/WDT he/PRP becomes/VBZ ./.",,
sw10utt/sw_1036_2960.utt,2/sw2960,2960,59,b,A,39,1,Uh-huh. /,Uh-huh/UH ./.,,
sw10utt/sw_1036_2960.utt,2/sw2960,2960,60,+,B,40,1,"{F Uh, } because it is not a show that he just becomes these people and then he lives there for a while and then he is gone. /","Uh/UH ,/, because/IN it/PRP is/VBZ not/RB a/DT show/NN that/IN he/PRP just/RB becomes/VBZ these/DT people/NNS and/CC then/RB he/PRP lives/VBZ there/RB for/IN a/DT while/NN and/CC then/RB he/PRP is/VBZ gone/VBN ./.",,
sw10utt/sw_1036_2960.utt,2/sw2960,2960,61,b,A,41,1,Uh-huh. /,Uh-huh/UH ./.,,
sw10utt/sw_1036_2960.utt,2/sw2960,2960,62,sv,B,42,1,He has to do something positive to help them. /,He/PRP has/VBZ to/TO do/VB something/NN positive/JJ to/TO help/VB them/PRP ./.,,
sw10utt/sw_1036_2960.utt,2/sw2960,2960,63,b,A,43,1,Right. /,Right/UH ./.,,
sw10utt/sw_1036_2960.utt,2/sw2960,2960,64,%,B,44,1,"{C So } I, -/","So/RB I/PRP ,/,",,
sw10utt/sw_1036_2960.utt,2/sw2960,2960,65,sv,A,45,1,He always got to change history is what it is. /,He/PRP always/RB got/VBD to/TO change/VB history/NN is/VBZ what/WP it/PRP is/VBZ ./.,,
sw10utt/sw_1036_2960.utt,2/sw2960,2960,66,b,B,46,1,Yeah.  /,Yeah/UH ./.,,
sw10utt/sw_1036_2960.utt,2/sw2960,2960,67,b^r,B,46,2,Yeah. /,Yeah/UH ./.,,
sw10utt/sw_1036_2960.utt,2/sw2960,2960,68,b,A,47,1,"Usually, yeah. /","Usually/UH ,/, yeah/UH ./.",,
sw10utt/sw_1036_2960.utt,2/sw2960,2960,69,%,B,48,1,"It, -/","It/PRP ,/,",,
sw10utt/sw_1036_2960.utt,2/sw2960,2960,70,sv,A,49,1,That it is so good.  /,That/DT it/PRP is/VBZ so/RB good/JJ ./.,,
sw10utt/sw_1036_2960.utt,2/sw2960,2960,71,sd,A,49,2,"I was glad when they put that back on this channel,","I/PRP was/VBD glad/JJ when/WRB they/PRP put/VBP that/DT back/RB on/IN this/DT channel/NN ,/,",,
sw10utt/sw_1036_2960.utt,2/sw2960,2960,72,sd,B,50,1,"Me too,  /","Me/PRP too/RB ,/,",,
sw10utt/sw_1036_2960.utt,2/sw2960,2960,73,sd^r,B,50,2,me too. /,me/PRP too/RB ./.,,
sw10utt/sw_1036_2960.utt,2/sw2960,2960,74,+,A,51,1,"because like I said, we only get two channels because we do not get cable. /","because/IN like/IN I/PRP said/VBD ,/, we/PRP only/RB get/VBP two/CD channels/NNS because/IN we/PRP do/VBP not/RB get/VB cable/NN ./.",,
sw10utt/sw_1036_2960.utt,2/sw2960,2960,75,b,B,52,1,Uh-huh. /,Uh-huh/UH ./.,,
sw10utt/sw_1036_2960.utt,2/sw2960,2960,76,sd,A,53,1,"{C And } still my little boy, he watches videotapes.  /","And/CC still/RB my/PRP$ little/JJ boy/NN ,/, he/PRP watches/VBZ videotapes/NNS ./.",,
sw10utt/sw_1036_2960.utt,2/sw2960,2960,77,%,A,53,2,"He won't, {F um, } - /","He/PRP wo/MD n't/RB ,/, um/UH ,/,",,
sw10utt/sw_1036_2960.utt,2/sw2960,2960,78,sv,A,53,3,"this is terrible,  /","this/DT is/VBZ terrible/JJ ,/,",,
sw10utt/sw_1036_2960.utt,2/sw2960,2960,79,sd,A,53,4,I do not like him sitting in front of the T V all day. /,I/PRP do/VBP not/RB like/VB him/PRP sitting/VBG in/IN front/NN of/IN the/DT T/NN V/NN all/DT day/NN ./.,,
sw10utt/sw_1036_2960.utt,2/sw2960,2960,80,nd,B,54,1,"No,  /","No/UH ,/,",,
sw10utt/sw_1036_2960.utt,2/sw2960,2960,81,sv,B,54,2,that is not terrible. /,that/DT is/VBZ not/RB terrible/JJ ./.,,
sw10utt/sw_1036_2960.utt,2/sw2960,2960,82,%,A,55,1,"{D Well, }","Well/UH ,/,",,
sw10utt/sw_1036_2960.utt,2/sw2960,2960,83,sd,B,56,1,I do not think that is terrible at all. /,I/PRP do/VBP not/RB think/VB that/DT is/VBZ terrible/JJ at/IN all/DT ./.,,
sw10utt/sw_1036_2960.utt,2/sw2960,2960,84,+,A,57,1,"It, - /","It/PRP ,/,",,
sw10utt/sw_1036_2960.utt,2/sw2960,2960,85,sd,A,57,2,{C but } it is a not really a good baby sitter <laughter>. /,but/CC it/PRP is/VBZ a/DT not/RB really/RB a/DT good/JJ baby/NN sitter/NN ./.,,
sw10utt/sw_1036_2960.utt,2/sw2960,2960,86,%,B,58,1,"<Laughter>  {D Well, } -/","Well/UH ,/,",,
sw10utt/sw_1036_2960.utt,2/sw2960,2960,87,sv,A,59,1,It is really not.  /,It/PRP is/VBZ really/RB not/RB ./.,,
sw10utt/sw_1036_2960.utt,2/sw2960,2960,88,sd,A,59,2,He needs to get outside and play.  /,He/PRP needs/VBZ to/TO get/VB outside/RB and/CC play/VB ./.,,
sw10utt/sw_1036_2960.utt,2/sw2960,2960,89,sd,A,59,3,"{C And } he is four years old,  /","And/CC he/PRP is/VBZ four/CD years/NNS old/JJ ,/,",,
sw10utt/sw_1036_2960.utt,2/sw2960,2960,90,sd,A,59,4,{C and } he just does not like to go out there by himself.  /,and/CC he/PRP just/RB does/VBZ not/RB like/VB to/TO go/VB out/IN there/RB by/IN himself/PRP ./.,,
sw10utt/sw_1036_2960.utt,2/sw2960,2960,91,sd,A,59,5,{C And } I will let him watch the T V when I am wanting to get my house work done. /,And/CC I/PRP will/MD let/VB him/PRP watch/VB the/DT T/NN V/NN when/WRB I/PRP am/VBP wanting/VBG to/TO get/VB my/PRP$ house/NN work/NN done/VBN ./.,,
sw10utt/sw_1036_2960.utt,2/sw2960,2960,92,b,B,60,1,Uh-huh. /,Uh-huh/UH ./.,,
sw10utt/sw_1036_2960.utt,2/sw2960,2960,93,sd,A,61,1,"{C But } other than that, I do not like him glued to the T V all the time. /","But/CC other/JJ than/IN that/DT ,/, I/PRP do/VBP not/RB like/VB him/PRP glued/VBN to/IN the/DT T/NN V/NN all/PDT the/DT time/NN ./.",,
sw10utt/sw_1036_2960.utt,2/sw2960,2960,94,sv,B,62,1,"{D Well, } I do not think [ it is, + it is ] healthy all the time either. /","Well/UH ,/, I/PRP do/VBP not/RB think/VB it/PRP is/VBZ ,/, it/PRP is/VBZ healthy/JJ all/PDT the/DT time/NN either/RB ./.",,
sw10utt/sw_1036_2960.utt,2/sw2960,2960,95,b,A,63,1,Huh-uh. /,Huh-uh/UH ./.,,
sw10utt/sw_1036_2960.utt,2/sw2960,2960,96,sd,B,64,1,"{F Uh, } {C and } my kids like [ to, + to ] go play with their friends,  /","Uh/UH ,/, and/CC my/PRP$ kids/NNS like/VBP to/TO ,/, to/TO go/VB play/VB with/IN their/PRP$ friends/NNS ,/,",,
sw10utt/sw_1036_2960.utt,2/sw2960,2960,97,sd,B,64,2,{C and so } I guess I do not mind too much when they do watch a little bit.  /,and/CC so/RB I/PRP guess/VBP I/PRP do/VBP not/RB mind/VB too/RB much/JJ when/WRB they/PRP do/VBP watch/VB a/DT little/JJ bit/NN ./.,,
sw10utt/sw_1036_2960.utt,2/sw2960,2960,98,%,B,64,3,"{D Now } I, - /","Now/UH I/PRP ,/,",,
sw10utt/sw_1036_2960.utt,2/sw2960,2960,99,sd,B,64,4,"there are shows, - /","there/EX are/VBP shows/NNS ,/,",,
sw10utt/sw_1036_2960.utt,2/sw2960,2960,100,sd,B,64,5,I do not have cable either.  /,I/PRP do/VBP not/RB have/VB cable/NN either/RB ./.,,
sw10utt/sw_1036_2960.utt,2/sw2960,2960,101,sd,B,64,6,{C And } there are shows that I really put my foot down on.  /,And/CC there/EX are/VBP shows/NNS that/WDT I/PRP really/RB put/VBP my/PRP$ foot/NN down/IN on/IN ./.,,
sw10utt/sw_1036_2960.utt,2/sw2960,2960,102,sd,B,64,7,"If there starts to be a lot of violence,","If/IN there/EX starts/VBZ to/TO be/VB a/DT lot/NN of/IN violence/NN ,/,",,
sw10utt/sw_1036_2960.utt,2/sw2960,2960,103,b,A,65,1,Uh-huh. /,Uh-huh/UH ./.,,
sw10utt/sw_1036_2960.utt,2/sw2960,2960,104,+,B,66,1,I do not go for that.  /,I/PRP do/VBP not/RB go/VB for/IN that/DT ./.,,
sw10utt/sw_1036_2960.utt,2/sw2960,2960,105,sd,B,66,2,I will not let them watch that.  /,I/PRP will/MD not/RB let/VB them/PRP watch/VB that/DT ./.,,
sw10utt/sw_1036_2960.utt,2/sw2960,2960,106,sd,B,66,3,If --,If/IN --/:,,
sw10utt/sw_1036_2960.utt,2/sw2960,2960,107,%,A,67,1,"{D Well, } we made the mis-, -/","Well/UH ,/, we/PRP made/VBD the/DT mis-/XX ,/,",,
sw10utt/sw_1036_2960.utt,2/sw2960,2960,108,+,B,68,1,"-- there is  a lot of language or, -/","--/: there/EX is/VBZ a/DT lot/NN of/IN language/NN or/CC ,/,",,
sw10utt/sw_1036_2960.utt,2/sw2960,2960,109,b,A,69,1,Right.  /,Right/UH ./.,,
sw10utt/sw_1036_2960.utt,2/sw2960,2960,110,sd,A,69,2,We made the mistake of getting ROBOCOP.  /,We/PRP made/VBD the/DT mistake/NN of/IN getting/VBG ROBOCOP/NNP ./.,,
sw10utt/sw_1036_2960.utt,2/sw2960,2960,111,sv,A,69,3,"{C And } that is one of the worst, {F oh, }  /","And/CC that/DT is/VBZ one/CD of/IN the/DT worst/JJS ,/, oh/UH ,/,",,
sw10utt/sw_1036_2960.utt,2/sw2960,2960,112,sd,A,69,4,I do not let him watch it anymore.  Because --,I/PRP do/VBP not/RB let/VB him/PRP watch/VB it/PRP anymore/RB ./. Because/IN --/:,,
sw10utt/sw_1036_2960.utt,2/sw2960,2960,113,b,B,70,1,Uh-huh. /,Uh-huh/UH ./.,,
sw10utt/sw_1036_2960.utt,2/sw2960,2960,114,+,A,71,1,"-- [ [ the, + the  pieces, ] + ] {D like } especially where they kill somebody, it is just not good.  /","--/: the/DT ,/, the/DT pieces/NNS ,/, like/IN especially/RB where/WRB they/PRP kill/VBP somebody/NN ,/, it/PRP is/VBZ just/RB not/RB good/JJ ./.",,
sw10utt/sw_1036_2960.utt,2/sw2960,2960,115,sv,A,71,2,{E I mean } it is just real violent.  /,I/PRP mean/VBP it/PRP is/VBZ just/RB real/RB violent/JJ ./.,,
sw10utt/sw_1036_2960.utt,2/sw2960,2960,116,%,A,71,3,"{E I mean, } -/","I/PRP mean/VBP ,/,",,
sw10utt/sw_1036_2960.utt,2/sw2960,2960,117,%,B,72,1,"{D Well, } it, <sigh> {D you know, } - /","Well/UH ,/, it/PRP ,/, you/PRP know/VBP ,/,",,
sw10utt/sw_1036_2960.utt,2/sw2960,2960,118,sd,B,72,2,"today I watched, - /","today/NN I/PRP watched/VBD ,/,",,
sw10utt/sw_1036_2960.utt,2/sw2960,2960,119,sv,B,72,3,"{C and } it is like they show bloody,","and/CC it/PRP is/VBZ like/IN they/PRP show/VBP bloody/JJ ,/,",,
sw10utt/sw_1036_2960.utt,2/sw2960,2960,120,b,A,73,1,Uh-huh. /,Uh-huh/UH ./.,,
sw10utt/sw_1036_2960.utt,2/sw2960,2960,121,+,B,74,1,"{D you know, } things,  /","you/PRP know/VBP ,/, things/NNS ,/,",,
sw10utt/sw_1036_2960.utt,2/sw2960,2960,122,sd,B,74,2,{C and } they show it in slow motion.  /,and/CC they/PRP show/VBP it/PRP in/IN slow/JJ motion/NN ./.,,
sw10utt/sw_1036_2960.utt,2/sw2960,2960,123,sd,B,74,3,"[ And, +","And/CC ,/,",,
sw10utt/sw_1036_2960.utt,2/sw2960,2960,124,b,A,75,1,Uh-huh. /,Uh-huh/UH ./.,,
sw10utt/sw_1036_2960.utt,2/sw2960,2960,125,+,B,76,1,and ] everything like that.  /,and/CC everything/NN like/IN that/DT ./.,,
sw10utt/sw_1036_2960.utt,2/sw2960,2960,126,sv,B,76,2,"{C And } before, in a western or something, [ in the, + in the ] olden days, -/","And/CC before/RB ,/, in/IN a/DT western/JJ or/CC something/NN ,/, in/IN the/DT ,/, in/IN the/DT olden/JJ days/NNS ,/,",,
sw10utt/sw_1036_2960.utt,2/sw2960,2960,127,sd^2,A,77,1,"You would see somebody get shot,  /","You/PRP would/MD see/VB somebody/NN get/VB shot/VBN ,/,",,
sw10utt/sw_1036_2960.utt,2/sw2960,2960,128,sd,A,77,2,they would just fall down. /,they/PRP would/MD just/RB fall/VB down/RB ./.,,
sw10utt/sw_1036_2960.utt,2/sw2960,2960,129,b,B,78,1,Yeah.  /,Yeah/UH ./.,,
sw10utt/sw_1036_2960.utt,2/sw2960,2960,130,sd,B,78,2,{C And } they were gone <laughter>. /,And/CC they/PRP were/VBD gone/VBN ./.,,
sw10utt/sw_1036_2960.utt,2/sw2960,2960,131,b,A,79,1,Yeah. /,Yeah/UH ./.,,
sw10utt/sw_1036_2960.utt,2/sw2960,2960,132,sv,B,80,1,"[ {C And, } + {C and } ] it was [ not, + {F uh, }","And/CC ,/, and/CC it/PRP was/VBD not/RB ,/, uh/UH ,/,",,
sw10utt/sw_1036_2960.utt,2/sw2960,2960,133,^2,A,81,1,So graphic. /,So/RB graphic/JJ ./.,,
sw10utt/sw_1036_2960.utt,2/sw2960,2960,134,+@,B,82,1,"not ] like today.  {F Uh, } /","not/RB like/IN today/NN ./. Uh/UH ,/,",,
sw10utt/sw_1036_2960.utt,2/sw2960,2960,135,sv,A,83,1,"Today [ it is, + it is ] really graphic.  /","Today/NN it/PRP is/VBZ ,/, it/PRP is/VBZ really/RB graphic/JJ ./.",,
sw10utt/sw_1036_2960.utt,2/sw2960,2960,136,sv,A,83,2,They try to make --,They/PRP try/VBP to/TO make/VB --/:,,
sw10utt/sw_1036_2960.utt,2/sw2960,2960,137,b,B,84,1,Uh-huh. /,Uh-huh/UH ./.,,
sw10utt/sw_1036_2960.utt,2/sw2960,2960,138,+,A,85,1,-- it too realistic. /,--/: it/PRP too/RB realistic/JJ ./.,,
sw10utt/sw_1036_2960.utt,2/sw2960,2960,139,b,B,86,1,Yeah. /,Yeah/UH ./.,,
sw10utt/sw_1036_2960.utt,2/sw2960,2960,140,%,A,87,1,"{C And, } -/","And/CC ,/,",,
sw10utt/sw_1036_2960.utt,2/sw2960,2960,141,sv,B,88,1,"Too much realism I think,","Too/RB much/JJ realism/NN I/PRP think/VBP ,/,",,
sw10utt/sw_1036_2960.utt,2/sw2960,2960,142,b,A,89,1,Yeah. /,Yeah/UH ./.,,
sw10utt/sw_1036_2960.utt,2/sw2960,2960,143,+,B,90,1,sometimes.  /,sometimes/RB ./.,,
sw10utt/sw_1036_2960.utt,2/sw2960,2960,144,%,B,90,2,"I don't, -/","I/PRP do/VBP n't/RB ,/,",,
sw10utt/sw_1036_2960.utt,2/sw2960,2960,145,sd,A,91,1,"Now he is watching HONEY, I SHRUNK THE KIDS right now. /","Now/RB he/PRP is/VBZ watching/VBG HONEY/NNP ,/, I/NNP SHRUNK/NNP THE/DT KIDS/NNPS right/RB now/RB ./.",,
sw10utt/sw_1036_2960.utt,2/sw2960,2960,146,sv,B,92,1,"{F Oh, } that is a fun show. /","Oh/UH ,/, that/DT is/VBZ a/DT fun/JJ show/NN ./.",,
sw10utt/sw_1036_2960.utt,2/sw2960,2960,147,sv,A,93,1,"[ It is, + it is ] cute. /","It/PRP is/VBZ ,/, it/PRP is/VBZ cute/JJ ./.",,
sw10utt/sw_1036_2960.utt,2/sw2960,2960,148,sd,B,94,1,"{F Oh, } I really --","Oh/UH ,/, I/PRP really/RB --/:",,
sw10utt/sw_1036_2960.utt,2/sw2960,2960,149,%,A,95,1,"{C And } that, -/","And/CC that/DT ,/,",,
sw10utt/sw_1036_2960.utt,2/sw2960,2960,150,+,B,96,1,-- like that one. /,--/: like/VBP that/DT one/CD ./.,,
sw10utt/sw_1036_2960.utt,2/sw2960,2960,151,sd,A,97,1,little ROGER RABBIT on before that. /,little/JJ ROGER/NNP RABBIT/NNP on/IN before/IN that/DT ./.,,
sw10utt/sw_1036_2960.utt,2/sw2960,2960,152,b,B,98,1,Uh-huh. /,Uh-huh/UH ./.,,
sw10utt/sw_1036_2960.utt,2/sw2960,2960,153,sv,A,99,1,That is cute.  /,That/DT is/VBZ cute/JJ ./.,,
sw10utt/sw_1036_2960.utt,2/sw2960,2960,154,sd,A,99,2,"{C And } they have got THE HE MAN, {F uh, }","And/CC they/PRP have/VBP got/VBN THE/DT HE/NNP MAN/NNP ,/, uh/UH ,/,",,
sw10utt/sw_1036_2960.utt,2/sw2960,2960,155,qr,B,100,1,"The cartoon or the, -/","The/DT cartoon/NN or/CC the/DT ,/,",,
sw10utt/sw_1036_2960.utt,2/sw2960,2960,156,+,A,101,1,"MASTERS OF THE UNIVERSE, the --","MASTERS/NNPS OF/IN THE/DT UNIVERSE/NNP ,/, the/DT --/:",,
sw10utt/sw_1036_2960.utt,2/sw2960,2960,157,bk,B,102,1,"{F Oh, } uh-huh. /","Oh/UH ,/, uh-huh/UH ./.",,
sw10utt/sw_1036_2960.utt,2/sw2960,2960,158,+,A,103,1,-- movie.  /,--/: movie/NN ./.,,
sw10utt/sw_1036_2960.utt,2/sw2960,2960,159,sv,A,103,2,That is a real cute show. /,That/DT is/VBZ a/DT real/RB cute/JJ show/NN ./.,,
sw10utt/sw_1036_2960.utt,2/sw2960,2960,160,sv,B,104,1,That has good moral values too. /,That/DT has/VBZ good/JJ moral/JJ values/NNS too/RB ./.,,
sw10utt/sw_1036_2960.utt,2/sw2960,2960,161,qy^d,A,105,1,HE MAN? /,HE/NNP MAN/NNP ?/.,,
sw10utt/sw_1036_2960.utt,2/sw2960,2960,162,ny,B,106,1,Uh-huh.  /,Uh-huh/UH ./.,,
sw10utt/sw_1036_2960.utt,2/sw2960,2960,163,sv,B,106,2,"{D Well, } {F uh, } I think, {F uh, } -/","Well/UH ,/, uh/UH ,/, I/PRP think/VBP ,/, uh/UH ,/,",,
sw10utt/sw_1036_2960.utt,2/sw2960,2960,164,b,A,107,1,"Yeah,  /","Yeah/UH ,/,",,
sw10utt/sw_1036_2960.utt,2/sw2960,2960,165,sd,A,107,2,good versus evil. /,good/NN versus/IN evil/NN ./.,,
sw10utt/sw_1036_2960.utt,2/sw2960,2960,166,b,B,108,1,"Yeah, /","Yeah/UH ,/,",,
sw10utt/sw_1036_2960.utt,2/sw2960,2960,167,%,A,109,1,{F Huh. } /,Huh/UH ./.,,
sw10utt/sw_1036_2960.utt,2/sw2960,2960,168,b,B,110,1,yeah. /,yeah/UH ./.,,
sw10utt/sw_1036_2960.utt,2/sw2960,2960,169,sv,A,111,1,"{F Oh, } {D well, } it sounds like we have the same tapes for our kids anyway. /","Oh/UH ,/, well/UH ,/, it/PRP sounds/VBZ like/IN we/PRP have/VBP the/DT same/JJ tapes/NNS for/IN our/PRP$ kids/NNS anyway/RB ./.",,
sw10utt/sw_1036_2960.utt,2/sw2960,2960,170,b,B,112,1,Yeah.  /,Yeah/UH ./.,,
sw10utt/sw_1036_2960.utt,2/sw2960,2960,171,sv,B,112,2,At least we have the same --,At/IN least/JJS we/PRP have/VBP the/DT same/JJ --/:,,
sw10utt/sw_1036_2960.utt,2/sw2960,2960,172,b,A,113,1,Yeah. /,Yeah/UH ./.,,
sw10utt/sw_1036_2960.utt,2/sw2960,2960,173,+,B,114,1,-- ideas. /,--/: ideas/NNS ./.,,
sw10utt/sw_1036_2960.utt,2/sw2960,2960,174,x,A,115,1,<Laughter>.,,,
sw10utt/sw_1036_2960.utt,2/sw2960,2960,175,b,B,116,1,Yeah.  /,Yeah/UH ./.,,
sw10utt/sw_1036_2960.utt,2/sw2960,2960,176,sd,B,116,2,Language too.  /,Language/NN too/RB ./.,,
sw10utt/sw_1036_2960.utt,2/sw2960,2960,177,%,B,116,3,"A-, - /","A-/XX ,/,",,
sw10utt/sw_1036_2960.utt,2/sw2960,2960,178,sd,B,116,4,"language and violence and sexual, [ y-, + ] {D you know, }","language/NN and/CC violence/NN and/CC sexual/JJ ,/, y-/XX ,/, you/PRP know/VBP ,/,",,
sw10utt/sw_1036_2960.utt,2/sw2960,2960,179,b,A,117,1,Uh-huh. /,Uh-huh/UH ./.,,
sw10utt/sw_1036_2960.utt,2/sw2960,2960,180,+,B,118,1,things.  /,things/NNS ./.,,
sw10utt/sw_1036_2960.utt,2/sw2960,2960,181,sd(^q),B,118,2,"[  I, + I ] get kind of, {F uh, } saying, ""I am sorry kids, this is"", -/","I/PRP ,/, I/PRP get/VBP kind/RB of/RB ,/, uh/UH ,/, saying/VBG ,/, ``/`` I/PRP am/VBP sorry/JJ kids/NNS ,/, this/DT is/VBZ ''/'' ,/,",,
sw10utt/sw_1036_2960.utt,2/sw2960,2960,182,b,A,119,1,Yeah. /,Yeah/UH ./.,,
sw10utt/sw_1036_2960.utt,2/sw2960,2960,183,sd,B,120,1,"{C And } [ I, + I ] think it is important that I see what they are watching.  /","And/CC I/PRP ,/, I/PRP think/VBP it/PRP is/VBZ important/JJ that/IN I/PRP see/VBP what/WP they/PRP are/VBP watching/VBG ./.",,
sw10utt/sw_1036_2960.utt,2/sw2960,2960,184,%,B,120,2,"If, -/","If/IN ,/,",,
sw10utt/sw_1036_2960.utt,2/sw2960,2960,185,b,A,121,1,Yeah.  /,Yeah/UH ./.,,
sw10utt/sw_1036_2960.utt,2/sw2960,2960,186,sd,A,121,2,"They do have {D like } those parental control things on the, {F uh, } remote controls.  {D You know, } where you can block out what channels you do not want them to watch. /","They/PRP do/VBP have/VB like/UH those/DT parental/JJ control/NN things/NNS on/IN the/DT ,/, uh/UH ,/, remote/JJ controls/NNS ./. You/PRP know/VBP ,/, where/WRB you/PRP can/MD block/VB out/RP what/WDT channels/NNS you/PRP do/VBP not/RB want/VB them/PRP to/TO watch/VB ./.",,
sw10utt/sw_1036_2960.utt,2/sw2960,2960,187,qy,B,122,1,You mean in cable? /,You/PRP mean/VBP in/IN cable/NN ?/.,,
sw10utt/sw_1036_2960.utt,2/sw2960,2960,188,ny,A,123,1,Uh-huh. /,Uh-huh/UH ./.,,
sw10utt/sw_1036_2960.utt,2/sw2960,2960,189,sd,B,124,1,"{F Oh, } I do not know, because I do not have that.  /","Oh/UH ,/, I/PRP do/VBP not/RB know/VB ,/, because/IN I/PRP do/VBP not/RB have/VB that/DT ./.",,
sw10utt/sw_1036_2960.utt,2/sw2960,2960,190,%,B,124,2,"{C But, } -/","But/CC ,/,",,
sw10utt/sw_1036_2960.utt,2/sw2960,2960,191,sd,A,125,1,"{D Well, } [ [ [ my, + my, ] {F uh, } stepfather and them have, + my stepfather, ] + my father-in-law, ] and them have that. /","Well/UH ,/, my/PRP$ ,/, my/PRP$ ,/, uh/UH ,/, stepfather/NN and/CC them/PRP have/VBP ,/, my/PRP$ stepfather/NN ,/, my/PRP$ father-in-law/NN ,/, and/CC them/PRP have/VBP that/DT ./.",,
sw10utt/sw_1036_2960.utt,2/sw2960,2960,192,b,B,126,1,Uh-huh. /,Uh-huh/UH ./.,,
sw10utt/sw_1036_2960.utt,2/sw2960,2960,193,sd,A,127,1,"{C And, } {F uh, } they do not have any kids,  /","And/CC ,/, uh/UH ,/, they/PRP do/VBP not/RB have/VB any/DT kids/NNS ,/,",,
sw10utt/sw_1036_2960.utt,2/sw2960,2960,194,sd,A,127,2,{C but } they was told how to use that.  /,but/CC they/PRP was/VBD told/VBN how/WRB to/TO use/VB that/DT ./.,,
sw10utt/sw_1036_2960.utt,2/sw2960,2960,195,sd,A,127,3,"{C But } still, when the kids get older, they learn how to break through that parental control. /","But/CC still/RB ,/, when/WRB the/DT kids/NNS get/VBP older/JJR ,/, they/PRP learn/VBP how/WRB to/TO break/VB through/IN that/DT parental/JJ control/NN ./.",,
sw10utt/sw_1036_2960.utt,2/sw2960,2960,196,qy,B,128,1,"{F Oh, } do they?  /","Oh/UH ,/, do/VBP they/PRP ?/.",,
sw10utt/sw_1036_2960.utt,2/sw2960.pos,2960,197,x,B,128,2,<laughter>.,./.
sw10utt/sw_1036_2960.utt,2/sw2960,2960,198,%,A,129,1,{F Huh. } /,Huh/UH ./.,,
sw10utt/sw_1036_2960.utt,2/sw2960,2960,199,sv,B,130,1,They are too smart. /,They/PRP are/VBP too/RB smart/JJ ./.,,
sw10utt/sw_1036_2960.utt,2/sw2960,2960,200,sv,A,131,1,I think alls you have to do is push a couple buttons. /,I/PRP think/VBP alls/RB you/PRP have/VBP to/TO do/VB is/VBZ push/VB a/DT couple/NN buttons/NNS ./.,,
sw10utt/sw_1036_2960.utt,2/sw2960,2960,201,b,B,132,1,Uh-huh. /,Uh-huh/UH ./.,,
sw10utt/sw_1036_2960.utt,2/sw2960,2960,202,sd,A,133,1,"{C So, } [ it is, + it is, ] I am hoping that he will grow up not really caring much for those movies because, now we have got a lot of western tapes. /","So/RB ,/, it/PRP is/VBZ ,/, it/PRP is/VBZ ,/, I/PRP am/VBP hoping/VBG that/IN he/PRP will/MD grow/VB up/RP not/RB really/RB caring/VBG much/JJ for/IN those/DT movies/NNS because/IN ,/, now/RB we/PRP have/VBP got/VBN a/DT lot/NN of/IN western/JJ tapes/NNS ./.",,
sw10utt/sw_1036_2960.utt,2/sw2960,2960,203,b,B,134,1,Uh-huh. /,Uh-huh/UH ./.,,
sw10utt/sw_1036_2960.utt,2/sw2960,2960,204,sd,A,135,1,"JOSEY WELLS, now he loves to watch JOSEY WELLS. /","JOSEY/NNP WELLS/NNP ,/, now/RB he/PRP loves/VBZ to/TO watch/VB JOSEY/NNP WELLS/NNP ./.",,
sw10utt/sw_1036_2960.utt,2/sw2960,2960,205,sv,B,136,1,"{D Well, } I think that is a good show too. /","Well/UH ,/, I/PRP think/VBP that/DT is/VBZ a/DT good/JJ show/NN too/RB ./.",,
sw10utt/sw_1036_2960.utt,2/sw2960,2960,206,b,A,137,1,"Yeah, /","Yeah/UH ,/,",,
sw10utt/sw_1036_2960.utt,2/sw2960,2960,207,b,B,138,1,Yeah. /,Yeah/UH ./.,,
sw10utt/sw_1036_2960.utt,2/sw2960,2960,208,sd,A,139,1,Clint Eastwood. /,Clint/NNP Eastwood/NNP ./.,,
sw10utt/sw_1036_2960.utt,2/sw2960,2960,209,b,B,140,1,Uh-huh. /,Uh-huh/UH ./.,,
sw10utt/sw_1036_2960.utt,2/sw2960,2960,210,sd,A,141,1,"{C And } like THE MAN FROM SNOWY RIVER, we have, {F oh, } - /","And/CC like/IN THE/DT MAN/NNP FROM/IN SNOWY/NNP RIVER/NNP ,/, we/PRP have/VBP ,/, oh/UH ,/,",,
sw10utt/sw_1036_2960.utt,2/sw2960,2960,211,sd,A,141,2,my husband likes westerns.  /,my/PRP$ husband/NN likes/VBZ westerns/NNS ./.,,
sw10utt/sw_1036_2960.utt,2/sw2960,2960,212,sd,A,141,3,{C And } he also likes STAR TREK.  /,And/CC he/PRP also/RB likes/VBZ STAR/NNP TREK/NNP ./.,,
sw10utt/sw_1036_2960.utt,2/sw2960,2960,213,sv,A,141,4,"{D Now } STAR TREK is good movies, good shows. /","Now/UH STAR/NNP TREK/NNP is/VBZ good/JJ movies/NNS ,/, good/JJ shows/NNS ./.",,
sw10utt/sw_1036_2960.utt,2/sw2960,2960,214,b,B,142,1,Uh-huh. /,Uh-huh/UH ./.,,
sw10utt/sw_1036_2960.utt,2/sw2960,2960,215,qy^d,A,143,1,"The, {F uh, } series?  /","The/DT ,/, uh/UH ,/, series/NN ?/.",,
sw10utt/sw_1036_2960.utt,2/sw2960,2960,216,sd,A,143,2,We have got a lot of those. /,We/PRP have/VBP got/VBN a/DT lot/NN of/IN those/DT ./.,,
sw10utt/sw_1036_2960.utt,2/sw2960,2960,217,sd,B,144,1,"{F Uh, } I think not even the old one but the new one too.  /","Uh/UH ,/, I/PRP think/VBP not/RB even/RB the/DT old/JJ one/CD but/CC the/DT new/JJ one/CD too/RB ./.",,
sw10utt/sw_1036_2960.utt,2/sw2960,2960,218,sd,B,144,2,I like --,I/PRP like/VBP --/:,,
sw10utt/sw_1036_2960.utt,2/sw2960,2960,219,b,A,145,1,Uh-huh. /,Uh-huh/UH ./.,,
sw10utt/sw_1036_2960.utt,2/sw2960,2960,220,+,B,146,1,-- both of those <child_talking>. /,--/: both/DT of/IN those/DT ./.,,
sw10utt/sw_1036_2960.utt,2/sw2960,2960,221,qy^d,A,147,1,THE NEXT GENERATION? /,THE/DT NEXT/NNP GENERATION/NNP ?/.,,
sw10utt/sw_1036_2960.utt,2/sw2960,2960,222,ny,B,148,1,Uh-huh. /,Uh-huh/UH ./.,,
sw10utt/sw_1036_2960.utt,2/sw2960,2960,223,b,A,149,1,Yeah.  /,Yeah/UH ./.,,
sw10utt/sw_1036_2960.utt,2/sw2960,2960,224,sd,A,149,2,My little boy is crazy about Captain Kirk. /,My/PRP$ little/JJ boy/NN is/VBZ crazy/JJ about/IN Captain/NNP Kirk/NNP ./.,,
sw10utt/sw_1036_2960.utt,2/sw2960,2960,225,b,B,150,1,Yeah. /,Yeah/UH ./.,,
sw10utt/sw_1036_2960.utt,2/sw2960,2960,226,sd,A,151,1,{C And } my little girl has Mister Spock's ears <laughter>. /,And/CC my/PRP$ little/JJ girl/NN has/VBZ Mister/NNP   Spock/NNP 's/POS ears/NNS ./.,,
sw10utt/sw_1036_2960.utt,2/sw2960,2960,227,b,B,152,1,"{F Oh, } d-, <laughter>, -/","Oh/UH ,/, d-/XX ,/, ,/,",,
sw10utt/sw_1036_2960.utt,2/sw2960,2960,228,sd,A,153,1,<Laughter>  I told my husband he cursed my kids. /,I/PRP told/VBD my/PRP$ husband/NN he/PRP cursed/VBD my/PRP$ kids/NNS ./.,,
sw10utt/sw_1036_2960.utt,2/sw2960,2960,229,b,B,154,1,Yeah. /,Yeah/UH ./.,,
sw10utt/sw_1036_2960.utt,2/sw2960,2960,230,sd,A,155,1,They were both born with pointy ears. /,They/PRP were/VBD both/DT born/VBN with/IN pointy/JJ ears/NNS ./.,,
sw10utt/sw_1036_2960.utt,2/sw2960,2960,231,%,B,156,1,"{F Oh, } {D well. } -/","Oh/UH ,/, well/UH ./.",,
sw10utt/sw_1036_2960.utt,2/sw2960,2960,232,sd,A,157,1,Not real pointy.  /,Not/RB real/RB pointy/JJ ./.,,
sw10utt/sw_1036_2960.utt,2/sw2960,2960,233,sd,A,157,2,My little boy grew out of it. /,My/PRP$ little/JJ boy/NN grew/VBD out/IN of/IN it/PRP ./.,,
sw10utt/sw_1036_2960.utt,2/sw2960,2960,234,ba,B,158,1,"{F Oh, } that is not a problem anyway, /","Oh/UH ,/, that/DT is/VBZ not/RB a/DT problem/NN anyway/RB ,/,",,
sw10utt/sw_1036_2960.utt,2/sw2960,2960,235,aa,A,159,1,No. /,No/UH ./.,,
sw10utt/sw_1036_2960.utt,2/sw2960,2960,236,sd,B,160,1,"{C but } it is fun <laughter> [ to, + ] {D you know, } seeing the show anyway.  /","but/CC it/PRP is/VBZ fun/JJ to/TO ,/, you/PRP know/VBP ,/, seeing/VBG the/DT show/NN anyway/RB ./.",,
sw10utt/sw_1036_2960.utt,2/sw2960,2960,237,sd,B,160,2,"{F Uh, } now I like, {F uh, } everything Mi-, {F oh, } - /","Uh/UH ,/, now/UH I/PRP like/VBP ,/, uh/UH ,/, everything/NN Mi-/XX ,/, oh/UH ,/,",,
sw10utt/sw_1036_2960.utt,2/sw2960,2960,238,ar,B,160,3,"no,  /","no/DT ,/,",,
sw10utt/sw_1036_2960.utt,2/sw2960,2960,239,^h,B,160,4,"not Michael Douglas, {F um, } {F oh, }  /","not/RB Michael/NNP Douglas/NNP ,/, um/UH ,/, oh/UH ,/,",,
sw10utt/sw_1036_2960.utt,2/sw2960,2960,240,sd,B,160,5,I can't think of his name. /,I/PRP ca/MD n't/RB think/VB of/IN his/PRP$ name/NN ./.,,
sw10utt/sw_1036_2960.utt,2/sw2960,2960,241,qy^d,A,161,1,Kirk Douglas? /,Kirk/NNP Douglas/NNP ?/.,,
sw10utt/sw_1036_2960.utt,2/sw2960,2960,242,nn,B,162,1,"No,  /","No/UH ,/,",,
sw10utt/sw_1036_2960.utt,2/sw2960,2960,243,sd^e,B,162,2,"[ the, + the ] man, right now [ who is having, + {F uh, } who has done, ] {F uh, } BONANZA, and then he did LITTLE HOUSE ON THE PRAIRIE. /","the/DT ,/, the/DT man/NN ,/, right/RB now/RB who/WP is/VBZ having/VBG ,/, uh/UH ,/, who/WP has/VBZ done/VBN ,/, uh/UH ,/, BONANZA/NNP ,/, and/CC then/RB he/PRP did/VBD LITTLE/NNP HOUSE/NNP ON/IN THE/DT PRAIRIE/NNP ./.",,
sw10utt/sw_1036_2960.utt,2/sw2960,2960,244,sd,A,163,1,"{F Oh, } Michael Landon. /","Oh/UH ,/, Michael/NNP Landon/NNP ./.",,
sw10utt/sw_1036_2960.utt,2/sw2960,2960,245,sd,B,164,1,Michael Landon.  /,Michael/NNP Landon/NNP ./.,,
sw10utt/sw_1036_2960.utt,2/sw2960,2960,246,sd,B,164,2,"There you go, Michael --","There/EX you/PRP go/VBP ,/, Michael/NNP --/:",,
sw10utt/sw_1036_2960.utt,2/sw2960,2960,247,%,A,165,1,"{F Oh, } now there, -/","Oh/UH ,/, now/UH there/EX ,/,",,
sw10utt/sw_1036_2960.utt,2/sw2960,2960,248,+,B,166,1,-- Landon.  /,--/: Landon/NNP ./.,,
sw10utt/sw_1036_2960.utt,2/sw2960,2960,249,sd,B,166,2,I have always liked --,I/PRP have/VBP always/RB liked/VBN --/:,,
sw10utt/sw_1036_2960.utt,2/sw2960,2960,250,b,A,167,1,Yeah. /,Yeah/UH ./.,,
sw10utt/sw_1036_2960.utt,2/sw2960,2960,251,+,B,168,1,-- and thought he did good shows. /,--/: and/CC thought/VBN he/PRP did/VBD good/JJ shows/NNS ./.,,
sw10utt/sw_1036_2960.utt,2/sw2960,2960,252,qy^d,A,169,1,Like HIGHWAY TO HEAVEN? /,Like/IN HIGHWAY/NNP TO/IN HEAVEN/NNP ?/.,,
sw10utt/sw_1036_2960.utt,2/sw2960,2960,253,ny,B,170,1,Uh-huh. /,Uh-huh/UH ./.,,
sw10utt/sw_1036_2960.utt,2/sw2960,2960,254,t3,A,171,1,"<<Speaking to child>> Here are some cookies, Kyle.  /","Here/RB are/VBP some/DT cookies/NNS ,/, Kyle/NNP ./.",,
sw10utt/sw_1036_2960.utt,2/sw2960,2960,255,b,A,171,2,"<<Resumes talking to Speaker B>> Yeah,  /","Yeah/UH ,/,",,
sw10utt/sw_1036_2960.utt,2/sw2960,2960,256,sd,A,171,3,"I liked HIGHWAY TO HEAVEN,  /","I/PRP liked/VBD HIGHWAY/NNP TO/IN HEAVEN/NNP ,/,",,
sw10utt/sw_1036_2960.utt,2/sw2960,2960,257,sd,A,171,4,"</child_talking> [ {C and } I, + {C and } I ] thought that was kind of neat though.  /","and/CC I/PRP ,/, and/CC I/PRP thought/VBD that/DT was/VBD kind/RB of/RB neat/JJ though/RB ./.",,
sw10utt/sw_1036_2960.utt,2/sw2960,2960,258,sd,A,171,5,"{C But } I loved LITTLE HOUSE ON THE PRAIRIE, especially when Melissa Gilbert grew up. /","But/CC I/PRP loved/VBD LITTLE/NNP HOUSE/NNP ON/IN THE/DT PRAIRIE/NNP ,/, especially/RB when/WRB Melissa/NNP Gilbert/NNP grew/VBD up/RP ./.",,
sw10utt/sw_1036_2960.utt,2/sw2960,2960,259,b,B,172,1,"Yeah, /","Yeah/UH ,/,",,
sw10utt/sw_1036_2960.utt,2/sw2960,2960,260,sd,A,173,1,She was --,She/PRP was/VBD --/:,,
sw10utt/sw_1036_2960.utt,2/sw2960,2960,261,b,B,174,1,yeah. /,yeah/UH ./.,,
sw10utt/sw_1036_2960.utt,2/sw2960,2960,262,+,A,175,1,"-- kind of like my idol <laughter>,","--/: kind/RB of/RB like/IN my/PRP$ idol/NN ,/,",,
sw10utt/sw_1036_2960.utt,2/sw2960,2960,263,x,B,176,1,<Laughter>.,,,
sw10utt/sw_1036_2960.utt,2/sw2960,2960,264,+,A,177,1,"when I was growing up.  Because I am twenty-seven,  /","when/WRB I/PRP was/VBD growing/VBG up/RP ./. Because/IN I/PRP am/VBP twenty-seven/CD ,/,",,
sw10utt/sw_1036_2960.utt,2/sw2960,2960,265,%,A,177,2,"{C so } it is, {D you know, } - /","so/RB it/PRP is/VBZ ,/, you/PRP know/VBP ,/,",,
sw10utt/sw_1036_2960.utt,2/sw2960,2960,266,sd,A,177,3,she is about the same age as I am. /,she/PRP is/VBZ about/RB the/DT same/JJ age/NN as/IN I/PRP am/VBP ./.,,
sw10utt/sw_1036_2960.utt,2/sw2960,2960,267,b,B,178,1,Uh-huh. /,Uh-huh/UH ./.,,
sw10utt/sw_1036_2960.utt,2/sw2960,2960,268,sd,A,179,1,"I wanted to be just like her, because she is so cute. /","I/PRP wanted/VBD to/TO be/VB just/RB like/IN her/PRP$ ,/, because/IN she/PRP is/VBZ so/RB cute/JJ ./.",,
sw10utt/sw_1036_2960.utt,2/sw2960,2960,269,b,B,180,1,"Yeah,  /","Yeah/UH ,/,",,
sw10utt/sw_1036_2960.utt,2/sw2960,2960,270,%,B,180,2,"I, - /","I/PRP ,/,",,
sw10utt/sw_1036_2960.utt,2/sw2960,2960,271,sd,B,180,3,"{C and } I liked that show because [ it, + it ] portrayed, I thought, really well, {F uh, } pioneer kind of days.","and/CC I/PRP liked/VBD that/DT show/NN because/IN it/PRP ,/, it/PRP portrayed/VBD ,/, I/PRP thought/VBD ,/, really/RB well/RB ,/, uh/UH ,/, pioneer/NN kind/NN of/IN days/NNS ./.",,
sw10utt/sw_1036_2960.utt,2/sw2960,2960,272,b,A,181,1,Yeah  /,Yeah/UH,,
sw10utt/sw_1036_2960.utt,2/sw2960,2960,273,%,A,181,2,"{C and, } -/","and/CC ,/,",,
sw10utt/sw_1036_2960.utt,2/sw2960,2960,274,+,B,182,1,"{D You know, } /","You/PRP know/VBP ,/,",,
sw10utt/sw_1036_2960.utt,2/sw2960,2960,275,%,A,183,1,"{D well, } -/","well/UH ,/,",,
sw10utt/sw_1036_2960.utt,2/sw2960,2960,276,%,B,184,1,"{C but, } -/","but/CC ,/,",,
sw10utt/sw_1036_2960.utt,2/sw2960,2960,277,sd,A,185,1,"I liked it, /","I/PRP liked/VBD it/PRP ,/,",,
sw10utt/sw_1036_2960.utt,2/sw2960,2960,278,b,B,186,1,Yeah. /,Yeah/UH ./.,,
sw10utt/sw_1036_2960.utt,2/sw2960,2960,279,%,A,187,1,"{C but } there, - /","but/CC there/EX ,/,",,
sw10utt/sw_1036_2960.utt,2/sw2960,2960,280,sd,A,187,2,"that is about the only, {F uh, } show I have seen where every time they sit down at the table, they pray --","that/DT is/VBZ about/RB the/DT only/RB ,/, uh/UH ,/, show/NN I/PRP have/VBP seen/VBN where/WRB every/DT time/NN they/PRP sit/VBP down/RB at/IN the/DT table/NN ,/, they/PRP pray/VBP --/:",,
sw10utt/sw_1036_2960.utt,2/sw2960,2960,281,b,B,188,1,Uh-huh. /,Uh-huh/UH ./.,,
sw10utt/sw_1036_2960.utt,2/sw2960,2960,282,+,A,189,1,-- before they eat.  /,--/: before/IN they/PRP eat/VBP ./.,,
sw10utt/sw_1036_2960.utt,2/sw2960,2960,283,sd,A,189,2,{C And } I thought that was real neat.,And/CC I/PRP thought/VBD that/DT was/VBD real/RB neat/JJ ./.,,
sw10utt/sw_1036_2960.utt,2/sw2960,2960,284,b,B,190,1,Yeah. /,Yeah/UH ./.,,
sw10utt/sw_1036_2960.utt,2/sw2960,2960,285,+,A,191,1,Because there is not a lot of shows that do that.  /,Because/IN there/EX is/VBZ not/RB a/DT lot/NN of/IN shows/NNS that/WDT do/VBP that/DT ./.,,
sw10utt/sw_1036_2960.utt,2/sw2960,2960,286,sd,A,191,2,"<cough> {C And, } {F uh, } they have this little cartoon that is on Sunday mornings with,","And/CC ,/, uh/UH ,/, they/PRP have/VBP this/DT little/JJ cartoon/NN that/WDT is/VBZ on/IN Sunday/NNP mornings/NNS with/IN ,/,",,
sw10utt/sw_1036_2960.utt,2/sw2960,2960,287,qw,B,192,1,Now what is that? /,Now/UH what/WP is/VBZ that/DT ?/.,,
sw10utt/sw_1036_2960.utt,2/sw2960,2960,288,+,A,193,1,Jot.  /,Jot/NNP ./.,,
sw10utt/sw_1036_2960.utt,2/sw2960,2960,289,sd,A,193,2,"I remember him in school,  /","I/PRP remember/VBP him/PRP in/IN school/NN ,/,",,
sw10utt/sw_1036_2960.utt,2/sw2960,2960,290,%,A,193,3,"{C but } I do not, - /","but/CC I/PRP do/VBP not/RB ,/,",,
sw10utt/sw_1036_2960.utt,2/sw2960,2960,291,sd,A,193,4,"it is just this little dot with arms and feet and little eyes,  /","it/PRP is/VBZ just/RB this/DT little/JJ dot/NN with/IN arms/NNS and/CC feet/NNS and/CC little/JJ eyes/NNS ,/,",,
sw10utt/sw_1036_2960.utt,2/sw2960,2960,292,sd,A,193,5,{C and } his parents are there.  /,and/CC his/PRP$ parents/NNS are/VBP there/RB ./.,,
sw10utt/sw_1036_2960.utt,2/sw2960,2960,293,sd,A,193,6,"They have it {D like } before one of the [ church things, +","They/PRP have/VBP it/PRP like/UH before/IN one/CD of/IN the/DT church/NN things/NNS ,/,",,
sw10utt/sw_1036_2960.utt,2/sw2960,2960,294,b,B,194,1,Uh-huh. /,Uh-huh/UH ./.,,
sw10utt/sw_1036_2960.utt,2/sw2960,2960,295,+,A,195,1,"{F uh, } {D you know, } church ] that comes on?  /","uh/UH ,/, you/PRP know/VBP ,/, church/NN that/WDT comes/VBZ on/IN ?/.",,
sw10utt/sw_1036_2960.utt,2/sw2960,2960,296,sd,A,195,2,{C And } it is a just this little dot.  /,And/CC it/PRP is/VBZ a/DT just/RB this/DT little/JJ dot/NN ./.,,
sw10utt/sw_1036_2960.utt,2/sw2960,2960,297,sd,A,195,3,"{C And } he will go out and get himself into trouble and come home,  /","And/CC he/PRP will/MD go/VB out/RB and/CC get/VB himself/PRP into/IN trouble/NN and/CC come/VB home/RB ,/,",,
sw10utt/sw_1036_2960.utt,2/sw2960,2960,298,sd,A,195,4,"{C and } the parents will tell him that there is a verse in the Bible that will help him with that,  /","and/CC the/DT parents/NNS will/MD tell/VB him/PRP that/IN there/EX is/VBZ a/DT verse/NN in/IN the/DT Bible/NNP that/WDT will/MD help/VB him/PRP with/IN that/DT ,/,",,
sw10utt/sw_1036_2960.utt,2/sw2960,2960,299,%,A,195,5,"{C and, }","and/CC ,/,",,
sw10utt/sw_1036_2960.utt,2/sw2960,2960,300,sd,B,196,1,"{F Oh, } I have --","Oh/UH ,/, I/PRP have/VBP --/:",,
sw10utt/sw_1036_2960.utt,2/sw2960,2960,301,+,A,197,1,"It is just, -/","It/PRP is/VBZ just/RB ,/,",,
sw10utt/sw_1036_2960.utt,2/sw2960,2960,302,+,B,198,1,-- not seen that. /,--/: not/RB seen/VBN that/DT ./.,,
sw10utt/sw_1036_2960.utt,2/sw2960,2960,303,%,A,199,1,"{D Well, } it is, - /","Well/UH ,/, it/PRP is/VBZ ,/,",,
sw10utt/sw_1036_2960.utt,2/sw2960,2960,304,sd,A,199,2,usually we go to church on Sundays. /,usually/RB we/PRP go/VBP to/IN church/NN on/IN Sundays/NNPS ./.,,
sw10utt/sw_1036_2960.utt,2/sw2960,2960,305,b,B,200,1,Uh-huh. /,Uh-huh/UH ./.,,
sw10utt/sw_1036_2960.utt,2/sw2960,2960,306,sd,A,201,1,{C But } we will miss every once in a while.  /,But/CC we/PRP will/MD miss/VB every/DT once/RB in/IN a/DT while/NN ./.,,
sw10utt/sw_1036_2960.utt,2/sw2960,2960,307,sd,A,201,2,"{C And } I will let Kyle watch that,  /","And/CC I/PRP will/MD let/VB Kyle/NNP watch/VB that/DT ,/,",,
sw10utt/sw_1036_2960.utt,2/sw2960,2960,308,%,A,201,3,"{C and } he just, - /","and/CC he/PRP just/RB ,/,",,
sw10utt/sw_1036_2960.utt,2/sw2960,2960,309,sd,A,201,4,"{D well, } I even like Jot.  /","well/UH ,/, I/PRP even/RB like/VBP Jot/NNP ./.",,
sw10utt/sw_1036_2960.utt,2/sw2960,2960,310,%,A,201,5,"{E I mean } I, - /","I/PRP mean/VBP I/PRP ,/,",,
sw10utt/sw_1036_2960.utt,2/sw2960,2960,311,sv,A,201,6,it is funny. /,it/PRP is/VBZ funny/JJ ./.,,
sw10utt/sw_1036_2960.utt,2/sw2960,2960,312,qw,B,202,1,What channel is it on? /,What/WDT channel/NN is/VBZ it/PRP on/IN ?/.,,
sw10utt/sw_1036_2960.utt,2/sw2960,2960,313,sd,A,203,1,"It is on channel, - /","It/PRP is/VBZ on/IN channel/NN ,/,",,
sw10utt/sw_1036_2960.utt,2/sw2960,2960,314,^h,A,203,2,"{D well, } let us see.  /","well/UH ,/, let/VB us/PRP see/VB ./.",,
sw10utt/sw_1036_2960.utt,2/sw2960,2960,315,qy^d,A,203,3,You are in Plano? /,You/PRP are/VBP in/IN Plano/NNP ?/.,,
sw10utt/sw_1036_2960.utt,2/sw2960,2960,316,ny,B,204,1,Uh-huh. /,Uh-huh/UH ./.,,
sw10utt/sw_1036_2960.utt,2/sw2960,2960,317,sd,A,205,1,"{F Uh, } it is twelve or ten down here. /","Uh/UH ,/, it/PRP is/VBZ twelve/CD or/CC ten/CD down/IN here/RB ./.",,
sw10utt/sw_1036_2960.utt,2/sw2960,2960,318,sd,B,206,1,"{D Well, } I will look [ and, + and ] see.  /","Well/UH ,/, I/PRP will/MD look/VB and/CC ,/, and/CC see/VB ./.",,
sw10utt/sw_1036_2960.utt,2/sw2960,2960,319,b,B,206,2,"Yeah,  /","Yeah/UH ,/,",,
sw10utt/sw_1036_2960.utt,2/sw2960,2960,320,sd,B,206,3,we go to church on Sunday.  /,we/PRP go/VBP to/IN church/NN on/IN Sunday/NNP ./.,,
sw10utt/sw_1036_2960.utt,2/sw2960,2960,321,sd,B,206,4,About  one o'clock is when our meetings start.  /,About/IN one/CD o'clock/RB is/VBZ when/WRB our/PRP$ meetings/NNS start/VBP ./.,,
sw10utt/sw_1036_2960.utt,2/sw2960,2960,322,%,B,206,5,"{C And, } {F uh, } -/","And/CC ,/, uh/UH ,/,",,
sw10utt/sw_1036_2960.utt,2/sw2960,2960,323,sd,A,207,1,"{F Oh, } {D well, } this is of the mornings. /","Oh/UH ,/, well/UH ,/, this/DT is/VBZ of/IN the/DT mornings/NNS ./.",,
sw10utt/sw_1036_2960.utt,2/sw2960,2960,324,qy^d,B,208,1,It is in the morning? /,It/PRP is/VBZ in/IN the/DT morning/NN ?/.,,
sw10utt/sw_1036_2960.utt,2/sw2960,2960,325,na,A,209,1,"{F Uh, } around nine or ten I think.  /","Uh/UH ,/, around/RB nine/CD or/CC ten/CD I/PRP think/VBP ./.",,
sw10utt/sw_1036_2960.utt,2/sw2960,2960,326,sd,A,209,2,"[  It is before one of the, + I think it is before the ] First Baptist in Sherman airs. /","It/PRP is/VBZ before/IN one/CD of/IN the/DT ,/, I/PRP think/VBP it/PRP is/VBZ before/IN the/DT First/NNP Baptist/NNP in/IN Sherman/NNP airs/VBZ ./.",,
sw10utt/sw_1036_2960.utt,2/sw2960,2960,327,bk,B,210,1,Okay. /,Okay/UH ./.,,
sw10utt/sw_1036_2960.utt,2/sw2960,2960,328,sv,A,211,1,"I think that is the one that it,","I/PRP think/VBP that/DT is/VBZ the/DT one/CD that/DT it/PRP ,/,",,
sw10utt/sw_1036_2960.utt,2/sw2960,2960,329,%,B,212,1,"W-, -/","W-/XX ,/,",,
sw10utt/sw_1036_2960.utt,2/sw2960,2960,330,+,A,213,1,"{F uh, } comes on before. /","uh/UH ,/, comes/VBZ on/IN before/RB ./.",,
sw10utt/sw_1036_2960.utt,2/sw2960,2960,331,sd,B,214,1,"{D Well, } we'll look. /","Well/UH ,/, we/PRP 'll/MD look/VB ./.",,
sw10utt/sw_1036_2960.utt,2/sw2960,2960,332,sv,A,215,1,It is real cute.  /,It/PRP is/VBZ real/RB cute/JJ ./.,,
sw10utt/sw_1036_2960.utt,2/sw2960,2960,333,qh,A,215,2,You know what?  /,You/PRP know/VBP what/WP ?/.,,
sw10utt/sw_1036_2960.utt,2/sw2960,2960,334,sd,A,215,3,"He is bouncing around,  /","He/PRP is/VBZ bouncing/VBG around/RB ,/,",,
sw10utt/sw_1036_2960.utt,2/sw2960,2960,335,sd,A,215,4,"{C and } his name is Jot,  /","and/CC his/PRP$ name/NN is/VBZ Jot/NNP ,/,",,
sw10utt/sw_1036_2960.utt,2/sw2960,2960,336,sd,A,215,5,{C and then } he has got a friend named Cat.  /,and/CC then/RB he/PRP has/VBZ got/VBN a/DT friend/NN named/VBN Cat/NNP ./.,,
sw10utt/sw_1036_2960.utt,2/sw2960,2960,337,sd,A,215,6,"{C And } I think the dog is the only one that is not [ a, + a ] dot <laughter>. /","And/CC I/PRP think/VBP the/DT dog/NN is/VBZ the/DT only/RB one/CD that/WDT is/VBZ not/RB a/DT ,/, a/DT dot/NN ./.",,
sw10utt/sw_1036_2960.utt,2/sw2960,2960,338,x,B,216,1,<Laughter>.,,,
sw10utt/sw_1036_2960.utt,2/sw2960,2960,339,sv,A,217,1,<Laughter> {C But } it is real cute.  /,But/CC it/PRP is/VBZ real/RB cute/JJ ./.,,
sw10utt/sw_1036_2960.utt,2/sw2960,2960,340,sd,A,217,2,"{C And } like I say, [ they, + they ] teach him stuff from the BIBLE.  /","And/CC like/IN I/PRP say/VBP ,/, they/PRP ,/, they/PRP teach/VBP him/PRP stuff/NN from/IN the/DT BIBLE/NNP ./.",,
sw10utt/sw_1036_2960.utt,2/sw2960,2960,341,sd,A,217,3,{C And } I think it is just a real cute show.  /,And/CC I/PRP think/VBP it/PRP is/VBZ just/RB a/DT real/RB cute/JJ show/NN ./.,,
sw10utt/sw_1036_2960.utt,2/sw2960,2960,342,sd,A,217,4,"I am trying to get my little boy into reading, {F uh, } like church books and things. /","I/PRP am/VBP trying/VBG to/TO get/VB my/PRP$ little/JJ boy/NN into/IN reading/NN ,/, uh/UH ,/, like/IN church/NN books/NNS and/CC things/NNS ./.",,
sw10utt/sw_1036_2960.utt,2/sw2960,2960,343,b,B,218,1,Uh-huh. /,Uh-huh/UH ./.,,
sw10utt/sw_1036_2960.utt,2/sw2960,2960,344,sd,A,219,1,"We have got like NOAH'S ARK and, {F oh, } LORD IS MY SHEP-. - /","We/PRP have/VBP got/VBN like/IN NOAH/NNP 'S/POS ARK/NN  and/CC ,/, oh/UH ,/, LORD/NNP IS/VBZ MY/PRP SHEP-/NN ./.",,
sw10utt/sw_1036_2960.utt,2/sw2960,2960,345,sd,A,219,2,"We have got about eight or twelve books for him, just little Bible stories. /","We/PRP have/VBP got/VBN about/RB eight/CD or/CC twelve/CD books/NNS for/IN him/PRP ,/, just/RB little/JJ Bible/NNP stories/NNS ./.",,
sw10utt/sw_1036_2960.utt,2/sw2960,2960,346,b,B,220,1,Uh-huh. /,Uh-huh/UH ./.,,
sw10utt/sw_1036_2960.utt,2/sw2960,2960,347,%,A,221,1,"{C And } they-, - /","And/CC they-/XX ,/,",,
sw10utt/sw_1036_2960.utt,2/sw2960,2960,348,sd,A,221,2,"[ he is, + he is ] getting to where he likes them. /","he/PRP is/VBZ ,/, he/PRP is/VBZ getting/VBG to/IN where/WRB he/PRP likes/VBZ them/PRP ./.",,
sw10utt/sw_1036_2960.utt,2/sw2960,2960,349,b,B,222,1,Yeah. /,Yeah/UH ./.,,
sw10utt/sw_1036_2960.utt,2/sw2960,2960,350,sd,A,223,1,"We got him a little Jesus doll, {F uh, } about a year ago,  /","We/PRP got/VBD him/PRP a/DT little/JJ Jesus/NNP doll/NN ,/, uh/UH ,/, about/RB a/DT year/NN ago/RB ,/,",,
sw10utt/sw_1036_2960.utt,2/sw2960,2960,351,sd,A,223,2,{C and } he has always kept that.  /,and/CC he/PRP has/VBZ always/RB kept/VBN that/DT ./.,,
sw10utt/sw_1036_2960.utt,2/sw2960,2960,352,sd,A,223,3,He likes it <laughter>. /,He/PRP likes/VBZ it/PRP ./.,,
sw10utt/sw_1036_2960.utt,2/sw2960,2960,353,sd,B,224,1,"{D Well, } I really like, - /","Well/UH ,/, I/PRP really/RB like/VBP ,/,",,
sw10utt/sw_1036_2960.utt,2/sw2960,2960,354,sd,B,224,2,"now we get channel fifty-five, although we do not have cable,","now/RB we/PRP get/VBP channel/NN fifty-five/CD ,/, although/IN we/PRP do/VBP not/RB have/VB cable/NN ,/,",,
sw10utt/sw_1036_2960.utt,2/sw2960,2960,355,b,A,225,1,Uh-huh. /,Uh-huh/UH ./.,,
sw10utt/sw_1036_2960.utt,2/sw2960,2960,356,+,B,226,1,we do get channel fifty-five.  /,we/PRP do/VBP get/VB channel/NN fifty-five/CD ./.,,
sw10utt/sw_1036_2960.utt,2/sw2960,2960,357,%,B,226,2,"{C And } that is a, {F uh, } - /","And/CC that/DT is/VBZ a/DT ,/, uh/UH ,/,",,
sw10utt/sw_1036_2960.utt,2/sw2960,2960,358,%,B,226,3,"like, [ a, + a ] song, - /","like/IN ,/, a/DT ,/, a/DT song/NN ,/,",,
sw10utt/sw_1036_2960.utt,2/sw2960,2960,359,sd,B,226,4,they sing songs on there  /,they/PRP sing/VBP songs/NNS on/IN there/RB,,
sw10utt/sw_1036_2960.utt,2/sw2960,2960,360,sd,B,226,5,"{C but } they're, {F uh, } worship through music kind of things.  /","but/CC they/PRP 're/VBP ,/, uh/UH ,/, worship/NN through/IN music/NN kind/NN of/IN things/NNS ./.",,
sw10utt/sw_1036_2960.utt,2/sw2960,2960,361,sd,B,226,6,"{C But } they are up to date, {F uh, }  /","But/CC they/PRP are/VBP up/RP to/IN date/NN ,/, uh/UH ,/,",,
sw10utt/sw_1036_2960.utt,2/sw2960,2960,362,sv,B,226,7,"{C and } some of them are {D like, } {F uh, } videos --","and/CC some/DT of/IN them/PRP are/VBP like/IN ,/, uh/UH ,/, videos/NNS --/:",,
sw10utt/sw_1036_2960.utt,2/sw2960,2960,363,b,A,227,1,Uh-huh. /,Uh-huh/UH ./.,,
sw10utt/sw_1036_2960.utt,2/sw2960,2960,364,+,B,228,1,"-- like music videos, that go along with the songs about church and Jesus.  /","--/: like/IN music/NN videos/NNS ,/, that/WDT go/VBP along/IN with/IN the/DT songs/NNS about/IN church/NN and/CC Jesus/NNP ./.",,
sw10utt/sw_1036_2960.utt,2/sw2960,2960,365,%,B,228,2,"[ {C And, } +","And/CC ,/,",,
sw10utt/sw_1036_2960.utt,2/sw2960,2960,366,qy^d,A,229,1,"{C So } it's [ a, +","So/RB it/PRP 's/BES a/DT ,/,",,
sw10utt/sw_1036_2960.utt,2/sw2960,2960,367,+,B,230,1,"{C And } ] I, -/","And/CC I/PRP ,/,",,
sw10utt/sw_1036_2960.utt,2/sw2960,2960,368,+,A,231,1,a ] Christian songs? /,a/DT Christian/JJ songs/NNS ?/.,,
sw10utt/sw_1036_2960.utt,2/sw2960,2960,369,ny,B,232,1,Yeah. /,Yeah/UH ./.,,
sw10utt/sw_1036_2960.utt,2/sw2960,2960,370,sv,A,233,1,"{F Oh, } that sounds fun. /","Oh/UH ,/, that/DT sounds/VBZ fun/JJ ./.",,
sw10utt/sw_1036_2960.utt,2/sw2960,2960,371,%,B,234,1,"The Chri-, - /","The/DT Chri-/XX ,/,",,
sw10utt/sw_1036_2960.utt,2/sw2960,2960,372,sd,B,234,2,it's called the Christian music station or something like that. /,it/PRP 's/BES called/VBN the/DT Christian/NNP music/NN station/NN or/CC something/NN like/IN that/DT ./.,,
sw10utt/sw_1036_2960.utt,2/sw2960,2960,373,ba,A,235,1,That's something.  /,That/DT 's/BES something/NN ./.,,
sw10utt/sw_1036_2960.utt,2/sw2960,2960,374,%,A,235,2,"{D Well, } -/","Well/UH ,/,",,
sw10utt/sw_1036_2960.utt,2/sw2960,2960,375,sd,B,236,1,"{C And, } {F uh, } I really like that. /","And/CC ,/, uh/UH ,/, I/PRP really/RB like/VBP that/DT ./.",,
sw10utt/sw_1036_2960.utt,2/sw2960,2960,376,b,A,237,1,Yeah. /,Yeah/UH ./.,,
sw10utt/sw_1036_2960.utt,2/sw2960,2960,377,sd,B,238,1,"{F Uh, } I turn that [ on, + on ] Sunday mornings.  /","Uh/UH ,/, I/PRP turn/VBP that/DT on/RP ,/, on/IN Sunday/NNP mornings/NNS ./.",,
sw10utt/sw_1036_2960.utt,2/sw2960,2960,378,%,B,238,2,"{C And } I do not, {D you know, }  /","And/CC I/PRP do/VBP not/RB ,/, you/PRP know/VBP ,/,",,
sw10utt/sw_1036_2960.utt,2/sw2960,2960,379,%,B,238,3,"{C and so } my kids do not, {F uh, } have an </TV>, -/","and/CC so/RB my/PRP$ kids/NNS do/VBP not/RB ,/, uh/UH ,/, have/VB an/DT ,/,",,
