swda_filename,ptb_basename,conversation_no,transcript_index,act_tag,caller,utterance_index,subutterance_index,text,pos,trees,ptb_treenumbers
sw09utt/sw_0931_2467.utt,2/sw2467,2467,0,ad,A,1,1,"{D So, } {F uh, } describe your family budget. /","So/UH ,/, uh/UH ,/, describe/VB your/PRP$ family/NN budget/NN ./.",,
sw09utt/sw_0931_2467.utt,2/sw2467,2467,1,sd,B,2,1,"{D Well, } [ I've, + {F uh, } for a lot of years [ I, + I've ] ] pretty much flied without one,  /","Well/UH ,/, I/PRP 've/VBP ,/, uh/UH ,/, for/IN a/DT lot/NN of/IN years/NNS I/PRP ,/, I/PRP 've/VBP pretty/RB much/RB flied/VBN without/IN one/NN ,/,",,
sw09utt/sw_0931_2467.utt,2/sw2467,2467,2,sd,B,2,2,"{C and, } {F uh, } just recently, {F uh, } [ we, + we ] set up a budget,  /","and/CC ,/, uh/UH ,/, just/RB recently/RB ,/, uh/UH ,/, we/PRP ,/, we/PRP set/VBD up/RP a/DT budget/NN ,/,",,
sw09utt/sw_0931_2467.utt,2/sw2467,2467,3,sd,B,2,3,"[ {C and, } + {C and } ] we're trying to stick to it.  /","and/CC ,/, and/CC we/PRP 're/VBP trying/VBG to/TO stick/VB to/IN it/PRP ./.",,
sw09utt/sw_0931_2467.utt,2/sw2467,2467,4,sd,B,2,4,We just bought a new house.  /,We/PRP just/RB bought/VBD a/DT new/JJ house/NN ./.,,
sw09utt/sw_0931_2467.utt,2/sw2467,2467,5,sd,B,2,5,"{C So } [ we've got everything, + {D you know, } pretty much we know ] what [ our, + {F uh, } our ] fixed expenses are per month,  /","So/RB we/PRP 've/VBP got/VBN everything/NN ,/, you/PRP know/VBP ,/, pretty/RB much/RB we/PRP know/VBP what/WP our/PRP$ ,/, uh/UH ,/, our/PRP$ fixed/JJ expenses/NNS are/VBP per/FW month/NN ,/,",,
sw09utt/sw_0931_2467.utt,2/sw2467,2467,6,sd,B,2,6,"{C and then } we've got some ones that are variable, that pretty much stay within a certain range,  /","and/CC then/RB we/PRP 've/VBP got/VBN some/DT ones/NNS that/WDT are/VBP variable/JJ ,/, that/WDT pretty/RB much/RB stay/VBP within/IN a/DT certain/JJ range/NN ,/,",,
sw09utt/sw_0931_2467.utt,2/sw2467,2467,7,sd,B,2,7,"[ {C and then, } + {F uh, } then ] there's the ones that you never know anything about,  /","and/CC then/RB ,/, uh/UH ,/, then/RB there/EX 's/BES the/DT ones/NNS that/WDT you/PRP never/RB know/VBP anything/NN about/IN ,/,",,
sw09utt/sw_0931_2467.utt,2/sw2467,2467,8,sd,B,2,8,"{C and } [ that's, + that's ] the food  /","and/CC that/DT 's/BES ,/, that/DT 's/BES the/DT food/NN",,
sw09utt/sw_0931_2467.utt,2/sw2467,2467,9,sd@,B,2,9,[ budget. + ],budget/NN ./.,,
sw09utt/sw_0931_2467.utt,2/sw2467,2467,10,aa,A,3,1,"{D Well, } yeah,  /","Well/UH ,/, yeah/UH ,/,",,
sw09utt/sw_0931_2467.utt,2/sw2467,2467,11,sv,A,3,2,"{C and } to some extent, utilities, I imagine. /","and/CC to/IN some/DT extent/NN ,/, utilities/NNS ,/, I/PRP imagine/VBP ./.",,
sw09utt/sw_0931_2467.utt,2/sw2467,2467,12,+@,B,4,1,"Yeah,  /","Yeah/UH ,/,",,
sw09utt/sw_0931_2467.utt,2/sw2467,2467,13,ar,B,4,2,"{D well, } the utilities are pretty much, - /","well/UH ,/, the/DT utilities/NNS are/VBP pretty/RB much/RB ,/,",,
sw09utt/sw_0931_2467.utt,2/sw2467,2467,14,sv,B,4,3,"you can pretty much figure what they're going to be,  /","you/PRP can/MD pretty/RB much/RB figure/VB what/WP they/PRP 're/VBP going/VBG to/TO be/VB ,/,",,
sw09utt/sw_0931_2467.utt,2/sw2467,2467,15,sd,B,4,4,{C and } one of the nice things here is the electric company has a plan where they'll average them out for you. /,and/CC one/CD of/IN the/DT nice/JJ things/NNS here/RB is/VBZ the/DT electric/JJ company/NN has/VBZ a/DT plan/NN where/WRB they/PRP 'll/MD average/VB them/PRP out/RP for/IN you/PRP ./.,,
sw09utt/sw_0931_2467.utt,2/sw2467,2467,16,sd,A,5,1,"They have that to some extent here,  /","They/PRP have/VBP that/DT to/IN some/DT extent/NN here/RB ,/,",,
sw09utt/sw_0931_2467.utt,2/sw2467,2467,17,sd,A,5,2,{C but } it's not quite as good. /,but/CC it/PRP 's/BES not/RB quite/RB as/RB good/JJ ./.,,
sw09utt/sw_0931_2467.utt,2/sw2467,2467,18,b,B,6,1,Uh-huh. /,Uh-huh/UH ./.,,
sw09utt/sw_0931_2467.utt,2/sw2467,2467,19,sd,A,7,1,"And, {F uh, } transportation expenses,  /","And/CC ,/, uh/UH ,/, transportation/NN expenses/NNS ,/,",,
sw09utt/sw_0931_2467.utt,2/sw2467,2467,20,qy^d,A,7,2,I guess you own a car. /,I/PRP guess/VBP you/PRP own/VBP a/DT car/NN ./.,,
sw09utt/sw_0931_2467.utt,2/sw2467,2467,21,ny,B,8,1,Yes  /,Yes/UH,,
sw09utt/sw_0931_2467.utt,2/sw2467,2467,22,sd^e,B,8,2,sir. /,sir/NN ./.,,
sw09utt/sw_0931_2467.utt,2/sw2467,2467,23,qy,A,9,1,{C And } you know how much you're going to drive every week? /,And/CC you/PRP know/VBP how/WRB much/JJ you/PRP 're/VBP going/VBG to/TO drive/VB every/DT week/NN ?/.,,
sw09utt/sw_0931_2467.utt,2/sw2467,2467,24,no,B,10,1,"{D Well, } [ I used to, + {F um, } I used to ] know, {F uh, } fairly close to exactly how many miles I drove, because [ [ I, + I was very convenient, ] + I lived, ] {F uh, } nine tenths of a mile from work. /","Well/UH ,/, I/PRP used/VBD to/TO ,/, um/UH ,/, I/PRP used/VBD to/TO know/VB ,/, uh/UH ,/, fairly/RB close/RB to/IN exactly/RB how/WRB many/JJ miles/NNS I/PRP drove/VBD ,/, because/IN I/PRP ,/, I/PRP was/VBD very/RB convenient/JJ ,/, I/PRP lived/VBD ,/, uh/UH ,/, nine/CD tenths/NNS of/IN a/DT mile/NN from/IN work/NN ./.",,
sw09utt/sw_0931_2467.utt,2/sw2467,2467,25,b,A,11,1,{F Huh. } /,Huh/UH ./.,,
sw09utt/sw_0931_2467.utt,2/sw2467,2467,26,sd,B,12,1,"[ {C So, } + {C so, } ] it was, {D you know, } two miles a day <laughter> to and from work.  /","So/RB ,/, so/RB ,/, it/PRP was/VBD ,/, you/PRP know/VBP ,/, two/CD miles/NNS a/DT day/NN to/IN and/CC from/IN work/NN ./.",,
sw09utt/sw_0931_2467.utt,2/sw2467,2467,27,sd,B,12,2,{C So }  it kind of cut my transportation costs a lot.  /,So/RB it/PRP kind/RB of/RB cut/VBD my/PRP$ transportation/NN costs/NNS a/DT lot/NN ./.,,
sw09utt/sw_0931_2467.utt,2/sw2467,2467,28,sd,B,12,3,"{C But } now I've just bought a new house,  /","But/CC now/RB I/PRP 've/VBP just/RB bought/VBN a/DT new/JJ house/NN ,/,",,
sw09utt/sw_0931_2467.utt,2/sw2467,2467,29,sd,B,12,4,"{C and } I'm a half hour,  /","and/CC I/PRP 'm/VBP a/DT half/JJ hour/NN ,/,",,
sw09utt/sw_0931_2467.utt,2/sw2467,2467,30,sd,B,12,5,"{C and so } my transportation costs have gone up by, {F uh, } five times <laughter>. /","and/CC so/RB my/PRP$ transportation/NN costs/NNS have/VBP gone/VBN up/RB by/IN ,/, uh/UH ,/, five/CD times/NNS ./.",,
sw09utt/sw_0931_2467.utt,2/sw2467,2467,31,b,A,13,1,"Yeah,  /","Yeah/UH ,/,",,
sw09utt/sw_0931_2467.utt,2/sw2467,2467,32,ba,A,13,2,I understand that.  /,I/PRP understand/VBP that/DT ./.,,
sw09utt/sw_0931_2467.utt,2/sw2467,2467,33,sd,A,13,3,"[ We, + we ] have a real similar situation.  /","We/PRP ,/, we/PRP have/VBP a/DT real/RB similar/JJ situation/NN ./.",,
sw09utt/sw_0931_2467.utt,2/sw2467,2467,34,sd,A,13,4,"Ours, {F uh, } have quintupled, at least.  /","Ours/PRP ,/, uh/UH ,/, have/VBP quintupled/VBN ,/, at/IN least/JJS ./.",,
sw09utt/sw_0931_2467.utt,2/sw2467,2467,35,sd,A,13,5,{C So } there is a real family budget. /,So/RB there/EX is/VBZ a/DT real/JJ family/NN budget/NN ./.,,
sw09utt/sw_0931_2467.utt,2/sw2467,2467,36,aa,B,14,1,"Yeah,  /","Yeah/UH ,/,",,
sw09utt/sw_0931_2467.utt,2/sw2467,2467,37,aa,B,14,2,"pretty much, {F um. }  /","pretty/RB much/JJ ,/, um/UH ./.",,
sw09utt/sw_0931_2467.utt,2/sw2467,2467,38,sd,B,14,3,The problem is there never seems to be enough money.  /,The/DT problem/NN is/VBZ there/EX never/RB seems/VBZ to/TO be/VB enough/JJ money/NN ./.,,
sw09utt/sw_0931_2467.utt,2/sw2467,2467,39,sd,B,14,4,"I have three children,  /","I/PRP have/VBP three/CD children/NNS ,/,",,
sw09utt/sw_0931_2467.utt,2/sw2467,2467,40,sv,B,14,5,"{C and } it seems like the more money you make, the more money you have, the more things that they seem to need,  /","and/CC it/PRP seems/VBZ like/IN the/DT more/JJR money/NN you/PRP make/VBP ,/, the/DT more/JJR money/NN you/PRP have/VBP ,/, the/DT more/JJR things/NNS that/WDT they/PRP seem/VBP to/TO need/VB ,/,",,
sw09utt/sw_0931_2467.utt,2/sw2467,2467,41,sv,B,14,6,"{C and, } {F uh, } of course, nothing ever goes down,  /","and/CC ,/, uh/UH ,/, of/IN course/NN ,/, nothing/NN ever/RB goes/VBZ down/RB ,/,",,
sw09utt/sw_0931_2467.utt,2/sw2467,2467,42,%,B,14,7,"{E I mean, } {F uh, } I remember, - /","I/PRP mean/VBP ,/, uh/UH ,/, I/PRP remember/VBP ,/,",,
sw09utt/sw_0931_2467.utt,2/sw2467,2467,43,sd,B,14,8,I have five children total.  /,I/PRP have/VBP five/CD children/NNS total/NN ./.,,
sw09utt/sw_0931_2467.utt,2/sw2467,2467,44,sd,B,14,9,I have three left in the house. /,I/PRP have/VBP three/CD left/VBN in/IN the/DT house/NN ./.,,
sw09utt/sw_0931_2467.utt,2/sw2467,2467,45,b,A,15,1,Yeah. /,Yeah/UH ./.,,
sw09utt/sw_0931_2467.utt,2/sw2467,2467,46,sd,B,16,1,"{C And } I can remember years ago, when school would start,  /","And/CC I/PRP can/MD remember/VB years/NNS ago/RB ,/, when/WRB school/NN would/MD start/VB ,/,",,
sw09utt/sw_0931_2467.utt,2/sw2467,2467,47,sd,B,16,2,"{C and } I'd go buy all five kids, {D you know, } shoes,  /","and/CC I/PRP 'd/MD go/VB buy/VB all/DT five/CD kids/NNS ,/, you/PRP know/VBP ,/, shoes/NNS ,/,",,
sw09utt/sw_0931_2467.utt,2/sw2467,2467,48,sd,B,16,3,"{C and } I could get [ out of the, + out of the ] shoe store without spending more than thirty-five dollars.  /","and/CC I/PRP could/MD get/VB out/IN of/IN the/DT ,/, out/IN of/IN the/DT shoe/NN store/NN without/IN spending/VBG more/JJR than/IN thirty-five/CD dollars/NNS ./.",,
sw09utt/sw_0931_2467.utt,2/sw2467,2467,49,sv,B,16,4,"Nowadays, thirty-five dollars buys about one pair of shoes -- /","Nowadays/RB ,/, thirty-five/CD dollars/NNS buys/VBZ about/RB one/CD pair/NN of/IN shoes/NNS --/:",,
sw09utt/sw_0931_2467.utt,2/sw2467,2467,50,sv,A,17,1,If you're lucky. /,If/IN you/PRP 're/VBP lucky/JJ ./.,,
sw09utt/sw_0931_2467.utt,2/sw2467,2467,51,aa,B,18,1,"-- yeah,  /","--/: yeah/UH ,/,",,
sw09utt/sw_0931_2467.utt,2/sw2467,2467,52,sv,B,18,2,"{C so } I mean things have just really gone out of sight in [ the last, + {F uh, } I guess about the last ] ten years. /","so/RB I/PRP mean/VBP things/NNS have/VBP just/RB really/RB gone/VBN out/IN of/IN sight/NN in/IN the/DT last/JJ ,/, uh/UH ,/, I/PRP guess/VBP about/RB the/DT last/JJ ten/CD years/NNS ./.",,
sw09utt/sw_0931_2467.utt,2/sw2467,2467,53,qr,A,19,1,Exempt or nonexempt. /,Exempt/JJ or/CC nonexempt/JJ ./.,,
sw09utt/sw_0931_2467.utt,2/sw2467,2467,54,sd,B,20,1,I'm exempt. /,I/PRP 'm/VBP exempt/JJ ./.,,
sw09utt/sw_0931_2467.utt,2/sw2467,2467,55,ba,A,21,1,"Wow,  /","Wow/UH ,/,",,
sw09utt/sw_0931_2467.utt,2/sw2467,2467,56,ba,A,21,2,must be nice. /,must/MD be/VB nice/JJ ./.,,
sw09utt/sw_0931_2467.utt,2/sw2467,2467,57,x,B,22,1,<Laughter>.,,,
sw09utt/sw_0931_2467.utt,2/sw2467,2467,58,sd,A,23,1,"Part of the high price spread.  {F Uh, }  /","Part/NN of/IN the/DT high/JJ price/NN spread/NN ./. Uh/UH ,/,",,
sw09utt/sw_0931_2467.utt,2/sw2467,2467,59,ar,A,23,2,"no,  /","no/UH ,/,",,
sw09utt/sw_0931_2467.utt,2/sw2467,2467,60,sd,A,23,3,"{D well, } [ we don't, + we do, ]  /","well/UH ,/, we/PRP do/VBP n't/RB ,/, we/PRP do/VBP ,/,",,
sw09utt/sw_0931_2467.utt,2/sw2467,2467,61,sd,A,23,4,{C but } we don't have a family budget.  /,but/CC we/PRP do/VBP n't/RB have/VB a/DT family/NN budget/NN ./.,,
sw09utt/sw_0931_2467.utt,2/sw2467,2467,62,sd,A,23,5,We have the fixed things we have to pay. /,We/PRP have/VBP the/DT fixed/JJ things/NNS we/PRP have/VBP to/TO pay/VB ./.,,
sw09utt/sw_0931_2467.utt,2/sw2467,2467,63,b,B,24,1,Uh-huh. /,Uh-huh/UH ./.,,
sw09utt/sw_0931_2467.utt,2/sw2467,2467,64,sd,A,25,1,{C And } we have the things that are extras.  /,And/CC we/PRP have/VBP the/DT things/NNS that/WDT are/VBP extras/NNS ./.,,
sw09utt/sw_0931_2467.utt,2/sw2467,2467,65,sd,A,25,2,{C But } it seems that by and large the extras just don't exist. /,But/CC it/PRP seems/VBZ that/IN by/IN and/CC large/JJ the/DT extras/NNS just/RB do/VBP n't/RB exist/VB ./.,,
sw09utt/sw_0931_2467.utt,2/sw2467,2467,66,b,B,26,1,Yeah. /,Yeah/UH ./.,,
sw09utt/sw_0931_2467.utt,2/sw2467,2467,67,sd,A,27,1,"And, {D well, } {D you know, } the auto budget,  /","And/CC ,/, well/UH ,/, you/PRP know/VBP ,/, the/DT auto/NN budget/NN ,/,",,
sw09utt/sw_0931_2467.utt,2/sw2467,2467,68,sd,A,27,2,car payment sucks a hell of a lot of it dry. /,car/NN payment/NN sucks/VBZ a/DT hell/NN of/IN a/DT lot/NN of/IN it/PRP dry/JJ ./.,,
sw09utt/sw_0931_2467.utt,2/sw2467,2467,69,b,B,28,1,Uh-huh. /,Uh-huh/UH ./.,,
sw09utt/sw_0931_2467.utt,2/sw2467,2467,70,sv,A,29,1,"And insurance,  /","And/CC insurance/NN ,/,",,
sw09utt/sw_0931_2467.utt,2/sw2467,2467,71,qy,A,29,2,is insurance bad there? /,is/VBZ insurance/NN bad/JJ there/RB ?/.,,
sw09utt/sw_0931_2467.utt,2/sw2467,2467,72,sd,B,30,1,"{F Um, } I've got, {F uh, } two older cars.  /","Um/UH ,/, I/PRP 've/VBP got/VBN ,/, uh/UH ,/, two/CD older/JJR cars/NNS ./.",,
sw09utt/sw_0931_2467.utt,2/sw2467,2467,73,%,B,30,2,"They're both, - /","They/PRP 're/VBP both/DT ,/,",,
sw09utt/sw_0931_2467.utt,2/sw2467,2467,74,sd,B,30,3,one's a seventy-seven  /,one/CD 's/BES a/DT  seventy-seven/CD,,
sw09utt/sw_0931_2467.utt,2/sw2467,2467,75,sd,B,30,4,{C and }  one's a seventy-eight. /,and/CC one/CD 's/BES a/DT seventy-eight/CD ./.,,
sw09utt/sw_0931_2467.utt,2/sw2467,2467,76,sd,A,31,1,"{D Well, } we've got one eighty-nine. /","Well/UH ,/, we/PRP 've/VBP got/VBN one/CD eighty-nine/CD ./.",,
sw09utt/sw_0931_2467.utt,2/sw2467,2467,77,sd,B,32,1,"{C And } my insurance [ is about, + it was running about ] four hundred dollars a year.  /","And/CC my/PRP$ insurance/NN is/VBZ about/RB ,/, it/PRP was/VBD running/VBG about/RB four/CD hundred/CD dollars/NNS a/DT year/NN ./.",,
sw09utt/sw_0931_2467.utt,2/sw2467,2467,78,sd,B,32,2,"{C But } when I moved to the new town I live in, - /","But/CC when/WRB I/PRP moved/VBD to/IN the/DT new/JJ town/NN I/PRP live/VBP in/IN ,/,",,
sw09utt/sw_0931_2467.utt,2/sw2467,2467,79,sd,B,32,3,"{C because } it's a different county, which has less crime, and, {F uh, } [ less, + {D you know, } less ] highways  /","because/IN it/PRP 's/BES a/DT different/JJ county/NN ,/, which/WDT has/VBZ less/JJR crime/NN ,/, and/CC ,/, uh/UH ,/, less/JJR ,/, you/PRP know/VBP ,/, less/JJR highways/NNS",,
sw09utt/sw_0931_2467.utt,2/sw2467,2467,80,sd,B,32,4,"{C and so }  it's a cheaper place to live, as far as the insurance company's concerned,  /","and/CC so/RB it/PRP 's/BES a/DT cheaper/JJR place/NN to/TO live/VB ,/, as/RB far/RB as/IN the/DT insurance/NN company/NN 's/BES concerned/JJ ,/,",,
sw09utt/sw_0931_2467.utt,2/sw2467,2467,81,sd,B,32,5,"{C so }  [ [ my, + my, ] + I think my ] insurance dropped about sixty dollars a year. /","so/RB my/PRP$ ,/, my/PRP$ ,/, I/PRP think/VBP my/PRP$ insurance/NN dropped/VBD about/RB sixty/CD dollars/NNS a/DT year/NN ./.",,
sw09utt/sw_0931_2467.utt,2/sw2467,2467,82,ba,A,33,1,Wow.  /,Wow/UH ./.,,
sw09utt/sw_0931_2467.utt,2/sw2467,2467,83,ba,A,33,2,"That's not bad,  /","That/DT 's/BES not/RB bad/JJ ,/,",,
sw09utt/sw_0931_2467.utt,2/sw2467,2467,84,bf,A,33,3,four hundred and something a year.  /,four/CD hundred/CD and/CC something/NN a/DT year/NN ./.,,
sw09utt/sw_0931_2467.utt,2/sw2467,2467,85,%,A,33,4,"[ That's, + that's, ] -/","That/DT 's/BES ,/, that/DT 's/BES ,/,",,
sw09utt/sw_0931_2467.utt,2/sw2467,2467,86,ar,B,34,1,It's actually three hundred and forty for each one of the cars. /,It/PRP 's/BES actually/RB three/CD hundred/CD and/CC forty/CD for/IN each/DT one/NN of/IN the/DT cars/NNS ./.,,
sw09utt/sw_0931_2467.utt,2/sw2467,2467,87,sd,A,35,1,That's cheaper than we pay. /,That/DT 's/BES cheaper/JJR than/IN we/PRP pay/VBP ./.,,
sw09utt/sw_0931_2467.utt,2/sw2467,2467,88,b,B,36,1,"Yeah,  /","Yeah/UH ,/,",,
sw09utt/sw_0931_2467.utt,2/sw2467,2467,89,sd,B,36,2,"I was down in Texas for two years,  /","I/PRP was/VBD down/RB in/IN Texas/NNP for/IN two/CD years/NNS ,/,",,
sw09utt/sw_0931_2467.utt,2/sw2467,2467,90,sd,B,36,3,"{C and } I was paying unbelievable rates for both car insurance and for home insurance.  {F Um, } /","and/CC I/PRP was/VBD paying/VBG unbelievable/JJ rates/NNS for/IN both/DT car/NN insurance/NN and/CC for/IN home/NN insurance/NN ./. Um/UH ,/,",,
sw09utt/sw_0931_2467.utt,2/sw2467,2467,91,sd,A,37,1,"{D Well, } here in Colorado it's even worse because we have no fault. /","Well/UH ,/, here/RB in/IN Colorado/NNP it/PRP 's/BES even/RB worse/JJR because/IN we/PRP have/VBP no/DT fault/NN ./.",,
sw09utt/sw_0931_2467.utt,2/sw2467,2467,92,b,B,38,1,Yeah. /,Yeah/UH ./.,,
sw09utt/sw_0931_2467.utt,2/sw2467,2467,93,qy,A,39,1,Do you have that there? /,Do/VBP you/PRP have/VB that/DT there/RB ?/.,,
sw09utt/sw_0931_2467.utt,2/sw2467,2467,94,x,B,40,1,((   ))  /,MUMBLEx/XX,,
sw09utt/sw_0931_2467.utt,2/sw2467,2467,95,sd,B,40,2,they have no fault in Maryland also. /,they/PRP have/VBP no/DT fault/NN in/IN Maryland/NNP also/RB ./.,,
sw09utt/sw_0931_2467.utt,2/sw2467,2467,96,sd,A,41,1,"{D Well, } no fault's rather funny in Colorado, because it seems that <<pause>> everyone pays all the time --","Well/UH ,/, no/DT fault/NN 's/BES rather/RB funny/JJ in/IN Colorado/NNP ,/, because/IN it/PRP seems/VBZ that/IN everyone/NN pays/VBZ all/PDT the/DT time/NN --/:",,
sw09utt/sw_0931_2467.utt,2/sw2467,2467,97,b,B,42,1,Yeah. /,Yeah/UH ./.,,
sw09utt/sw_0931_2467.utt,2/sw2467,2467,98,+,A,43,1,-- instead of just the guilty party pays. /,--/: instead/IN of/IN just/RB the/DT guilty/JJ party/NN pays/VBZ ./.,,
sw09utt/sw_0931_2467.utt,2/sw2467,2467,99,b,B,44,1,Uh-huh.  /,Uh-huh/UH ./.,,
sw09utt/sw_0931_2467.utt,2/sw2467,2467,100,b,B,44,2,Yeah. /,Yeah/UH ./.,,
sw09utt/sw_0931_2467.utt,2/sw2467,2467,101,x,A,45,1,<Laughter>.,,,
sw09utt/sw_0931_2467.utt,2/sw2467,2467,102,sd,B,46,1,"[ It's kind of, + it's kind of ] strange here the way things go.  {F Uh, }  /","It/PRP 's/BES kind/RB of/RB ,/, it/PRP 's/BES kind/RB of/RB strange/JJ here/RB the/DT way/NN things/NNS go/VBP ./. Uh/UH ,/,",,
sw09utt/sw_0931_2467.utt,2/sw2467,2467,103,sd,B,46,2,"here if you have an accident and no one's injured, the police won't even show up. /","here/RB if/IN you/PRP have/VBP an/DT accident/NN and/CC no/DT one/CD 's/BES injured/VBN ,/, the/DT police/NN wo/MD n't/RB even/JJ show/VB up/RP ./.",,
sw09utt/sw_0931_2467.utt,2/sw2467,2467,104,bh,A,47,1,You're kidding. /,You/PRP 're/VBP kidding/VBG ./.,,
sw09utt/sw_0931_2467.utt,2/sw2467,2467,105,nn,B,48,1,Nope.  /,Nope/UH ./.,,
sw09utt/sw_0931_2467.utt,2/sw2467,2467,106,sd^e,B,48,2,"They say if nobody's injured, you all exchange names and take it up with your insurance company. /","They/PRP say/VBP if/IN nobody/NN 's/BES injured/JJ ,/, you/PRP all/DT exchange/VBP names/NNS and/CC take/VBP it/PRP up/RP with/IN your/PRP$ insurance/NN company/NN ./.",,
sw09utt/sw_0931_2467.utt,2/sw2467,2467,107,ba,A,49,1,God. /,God/NNP ./.,,
sw09utt/sw_0931_2467.utt,2/sw2467,2467,108,%,B,50,1,"{D Well, } if you, - /","Well/UH ,/, if/IN you/PRP ,/,",,
sw09utt/sw_0931_2467.utt,2/sw2467,2467,109,qw^d,B,50,2,"I don't know how familiar you are with Maryland,  /","I/PRP do/VBP n't/RB know/VB how/WRB familiar/JJ you/PRP are/VBP with/IN Maryland/NNP ,/,",,
sw09utt/sw_0931_2467.utt,2/sw2467,2467,110,%,B,50,3,"{C but, } {F uh, } -/","but/CC ,/, uh/UH ,/,",,
sw09utt/sw_0931_2467.utt,2/sw2467,2467,111,sd,A,51,1,Not at all. /,Not/RB at/IN all/DT ./.,,
sw09utt/sw_0931_2467.utt,2/sw2467,2467,112,sd,B,52,1,"especially, the center part of Maryland where I Ninety-Five runs through it is really heavily populated.  /","especially/RB ,/, the/DT center/NN part/NN of/IN Maryland/NNP where/WRB I/NNP Ninety-Five/CD runs/VBZ through/IN it/PRP is/VBZ really/RB heavily/RB populated/JJ ./.",,
sw09utt/sw_0931_2467.utt,2/sw2467,2467,113,sd,B,52,2,There's just so many people and so many accidents every single day that it'd take a whole another police force just to answer the traffic. /,There/EX 's/BES just/RB so/RB many/JJ people/NNS and/CC so/RB many/JJ accidents/NNS every/DT single/JJ day/NN that/IN it/PRP 'd/MD take/VB a/DT whole/JJ another/DT police/NN force/NN just/RB to/TO answer/VB the/DT traffic/NN ./.,,
sw09utt/sw_0931_2467.utt,2/sw2467,2467,114,qy^d,A,53,1,They don't even try to keep up with it. /,They/PRP do/VBP n't/RB even/RB try/VB to/TO keep/VB up/RP with/IN it/PRP ./.,,
sw09utt/sw_0931_2467.utt,2/sw2467,2467,115,nn,B,54,1,No. /,No/UH ./.,,
sw09utt/sw_0931_2467.utt,2/sw2467,2467,116,ba,A,55,1,God. /,God/NNP ./.,,
sw09utt/sw_0931_2467.utt,2/sw2467,2467,117,sd^e,B,56,1,Not a bit. /,Not/RB a/DT bit/NN ./.,,
sw09utt/sw_0931_2467.utt,2/sw2467,2467,118,qy,A,57,1,{D So } you lived in Texas for a while. /,So/RB you/PRP lived/VBD in/IN Texas/NNP for/IN a/DT while/NN ./.,,
sw09utt/sw_0931_2467.utt,2/sw2467,2467,119,ny,B,58,1,Yes  /,Yes/UH,,
sw09utt/sw_0931_2467.utt,2/sw2467,2467,120,sd^e,B,58,2,sir. /,sir/NN ./.,,
sw09utt/sw_0931_2467.utt,2/sw2467,2467,121,b,A,59,1,{F Huh. } /,Huh/UH ./.,,
sw09utt/sw_0931_2467.utt,2/sw2467,2467,122,sd,B,60,1,"I spent, {F uh, } couple of years down there.  /","I/PRP spent/VBD ,/, uh/UH ,/, couple/NN of/IN years/NNS down/IN there/RB ./.",,
sw09utt/sw_0931_2467.utt,2/sw2467,2467,123,sd,B,60,2,Moved down there in eighty-seven  /,Moved/VBD down/IN there/RB in/IN eighty-seven/CD,,
sw09utt/sw_0931_2467.utt,2/sw2467,2467,124,sd,B,60,3,{C and } moved out in eighty-nine. /,and/CC moved/VBD out/RB in/IN eighty-nine/CD ./.,,
sw09utt/sw_0931_2467.utt,2/sw2467,2467,125,qw,A,61,1,"[ Are, + where ] you from originally. /","Are/VBP ,/, where/WRB you/PRP from/IN originally/RB ./.",,
sw09utt/sw_0931_2467.utt,2/sw2467,2467,126,sd,B,62,1,"{F Uh, } right here in Maryland. /","Uh/UH ,/, right/RB here/RB in/IN Maryland/NNP ./.",,
sw09utt/sw_0931_2467.utt,2/sw2467,2467,127,b,A,63,1,"{F Huh, }  /","Huh/UH ,/,",,
sw09utt/sw_0931_2467.utt,2/sw2467,2467,128,bf,A,63,2,{C so } you just basically went home when you had a chance. /,so/RB you/PRP just/RB basically/RB went/VBD home/RB when/WRB you/PRP had/VBD a/DT chance/NN ./.,,
sw09utt/sw_0931_2467.utt,2/sw2467,2467,129,aa,B,64,1,"Yeah,  /","Yeah/UH ,/,",,
sw09utt/sw_0931_2467.utt,2/sw2467,2467,130,sd,B,64,2,"my family, {F uh, } didn't like Texas,  /","my/PRP$ family/NN ,/, uh/UH ,/, did/VBD n't/RB like/VB Texas/NNP ,/,",,
sw09utt/sw_0931_2467.utt,2/sw2467,2467,131,sd,B,64,3,"{C and } I had a chance to, {F uh, } transfer up.  /","and/CC I/PRP had/VBD a/DT chance/NN to/TO ,/, uh/UH ,/, transfer/VB up/RB ./.",,
sw09utt/sw_0931_2467.utt,2/sw2467,2467,132,sd,B,64,4,"T I bought a company about seven months after I moved to Texas, right here in  ((   )) . /","T/NNP I/NNP bought/VBD a/DT company/NN about/RB seven/CD months/NNS after/IN I/PRP moved/VBD to/IN Texas/NNP ,/, right/RB here/RB in/IN MUMBLEx/XX ./.",,
sw09utt/sw_0931_2467.utt,2/sw2467,2467,133,ba,A,65,1,That's nice. /,That/DT 's/BES nice/JJ ./.,,
sw09utt/sw_0931_2467.utt,2/sw2467,2467,134,sd,B,66,1,"{C So } I got an opportunity to transfer back,  /","So/RB I/PRP got/VBD an/DT opportunity/NN to/TO transfer/VB back/RB ,/,",,
sw09utt/sw_0931_2467.utt,2/sw2467,2467,135,sd,B,66,2,{C and } I took it. /,and/CC I/PRP took/VBD it/PRP ./.,,
sw09utt/sw_0931_2467.utt,2/sw2467,2467,136,ba,A,67,1,"God,  /","God/NNP ,/,",,
sw09utt/sw_0931_2467.utt,2/sw2467,2467,137,ba,A,67,2,that's great.  /,that/DT 's/BES great/JJ ./.,,
sw09utt/sw_0931_2467.utt,2/sw2467,2467,138,sd,A,67,3,"{F Uh, } I'm a native Texan. /","Uh/UH ,/, I/PRP 'm/VBP a/DT native/JJ Texan/NNP ./.",,
sw09utt/sw_0931_2467.utt,2/sw2467,2467,139,b,B,68,1,Uh-huh. /,Uh-huh/UH ./.,,
sw09utt/sw_0931_2467.utt,2/sw2467,2467,140,sd,A,69,1,West Texan. /,West/JJ Texan/NNP ./.,,
sw09utt/sw_0931_2467.utt,2/sw2467,2467,141,b,B,70,1,Yeah. /,Yeah/UH ./.,,
sw09utt/sw_0931_2467.utt,2/sw2467,2467,142,sv,A,71,1,There is a difference. /,There/EX is/VBZ a/DT difference/NN ./.,,
sw09utt/sw_0931_2467.utt,2/sw2467,2467,143,aa,B,72,1,"Yeah,  /","Yeah/UH ,/,",,
sw09utt/sw_0931_2467.utt,2/sw2467,2467,144,ad,B,72,2,"believe me,  /","believe/VB me/PRP ,/,",,
sw09utt/sw_0931_2467.utt,2/sw2467,2467,145,aa,B,72,3,I know there is.  /,I/PRP know/VBP there/EX is/VBZ ./.,,
sw09utt/sw_0931_2467.utt,2/sw2467,2467,146,sd,B,72,4,"I lived in Plano,  /","I/PRP lived/VBD in/IN Plano/NNP ,/,",,
sw09utt/sw_0931_2467.utt,2/sw2467,2467,147,qy^d,B,72,5,{C and } I don't know if you're familiar with Plano -- /,and/CC I/PRP do/VBP n't/RB know/VB if/IN you/PRP 're/VBP familiar/JJ with/IN Plano/NNP --/:,,
sw09utt/sw_0931_2467.utt,2/sw2467,2467,148,ny,A,73,1,Yeah. /,Yeah/UH ./.,,
sw09utt/sw_0931_2467.utt,2/sw2467,2467,149,sd,B,74,1,"-- {C but } [ Plano, + maybe five percent of the Plano ] actually were from Texas.  /","--/: but/CC Plano/NNP ,/, maybe/RB five/CD percent/NN of/IN the/DT Plano/NNP actually/RB were/VBD from/IN Texas/NNP ./.",,
sw09utt/sw_0931_2467.utt,2/sw2467,2467,150,sd,B,74,2,Everybody else was an import. /,Everybody/NN else/RB was/VBD an/DT import/NN ./.,,
sw09utt/sw_0931_2467.utt,2/sw2467,2467,151,sd,A,75,1,"{D Well, } I'm a West Texan. /","Well/UH ,/, I/PRP 'm/VBP a/DT West/JJ Texan/NNP ./.",,
sw09utt/sw_0931_2467.utt,2/sw2467,2467,152,b,B,76,1,Uh-huh. /,Uh-huh/UH ./.,,
sw09utt/sw_0931_2467.utt,2/sw2467,2467,153,sd,A,77,1,"Lubbock, Midland Odessa --","Lubbock/NNP ,/, Midland/NNP Odessa/NNP --/:",,
sw09utt/sw_0931_2467.utt,2/sw2467,2467,154,b,B,78,1,Yes. /,Yes/UH ./.,,
sw09utt/sw_0931_2467.utt,2/sw2467,2467,155,+,A,79,1,"-- Amarillo, Dumas, Panhandle. /","--/: Amarillo/NNP ,/, Dumas/NNP ,/, Panhandle/NNP ./.",,
sw09utt/sw_0931_2467.utt,2/sw2467,2467,156,b,B,80,1,Yeah. /,Yeah/UH ./.,,
sw09utt/sw_0931_2467.utt,2/sw2467,2467,157,sv,A,81,1,A different world from down there. /,A/DT different/JJ world/NN from/IN down/RB there/RB ./.,,
sw09utt/sw_0931_2467.utt,2/sw2467,2467,158,b,B,82,1,Yeah. /,Yeah/UH ./.,,
sw09utt/sw_0931_2467.utt,2/sw2467,2467,159,sd,A,83,1,"{D So, } {F uh, } Colorado's been fun.  /","So/UH ,/, uh/UH ,/, Colorado/NNP 's/HVS been/VBN fun/NN ./.",,
sw09utt/sw_0931_2467.utt,2/sw2467,2467,160,sd,A,83,2,{C But } they have a real problem.  /,But/CC they/PRP have/VBP a/DT real/JJ problem/NN ./.,,
sw09utt/sw_0931_2467.utt,2/sw2467,2467,161,sd,A,83,3,Next to every window the state seems to have put up a turnstile.  /,Next/RB to/IN every/DT window/NN the/DT state/NN seems/VBZ to/TO have/VB put/VBN up/RP a/DT turnstile/NN ./.,,
sw09utt/sw_0931_2467.utt,2/sw2467,2467,162,sd,A,83,4,"{C And } every time you [ look at a, + look at the ] mountains --","And/CC every/DT time/NN you/PRP look/VBP at/IN a/DT ,/, look/VBP at/IN the/DT mountains/NNS --/:",,
sw09utt/sw_0931_2467.utt,2/sw2467,2467,163,b,B,84,1,Yeah. /,Yeah/UH ./.,,
sw09utt/sw_0931_2467.utt,2/sw2467,2467,164,+,A,85,1,"-- or think about looking at the mountains, you got to throw in a dollar. /","--/: or/CC think/VBP about/IN looking/VBG at/IN the/DT mountains/NNS ,/, you/PRP got/VBN to/TO throw/VB in/RP a/DT dollar/NN ./.",,
sw09utt/sw_0931_2467.utt,2/sw2467,2467,165,x,B,86,1,<Laughter>.,,,
sw09utt/sw_0931_2467.utt,2/sw2467,2467,166,sd,A,87,1,{C Or } so it seems.  /,Or/CC so/RB it/PRP seems/VBZ ./.,,
sw09utt/sw_0931_2467.utt,2/sw2467,2467,167,sd,A,87,2,"I may just be paranoid,  /","I/PRP may/MD just/RB be/VB paranoid/JJ ,/,",,
sw09utt/sw_0931_2467.utt,2/sw2467,2467,168,sd,A,87,3,{C but } that state income tax is just eating me alive. /,but/CC that/DT state/NN income/NN tax/NN is/VBZ just/RB eating/VBG me/PRP alive/JJ ./.,,
sw09utt/sw_0931_2467.utt,2/sw2467,2467,169,b,B,88,1,"Yeah,  /","Yeah/UH ,/,",,
sw09utt/sw_0931_2467.utt,2/sw2467,2467,170,b^r,B,88,2,"yeah,  /","yeah/UH ,/,",,
sw09utt/sw_0931_2467.utt,2/sw2467,2467,171,sd,B,88,3,they have a state income tax in Maryland.  /,they/PRP have/VBP a/DT state/NN income/NN tax/NN in/IN Maryland/NNP ./.,,
sw09utt/sw_0931_2467.utt,2/sw2467,2467,172,sd,B,88,4,"{C But } I noticed when I was [ [ in the, + in the, ] + in Texas, ] they didn't have a state income tax,  /","But/CC I/PRP noticed/VBD when/WRB I/PRP was/VBD in/IN the/DT ,/, in/IN the/DT ,/, in/IN Texas/NNP ,/, they/PRP did/VBD n't/RB have/VB a/DT state/NN income/NN tax/NN ,/,",,
sw09utt/sw_0931_2467.utt,2/sw2467,2467,173,sv,B,88,5,"{C but } they sure nailed you on those darn county taxes and,","but/CC they/PRP sure/RB nailed/VBD you/PRP on/IN those/DT darn/JJ county/NN taxes/NNS and/CC ,/,",,
sw09utt/sw_0931_2467.utt,2/sw2467,2467,174,aa,A,89,1,"Yeah,  /","Yeah/UH ,/,",,
sw09utt/sw_0931_2467.utt,2/sw2467,2467,175,aa^r,A,89,2,yeah. /,yeah/UH ./.,,
sw09utt/sw_0931_2467.utt,2/sw2467,2467,176,+,B,90,1,"school taxes and property taxes, /","school/NN taxes/NNS and/CC property/NN taxes/NNS ,/,",,
sw09utt/sw_0931_2467.utt,2/sw2467,2467,177,aa^m,A,91,1,"Property taxes and, -/","Property/NN taxes/NNS and/CC ,/,",,
sw09utt/sw_0931_2467.utt,2/sw2467,2467,178,ba,B,92,1,"{F Oh } my God,  /","Oh/UH my/PRP$ God/NNP ,/,",,
sw09utt/sw_0931_2467.utt,2/sw2467,2467,179,sv,B,92,2,ate you alive. /,ate/VBD you/PRP alive/JJ ./.,,
sw09utt/sw_0931_2467.utt,2/sw2467,2467,180,aa,A,93,1,"Yeah,  /","Yeah/UH ,/,",,
sw09utt/sw_0931_2467.utt,2/sw2467,2467,181,sd,A,93,2,"{D well, } Colorado, [ ins-, + ] you know they have the state income tax,  /","well/UH ,/, Colorado/NNP ,/, ins-/XX ,/, you/PRP know/VBP they/PRP have/VBP the/DT state/NN income/NN tax/NN ,/,",,
sw09utt/sw_0931_2467.utt,2/sw2467,2467,182,sd,A,93,3,"{C but } then they also have property taxes,  /","but/CC then/RB they/PRP also/RB have/VBP property/NN taxes/NNS ,/,",,
sw09utt/sw_0931_2467.utt,2/sw2467,2467,183,sd,A,93,4,"{C and } they also have sales taxes,  /","and/CC they/PRP also/RB have/VBP sales/NNS taxes/NNS ,/,",,
sw09utt/sw_0931_2467.utt,2/sw2467,2467,184,sd,A,93,5,{C and } they just get you every direction they can. /,and/CC they/PRP just/RB get/VBP you/PRP every/DT direction/NN they/PRP can/MD ./.,,
sw09utt/sw_0931_2467.utt,2/sw2467,2467,185,b,B,94,1,Yeah. /,Yeah/UH ./.,,
sw09utt/sw_0931_2467.utt,2/sw2467,2467,186,h,A,95,1,"{C And } I just don't know, sir,  /","And/CC I/PRP just/RB do/VBP n't/RB know/VB ,/, sir/NN ,/,",,
sw09utt/sw_0931_2467.utt,2/sw2467,2467,187,sv,A,95,2,{C but } it seems like they trying to get you every which way. /,but/CC it/PRP seems/VBZ like/IN they/PRP trying/VBG to/TO get/VB you/PRP every/DT which/WDT way/NN ./.,,
sw09utt/sw_0931_2467.utt,2/sw2467,2467,188,aa,B,96,1,"Yeah,  /","Yeah/UH ,/,",,
sw09utt/sw_0931_2467.utt,2/sw2467,2467,189,aa,B,96,2,"it sure does.  {F Um, }  /","it/PRP sure/RB does/VBZ ./. Um/UH ,/,",,
sw09utt/sw_0931_2467.utt,2/sw2467,2467,190,sd,B,96,3,"there's, {F uh, } some good books that I've read, {F um, } that you might be interested in.  {F Uh } -- /","there/EX 's/BES ,/, uh/UH ,/, some/DT good/JJ books/NNS that/WDT I/PRP 've/VBP read/VBN ,/, um/UH ,/, that/WDT you/PRP might/MD be/VB interested/JJ in/IN ./. Uh/UH --/:",,
sw09utt/sw_0931_2467.utt,2/sw2467,2467,191,bh,A,97,1,{F Oh } yeah? /,Oh/UH yeah/UH ?/.,,
sw09utt/sw_0931_2467.utt,2/sw2467,2467,192,sd,B,98,1,-- Charles D. Gibbons is the guy who runs some ads on light night T V  /,--/: Charles/NNP D/NNP ./. Gibbons/NNP is/VBZ the/DT guy/NN who/WP runs/VBZ some/DT ads/NNS on/IN light/^JJ night/NN T/NN V/NN,,
sw09utt/sw_0931_2467.utt,2/sw2467,2467,193,sd,B,98,2,"{C and } he's got seminars you can go to,  /","and/CC he/PRP 's/HVS got/VBN seminars/NNS you/PRP can/MD go/VB to/IN ,/,",,
sw09utt/sw_0931_2467.utt,2/sw2467,2467,194,sd,B,98,3,"{C and } they try to hook you into his organization, which costs about four hundred bucks.  /","and/CC they/PRP try/VBP to/TO hook/VB you/PRP into/IN his/PRP$ organization/NN ,/, which/WDT costs/VBZ about/RB four/CD hundred/CD bucks/NNS ./.",,
sw09utt/sw_0931_2467.utt,2/sw2467,2467,195,sd,B,98,4,{C But } he's got a couple of books out.  /,But/CC he/PRP 's/HVS got/VBN a/DT couple/NN of/IN books/NNS out/RP ./.,,
sw09utt/sw_0931_2467.utt,2/sw2467,2467,196,sd,B,98,5,"One of them is called, {F uh, } WEALTH WITHOUT RISK. /","One/CD of/IN them/PRP is/VBZ called/VBN ,/, uh/UH ,/, WEALTH/NN WITHOUT/IN RISK/NN ./.",,
sw09utt/sw_0931_2467.utt,2/sw2467,2467,197,sd,A,99,1,I've heard of the book. /,I/PRP 've/VBP heard/VBN of/IN the/DT book/NN ./.,,
sw09utt/sw_0931_2467.utt,2/sw2467,2467,198,b,B,100,1,"Yes,  /","Yes/UH ,/,",,
sw09utt/sw_0931_2467.utt,2/sw2467,2467,199,sv,B,100,2,it's a very good book.  /,it/PRP 's/BES a/DT very/RB good/JJ book/NN ./.,,
sw09utt/sw_0931_2467.utt,2/sw2467,2467,200,sd,B,100,3,It's tells you how to cut money on your taxes and on your insurance and then --,It/PRP 's/BES tells/VBZ you/PRP how/WRB to/TO cut/VB money/NN on/IN your/PRP$ taxes/NNS and/CC on/IN your/PRP$ insurance/NN and/CC then/RB --/:,,
sw09utt/sw_0931_2467.utt,2/sw2467,2467,201,qy,A,101,1,Legally? /,Legally/RB ?/.,,
sw09utt/sw_0931_2467.utt,2/sw2467,2467,202,+,B,102,1,-- what to do with the money that you save. /,--/: what/WP to/TO do/VB with/IN the/DT money/NN that/WDT you/PRP save/VBP ./.,,
sw09utt/sw_0931_2467.utt,2/sw2467,2467,203,qy^d,A,103,1,"Legally,","Legally/RB ,/,",,
sw09utt/sw_0931_2467.utt,2/sw2467,2467,204,ny,B,104,1,"Yes,  /","Yes/UH ,/,",,
sw09utt/sw_0931_2467.utt,2/sw2467,2467,205,ny^r,B,104,2,"yes, /","yes/UH ,/,",,
sw09utt/sw_0931_2467.utt,2/sw2467,2467,206,+,A,105,1,cut money on your taxes.  /,cut/VB money/NN on/IN your/PRP$ taxes/NNS ./.,,
sw09utt/sw_0931_2467.utt,2/sw2467,2467,207,b,A,105,2,{F Huh. } /,Huh/UH ./.,,
sw09utt/sw_0931_2467.utt,2/sw2467,2467,208,sd,B,106,1,"[ legally, + legally ] cut money on your taxes, and on your insurance,  /","legally/RB ,/, legally/RB cut/VB money/NN on/IN your/PRP$ taxes/NNS ,/, and/CC on/IN your/PRP$ insurance/NN ,/,",,
sw09utt/sw_0931_2467.utt,2/sw2467,2467,209,sd,B,106,2,"{C and then } he tells you how to invest that money in order to, {F uh, } {D you know, } be wealthier. {F Uh, }  /","and/CC then/RB he/PRP tells/VBZ you/PRP how/WRB to/TO invest/VB that/DT money/NN in/IN order/NN to/TO ,/, uh/UH ,/, you/PRP know/VBP ,/, be/VB wealthier/JJR ./. Uh/UH ,/,",,
sw09utt/sw_0931_2467.utt,2/sw2467,2467,210,sd,B,106,3,"he also has a new book out that I purchased right before I moved and  haven't had a chance to crack it open yet.  {F Um, }  /","he/PRP also/RB has/VBZ a/DT new/JJ book/NN out/RP that/WDT I/PRP purchased/VBD right/RB before/IN I/PRP moved/VBD and/CC have/VBP n't/RB had/VBN a/DT chance/NN to/TO crack/VB it/PRP open/JJ yet/RB ./. Um/UH ,/,",,
sw09utt/sw_0931_2467.utt,2/sw2467,2467,211,sd,B,106,4,"FINANCIAL SELF DEFENSE is the name of it.  {F Uh, }  /","FINANCIAL/JJ SELF/NN DEFENSE/NN is/VBZ the/DT name/NN of/IN it/PRP ./. Uh/UH ,/,",,
sw09utt/sw_0931_2467.utt,2/sw2467,2467,212,sd,B,106,5,"the man, {F uh, } has a lot of good ideas,  /","the/DT man/NN ,/, uh/UH ,/, has/VBZ a/DT lot/NN of/IN good/JJ ideas/NNS ,/,",,
sw09utt/sw_0931_2467.utt,2/sw2467,2467,213,sd,B,106,6,"some of them I already knew about,  /","some/DT of/IN them/PRP I/PRP already/RB knew/VBD about/IN ,/,",,
sw09utt/sw_0931_2467.utt,2/sw2467,2467,214,sd,B,106,7,some of them I had already practiced.  /,some/DT of/IN them/PRP I/PRP had/VBD already/RB practiced/VBN ./.,,
sw09utt/sw_0931_2467.utt,2/sw2467,2467,215,sd,B,106,8,"{C But } I suggest it to anyone who wants to be better off financially to read it because, {F uh, } -/","But/CC I/PRP suggest/VBP it/PRP to/IN anyone/NN who/WP wants/VBZ to/TO be/VB better/JJR off/RP financially/RB to/TO read/VB it/PRP because/IN ,/, uh/UH ,/,",,
sw09utt/sw_0931_2467.utt,2/sw2467,2467,216,qy^d,A,107,1,{C And } that includes everyone at T I. /,And/CC that/DT includes/VBZ everyone/NN at/IN T/NNP I/NNP ./.,,
sw09utt/sw_0931_2467.utt,2/sw2467,2467,217,ny,B,108,1,"<Laughter> Yes,  /","Yes/UH ,/,",,
sw09utt/sw_0931_2467.utt,2/sw2467,2467,218,sd^e,B,108,2,I'm one of the ones that had my salary frozen for ninety-one.  /,I/PRP 'm/VBP one/CD of/IN the/DT ones/NNS that/WDT had/VBD my/PRP$ salary/NN frozen/VBN for/IN ninety-one/CD ./.,,
sw09utt/sw_0931_2467.utt,2/sw2467,2467,219,ny^r,B,108,3,Yes. /,Yes/UH ./.,,
sw09utt/sw_0931_2467.utt,2/sw2467,2467,220,sd,A,109,1,"{D Well, } even, [ the, + {D you know, } the ] nonexempts, technically yet we haven't had our salary frozen yet. /","Well/UH ,/, even/RB ,/, the/DT ,/, you/PRP know/VBP ,/, the/DT nonexempts/NNS ,/, technically/RB yet/RB we/PRP have/VBP n't/RB had/VBN our/PRP$ salary/NN frozen/VBN yet/RB ./.",,
sw09utt/sw_0931_2467.utt,2/sw2467,2467,221,b^m,B,110,1,Yet. /,Yet/RB ./.,,
sw09utt/sw_0931_2467.utt,2/sw2467,2467,222,sv,A,111,1,{C But } when you're only at living wage it doesn't matter. /,But/CC when/WRB you/PRP 're/VBP only/RB at/IN living/NN wage/NN it/PRP does/VBZ n't/RB matter/VB ./.,,
sw09utt/sw_0931_2467.utt,2/sw2467,2467,223,x,B,112,1,<Laughter>.,,,
sw09utt/sw_0931_2467.utt,2/sw2467,2467,224,sv,A,113,1,"{D You know, } survival is a funny state. /","You/PRP know/VBP ,/, survival/NN is/VBZ a/DT funny/JJ state/NN ./.",,
sw09utt/sw_0931_2467.utt,2/sw2467,2467,225,aa,B,114,1,"Yeah,  /","Yeah/UH ,/,",,
sw09utt/sw_0931_2467.utt,2/sw2467,2467,226,ba,B,114,2,I know what you mean.  /,I/PRP know/VBP what/WP you/PRP mean/VBP ./.,,
sw09utt/sw_0931_2467.utt,2/sw2467,2467,227,sd,B,114,3,"[ I, + {F uh, } when I ] was in Dallas I was supervisor,  /","I/PRP ,/, uh/UH ,/, when/WRB I/PRP was/VBD in/IN Dallas/NNP I/PRP was/VBD supervisor/NN ,/,",,
sw09utt/sw_0931_2467.utt,2/sw2467,2467,228,sd,B,114,4,"{C and } I had four non exempts, {F um, } under me. /","and/CC I/PRP had/VBD four/CD non/GW exempts/^NNS ,/, um/UH ,/, under/IN me/PRP ./.",,
sw09utt/sw_0931_2467.utt,2/sw2467,2467,229,b,A,115,1,Yeah. /,Yeah/UH ./.,,
sw09utt/sw_0931_2467.utt,2/sw2467,2467,230,sd,B,116,1,"{C And, } {F uh, } I was appalled at [ what, + how ] they were paying them.  /","And/CC ,/, uh/UH ,/, I/PRP was/VBD appalled/JJ at/IN what/WP ,/, how/WRB they/PRP were/VBD paying/VBG them/PRP ./.",,
sw09utt/sw_0931_2467.utt,2/sw2467,2467,231,sd,B,116,2,I just couldn't believe it. /,I/PRP just/RB could/MD n't/RB believe/VB it/PRP ./.,,
sw09utt/sw_0931_2467.utt,2/sw2467,2467,232,sd,A,117,1,"[ Did, + ] {D well, } I've been with the company for sixteen years now.  /","Did/VBD ,/, well/UH ,/, I/PRP 've/VBP been/VBN with/IN the/DT company/NN for/IN sixteen/CD years/NNS now/RB ./.",,
sw09utt/sw_0931_2467.utt,2/sw2467,2467,233,sd,A,117,2,"I was a W F for several years,  /","I/PRP was/VBD a/DT W/NNP F/NNP for/IN several/JJ years/NNS ,/,",,
sw09utt/sw_0931_2467.utt,2/sw2467,2467,234,sv,A,117,3,"{C and } it just [ n-, + never ] seems to improve.  /","and/CC it/PRP just/RB n-/RB ,/, never/RB seems/VBZ to/TO improve/VB ./.",,
sw09utt/sw_0931_2467.utt,2/sw2467,2467,235,sv,A,117,4,"[ It, + {C and } it ] doesn't seem to get much better for the exempts either, unless you're twenty-eight or above. /","It/PRP ,/, and/CC it/PRP does/VBZ n't/RB seem/VB to/TO get/VB much/RB better/JJR for/IN the/DT exempts/NNS either/DT ,/, unless/IN you/PRP 're/VBP twenty-eight/CD or/CC above/RB ./.",,
sw09utt/sw_0931_2467.utt,2/sw2467,2467,236,aa,B,118,1,"Yeah,  /","Yeah/UH ,/,",,
sw09utt/sw_0931_2467.utt,2/sw2467,2467,237,aa^r,B,118,2,yeah. /,yeah/UH ./.,,
sw09utt/sw_0931_2467.utt,2/sw2467,2467,238,sv,A,119,1,It's really a shame. /,It/PRP 's/BES really/RB a/DT shame/NN ./.,,
sw09utt/sw_0931_2467.utt,2/sw2467,2467,239,sd,B,120,1,"{D Well, } [ [ I, + I've, ] + this company ] that they bought, they ended up buying a very high payroll. /","Well/UH ,/, I/PRP ,/, I/PRP 've/VBP ,/, this/DT company/NN that/WDT they/PRP bought/VBD ,/, they/PRP ended/VBD up/RP buying/VBG a/DT very/RB high/JJ payroll/NN ./.",,
sw09utt/sw_0931_2467.utt,2/sw2467,2467,240,b,A,121,1,Oh. /,Oh/UH ./.,,
sw09utt/sw_0931_2467.utt,2/sw2467,2467,241,sd,B,122,1,"{C And, } {F uh, } [ the, + {D you know, } I ] thought I was making a good wage, /","And/CC ,/, uh/UH ,/, the/DT ,/, you/PRP know/VBP ,/, I/PRP thought/VBD I/PRP was/VBD making/VBG a/DT good/JJ wage/NN ,/,",,
