swda_filename,ptb_basename,conversation_no,transcript_index,act_tag,caller,utterance_index,subutterance_index,text,pos,trees,ptb_treenumbers
sw09utt/sw_0948_3151.utt,3/sw3151,3151,0,qo,B,1,1,"{D Well, } how do you feel about [ spot test-, + spot testing ] for drugs? /","Well/UH ,/, how/WRB do/VBP you/PRP feel/VB about/IN spot/NN test-/NN ,/, spot/NN testing/NN for/IN drugs/NNS ?/.",,
sw09utt/sw_0948_3151.utt,3/sw3151,3151,1,nd,A,2,1,"<Noise> {D Well, } basically I think it would be a good idea myself.  /","Well/UH ,/, basically/RB I/PRP think/VBP it/PRP would/MD be/VB a/DT good/JJ idea/NN myself/PRP ./.",,
sw09utt/sw_0948_3151.utt,3/sw3151,3151,2,sv,A,2,2,"[ I, + {F uh, } I ] think if somebody's not on drugs, they have no reason, {D you know, } to be afraid of it. /","I/PRP ,/, uh/UH ,/, I/PRP think/VBP if/IN somebody/NN 's/BES not/RB on/IN drugs/NNS ,/, they/PRP have/VBP no/DT reason/NN ,/, you/PRP know/VBP ,/, to/TO be/VB afraid/JJ of/IN it/PRP ./.",,
sw09utt/sw_0948_3151.utt,3/sw3151,3151,3,b,B,3,1,Uh-huh. /,Uh-huh/UH ./.,,
sw09utt/sw_0948_3151.utt,3/sw3151,3151,4,sv,A,4,1,"{F Uh, } I do think that there has to be some controls, {F uh, }  /","Uh/UH ,/, I/PRP do/VBP think/VB that/IN there/EX has/VBZ to/TO be/VB some/DT controls/NNS ,/, uh/UH ,/,",,
sw09utt/sw_0948_3151.utt,3/sw3151,3151,5,sd,A,4,2,"{D like, } I don't think one test positive should, {F uh, } be, {F uh, } <<pause>> the end of it, {D you know. } /","like/UH ,/, I/PRP do/VBP n't/RB think/VB one/CD test/NN positive/JJ should/MD ,/, uh/UH ,/, be/VB ,/, uh/UH ,/, the/DT end/NN of/IN it/PRP ,/, you/PRP know/VBP ./.",,
sw09utt/sw_0948_3151.utt,3/sw3151,3151,6,b,B,5,1,# Right. # /,Right/UH ./.,,
sw09utt/sw_0948_3151.utt,3/sw3151,3151,7,sv,A,6,1,"# [ I, + # I ] think they should test more than once. /","I/PRP ,/, I/PRP think/VBP they/PRP should/MD test/VB more/JJR than/IN once/RB ./.",,
sw09utt/sw_0948_3151.utt,3/sw3151,3151,8,aa,B,7,1,"Yeah,  /","Yeah/UH ,/,",,
sw09utt/sw_0948_3151.utt,3/sw3151,3151,9,sv,B,7,2,"# [ [ it's, + it's # -- ] +","it/PRP 's/BES ,/, it/PRP 's/BES --/:",,
sw09utt/sw_0948_3151.utt,3/sw3151,3151,10,%,A,8,1,"# It, # -- -/","It/PRP ,/, --/:",,
sw09utt/sw_0948_3151.utt,3/sw3151,3151,11,+,B,9,1,"it's ] refreshing to hear somebody,","it/PRP 's/BES refreshing/JJ to/TO hear/VB somebody/NN ,/,",,
sw09utt/sw_0948_3151.utt,3/sw3151,3151,12,x,A,10,1,<Static>.,,,
sw09utt/sw_0948_3151.utt,3/sw3151,3151,13,+,B,11,1,that has a similar opinion as mine.  /,that/WDT has/VBZ a/DT similar/JJ opinion/NN as/IN mine/PRP ./.,,
sw09utt/sw_0948_3151.utt,3/sw3151,3151,14,sv,B,11,2,"{E I mean, } all these people that are against it [ [ that may, + the-, ] + {D you know, } they may ] not even be on drugs.  /","I/PRP mean/VBP ,/, all/PDT these/DT people/NNS that/WDT are/VBP against/IN it/PRP that/WDT may/MD ,/, the-/XX ,/, you/PRP know/VBP ,/, they/PRP may/MD not/RB even/RB be/VB on/IN drugs/NNS ./.",,
sw09utt/sw_0948_3151.utt,3/sw3151,3151,15,sv,B,11,3,"[ They, + they ] call it an invasion of privacy. /","They/PRP ,/, they/PRP call/VBP it/PRP an/DT invasion/NN of/IN privacy/NN ./.",,
sw09utt/sw_0948_3151.utt,3/sw3151,3151,16,b,A,12,1,Uh-huh <baby>. /,Uh-huh/UH ./.,,
sw09utt/sw_0948_3151.utt,3/sw3151,3151,17,sv,B,13,1,{C And } I don't see that.  /,And/CC I/PRP do/VBP n't/RB see/VB that/DT ./.,,
sw09utt/sw_0948_3151.utt,3/sw3151,3151,18,sv,B,13,2,To me that just doesn't sound like a valid argument because this company is paying you good money that you're working for -- /,To/IN me/PRP that/DT just/RB does/VBZ n't/RB sound/VB like/IN a/DT valid/JJ argument/NN because/IN this/DT company/NN is/VBZ paying/VBG you/PRP good/JJ money/NN that/WDT you/PRP 're/VBP working/VBG for/IN --/:,,
sw09utt/sw_0948_3151.utt,3/sw3151,3151,19,aa,A,14,1,That's right. /,That/DT 's/BES right/JJ ./.,,
sw09utt/sw_0948_3151.utt,3/sw3151,3151,20,sv,B,15,1,"-- {C and } [ they, + I believe that,","--/: and/CC they/PRP ,/, I/PRP believe/VBP that/IN ,/,",,
sw09utt/sw_0948_3151.utt,3/sw3151,3151,21,x,A,16,1,<Baby> <<very faint>>.,,,
sw09utt/sw_0948_3151.utt,3/sw3151,3151,22,+,B,17,1,"they ] have the right to know if you're using [ a, + a ] dangerous substance <laughter>. /","they/PRP have/VBP the/DT right/NN to/TO know/VB if/IN you/PRP 're/VBP using/VBG a/DT ,/, a/DT dangerous/JJ substance/NN ./.",,
sw09utt/sw_0948_3151.utt,3/sw3151,3151,23,aa,A,18,1,Uh-huh.  /,Uh-huh/UH ./.,,
sw09utt/sw_0948_3151.utt,3/sw3151,3151,24,aa^r,A,18,2,Uh-huh. /,Uh-huh/UH ./.,,
sw09utt/sw_0948_3151.utt,3/sw3151,3151,25,%,B,19,1,"# {C But, } # -/","But/CC ,/,",,
sw09utt/sw_0948_3151.utt,3/sw3151,3151,26,sv,A,20,1,"# There's # so many jobs that, {F uh, }","There/EX 's/BES so/RB many/JJ jobs/NNS that/WDT ,/, uh/UH ,/,",,
sw09utt/sw_0948_3151.utt,3/sw3151,3151,27,x,B,21,1,<Barking>.,,,
sw09utt/sw_0948_3151.utt,3/sw3151,3151,28,+,A,22,1,really have other people's lives in their hands or even their own life <baby>  /,really/RB have/VBP other/JJ people/NNS 's/POS lives/NNS in/IN their/PRP$ hands/NNS or/CC even/RB their/PRP$ own/JJ life/NN,,
sw09utt/sw_0948_3151.utt,3/sw3151,3151,29,%,A,22,2,"[ {C and, } + {D you know, } {C and } ] it's, {F uh } -- -/","and/CC ,/, you/PRP know/VBP ,/, and/CC it/PRP 's/BES ,/, uh/UH --/:",,
sw09utt/sw_0948_3151.utt,3/sw3151,3151,30,b,B,23,1,Uh-huh. /,Uh-huh/UH ./.,,
sw09utt/sw_0948_3151.utt,3/sw3151,3151,31,qh,A,24,1,"-- {F uh, } how can you do anything about a problem besides if you don't know about it? /","--/: uh/UH ,/, how/WRB can/MD you/PRP do/VB anything/NN about/IN a/DT problem/NN besides/IN if/IN you/PRP do/VBP n't/RB know/VB about/IN it/PRP ?/.",,
sw09utt/sw_0948_3151.utt,3/sw3151,3151,32,b,B,25,1,Right. /,Right/UH ./.,,
sw09utt/sw_0948_3151.utt,3/sw3151,3151,33,sv,A,26,1,"{D You know, } {C and } [ [ I just, + {F um, } I, ] + # I ] think # --","You/PRP know/VBP ,/, and/CC I/PRP just/RB ,/, um/UH ,/, I/PRP ,/, I/PRP think/VBP --/:",,
sw09utt/sw_0948_3151.utt,3/sw3151,3151,34,b,B,27,1,#  (( Right )) . # /,Right/UH ./.,,
sw09utt/sw_0948_3151.utt,3/sw3151,3151,35,+,A,28,1,-- there definitely needs to be some control to it.  /,--/: there/EX definitely/RB needs/VBZ to/TO be/VB some/DT control/NN to/IN it/PRP ./.,,
sw09utt/sw_0948_3151.utt,3/sw3151,3151,36,sv,A,28,2,I guess it is possible to have a false <baby> positive report. /,I/PRP guess/VBP it/PRP is/VBZ possible/JJ to/TO have/VB a/DT false/JJ positive/JJ report/NN ./.,,
sw09utt/sw_0948_3151.utt,3/sw3151,3151,37,aa,B,29,1,</Barking> Yes. /,Yes/UH ./.,,
sw09utt/sw_0948_3151.utt,3/sw3151,3151,38,ar,B,29,2,"No,  /","No/UH ,/,",,
sw09utt/sw_0948_3151.utt,3/sw3151,3151,39,sv,B,29,3,"[ [ I, + I, ] + I ] agree that, {D you know, } [ you, +  there ] needs to be [ a, + a ] well thought out, sane approach to,","I/PRP ,/, I/PRP ,/, I/PRP agree/VBP that/IN ,/, you/PRP know/VBP ,/, you/PRP ,/, there/EX needs/VBZ to/TO be/VB a/DT ,/, a/DT well/RB thought/VBN out/RP ,/, sane/JJ approach/NN to/IN ,/,",,
sw09utt/sw_0948_3151.utt,3/sw3151,3151,40,x,A,30,1,<Baby>.,,,
sw09utt/sw_0948_3151.utt,3/sw3151,3151,41,+,B,31,1,how to administer that program. /,how/WRB to/TO administer/VB that/DT program/NN ./.,,
sw09utt/sw_0948_3151.utt,3/sw3151,3151,42,b,A,32,1,# Uh-huh. # /,Uh-huh/UH ./.,,
sw09utt/sw_0948_3151.utt,3/sw3151,3151,43,sv,B,33,1,"# Just because # [ [ you, + you, ] + something ] can get mixed in the mail,  /","Just/RB because/IN you/PRP ,/, you/PRP ,/, something/NN can/MD get/VB mixed/VBN in/IN the/DT mail/NN ,/,",,
sw09utt/sw_0948_3151.utt,3/sw3151,3151,44,sv,B,33,2,{C or } --,or/CC --/:,,
sw09utt/sw_0948_3151.utt,3/sw3151,3151,45,b,A,34,1,Uh-huh. /,Uh-huh/UH ./.,,
sw09utt/sw_0948_3151.utt,3/sw3151,3151,46,+,B,35,1,"-- {F uh, } the chemicals could react incorrectly [ than, + than ] what you would expect them to.  /","--/: uh/UH ,/, the/DT chemicals/NNS could/MD react/VB incorrectly/RB than/IN ,/, than/IN what/WP you/PRP would/MD expect/VB them/PRP to/TO ./.",,
sw09utt/sw_0948_3151.utt,3/sw3151,3151,47,%,B,35,2,"# {C And, } yeah,  /","And/CC ,/, yeah/UH ,/,",,
sw09utt/sw_0948_3151.utt,3/sw3151,3151,48,%,B,35,3,"[ you, + {D you know } ] <<very faintly>>, # /","you/PRP ,/, you/PRP know/VBP ,/,",,
sw09utt/sw_0948_3151.utt,3/sw3151,3151,49,sv,A,36,1,# {C Or } somebody's # test gets mixed up with somebody else's. /,Or/CC somebody/NN 's/POS test/NN gets/VBZ mixed/VBN up/RP with/IN somebody/NN else/RB 's/POS ./.,,
sw09utt/sw_0948_3151.utt,3/sw3151,3151,50,b,B,37,1,# Right. # /,Right/UH ./.,,
sw09utt/sw_0948_3151.utt,3/sw3151,3151,51,sv,A,38,1,"# {E I mean, } # those things do happen. /","I/PRP mean/VBP ,/, those/DT things/NNS do/VBP happen/VB ./.",,
sw09utt/sw_0948_3151.utt,3/sw3151,3151,52,b,B,39,1,Yeah. /,Yeah/UH ./.,,
sw09utt/sw_0948_3151.utt,3/sw3151,3151,53,sd,A,40,1,"{F Uh, } I certainly wouldn't want people's lives ruined --","Uh/UH ,/, I/PRP certainly/RB would/MD n't/RB want/VB people/NNS 's/POS lives/NNS ruined/VBN --/:",,
sw09utt/sw_0948_3151.utt,3/sw3151,3151,54,aa,B,41,1,"Right,  /","Right/UH ,/,",,
sw09utt/sw_0948_3151.utt,3/sw3151,3151,55,%,B,41,2,"# {C and, } {D you know, } I've # -- -/","and/CC ,/, you/PRP know/VBP ,/, I/PRP 've/VBP --/:",,
sw09utt/sw_0948_3151.utt,3/sw3151,3151,56,+,A,42,1,"-- # {F uh, } <noise> wrongly. # /","--/: uh/UH ,/, wrongly/RB ./.",,
sw09utt/sw_0948_3151.utt,3/sw3151,3151,57,sd,B,43,1,"-- [ [ the, + the, ] + the ] company that I work for, {F uh, } has just [ recently, + {D well, } {D you know, } within the last couple of years, ] instituted for all new hired employees, - /","--/: the/DT ,/, the/DT ,/, the/DT company/NN that/WDT I/PRP work/VBP for/IN ,/, uh/UH ,/, has/VBZ just/RB recently/RB ,/, well/UH ,/, you/PRP know/VBP ,/, within/IN the/DT last/JJ couple/NN of/IN years/NNS ,/, instituted/VBN for/IN all/DT new/JJ hired/VBN employees/NNS ,/,",,
sw09utt/sw_0948_3151.utt,3/sw3151,3151,58,sd,B,43,2,they submit to a urine test. /,they/PRP submit/VBP to/IN a/DT urine/NN test/NN ./.,,
sw09utt/sw_0948_3151.utt,3/sw3151,3151,59,b,A,44,1,Uh-huh <noise>. /,Uh-huh/UH ./.,,
sw09utt/sw_0948_3151.utt,3/sw3151,3151,60,sd,B,45,1,"{C And, } [ they, + they ] say that [ [ [ there's been, + {D you know, } they, ] + they, ] + they've ] also implemented random testing. /","And/CC ,/, they/PRP ,/, they/PRP say/VBP that/IN there/EX 's/HVS been/VBN ,/, you/PRP know/VBP ,/, they/PRP ,/, they/PRP ,/, they/PRP 've/VBP also/RB implemented/VBN random/JJ testing/NN ./.",,
sw09utt/sw_0948_3151.utt,3/sw3151,3151,61,b,A,46,1,Uh-huh. /,Uh-huh/UH ./.,,
sw09utt/sw_0948_3151.utt,3/sw3151,3151,62,sd,B,47,1,"{C And }  ((   )) , it hasn't happened to me in the couple of years that, {D you know, } it's been in progress -- /","And/CC MUMBLEx/XX ,/, it/PRP has/VBZ n't/RB happened/VBN to/IN me/PRP in/IN the/DT couple/NN of/IN years/NNS that/WDT ,/, you/PRP know/VBP ,/, it/PRP 's/HVS been/VBN in/IN progress/NN --/:",,
sw09utt/sw_0948_3151.utt,3/sw3151,3151,63,b,A,48,1,# Uh-huh. # /,Uh-huh/UH ./.,,
sw09utt/sw_0948_3151.utt,3/sw3151,3151,64,sd,B,49,1,"-- # {C but, } {F uh, } # [ I, + I ] fully agree with it  /","--/: but/CC ,/, uh/UH ,/, I/PRP ,/, I/PRP fully/RB agree/VBP with/IN it/PRP",,
sw09utt/sw_0948_3151.utt,3/sw3151,3151,65,sd,B,49,2,"{C and } [ there's, + {D you know, } there's ] all these memos going around about folks that are disgruntled and feel it's an invasion of privacy,  /","and/CC there/EX 's/BES ,/, you/PRP know/VBP ,/, there/EX 's/BES all/PDT these/DT memos/NNS going/VBG around/RB about/IN folks/NNS that/WDT are/VBP disgruntled/JJ and/CC feel/VBP it/PRP 's/BES an/DT invasion/NN of/IN privacy/NN ,/,",,
sw09utt/sw_0948_3151.utt,3/sw3151,3151,66,aa,B,49,3,{C and } --,and/CC --/:,,
sw09utt/sw_0948_3151.utt,3/sw3151,3151,67,b,A,50,1,Uh-huh. /,Uh-huh/UH ./.,,
sw09utt/sw_0948_3151.utt,3/sw3151,3151,68,+,B,51,1,"-- [ I, + I ] agree with you.  /","--/: I/PRP ,/, I/PRP agree/VBP with/IN you/PRP ./.",,
sw09utt/sw_0948_3151.utt,3/sw3151,3151,69,sv,B,51,2,"[ [ If, + if, ] + if ] you feel it's an invasion of privacy, [ you've, + you've ] probably got something you're trying to hide <laughter>. /","If/IN ,/, if/IN ,/, if/IN you/PRP feel/VBP it/PRP 's/BES an/DT invasion/NN of/IN privacy/NN ,/, you/PRP 've/VBP ,/, you/PRP 've/VBP probably/RB got/VBN something/NN you/PRP 're/VBP trying/VBG to/TO hide/VB ./.",,
sw09utt/sw_0948_3151.utt,3/sw3151,3151,70,aa,A,52,1,Yeah  /,Yeah/UH,,
sw09utt/sw_0948_3151.utt,3/sw3151,3151,71,sv,A,52,2,{C and } you maybe need to look for some other type of job to do --,and/CC you/PRP maybe/RB need/VBP to/TO look/VB for/IN some/DT other/JJ type/NN of/IN job/NN to/TO do/VB --/:,,
sw09utt/sw_0948_3151.utt,3/sw3151,3151,72,b,B,53,1,# Yeah. # /,Yeah/UH ./.,,
sw09utt/sw_0948_3151.utt,3/sw3151,3151,73,+,A,54,1,"-- # that, # {F uh, } doesn't require the testing. /","--/: that/WDT ,/, uh/UH ,/, does/VBZ n't/RB require/VB the/DT testing/NN ./.",,
sw09utt/sw_0948_3151.utt,3/sw3151,3151,74,b,B,55,1,Right. /,Right/UH ./.,,
sw09utt/sw_0948_3151.utt,3/sw3151,3151,75,sv,A,56,1,"{F Uh, } [ to me, it's, + to me it's ] not an invasion or privacy.  /","Uh/UH ,/, to/IN me/PRP ,/, it/PRP 's/BES ,/, to/IN me/PRP it/PRP 's/BES not/RB an/DT invasion/NN or/CC  privacy/NN ./.",,
sw09utt/sw_0948_3151.utt,3/sw3151,3151,76,sv,A,56,2,"I think [ it's +  people have ] a right to know [ if, + if, ] {F uh, } [ their, + their ] life maybe's in jeopardy [ or, + {F uh, }","I/PRP think/VBP it/PRP 's/BES people/NNS have/VBP a/DT right/NN to/TO know/VB if/IN ,/, if/IN ,/, uh/UH ,/, their/PRP$ ,/, their/PRP$ life/NN maybe/RB 's/BES in/IN jeopardy/NN or/CC ,/, uh/UH ,/,",,
sw09utt/sw_0948_3151.utt,3/sw3151,3151,77,^2,B,57,1,"Or, ] the quality of their product. /","Or/CC ,/, the/DT quality/NN of/IN their/PRP$ product/NN ./.",,
sw09utt/sw_0948_3151.utt,3/sw3151,3151,78,+,A,58,1,Yeah.  /,Yeah/UH ./.,,
sw09utt/sw_0948_3151.utt,3/sw3151,3151,79,sv,A,58,2,"[ Their work, + the work ] they're doing for their company.   /","Their/PRP$ work/NN ,/, the/DT work/NN they/PRP 're/VBP doing/VBG for/IN their/PRP$ company/NN ./.",,
sw09utt/sw_0948_3151.utt,3/sw3151,3151,80,sv,A,58,3,"{F Uh, } those things are all affected.  /","Uh/UH ,/, those/DT things/NNS are/VBP all/DT affected/VBN ./.",,
sw09utt/sw_0948_3151.utt,3/sw3151,3151,81,sv,A,58,4,"If not immediately, it certainly does eventually. /","If/IN not/RB immediately/RB ,/, it/PRP certainly/RB does/VBZ eventually/RB ./.",,
sw09utt/sw_0948_3151.utt,3/sw3151,3151,82,b,B,59,1,Yeah. /,Yeah/UH ./.,,
sw09utt/sw_0948_3151.utt,3/sw3151,3151,83,sv,A,60,1,I think that's where a lot of the problem is at first.  /,I/PRP think/VBP that/DT 's/BES where/WRB a/DT lot/NN of/IN the/DT problem/NN is/VBZ at/IN first/JJ ./.,,
sw09utt/sw_0948_3151.utt,3/sw3151,3151,84,sv,A,60,2,"It doesn't seem to, {F uh, } bother the quality of work -- /","It/PRP does/VBZ n't/RB seem/VB to/TO ,/, uh/UH ,/, bother/VB the/DT quality/NN of/IN work/NN --/:",,
sw09utt/sw_0948_3151.utt,3/sw3151,3151,85,b,B,61,1,Uh-huh. /,Uh-huh/UH ./.,,
sw09utt/sw_0948_3151.utt,3/sw3151,3151,86,sv,A,62,1,-- {C but } eventually it does. /,--/: but/CC eventually/RB it/PRP does/VBZ ./.,,
sw09utt/sw_0948_3151.utt,3/sw3151,3151,87,aa,B,63,1,"Right,  /","Right/UH ,/,",,
sw09utt/sw_0948_3151.utt,3/sw3151,3151,88,sv,B,63,2,because it usually requires more and more of that substance that you're misusing --,because/IN it/PRP usually/RB requires/VBZ more/JJR and/CC more/JJR of/IN that/DT substance/NN that/WDT you/PRP 're/VBP misusing/VBG --/:,,
sw09utt/sw_0948_3151.utt,3/sw3151,3151,89,aa,A,64,1,"Uh-huh,  /","Uh-huh/UH ,/,",,
sw09utt/sw_0948_3151.utt,3/sw3151,3151,90,aa^r,A,64,2,uh-huh. /,uh-huh/UH ./.,,
sw09utt/sw_0948_3151.utt,3/sw3151,3151,91,+,B,65,1,-- to get the same effect. /,--/: to/TO get/VB the/DT same/JJ effect/NN ./.,,
sw09utt/sw_0948_3151.utt,3/sw3151,3151,92,b,A,66,1,Uh-huh. /,Uh-huh/UH ./.,,
sw09utt/sw_0948_3151.utt,3/sw3151,3151,93,b,B,67,1,{F Um. } /,Um/UH ./.,,
sw09utt/sw_0948_3151.utt,3/sw3151,3151,94,sd,A,68,1,"Course, I feel the same way on the AIDS problem.  /","Course/NNP ,/, I/PRP feel/VBP the/DT same/JJ way/NN on/IN the/DT AIDS/NN problem/NN ./.",,
sw09utt/sw_0948_3151.utt,3/sw3151,3151,95,sv,A,68,2,"[ I, + I ] don't think that's an invasion of privacy,  /","I/PRP ,/, I/PRP do/VBP n't/RB think/VB that/DT 's/BES an/DT invasion/NN of/IN privacy/NN ,/,",,
sw09utt/sw_0948_3151.utt,3/sw3151,3151,96,sd,A,68,3,"that's <static> the only communicable disease that they're not allowed to test for <noise>,","that/DT 's/BES the/DT only/JJ communicable/JJ disease/NN that/WDT they/PRP 're/VBP not/RB allowed/VBN to/TO test/VB for/IN ,/,",,
sw09utt/sw_0948_3151.utt,3/sw3151,3151,97,x,B,69,1,<Laughter>.,,,
sw09utt/sw_0948_3151.utt,3/sw3151,3151,98,+,A,70,1,"{D you know, }  /","you/PRP know/VBP ,/,",,
sw09utt/sw_0948_3151.utt,3/sw3151,3151,99,sv,A,70,2,{C and } it's destroying a # lot of # --,and/CC it/PRP 's/BES destroying/VBG a/DT lot/NN of/IN --/:,,
sw09utt/sw_0948_3151.utt,3/sw3151,3151,100,sd,B,71,1,# [ {C and then } # -- +,and/CC then/RB --/:,,
sw09utt/sw_0948_3151.utt,3/sw3151,3151,101,+,A,72,1,-- # people's lives <static>. # /,--/: people/NNS 's/POS lives/NNS ./.,,
sw09utt/sw_0948_3151.utt,3/sw3151,3151,102,+,B,73,1,-- # and ] one of the # few that they don't have a cure for <laughter>. /,--/: and/CC one/CD of/IN the/DT few/NN that/WDT they/PRP do/VBP n't/RB have/VB a/DT cure/NN for/IN ./.,,
sw09utt/sw_0948_3151.utt,3/sw3151,3151,103,aa,A,74,1,"Yeah,  /","Yeah/UH ,/,",,
sw09utt/sw_0948_3151.utt,3/sw3151,3151,104,sv,A,74,2,"{C and } [ [ it's, + {D you know, } it's, ] + it's ] destroying people's lives  /","and/CC it/PRP 's/BES ,/, you/PRP know/VBP ,/, it/PRP 's/BES ,/, it/PRP 's/BES destroying/VBG people/NNS 's/POS lives/NNS",,
sw09utt/sw_0948_3151.utt,3/sw3151,3151,105,sv,A,74,3,"{C and } [ I, + I ] think that person, plus anybody in danger [ should, + should ] [ b-, + know ] about it and  be aware of it. /","and/CC I/PRP ,/, I/PRP think/VBP that/DT person/NN ,/, plus/CC anybody/NN in/IN danger/NN should/MD ,/, should/MD b-/XX ,/, know/VB about/IN it/PRP and/CC be/VB aware/JJ of/IN it/PRP ./.",,
sw09utt/sw_0948_3151.utt,3/sw3151,3151,106,aa,B,75,1,Yeah.  /,Yeah/UH ./.,,
sw09utt/sw_0948_3151.utt,3/sw3151,3151,107,x,B,75,2,((   ))  <<very faint>>. /,MUMBLEx/XX ./.,,
sw09utt/sw_0948_3151.utt,3/sw3151,3151,108,h,A,76,1,I don't know.  /,I/PRP do/VBP n't/RB know/VB ./.,,
sw09utt/sw_0948_3151.utt,3/sw3151,3151,109,sv,A,76,2,"[ It's, + it's ] kind of hard to <<pause>> <lipsmack> - /","It/PRP 's/BES ,/, it/PRP 's/BES kind/RB of/RB hard/JJ to/TO",,
sw09utt/sw_0948_3151.utt,3/sw3151,3151,110,sv,A,76,3,"I guess the gay movement has had a lot to do with considering [ that, + that, ] {F uh, } an invasion of privacy.  /","I/PRP guess/VBP the/DT gay/JJ movement/NN has/VBZ had/VBN a/DT lot/NN to/TO do/VB with/IN considering/VBG that/DT ,/, that/DT ,/, uh/UH ,/, an/DT invasion/NN of/IN privacy/NN ./.",,
sw09utt/sw_0948_3151.utt,3/sw3151,3151,111,sd^t,A,76,4,"Of course, that's not supposed to be <laughter> what we're talking about today, I guess.  /","Of/IN course/NN ,/, that/DT 's/BES not/RB supposed/VBN to/TO be/VB what/WP we/PRP 're/VBP talking/VBG about/IN today/NN ,/, I/PRP guess/VBP ./.",,
sw09utt/sw_0948_3151.utt,3/sw3151,3151,112,sd,A,76,5,"{C So, }","So/RB ,/,",,
sw09utt/sw_0948_3151.utt,3/sw3151,3151,113,b,B,77,1,Yeah <laughter>. /,Yeah/UH ./.,,
sw09utt/sw_0948_3151.utt,3/sw3151,3151,114,+,A,78,1,<Laughter> I kind of get off on a tangent here.  /,I/PRP kind/RB of/RB get/VBP off/IN on/IN a/DT tangent/NN here/RB ./.,,
sw09utt/sw_0948_3151.utt,3/sw3151,3151,115,qy,A,78,2,"{F Uh, } do you work for, {F uh, } Texas Instruments? /","Uh/UH ,/, do/VBP you/PRP work/VB for/IN ,/, uh/UH ,/, Texas/NNP Instruments/NNPS ?/.",,
sw09utt/sw_0948_3151.utt,3/sw3151,3151,116,ny,B,79,1,"Yes,  /","Yes/UH ,/,",,
sw09utt/sw_0948_3151.utt,3/sw3151,3151,117,sd^e,B,79,2,I do. /,I/PRP do/VBP ./.,,
sw09utt/sw_0948_3151.utt,3/sw3151,3151,118,b,A,80,1,Uh-huh. /,Uh-huh/UH ./.,,
sw09utt/sw_0948_3151.utt,3/sw3151,3151,119,sd,B,81,1,"{C And } [ I'm, + I'm ] down in [ the, + the ] central,  /","And/CC I/PRP 'm/VBP ,/, I/PRP 'm/VBP down/RB in/IN the/DT ,/, the/DT central/JJ ,/,",,
sw09utt/sw_0948_3151.utt,3/sw3151,3151,120,qw^d,B,81,2,"{C but } I don't know how familiar you are with Texas,  /","but/CC I/PRP do/VBP n't/RB know/VB how/WRB familiar/JJ you/PRP are/VBP with/IN Texas/NNP ,/,",,
sw09utt/sw_0948_3151.utt,3/sw3151,3151,121,sd,B,81,3,"{C but } [ I'm in a, + we live [ in a town, + {F uh, } near a town ] ] called Temple.","but/CC I/PRP 'm/VBP in/IN a/DT ,/, we/PRP live/VBP in/IN a/DT town/NN ,/, uh/UH ,/, near/RB a/DT town/NN called/VBN Temple/NNP ./.",,
sw09utt/sw_0948_3151.utt,3/sw3151,3151,122,b,A,82,1,<Baby> {F Um. } /,Um/UH ./.,,
sw09utt/sw_0948_3151.utt,3/sw3151,3151,123,+,B,83,1,Which is right in between Waco and Austin on the freeway. /,Which/WDT is/VBZ right/RB in/IN between/IN Waco/NNP and/CC Austin/NNP on/IN the/DT freeway/NN ./.,,
sw09utt/sw_0948_3151.utt,3/sw3151,3151,124,sd,A,84,1,"{F Oh, } that's probably why,  /","Oh/UH ,/, that/DT 's/BES probably/RB why/WRB ,/,",,
sw09utt/sw_0948_3151.utt,3/sw3151,3151,125,sd,A,84,2,"my brother did live in Grapevine, Texas.  /","my/PRP$ brother/NN did/VBD live/VB in/IN Grapevine/NNP ,/, Texas/NNP ./.",,
sw09utt/sw_0948_3151.utt,3/sw3151,3151,126,sd,A,84,3,That's near Dallas. /,That/DT 's/BES near/RB Dallas/NNP ./.,,
sw09utt/sw_0948_3151.utt,3/sw3151,3151,127,b,B,85,1,Right. /,Right/UH ./.,,
sw09utt/sw_0948_3151.utt,3/sw3151,3151,128,b,A,86,1,Uh-huh. /,Uh-huh/UH ./.,,
sw09utt/sw_0948_3151.utt,3/sw3151,3151,129,sd,B,87,1,"We're probably about two, two and a half hours south of him. /","We/PRP 're/VBP probably/RB about/RB two/CD ,/, two/CD and/CC a/DT half/NN hours/NNS south/RB of/IN him/PRP ./.",,
sw09utt/sw_0948_3151.utt,3/sw3151,3151,130,b,A,88,1,"Uh-huh,  /","Uh-huh/UH ,/,",,
sw09utt/sw_0948_3151.utt,3/sw3151,3151,131,b^r,A,88,2,uh-huh. /,uh-huh/UH ./.,,
sw09utt/sw_0948_3151.utt,3/sw3151,3151,132,%,B,89,1,{D So. } -/,So/UH ./.,,
sw09utt/sw_0948_3151.utt,3/sw3151,3151,133,qy^d,A,90,1,It's pretty hot down there probably. /,It/PRP 's/BES pretty/RB hot/JJ down/IN there/RB probably/RB ./.,,
sw09utt/sw_0948_3151.utt,3/sw3151,3151,134,na,B,91,1,{F Oh } my! /,Oh/UH my/PRP$ !/UH,,
sw09utt/sw_0948_3151.utt,3/sw3151,3151,135,b,A,92,1,Yeah <laughter>. /,Yeah/UH ./.,,
sw09utt/sw_0948_3151.utt,3/sw3151,3151,136,sd,B,93,1,"[ It's, + {D actually, } we got ] about two inches of rain in about three hours, yesterday. /","It/PRP 's/BES ,/, actually/UH ,/, we/PRP got/VBD about/RB two/CD inches/NNS of/IN rain/NN in/IN about/RB three/CD hours/NNS ,/, yesterday/NN ./.",,
sw09utt/sw_0948_3151.utt,3/sw3151,3151,137,bh,A,94,1,"{F Oh, } did you # really? # /","Oh/UH ,/, did/VBD you/PRP really/RB ?/.",,
sw09utt/sw_0948_3151.utt,3/sw3151,3151,138,sd,B,95,1,# {C And } it's # --,And/CC it/PRP 's/HVS --/:,,
sw09utt/sw_0948_3151.utt,3/sw3151,3151,139,ba,A,96,1,"# {F Oh, } that's great. # /","Oh/UH ,/, that/DT 's/BES great/JJ ./.",,
sw09utt/sw_0948_3151.utt,3/sw3151,3151,140,+,B,97,1,-- # cooled things # down somewhat.  /,--/: cooled/VBN things/NNS down/RP somewhat/RB ./.,,
sw09utt/sw_0948_3151.utt,3/sw3151,3151,141,sd,B,97,2,"It's getting more humid # now,  /","It/PRP 's/BES getting/VBG more/RBR humid/JJ now/RB ,/,",,
sw09utt/sw_0948_3151.utt,3/sw3151,3151,142,%,B,97,3,"{C but, } # -/","but/CC ,/,",,
sw09utt/sw_0948_3151.utt,3/sw3151,3151,143,b,A,98,1,# Uh-huh.  /,Uh-huh/UH ./.,,
sw09utt/sw_0948_3151.utt,3/sw3151,3151,144,sd,A,98,2,"#   [ We, + we ] need rain real bad up here. /","We/PRP ,/, we/PRP need/VBP rain/NN real/RB bad/RB up/IN here/RB ./.",,
sw09utt/sw_0948_3151.utt,3/sw3151,3151,145,b,B,99,1,Uh-huh <<very faintly>>. /,Uh-huh/UH ./.,,
sw09utt/sw_0948_3151.utt,3/sw3151,3151,146,sd,A,100,1,"[ It's, + {F uh, } everything's ] really getting dry.  /","It/PRP 's/BES ,/, uh/UH ,/, everything/NN 's/BES really/RB getting/VBG dry/JJ ./.",,
sw09utt/sw_0948_3151.utt,3/sw3151,3151,147,%,A,100,2,"It's, {F uh, } -/","It/PRP 's/BES ,/, uh/UH ,/,",,
sw09utt/sw_0948_3151.utt,3/sw3151,3151,148,b,B,101,1,Yeah <<very faintly>>.  /,Yeah/UH ./.,,
sw09utt/sw_0948_3151.utt,3/sw3151,3151,149,sd,B,101,2,It's been about three weeks since we've had any. /,It/PRP 's/HVS been/VBN about/RB three/CD weeks/NNS since/IN we/PRP 've/VBP had/VBN any/DT ./.,,
sw09utt/sw_0948_3151.utt,3/sw3151,3151,150,b,A,102,1,<Baby> Yeah.  /,Yeah/UH ./.,,
sw09utt/sw_0948_3151.utt,3/sw3151,3151,151,sd,A,102,2,It's kind of at a dangerous level here.  /,It/PRP 's/BES kind/RB of/RB at/IN a/DT dangerous/JJ level/NN here/RB ./.,,
sw09utt/sw_0948_3151.utt,3/sw3151,3151,152,sd,A,102,3,"People hauling water,  /","People/NNS hauling/VBG water/NN ,/,",,
sw09utt/sw_0948_3151.utt,3/sw3151,3151,153,sd,A,102,4,"{C and, } {F uh } --","and/CC ,/, uh/UH --/:",,
sw09utt/sw_0948_3151.utt,3/sw3151,3151,154,b,B,103,1,{F Um. } /,Um/UH ./.,,
sw09utt/sw_0948_3151.utt,3/sw3151,3151,155,+,A,104,1,-- it's getting real bad. /,--/: it/PRP 's/BES getting/VBG real/RB bad/JJ ./.,,
sw09utt/sw_0948_3151.utt,3/sw3151,3151,156,ba,B,105,1,Wow. /,Wow/UH ./.,,
sw09utt/sw_0948_3151.utt,3/sw3151,3151,157,%,A,106,1,{D So. } -/,So/UH ./.,,
sw09utt/sw_0948_3151.utt,3/sw3151,3151,158,bh,B,107,1,How about that? /,How/WRB about/IN that/DT ?/.,,
sw09utt/sw_0948_3151.utt,3/sw3151,3151,159,%,A,108,1,{D So. } -/,So/UH ./.,,
sw09utt/sw_0948_3151.utt,3/sw3151,3151,160,sd,B,109,1,"{D Well, } I hope you do get some rain up there. /","Well/UH ,/, I/PRP hope/VBP you/PRP do/VBP get/VB some/DT rain/NN up/IN there/RB ./.",,
sw09utt/sw_0948_3151.utt,3/sw3151,3151,161,aa,A,110,1,{F Um } <<pause>>.  So do I <laughter>. /,Um/UH ./. So/RB do/VBP I/PRP ./.,,
sw09utt/sw_0948_3151.utt,3/sw3151,3151,162,%,B,111,1,"<Laughter> I <<very faintly>>, -/","I/PRP ,/,",,
sw09utt/sw_0948_3151.utt,3/sw3151,3151,163,sd,A,112,1,"{F Uh, } I can't think of anything else, {F uh. } /","Uh/UH ,/, I/PRP ca/MD n't/RB think/VB of/IN anything/NN else/RB ,/, uh/UH ./.",,
sw09utt/sw_0948_3151.utt,3/sw3151,3151,164,b,B,113,1,"Yeah,  /","Yeah/UH ,/,",,
sw09utt/sw_0948_3151.utt,3/sw3151,3151,165,sv,B,113,2,"[ I, + I ] guess being in # agreement # --","I/PRP ,/, I/PRP guess/VBP being/VBG in/IN agreement/NN --/:",,
sw09utt/sw_0948_3151.utt,3/sw3151,3151,166,b,A,114,1,# Uh-huh. # /,Uh-huh/UH ./.,,
sw09utt/sw_0948_3151.utt,3/sw3151,3151,167,+,B,115,1,-- kind of tends to limit the conversation --,--/: kind/RB of/RB tends/VBZ to/TO limit/VB the/DT conversation/NN --/:,,
sw09utt/sw_0948_3151.utt,3/sw3151,3151,168,b,A,116,1,# Uh-huh. # /,Uh-huh/UH ./.,,
sw09utt/sw_0948_3151.utt,3/sw3151,3151,169,+,B,117,1,-- # {D you know } # <laughter>. /,--/: you/PRP know/VBP ./.,,
sw09utt/sw_0948_3151.utt,3/sw3151,3151,170,ba,A,118,1,"{F Uh, } I can understand <baby>.  /","Uh/UH ,/, I/PRP can/MD understand/VB ./.",,
sw09utt/sw_0948_3151.utt,3/sw3151,3151,171,sv,A,118,2,"I know if somebody is using drugs and  doesn't think there's anything wrong with them, I can see <static> them objecting. {D You know? } /","I/PRP know/VBP if/IN somebody/NN is/VBZ using/VBG drugs/NNS and/CC does/VBZ n't/RB think/VB there/EX 's/BES anything/NN wrong/JJ with/IN them/PRP ,/, I/PRP can/MD see/VB them/PRP objecting/VBG ./. You/PRP know/VBP ?/.",,
sw09utt/sw_0948_3151.utt,3/sw3151,3151,172,x,B,119,1,<Noise>.,,,
sw09utt/sw_0948_3151.utt,3/sw3151,3151,173,sv,A,120,1,there's a lot of people that <breathing> think that there's nothing wrong with <<pause>>  ((   )) . /,there/EX 's/BES a/DT lot/NN of/IN people/NNS that/WDT think/VBP that/IN there/EX 's/BES nothing/NN wrong/JJ with/IN MUMBLEx/XX ./.,,
sw09utt/sw_0948_3151.utt,3/sw3151,3151,174,sd,B,121,1,"One of the things I found interesting, - /","One/CD of/IN the/DT things/NNS I/PRP found/VBD interesting/JJ ,/,",,
sw09utt/sw_0948_3151.utt,3/sw3151,3151,175,sd,B,121,2,"[ it, + it's ] funny that you mentioned that,  /","it/PRP ,/, it/PRP 's/BES funny/JJ that/IN you/PRP mentioned/VBD that/DT ,/,",,
sw09utt/sw_0948_3151.utt,3/sw3151,3151,176,sd,B,121,3,T I is pretty much a worldwide company -- /,T/NNP I/NNP is/VBZ pretty/RB much/JJ a/DT worldwide/JJ company/NN --/:,,
sw09utt/sw_0948_3151.utt,3/sw3151,3151,177,b,A,122,1,Uh-huh. /,Uh-huh/UH ./.,,
sw09utt/sw_0948_3151.utt,3/sw3151,3151,178,sd,B,123,1,-- {C and } we have manufacturing plants all around the world --,--/: and/CC we/PRP have/VBP manufacturing/NN plants/NNS all/DT around/IN the/DT world/NN --/:,,
sw09utt/sw_0948_3151.utt,3/sw3151,3151,179,b,A,124,1,Uh-huh. /,Uh-huh/UH ./.,,
sw09utt/sw_0948_3151.utt,3/sw3151,3151,180,+,B,125,1,-- including some places where the use of certain drugs that are illegal here are not illegal. /,--/: including/VBG some/DT places/NNS where/WRB the/DT use/NN of/IN certain/JJ drugs/NNS that/WDT are/VBP illegal/JJ here/RB are/VBP not/RB illegal/JJ ./.,,
sw09utt/sw_0948_3151.utt,3/sw3151,3151,181,b,A,126,1,"{F Um. }  Uh-huh,  /","Um/UH ./. Uh-huh/UH ,/,",,
sw09utt/sw_0948_3151.utt,3/sw3151,3151,182,b^r,A,126,2,# uh-huh. # /,uh-huh/UH ./.,,
sw09utt/sw_0948_3151.utt,3/sw3151,3151,183,b,B,127,1,"# Yeah,  /","Yeah/UH ,/,",,
sw09utt/sw_0948_3151.utt,3/sw3151,3151,184,sd,B,127,2,"# <laughter> they don't have to submit to drug testing [ like, + like ]  they do here in the States and some places abroad. /","they/PRP do/VBP n't/RB have/VB to/TO submit/VB to/IN drug/NN testing/NN like/IN ,/, like/IN they/PRP do/VBP here/RB in/IN the/DT States/NNPS and/CC some/DT places/NNS abroad/RB ./.",,
sw09utt/sw_0948_3151.utt,3/sw3151,3151,185,ba,A,128,1,"{F Oh, } I'll be darn. /","Oh/UH ,/, I/PRP 'll/MD be/VB darn/VBN ./.",,
sw09utt/sw_0948_3151.utt,3/sw3151,3151,186,b,B,129,1,"Yeah,  /","Yeah/UH ,/,",,
sw09utt/sw_0948_3151.utt,3/sw3151,3151,187,sd,B,129,2,I thought that was kind of interesting # too. # /,I/PRP thought/VBD that/DT was/VBD kind/RB of/RB interesting/JJ too/RB ./.,,
sw09utt/sw_0948_3151.utt,3/sw3151,3151,188,b,A,130,1,"# Yeah,  /","Yeah/UH ,/,",,
sw09utt/sw_0948_3151.utt,3/sw3151,3151,189,b^r,A,130,2,"# yeah,  /","yeah/UH ,/,",,
sw09utt/sw_0948_3151.utt,3/sw3151,3151,190,sd,A,130,3,<noise> the different cultures and that --,the/DT different/JJ cultures/NNS and/CC that/DT --/:,,
sw09utt/sw_0948_3151.utt,3/sw3151,3151,191,b,B,131,1,Yeah. /,Yeah/UH ./.,,
sw09utt/sw_0948_3151.utt,3/sw3151,3151,192,+,A,132,1,"-- # too, {F uh } <static>. # /","--/: too/RB ,/, uh/UH ./.",,
sw09utt/sw_0948_3151.utt,3/sw3151,3151,193,sv,B,133,1,"# {E I mean, } {F uh, } {F uh, } # from a quality standpoint, [ that's not, + {E I mean, } just because it's not ] illegal doesn't mean it doesn't affect you the same way. /","I/PRP mean/VBP ,/, uh/UH ,/, uh/UH ,/, from/IN a/DT quality/NN standpoint/NN ,/, that/DT 's/BES not/RB ,/, I/PRP mean/VBP ,/, just/RB because/IN it/PRP 's/BES not/RB illegal/JJ does/VBZ n't/RB mean/VB it/PRP does/VBZ n't/RB affect/VB you/PRP the/DT same/JJ way/NN ./.",,
sw09utt/sw_0948_3151.utt,3/sw3151,3151,194,aa,A,134,1,"No,  /","No/UH ,/,",,
sw09utt/sw_0948_3151.utt,3/sw3151,3151,195,aa^r,A,134,2,no.  /,no/UH ./.,,
sw09utt/sw_0948_3151.utt,3/sw3151,3151,196,sv,A,134,3,I'm sure it would have to affect you the same way.  /,I/PRP 'm/VBP sure/JJ it/PRP would/MD have/VB to/TO affect/VB you/PRP the/DT same/JJ way/NN ./.,,
sw09utt/sw_0948_3151.utt,3/sw3151,3151,197,sv,A,134,4,"[ I, + I ] can't think that would make any <laughter> difference --","I/PRP ,/, I/PRP ca/MD n't/RB think/VB that/DT would/MD make/VB any/DT difference/NN --/:",,
sw09utt/sw_0948_3151.utt,3/sw3151,3151,198,b,B,135,1,# Yeah. # /,Yeah/UH ./.,,
sw09utt/sw_0948_3151.utt,3/sw3151,3151,199,+,A,136,1,"-- # whether # it was legal or not, /","--/: whether/IN it/PRP was/VBD legal/JJ or/CC not/RB ,/,",,
sw09utt/sw_0948_3151.utt,3/sw3151,3151,200,b,B,137,1,<Noise> # Right. # /,Right/UH ./.,,
sw09utt/sw_0948_3151.utt,3/sw3151,3151,201,sv,A,138,1,"# [ it, + # <static> it ] would still have to affect you the same way. /","it/PRP ,/, it/PRP would/MD still/RB have/VB to/TO affect/VB you/PRP the/DT same/JJ way/NN ./.",,
sw09utt/sw_0948_3151.utt,3/sw3151,3151,202,aa,B,139,1,"Yeah,  /","Yeah/UH ,/,",,
sw09utt/sw_0948_3151.utt,3/sw3151,3151,203,sv,B,139,2,"{C but, } {D like } if you're going to do business in another country, you've got to respect their rules. /","but/CC ,/, like/UH if/IN you/PRP 're/VBP going/VBG to/TO do/VB business/NN in/IN another/DT country/NN ,/, you/PRP 've/VBP got/VBN to/TO respect/VB their/PRP$ rules/NNS ./.",,
sw09utt/sw_0948_3151.utt,3/sw3151,3151,204,b,A,140,1,Uh-huh. /,Uh-huh/UH ./.,,
sw09utt/sw_0948_3151.utt,3/sw3151,3151,205,sv,B,141,1,"I mean [ if, + if, + ] {D you know, } [ that, + that's ] the trade off. /","I/PRP mean/VBP if/IN ,/, if/IN ,/, you/PRP know/VBP ,/, that/DT ,/, that/DT 's/BES the/DT trade/GW off/^NN ./.",,
sw09utt/sw_0948_3151.utt,3/sw3151,3151,206,aa,A,142,1,Oh yeah.  /,Oh/UH yeah/UH ./.,,
sw09utt/sw_0948_3151.utt,3/sw3151,3151,207,aa,A,142,2,[ You can't + you go ] by their laws. /,You/PRP ca/MD n't/RB you/PRP go/VBP by/IN their/PRP$ laws/NNS ./.,,
sw09utt/sw_0948_3151.utt,3/sw3151,3151,208,b,B,143,1,Yeah. /,Yeah/UH ./.,,
sw09utt/sw_0948_3151.utt,3/sw3151,3151,209,sv,A,144,1,The same way <static> our people have to go by their laws when they're over there.  /,The/DT same/JJ way/NN our/PRP$ people/NNS have/VBP to/TO go/VB by/IN their/PRP$ laws/NNS when/WRB they/PRP 're/VBP over/IN there/RB ./.,,
sw09utt/sw_0948_3151.utt,3/sw3151,3151,210,sv,A,144,2,That's why a lot get in trouble <laughter> --,That/DT 's/BES why/WRB a/DT lot/NN get/VBP in/IN trouble/NN --/:,,
sw09utt/sw_0948_3151.utt,3/sw3151,3151,211,b,B,145,1,{F Huh } <laughter>. /,Huh/UH ./.,,
sw09utt/sw_0948_3151.utt,3/sw3151,3151,212,+,A,146,1,-- because they have to follow their rules  /,--/: because/IN they/PRP have/VBP to/TO follow/VB their/PRP$ rules/NNS,,
sw09utt/sw_0948_3151.utt,3/sw3151,3151,213,sv,A,146,2,"{C and, } {F uh } --","and/CC ,/, uh/UH --/:",,
sw09utt/sw_0948_3151.utt,3/sw3151,3151,214,b,B,147,1,Right. /,Right/UH ./.,,
sw09utt/sw_0948_3151.utt,3/sw3151,3151,215,+,A,148,1,-- some of the countries are very much against drugs  /,--/: some/DT of/IN the/DT countries/NNS are/VBP very/RB much/RB against/IN drugs/NNS,,
sw09utt/sw_0948_3151.utt,3/sw3151,3151,216,sv,A,148,2,"{C and } you use them, you <<pause>> pay for it <laughter>.  /","and/CC you/PRP use/VBP them/PRP ,/, you/PRP pay/VBP for/IN it/PRP ./.",,
sw09utt/sw_0948_3151.utt,3/sw3151,3151,217,x,A,148,3,((   )) .,MUMBLEx/XX ./.,,
sw09utt/sw_0948_3151.utt,3/sw3151,3151,218,sv,B,149,1,Usually <laughter> with you life in some # places. # /,Usually/RB with/IN you/PRP life/NN in/IN some/DT places/NNS ./.,,
sw09utt/sw_0948_3151.utt,3/sw3151,3151,219,aa,A,150,1,"# Yeah,  /","Yeah/UH ,/,",,
sw09utt/sw_0948_3151.utt,3/sw3151,3151,220,sv,A,150,2,# a lot of them.  /,a/DT lot/NN of/IN them/PRP ./.,,
sw09utt/sw_0948_3151.utt,3/sw3151,3151,221,aa^r,A,150,3,Yeah.  /,Yeah/UH ./.,,
sw09utt/sw_0948_3151.utt,3/sw3151,3151,222,qw,A,150,4,"# [ Where, + where # -- ]","Where/WRB ,/, where/WRB --/:",,
sw09utt/sw_0948_3151.utt,3/sw3151,3151,223,aa,B,151,1,# That's right. # /,That/DT 's/BES right/JJ ./.,,
sw09utt/sw_0948_3151.utt,3/sw3151,3151,224,+,A,152,1,"-- is it [ they lose the, + if they steal they lose a ] # thumb or a finger? # /","--/: is/VBZ it/PRP they/PRP lose/VBP the/DT ,/, if/IN they/PRP steal/VBP they/PRP lose/VBP a/DT thumb/NN or/CC a/DT finger/NN ?/.",,
sw09utt/sw_0948_3151.utt,3/sw3151,3151,225,b,B,153,1,"# Yeah,  /","Yeah/UH ,/,",,
sw09utt/sw_0948_3151.utt,3/sw3151,3151,226,sd,B,153,2,from the Middle East. # /,from/IN the/DT Middle/NNP East/NNP ./.,,
sw09utt/sw_0948_3151.utt,3/sw3151,3151,227,qy,A,154,1,Is that where it is? /,Is/VBZ that/DT where/WRB it/PRP is/VBZ ?/.,,
sw09utt/sw_0948_3151.utt,3/sw3151,3151,228,ny,B,155,1,Yeah.  /,Yeah/UH ./.,,
sw09utt/sw_0948_3151.utt,3/sw3151,3151,229,sd^e,B,155,2,"# Iraq, Iran, in that area. # /","Iraq/NNP ,/, Iran/NNP ,/, in/IN that/DT area/NN ./.",,
sw09utt/sw_0948_3151.utt,3/sw3151,3151,230,ba,A,156,1,"# I thought, wow # <laughter>. /","I/PRP thought/VBD ,/, wow/UH ./.",,
sw09utt/sw_0948_3151.utt,3/sw3151,3151,231,b,B,157,1,Yeah <laughter>. /,Yeah/UH ./.,,
sw09utt/sw_0948_3151.utt,3/sw3151,3151,232,sv,A,158,1,"{D You know, } that's quite a deterrent <laughter>. /","You/PRP know/VBP ,/, that/DT 's/BES quite/PDT a/DT deterrent/NN ./.",,
sw09utt/sw_0948_3151.utt,3/sw3151,3151,233,sd,B,159,1,"{D Well, } in Saudi Arabia, {D you know, } using, {F uh, } alcohol and drugs and something like that, you get the death penalty. /","Well/UH ,/, in/IN Saudi/NNP Arabia/NNP ,/, you/PRP know/VBP ,/, using/VBG ,/, uh/UH ,/, alcohol/NN and/CC drugs/NNS and/CC something/NN like/IN that/DT ,/, you/PRP get/VBP the/DT death/NN penalty/NN ./.",,
sw09utt/sw_0948_3151.utt,3/sw3151,3151,234,b,A,160,1,Yeah.  /,Yeah/UH ./.,,
sw09utt/sw_0948_3151.utt,3/sw3151,3151,235,b^r,A,160,2,Yeah. /,Yeah/UH ./.,,
sw09utt/sw_0948_3151.utt,3/sw3151,3151,236,sv,B,161,1,"{C So, } it's pretty strict over there <laughter>. /","So/RB ,/, it/PRP 's/BES pretty/RB strict/JJ over/IN there/RB ./.",,
sw09utt/sw_0948_3151.utt,3/sw3151,3151,237,aa,A,162,1,Yeah.  /,Yeah/UH ./.,,
sw09utt/sw_0948_3151.utt,3/sw3151,3151,238,sv,A,162,2,"{C So } I guess, {D you know, } [ we, re-, + we have ] so many freedoms over here we sometimes forget about <<pause>> # how # --","So/RB I/PRP guess/VBP ,/, you/PRP know/VBP ,/, we/PRP ,/, re-/XX ,/, we/PRP have/VBP so/RB many/JJ freedoms/NNS over/IN here/RB we/PRP sometimes/RB forget/VBP about/IN how/WRB --/:",,
sw09utt/sw_0948_3151.utt,3/sw3151,3151,239,sv(^q),B,163,1,"# {D Well, } # # people tend to # --","Well/UH ,/, people/NNS tend/VBP to/TO --/:",,
sw09utt/sw_0948_3151.utt,3/sw3151,3151,240,+,A,164,1,-- # great out country # really is. /,--/: great/JJ out/IN country/NN really/RB is/VBZ ./.,,
sw09utt/sw_0948_3151.utt,3/sw3151,3151,241,+,B,165,1,-- take the first amendment out of context.,--/: take/VB the/DT first/JJ amendment/NN out/IN of/IN context/NN ./.,,
sw09utt/sw_0948_3151.utt,3/sw3151,3151,242,b,A,166,1,Uh-huh. /,Uh-huh/UH ./.,,
sw09utt/sw_0948_3151.utt,3/sw3151,3151,243,+,B,167,1,"[ Which, + which ] means --","Which/WDT ,/, which/WDT means/VBZ --/:",,
sw09utt/sw_0948_3151.utt,3/sw3151,3151,244,b,A,168,1,Uh-huh. /,Uh-huh/UH ./.,,
sw09utt/sw_0948_3151.utt,3/sw3151,3151,245,+,B,169,1,"-- {D you know, } I could do anything I want to  /","--/: you/PRP know/VBP ,/, I/PRP could/MD do/VB anything/NN I/PRP want/VBP to/TO",,
sw09utt/sw_0948_3151.utt,3/sw3151,3151,246,^q,B,169,2,"{C and } you can't stop me,  /","and/CC you/PRP ca/MD n't/RB stop/VB me/PRP ,/,",,
sw09utt/sw_0948_3151.utt,3/sw3151,3151,247,%,B,169,3,"{C and } {D you know } <laughter>, -/","and/CC you/PRP know/VBP ,/,",,
sw09utt/sw_0948_3151.utt,3/sw3151,3151,248,sv,A,170,1,"[ They, + they ] abuse it --","They/PRP ,/, they/PRP abuse/VBP it/PRP --/:",,
sw09utt/sw_0948_3151.utt,3/sw3151,3151,249,b,B,171,1,Yeah. /,Yeah/UH ./.,,
sw09utt/sw_0948_3151.utt,3/sw3151,3151,250,+,A,172,1,-- is what they do. /,--/: is/VBZ what/WP they/PRP do/VBP ./.,,
sw09utt/sw_0948_3151.utt,3/sw3151,3151,251,b,B,173,1,Yeah. /,Yeah/UH ./.,,
sw09utt/sw_0948_3151.utt,3/sw3151,3151,252,b^m,A,174,1,Yeah. /,Yeah/UH ./.,,
sw09utt/sw_0948_3151.utt,3/sw3151,3151,253,b^m,B,175,1,Yeah. /,Yeah/UH ./.,,
sw09utt/sw_0948_3151.utt,3/sw3151,3151,254,b^m,A,176,1,Yeah. /,Yeah/UH ./.,,
sw09utt/sw_0948_3151.utt,3/sw3151,3151,255,%,B,177,1,"{C So, } that's, -/","So/RB ,/, that/DT 's/BES ,/,",,
sw09utt/sw_0948_3151.utt,3/sw3151,3151,256,%,A,178,1,"{D So, } -/","So/UH ,/,",,
sw09utt/sw_0948_3151.utt,3/sw3151,3151,257,h,B,179,1,I don't know.  /,I/PRP do/VBP n't/RB know/VB ./.,,
sw09utt/sw_0948_3151.utt,3/sw3151,3151,258,sd,B,179,2,"[ I'm, + I'm ] glad to see more and more companies implementing the policy, /","I/PRP 'm/VBP ,/, I/PRP 'm/VBP glad/JJ to/TO see/VB more/JJR and/CC more/JJR companies/NNS implementing/VBG the/DT policy/NN ,/,",,
