swda_filename,ptb_basename,conversation_no,transcript_index,act_tag,caller,utterance_index,subutterance_index,text,pos,trees,ptb_treenumbers
sw09utt/sw_0988_3570.utt,3/sw3570,3570,0,o,A,1,1,"Okay, Howard,  /","Okay/UH ,/, Howard/NNP ,/,",,
sw09utt/sw_0988_3570.utt,3/sw3570,3570,1,qo,A,1,2,what do you think of our space budget  /,what/WP do/VBP you/PRP think/VB of/IN our/PRP$ space/NN budget/NN,,
sw09utt/sw_0988_3570.utt,3/sw3570,3570,2,qy,A,1,3,"{C and } should we go ahead [ and, + and ] keep exploring,  /","and/CC should/MD we/PRP go/VB ahead/RB and/CC ,/, and/CC keep/VB exploring/VBG ,/,",,
sw09utt/sw_0988_3570.utt,3/sw3570,3570,3,qrr,A,1,4,"{C or } should we call a halt to it,  /","or/CC should/MD we/PRP call/VB a/DT halt/NN to/IN it/PRP ,/,",,
sw09utt/sw_0988_3570.utt,3/sw3570,3570,4,qy,A,1,5,is it doing any good? /,is/VBZ it/PRP doing/VBG any/DT good/NN ?/.,,
sw09utt/sw_0988_3570.utt,3/sw3570,3570,5,sv,B,2,1,I think that the space program has done a lot of good for the country.  /,I/PRP think/VBP that/IN the/DT space/NN program/NN has/VBZ done/VBN a/DT lot/NN of/IN good/NN for/IN the/DT country/NN ./.,,
sw09utt/sw_0988_3570.utt,3/sw3570,3570,6,sv,B,2,2,"{D Now } I think [ what, + ] we made a major wrong turn when we went [ into the, + {F uh, } to the ] current generation of space craft, the reusable ones, like they are now --","Now/UH I/PRP think/VBP what/WP ,/, we/PRP made/VBD a/DT major/JJ wrong/JJ turn/NN when/WRB we/PRP went/VBD into/IN the/DT ,/, uh/UH ,/, to/IN the/DT current/JJ generation/NN of/IN space/NN craft/NN ,/, the/DT reusable/JJ ones/NNS ,/, like/IN they/PRP are/VBP now/RB --/:",,
sw09utt/sw_0988_3570.utt,3/sw3570,3570,7,b,A,3,1,Uh-huh. /,Uh-huh/UH ./.,,
sw09utt/sw_0988_3570.utt,3/sw3570,3570,8,+,B,4,1,"-- because they have not proven as reliable as they should have,  /","--/: because/IN they/PRP have/VBP not/RB proven/VBN as/RB reliable/JJ as/IN they/PRP should/MD have/VB ,/,",,
sw09utt/sw_0988_3570.utt,3/sw3570,3570,9,sv,B,4,2,"{C and } I think some of the earlier approaches were [ much more, + {F uh, } much better ] in many ways.  /","and/CC I/PRP think/VBP some/DT of/IN the/DT earlier/JJR approaches/NNS were/VBD much/RB more/JJR ,/, uh/UH ,/, much/RB better/JJR in/IN many/JJ ways/NNS ./.",,
sw09utt/sw_0988_3570.utt,3/sw3570,3570,10,sv,B,4,3,"However, {F uh, } {D you know, } we've gained an awful lot from the space program, all the way from remote monitoring to teflon to, {F uh, } some new space age materials, plastics and all that.  /","However/RB ,/, uh/UH ,/, you/PRP know/VBP ,/, we/PRP 've/VBP gained/VBN an/DT awful/JJ lot/NN from/IN the/DT space/NN program/NN ,/, all/PDT the/DT way/NN from/IN remote/JJ monitoring/NN to/IN teflon/NN to/IN ,/, uh/UH ,/, some/DT new/JJ space/NN age/NN materials/NNS ,/, plastics/NNS and/CC all/DT that/DT ./.",,
sw09utt/sw_0988_3570.utt,3/sw3570,3570,11,sv,B,4,4,{C So } I think it's been a good investment.  /,So/RB I/PRP think/VBP it/PRP 's/HVS been/VBN a/DT good/JJ investment/NN ./.,,
sw09utt/sw_0988_3570.utt,3/sw3570,3570,12,sd,B,4,5,"{F Uh, } somebody was telling me the return was about twenty-five or thirty dollars for every dollar spent --","Uh/UH ,/, somebody/NN was/VBD telling/VBG me/PRP the/DT return/NN was/VBD about/RB twenty-five/CD or/CC thirty/CD dollars/NNS for/IN every/DT dollar/NN spent/VBN --/:",,
sw09utt/sw_0988_3570.utt,3/sw3570,3570,13,b,A,5,1,"{F Oh, } really. /","Oh/UH ,/, really/UH ./.",,
sw09utt/sw_0988_3570.utt,3/sw3570,3570,14,+,B,6,1,-- which is amazing for any governmental financed --,--/: which/WDT is/VBZ amazing/JJ for/IN any/DT governmental/JJ financed/VBN --/:,,
sw09utt/sw_0988_3570.utt,3/sw3570,3570,15,b,A,7,1,"# {F Oh, } yes. # /","Oh/UH ,/, yes/UH ./.",,
sw09utt/sw_0988_3570.utt,3/sw3570,3570,16,+,B,8,1,-- # program. # /,--/: program/NN ./.,,
sw09utt/sw_0988_3570.utt,3/sw3570,3570,17,sd,A,9,1,Wish our post office could do that <laughter>. /,Wish/VBP our/PRP$ post/NN office/NN could/MD do/VB that/DT ./.,,
sw09utt/sw_0988_3570.utt,3/sw3570,3570,18,sd,B,10,1,<Laughter> I wish the post office would just stop raising our rates. /,I/PRP wish/VBP the/DT post/NN office/NN would/MD just/RB stop/VB raising/VBG our/PRP$ rates/NNS ./.,,
sw09utt/sw_0988_3570.utt,3/sw3570,3570,19,aa,A,11,1,<Laughter> That's right.  /,That/DT 's/BES right/JJ ./.,,
sw09utt/sw_0988_3570.utt,3/sw3570,3570,20,sd,A,11,2,I wish they'd just deliver stuff. /,I/PRP wish/VBP they/PRP 'd/MD just/RB deliver/VB stuff/NN ./.,,
sw09utt/sw_0988_3570.utt,3/sw3570,3570,21,sv,B,12,1,"I think, though, [ that + now that ] we're finally starting to get over the fears and [ the, + {F uh, } {F oh, } {A I don't know, } the ] guilt that we had out of, {F uh, } Challenger,  /","I/PRP think/VBP ,/, though/RB ,/, that/IN now/RB that/IN we/PRP 're/VBP finally/RB starting/VBG to/TO get/VB over/IN the/DT fears/NNS and/CC the/DT ,/, uh/UH ,/, oh/UH ,/, I/PRP do/VBP n't/RB know/VB ,/, the/DT guilt/NN that/WDT we/PRP had/VBD out/IN of/IN ,/, uh/UH ,/, Challenger/NNP ,/,",,
sw09utt/sw_0988_3570.utt,3/sw3570,3570,22,sv,B,12,2,I think maybe # we can # --,I/PRP think/VBP maybe/RB we/PRP can/MD --/:,,
sw09utt/sw_0988_3570.utt,3/sw3570,3570,23,b,A,13,1,# Uh-huh. # /,Uh-huh/UH ./.,,
sw09utt/sw_0988_3570.utt,3/sw3570,3570,24,+,B,14,1,-- pick up and go on now.  /,--/: pick/VB up/RP and/CC go/VB on/RP now/RB ./.,,
sw09utt/sw_0988_3570.utt,3/sw3570,3570,25,h,B,14,2,"{C But, } [ I, + I ] don't know.  /","But/CC ,/, I/PRP ,/, I/PRP do/VBP n't/RB know/VB ./.",,
sw09utt/sw_0988_3570.utt,3/sw3570,3570,26,sv,B,14,3,I don't think we really have all of our act together yet as far as clear objectives. /,I/PRP do/VBP n't/RB think/VB we/PRP really/RB have/VBP all/DT of/IN our/PRP$ act/NN together/RB yet/RB as/RB far/RB as/IN clear/JJ objectives/NNS ./.,,
sw09utt/sw_0988_3570.utt,3/sw3570,3570,27,aa,A,15,1,# I agree. # /,I/PRP agree/VBP ./.,,
sw09utt/sw_0988_3570.utt,3/sw3570,3570,28,sv,B,16,1,# The space # station's where we should go --,The/DT space/NN station/NN 's/BES where/WRB we/PRP should/MD go/VB --/:,,
sw09utt/sw_0988_3570.utt,3/sw3570,3570,29,aa,A,17,1,# I agree. # /,I/PRP agree/VBP ./.,,
sw09utt/sw_0988_3570.utt,3/sw3570,3570,30,+,B,18,1,-- # at this # point. /,--/: at/IN this/DT point/NN ./.,,
sw09utt/sw_0988_3570.utt,3/sw3570,3570,31,sv,A,19,1,Seems like that we've kind of gotten side tracked with putting all these different things up there to monitor  /,Seems/VBZ like/IN that/DT we/PRP 've/VBP kind/RB of/RB gotten/VBN side/NN tracked/VBN with/IN putting/VBG all/PDT these/DT different/JJ things/NNS up/IN there/RB to/TO monitor/VB,,
sw09utt/sw_0988_3570.utt,3/sw3570,3570,32,sd,A,19,2,"[ {C and, } + {D you know, } {D you know, } {C and } ] I'm in favor of, {D you know, } getting closer to seeing certain things,  /","and/CC ,/, you/PRP know/VBP ,/, you/PRP know/VBP ,/, and/CC I/PRP 'm/VBP in/IN favor/NN of/IN ,/, you/PRP know/VBP ,/, getting/VBG closer/RBR to/IN seeing/VBG certain/JJ things/NNS ,/,",,
sw09utt/sw_0988_3570.utt,3/sw3570,3570,33,sd,A,19,3,"{C but } I'd like to see them also [ go, + {D you know, } go ] back up there, see, {D you know, } what they can do. See about setting a space station up.  /","but/CC I/PRP 'd/MD like/VB to/TO see/VB them/PRP also/RB go/VB ,/, you/PRP know/VBP ,/, go/VB back/RB up/IN there/RB ,/, see/VB ,/, you/PRP know/VBP ,/, what/WP they/PRP can/MD do/VB ./. See/VB about/IN setting/VBG a/DT space/NN station/NN up/RP ./.",,
sw09utt/sw_0988_3570.utt,3/sw3570,3570,34,sd,A,19,4,"I'm all in favor of the space program,  /","I/PRP 'm/VBP all/DT in/NN favor/NN of/IN the/DT space/NN program/NN ,/,",,
sw09utt/sw_0988_3570.utt,3/sw3570,3570,35,sv,A,19,5,"{C and } I don't think we should stop,  /","and/CC I/PRP do/VBP n't/RB think/VB we/PRP should/MD stop/VB ,/,",,
sw09utt/sw_0988_3570.utt,3/sw3570,3570,36,sv,A,19,6,{C and } I don't think we should cut the money. /,and/CC I/PRP do/VBP n't/RB think/VB we/PRP should/MD cut/VB the/DT money/NN ./.,,
sw09utt/sw_0988_3570.utt,3/sw3570,3570,37,qo,B,20,1,"{D Well, } where do you think we ought to go with it? /","Well/UH ,/, where/WRB do/VBP you/PRP think/VB we/PRP ought/MD to/TO go/VB with/IN it/PRP ?/.",,
sw09utt/sw_0988_3570.utt,3/sw3570,3570,38,^h,A,21,1,{F Uh. } /,Uh/UH ./.,,
sw09utt/sw_0988_3570.utt,3/sw3570,3570,39,qy,B,22,1,"You talking about, {F uh, } {F uh, } a fully manned space station that we'll keep up there? /","You/PRP talking/VBG about/IN ,/, uh/UH ,/, uh/UH ,/, a/DT fully/RB manned/JJ space/NN station/NN that/WDT we/PRP 'll/MD keep/VB up/IN there/RB ?/.",,
sw09utt/sw_0988_3570.utt,3/sw3570,3570,40,ny,A,23,1,"Yeah,  /","Yeah/UH ,/,",,
sw09utt/sw_0988_3570.utt,3/sw3570,3570,41,sd^e,A,23,2,"[ I would like, + I'd like ] to see that.  /","I/PRP would/MD like/VB ,/, I/PRP 'd/MD like/VB to/TO see/VB that/DT ./.",,
sw09utt/sw_0988_3570.utt,3/sw3570,3570,42,sd,A,23,3,"I'd like for us to really find out more about the actual universe and get up there and see what's going on, even if, {D you know, } there's no life up there or anything, {D you know. }  /","I/PRP 'd/MD like/VB for/IN us/PRP to/TO really/RB find/VB out/RP more/JJR about/IN the/DT actual/JJ universe/NN and/CC get/VB up/IN there/RB and/CC see/VB what/WP 's/BES going/VBG on/RP ,/, even/RB if/IN ,/, you/PRP know/VBP ,/, there/EX 's/BES no/DT life/NN up/IN there/RB or/CC anything/NN ,/, you/PRP know/VBP ./.",,
sw09utt/sw_0988_3570.utt,3/sw3570,3570,43,h,A,23,4,{C But } who knows.  /,But/CC who/WP knows/VBZ ./.,,
sw09utt/sw_0988_3570.utt,3/sw3570,3570,44,sd,A,23,5,{C And } I would like to see them do something like that. /,And/CC I/PRP would/MD like/VB to/TO see/VB them/PRP do/VB something/NN like/IN that/DT ./.,,
sw09utt/sw_0988_3570.utt,3/sw3570,3570,45,%,B,24,1,"# {D Well, } # -/","Well/UH ,/,",,
sw09utt/sw_0988_3570.utt,3/sw3570,3570,46,sv,A,25,1,"# [ I, + # I ] hate to see them just, {D you know, } keep getting diverted off to spying on other nations and putting up defense things  /","I/PRP ,/, I/PRP hate/VBP to/TO see/VB them/PRP just/RB ,/, you/PRP know/VBP ,/, keep/VB getting/VBG diverted/VBN off/IN to/IN spying/VBG on/IN other/JJ nations/NNS and/CC putting/VBG up/RB defense/NN things/NNS",,
sw09utt/sw_0988_3570.utt,3/sw3570,3570,47,sv,A,25,2,"{C and, } [ I think they, + I think they ] lose sight [ of, + of ] probably what they're supposed to be doing. /","and/CC ,/, I/PRP think/VBP they/PRP ,/, I/PRP think/VBP they/PRP lose/VBP sight/NN of/IN ,/, of/IN probably/RB what/WP they/PRP 're/VBP supposed/VBN to/TO be/VB doing/VBG ./.",,
sw09utt/sw_0988_3570.utt,3/sw3570,3570,48,qy^g,B,26,1,"{D Well, } I think about half the nations now [ are, + are ] military related, are  they not? /","Well/UH ,/, I/PRP think/VBP about/IN half/PDT the/DT nations/NNS now/RB are/VBP ,/, are/VBP military/JJ  related/VBN ,/, are/VBP they/PRP not/RB ?/.",,
sw09utt/sw_0988_3570.utt,3/sw3570,3570,49,ny,A,27,1,"Yes,  /","Yes/UH ,/,",,
sw09utt/sw_0988_3570.utt,3/sw3570,3570,50,ny^r,A,27,2,yes. /,yes/UH ./.,,
sw09utt/sw_0988_3570.utt,3/sw3570,3570,51,sv,B,28,1,"{C And, } {F uh, }","And/CC ,/, uh/UH ,/,",,
sw09utt/sw_0988_3570.utt,3/sw3570,3570,52,sd^e,A,29,1,I believe they are. /,I/PRP believe/VBP they/PRP are/VBP ./.,,
sw09utt/sw_0988_3570.utt,3/sw3570,3570,53,+,B,30,1,It seems like [ it's + that ] high a percentage. /,It/PRP seems/VBZ like/IN it/PRP 's/BES that/RB high/JJ a/DT percentage/NN ./.,,
sw09utt/sw_0988_3570.utt,3/sw3570,3570,54,ad,A,31,1,"{D You know, } let's go back to our original thing with, {D you know, } our experiments and all [ the, + {D you know, } our ] actual exploring of space [ and, + and ] all that,  /","You/PRP know/VBP ,/, let/VB 's/PRP go/VB back/RB to/IN our/PRP$ original/JJ thing/NN with/IN ,/, you/PRP know/VBP ,/, our/PRP$ experiments/NNS and/CC all/PDT the/DT ,/, you/PRP know/VBP ,/, our/PRP$ actual/JJ exploring/NN of/IN space/NN and/CC ,/, and/CC all/PDT that/DT ,/,",,
sw09utt/sw_0988_3570.utt,3/sw3570,3570,55,sv,A,31,2,"and, {D you know, } [ with, + with ] Russia, {F uh, } seemingly not going to be as big a threat. /","and/CC ,/, you/PRP know/VBP ,/, with/IN ,/, with/IN Russia/NNP ,/, uh/UH ,/, seemingly/RB not/RB going/VBG to/TO be/VB as/RB big/JJ a/DT threat/NN ./.",,
sw09utt/sw_0988_3570.utt,3/sw3570,3570,56,sv,B,32,1,"{D Well, } it can't afford to <laughter>. /","Well/UH ,/, it/PRP ca/MD n't/RB afford/VB to/TO ./.",,
sw09utt/sw_0988_3570.utt,3/sw3570,3570,57,aa,A,33,1,"Huh-uh, {D you know. }  /","Huh-uh/UH ,/, you/PRP know/VBP ./.",,
sw09utt/sw_0988_3570.utt,3/sw3570,3570,58,qy,A,33,2,"Have you gone out to, {F uh, } Fort Worth to see the [ space, + Soviet space ] exhibit? /","Have/VBP you/PRP gone/VBN out/IN to/IN ,/, uh/UH ,/, Fort/NNP Worth/NNP to/TO see/VB the/DT space/NN ,/, Soviet/JJ space/NN exhibit/NN ?/.",,
sw09utt/sw_0988_3570.utt,3/sw3570,3570,59,nn,B,34,1,"No,  /","No/UH ,/,",,
sw09utt/sw_0988_3570.utt,3/sw3570,3570,60,sd^e,B,34,2,we were talking about that this weekend.  /,we/PRP were/VBD talking/VBG about/IN that/DT this/DT weekend/NN ./.,,
sw09utt/sw_0988_3570.utt,3/sw3570,3570,61,sd,B,34,3,"[ We, + it's ] only going to be there a couple of more # weeks. # /","We/PRP ,/, it/PRP 's/BES only/RB going/VBG to/TO be/VB there/RB a/DT couple/NN of/IN more/JJR weeks/NNS ./.",,
sw09utt/sw_0988_3570.utt,3/sw3570,3570,62,b,A,35,1,"# Uh-huh,  /","Uh-huh/UH ,/,",,
sw09utt/sw_0988_3570.utt,3/sw3570,3570,63,b^r,A,35,2,# # uh-huh. # /,uh-huh/UH ./.,,
sw09utt/sw_0988_3570.utt,3/sw3570,3570,64,sd,B,36,1,# We need # to go. /,We/PRP need/VBP to/TO go/VB ./.,,
sw09utt/sw_0988_3570.utt,3/sw3570,3570,65,sd,A,37,1,"We went, {F uh, }  /","We/PRP went/VBD ,/, uh/UH ,/,",,
sw09utt/sw_0988_3570.utt,3/sw3570,3570,66,sd,A,37,2,"we took our grandsons and went, {F uh, } the weekend before last,  /","we/PRP took/VBD our/PRP$ grandsons/NNS and/CC went/VBD ,/, uh/UH ,/, the/DT weekend/NN before/IN last/JJ ,/,",,
sw09utt/sw_0988_3570.utt,3/sw3570,3570,67,sd,A,37,3,{C and } it is marvelous.  /,and/CC it/PRP is/VBZ marvelous/JJ ./.,,
sw09utt/sw_0988_3570.utt,3/sw3570,3570,68,sd,A,37,4,"{E I mean, } it's really neat how [ they, + they ] have done it.  /","I/PRP mean/VBP ,/, it/PRP 's/BES really/RB neat/JJ how/WRB they/PRP ,/, they/PRP have/VBP done/VBN it/PRP ./.",,
sw09utt/sw_0988_3570.utt,3/sw3570,3570,69,sd,A,37,5,They have done a beautiful job. /,They/PRP have/VBP done/VBN a/DT beautiful/JJ job/NN ./.,,
sw09utt/sw_0988_3570.utt,3/sw3570,3570,70,bh,B,38,1,Have they? /,Have/VBP they/PRP ?/.,,
sw09utt/sw_0988_3570.utt,3/sw3570,3570,71,sd,A,39,1,"{C And } they have a, {F uh, } scaled down model showing [ how they, {D you know, } fuel it, + {E or, } {D you know, } how [ they, + {F uh, } {F oh, } the fuel trucks ] ] and things run out there to it and how they, {F uh, } - /","And/CC they/PRP have/VBP a/DT ,/, uh/UH ,/, scaled/VBN down/RP model/NN showing/VBG how/WRB they/PRP ,/, you/PRP know/VBP ,/, fuel/VBP it/PRP ,/, or/CC ,/, you/PRP know/VBP ,/, how/WRB they/PRP ,/, uh/UH ,/, oh/UH ,/, the/DT fuel/NN trucks/NNS and/CC things/NNS run/VBP out/IN there/RB to/IN it/PRP and/CC how/WRB they/PRP ,/, uh/UH ,/,",,
sw09utt/sw_0988_3570.utt,3/sw3570,3570,72,sd,A,39,2,"all the things that are against the actual [ space mission, + {F uh, } space ship, ] {D you know, } how they fall away from it,  /","all/PDT the/DT things/NNS that/WDT are/VBP against/IN the/DT actual/JJ space/NN mission/NN ,/, uh/UH ,/, space/NN ship/NN ,/, you/PRP know/VBP ,/, how/WRB they/PRP fall/VBP away/RB from/IN it/PRP ,/,",,
sw09utt/sw_0988_3570.utt,3/sw3570,3570,73,sd,A,39,3,and the loading of it -- /,and/CC the/DT loading/NN of/IN it/PRP --/:,,
sw09utt/sw_0988_3570.utt,3/sw3570,3570,74,b,B,40,1,"{F Oh, } yes. /","Oh/UH ,/, yes/UH ./.",,
sw09utt/sw_0988_3570.utt,3/sw3570,3570,75,sd,A,41,1,"-- {C and then } it's actually, {D you know, } - /","--/: and/CC then/RB it/PRP 's/BES actually/RB ,/, you/PRP know/VBP ,/,",,
sw09utt/sw_0988_3570.utt,3/sw3570,3570,76,sd,A,41,2,the smoke comes out like it's taking off.  /,the/DT smoke/NN comes/VBZ out/RB like/IN it/PRP 's/BES taking/VBG off/RP ./.,,
sw09utt/sw_0988_3570.utt,3/sw3570,3570,77,sd,A,41,3,It is really interesting. /,It/PRP is/VBZ really/RB interesting/JJ ./.,,
sw09utt/sw_0988_3570.utt,3/sw3570,3570,78,sv,B,42,1,"{D Well, } maybe I need to run out there this weekend. /","Well/UH ,/, maybe/RB I/PRP need/VBP to/TO run/VB out/IN there/RB this/DT weekend/NN ./.",,
sw09utt/sw_0988_3570.utt,3/sw3570,3570,79,aa,A,43,1,You really do.  /,You/PRP really/RB do/VBP ./.,,
sw09utt/sw_0988_3570.utt,3/sw3570,3570,80,sd,A,43,2,"[ It's, + it's ] well worth the time and effort.  /","It/PRP 's/BES ,/, it/PRP 's/BES well/RB worth/JJ the/DT time/NN and/CC effort/NN ./.",,
sw09utt/sw_0988_3570.utt,3/sw3570,3570,81,sd,A,43,3,"We went, {F uh, } early on Sunday.  /","We/PRP went/VBD ,/, uh/UH ,/, early/RB on/IN Sunday/NNP ./.",,
sw09utt/sw_0988_3570.utt,3/sw3570,3570,82,sd,A,43,4,"We got out there about, {F uh, } ten, ten thirty,  /","We/PRP got/VBD out/IN there/RB about/RB ,/, uh/UH ,/, ten/CD ,/, ten/CD thirty/CD ,/,",,
sw09utt/sw_0988_3570.utt,3/sw3570,3570,83,%,A,43,5,"# {C and } the, # -/","and/CC the/DT ,/,",,
sw09utt/sw_0988_3570.utt,3/sw3570,3570,84,qy,B,44,1,# {D Now } do # you have to have tickets ahead?  /,Now/UH do/VBP you/PRP have/VB to/TO have/VB tickets/NNS ahead/RB ?/.,,
sw09utt/sw_0988_3570.utt,3/sw3570,3570,85,fa,B,44,2,# Excuse me. # /,Excuse/VB me/PRP ./.,,
sw09utt/sw_0988_3570.utt,3/sw3570,3570,86,nn,A,45,1,"# No,  /","No/UH ,/,",,
sw09utt/sw_0988_3570.utt,3/sw3570,3570,87,sd^e,A,45,2,"we # bought tickets there,  /","we/PRP bought/VBD tickets/NNS there/RB ,/,",,
sw09utt/sw_0988_3570.utt,3/sw3570,3570,88,sd,A,45,3,"{C and } if you have children, if you go to McDonald's, [ you co-, + they have ] coupons, or did have.  /","and/CC if/IN you/PRP have/VBP children/NNS ,/, if/IN you/PRP go/VBP to/IN McDonald/NNP 's/POS ,/, you/PRP co-/XX ,/, they/PRP have/VBP coupons/NNS ,/, or/CC did/VBD have/VB ./.",,
sw09utt/sw_0988_3570.utt,3/sw3570,3570,89,sd,A,45,4,{D Now } they may be through with them now.  /,Now/UH they/PRP may/MD be/VB through/JJ with/IN them/PRP now/RB ./.,,
sw09utt/sw_0988_3570.utt,3/sw3570,3570,90,sd,A,45,5,"{C But, } {F uh, } buy one adult  /","But/CC ,/, uh/UH ,/, buy/VB one/CD adult/NN",,
sw09utt/sw_0988_3570.utt,3/sw3570,3570,91,sd,A,45,6,{C and } one child gets in free. /,and/CC one/CD child/NN gets/VBZ in/RB free/JJ ./.,,
sw09utt/sw_0988_3570.utt,3/sw3570,3570,92,sd,B,46,1,"{F Um, } I think both of my kids are too old for that -- /","Um/UH ,/, I/PRP think/VBP both/DT of/IN my/PRP$ kids/NNS are/VBP too/RB old/JJ for/IN that/DT --/:",,
sw09utt/sw_0988_3570.utt,3/sw3570,3570,93,b,A,47,1,"{F Oh, } okay,  /","Oh/UH ,/, okay/UH ,/,",,
sw09utt/sw_0988_3570.utt,3/sw3570,3570,94,b^r,A,47,2,"# {F oh, } okay. # /","oh/UH ,/, okay/UH ./.",,
sw09utt/sw_0988_3570.utt,3/sw3570,3570,95,%,B,48,1,"-- # they're both, # {F uh, } -/","--/: they/PRP 're/VBP both/DT ,/, uh/UH ,/,",,
sw09utt/sw_0988_3570.utt,3/sw3570,3570,96,qy^d,A,49,1,You have teenagers or something. /,You/PRP have/VBP teenagers/NNS or/CC something/NN ./.,,
sw09utt/sw_0988_3570.utt,3/sw3570,3570,97,ny,B,50,1,"Yes,  /","Yes/UH ,/,",,
sw09utt/sw_0988_3570.utt,3/sw3570,3570,98,ny^r,B,50,2,# yes. # /,yes/UH ./.,,
sw09utt/sw_0988_3570.utt,3/sw3570,3570,99,b^m,A,51,1,"# Yes,  /","Yes/UH ,/,",,
sw09utt/sw_0988_3570.utt,3/sw3570,3570,100,x,A,51,2,#  /,well/UH,,
sw09utt/sw_0988_3570.utt,3/sw3570,3570,101,sd,A,51,3,"{D well } I had grandchildren <laughter> [ {C so, } three of them, + {C so } between their mother ] and their grandfather and I, - /","well/UH I/PRP had/VBD grandchildren/NNS so/RB ,/, three/CD of/IN them/PRP ,/, so/RB between/IN their/PRP$ mother/NN and/CC their/PRP$ grandfather/NN and/CC I/PRP ,/,",,
sw09utt/sw_0988_3570.utt,3/sw3570,3570,102,+,A,51,4,{C because } their dad was at work  /,because/IN their/PRP$ dad/NN was/VBD at/IN work/NN,,
sw09utt/sw_0988_3570.utt,3/sw3570,3570,103,sd,A,51,5,"[ [ {C and, } {F uh, } +","and/CC ,/, uh/UH ,/,",,
sw09utt/sw_0988_3570.utt,3/sw3570,3570,104,%,B,52,1,"Did you, -/","Did/VBD you/PRP ,/,",,
sw09utt/sw_0988_3570.utt,3/sw3570,3570,105,+,A,53,1,"{C But, } ] + {C and } ] the boys loved it, {D you know, }  /","But/CC ,/, and/CC the/DT boys/NNS loved/VBD it/PRP ,/, you/PRP know/VBP ,/,",,
sw09utt/sw_0988_3570.utt,3/sw3570,3570,106,sd,A,53,2,they really did like it. /,they/PRP really/RB did/VBD like/VB it/PRP ./.,,
sw09utt/sw_0988_3570.utt,3/sw3570,3570,107,qy^d,B,54,1,"It's very impressive, I'm sure. /","It/PRP 's/BES very/RB impressive/JJ ,/, I/PRP 'm/VBP sure/JJ ./.",,
sw09utt/sw_0988_3570.utt,3/sw3570,3570,108,ny,A,55,1,"Uh-huh,  /","Uh-huh/UH ,/,",,
sw09utt/sw_0988_3570.utt,3/sw3570,3570,109,sd^e,A,55,2,"it is,  /","it/PRP is/VBZ ,/,",,
sw09utt/sw_0988_3570.utt,3/sw3570,3570,110,sd,A,55,3,"{C and } I felt the, {F uh, } six year old [ would, {D you know, } + that he'd ] be kind of bored,  /","and/CC I/PRP felt/VBD the/DT ,/, uh/UH ,/, six/CD year/NN old/JJ would/MD ,/, you/PRP know/VBP ,/, that/IN he/PRP 'd/MD be/VB kind/RB of/RB bored/JJ ,/,",,
sw09utt/sw_0988_3570.utt,3/sw3570,3570,111,sd,A,55,4,{C but } he wasn't.  /,but/CC he/PRP was/VBD n't/RB ./.,,
sw09utt/sw_0988_3570.utt,3/sw3570,3570,112,sd,A,55,5,Even the three year old enjoyed it -- /,Even/RB the/DT three/CD year/NN old/JJ enjoyed/VBD it/PRP --/:,,
sw09utt/sw_0988_3570.utt,3/sw3570,3570,113,x,B,56,1,((   )) .,MUMBLEx/XX ./.,,
sw09utt/sw_0988_3570.utt,3/sw3570,3570,114,sd,A,57,1,"-- {C because } they [ had one, + had one ] of those moon vehicles --","--/: because/IN they/PRP had/VBD one/CD ,/, had/VBD one/CD of/IN those/DT moon/NN vehicles/NNS --/:",,
sw09utt/sw_0988_3570.utt,3/sw3570,3570,115,b,B,58,1,Uh-huh. /,Uh-huh/UH ./.,,
sw09utt/sw_0988_3570.utt,3/sw3570,3570,116,+,A,59,1,"-- and had it so it looked like it was on the moon, and showed it moving around and stuff.  /","--/: and/CC had/VBD it/PRP so/RB it/PRP looked/VBD like/IN it/PRP was/VBD on/IN the/DT moon/NN ,/, and/CC showed/VBD it/PRP moving/VBG around/RB and/CC stuff/NN ./.",,
sw09utt/sw_0988_3570.utt,3/sw3570,3570,117,sd,A,59,2,{C So } it was really neat. /,So/RB it/PRP was/VBD really/RB neat/JJ ./.,,
sw09utt/sw_0988_3570.utt,3/sw3570,3570,118,ba,B,60,1,"{D Well, } {D see, } that's something else.  /","Well/UH ,/, see/UH ,/, that/DT 's/BES something/NN else/RB ./.",,
sw09utt/sw_0988_3570.utt,3/sw3570,3570,119,sd,B,60,2,"The Russians have had [ space stations, + manned [ stat-, + space stations ] ] for years now.  /","The/DT Russians/NNPS have/VBP had/VBN space/NN stations/NNS ,/, manned/JJ stat-/NNS ,/, space/NN stations/NNS for/IN years/NNS now/RB ./.",,
sw09utt/sw_0988_3570.utt,3/sw3570,3570,120,sd,B,60,3,"{D You know, } they had the # Merv # -- /","You/PRP know/VBP ,/, they/PRP had/VBD the/DT Merv/NNP --/:",,
sw09utt/sw_0988_3570.utt,3/sw3570,3570,121,b,A,61,1,"# Uh-huh,  /","Uh-huh/UH ,/,",,
sw09utt/sw_0988_3570.utt,3/sw3570,3570,122,b^r,A,61,2,# uh-huh. /,uh-huh/UH ./.,,
sw09utt/sw_0988_3570.utt,3/sw3570,3570,123,sd,B,62,1,-- {C and } see we've yet to keep anyone up [ over -- +,--/: and/CC see/UH we/PRP 've/VBP yet/RB to/TO keep/VB anyone/NN up/RB over/IN --/:,,
sw09utt/sw_0988_3570.utt,3/sw3570,3570,124,b,A,63,1,Right. /,Right/UH ./.,,
sw09utt/sw_0988_3570.utt,3/sw3570,3570,125,+,B,64,1,-- over ] a week or ten days. /,--/: over/IN a/DT week/NN or/CC ten/CD days/NNS ./.,,
sw09utt/sw_0988_3570.utt,3/sw3570,3570,126,sd,A,65,1,"{D Well, } in going through it, I got the impression that actually they were farther ahead, /","Well/UH ,/, in/IN going/VBG through/IN it/PRP ,/, I/PRP got/VBD the/DT impression/NN that/IN actually/RB they/PRP were/VBD farther/RB ahead/RB ,/,",,
