swda_filename,ptb_basename,conversation_no,transcript_index,act_tag,caller,utterance_index,subutterance_index,text,pos,trees,ptb_treenumbers
sw09utt/sw_0901_2418.utt,2/sw2418,2418,0,ad^t,A,1,1,Get us going. /,Get/VB us/PRP going/VBG ./.,,
sw09utt/sw_0901_2418.utt,2/sw2418,2418,1,aa,B,2,1,Okay. /,Okay/UH ./.,,
sw09utt/sw_0901_2418.utt,2/sw2418,2418,2,qy,A,3,1,"[ Are, + are ] you at T I Austin  /","Are/VBP ,/, are/VBP you/PRP at/IN T/NNP I/NNP Austin/NNP",,
sw09utt/sw_0901_2418.utt,2/sw2418,2418,3,%,A,3,2,"{C or, } -/","or/CC ,/,",,
sw09utt/sw_0901_2418.utt,2/sw2418,2418,4,ng,B,4,1,"{D Well, } I left T I in January  /","Well/UH ,/, I/PRP left/VBD T/NNP I/NNP in/IN January/NNP",,
sw09utt/sw_0901_2418.utt,2/sw2418,2418,5,sd,B,4,2,{C but } I signed up for this before I did. /,but/CC I/PRP signed/VBD up/RP for/IN this/DT before/IN I/PRP did/VBD ./.,,
sw09utt/sw_0901_2418.utt,2/sw2418,2418,6,ba,A,5,1,"{F Oh, } that's great.  /","Oh/UH ,/, that/DT 's/BES great/JJ ./.",,
sw09utt/sw_0901_2418.utt,2/sw2418,2418,7,%,A,5,2,"No,  /","No/UH ,/,",,
sw09utt/sw_0901_2418.utt,2/sw2418,2418,8,sd,A,5,3,"{F uh, } {F uh, }  my daughter has talked to, my daughter up here with us, - /","uh/UH ,/, uh/UH ,/, my/PRP$ daughter/NN has/VBZ talked/VBN to/IN ,/, my/PRP$ daughter/NN up/IN here/RB with/IN us/PRP ,/,",,
sw09utt/sw_0901_2418.utt,2/sw2418,2418,9,sd,A,5,4,"I have another one,  /","I/PRP have/VBP another/DT one/CD ,/,",,
sw09utt/sw_0901_2418.utt,2/sw2418,2418,10,sd,A,5,5,"{C and } she's talked to students, {F uh, }  /","and/CC she/PRP 's/HVS talked/VBN to/IN students/NNS ,/, uh/UH ,/,",,
sw09utt/sw_0901_2418.utt,2/sw2418,2418,11,sd,A,5,6,"{D so } I guess they have, {F uh, } sent this to their customers and people in colleges and things.  /","so/UH I/PRP guess/VBP they/PRP have/VBP ,/, uh/UH ,/, sent/VBN this/DT to/IN their/PRP$ customers/NNS and/CC people/NNS in/IN colleges/NNS and/CC things/NNS ./.",,
sw09utt/sw_0901_2418.utt,2/sw2418,2418,12,%,A,5,7,"{D So } they're, - /","So/UH they/PRP 're/VBP ,/,",,
sw09utt/sw_0901_2418.utt,2/sw2418,2418,13,sd,A,5,8,"if you're a computer user, - /","if/IN you/PRP 're/VBP a/DT computer/NN user/NN ,/,",,
sw09utt/sw_0901_2418.utt,2/sw2418,2418,14,sd,A,5,9,"{D so } my daughter has talked to two students, {F uh, } that were non,","so/UH my/PRP$ daughter/NN has/VBZ talked/VBN to/IN two/CD students/NNS ,/, uh/UH ,/, that/WDT were/VBD non/JJ ,/,",,
sw09utt/sw_0901_2418.utt,2/sw2418,2418,15,sv,B,6,1,"{F Oh, } I think [ that's a, +","Oh/UH ,/, I/PRP think/VBP that/DT 's/BES a/DT ,/,",,
sw09utt/sw_0901_2418.utt,2/sw2418,2418,16,+,A,7,1,T I -ers.  /,T/NNP I/NNP -ers/NNS ./.,,
sw09utt/sw_0901_2418.utt,2/sw2418,2418,17,sd,A,7,2,"{D So } I guess, -/","So/UH I/PRP guess/VBP ,/,",,
sw09utt/sw_0901_2418.utt,2/sw2418,2418,18,+,B,8,1,that's a ] good idea. /,that/DT 's/BES a/DT good/JJ idea/NN ./.,,
sw09utt/sw_0901_2418.utt,2/sw2418,2418,19,b,A,9,1,"{F Oh, } yeah. /","Oh/UH ,/, yeah/UH ./.",,
sw09utt/sw_0901_2418.utt,2/sw2418,2418,20,b,B,10,1,All right. /,All/RB right/JJ ./.,,
sw09utt/sw_0901_2418.utt,2/sw2418,2418,21,ad^t,A,11,1,"[ W-, + we're ] on finances,  /","W-/PRP ,/, we/PRP 're/VBP on/IN finances/NNS ,/,",,
sw09utt/sw_0901_2418.utt,2/sw2418,2418,22,qy,A,11,2,"[ have you, + have you ] retired  /","have/VBP you/PRP ,/, have/VBP you/PRP retired/VBN",,
sw09utt/sw_0901_2418.utt,2/sw2418,2418,23,%,A,11,3,"{C or, } {F uh, } -/","or/CC ,/, uh/UH ,/,",,
sw09utt/sw_0901_2418.utt,2/sw2418,2418,24,nn,B,12,1,"{F Oh, } no,  /","Oh/UH ,/, no/UH ,/,",,
sw09utt/sw_0901_2418.utt,2/sw2418,2418,25,nn^r,B,12,2,"no,  /","no/UH ,/,",,
sw09utt/sw_0901_2418.utt,2/sw2418,2418,26,nn^r,B,12,3,"no,  /","no/UH ,/,",,
sw09utt/sw_0901_2418.utt,2/sw2418,2418,27,nn^r,B,12,4,no <laughter>. /,no/UH ./.,,
sw09utt/sw_0901_2418.utt,2/sw2418,2418,28,bk,A,13,1,Oh. /,Oh/UH ./.,,
sw09utt/sw_0901_2418.utt,2/sw2418,2418,29,sd^e,B,14,1,"{D Actually } I [ left T I, + {F um, } had basically set my sights to leave T I ] when they announced there would be no salary increases in ninety-one, because [ [ I, + I def-, ] definitely ] need to make a little more money, /","Actually/UH I/PRP left/VBD T/NNP I/NNP ,/, um/UH ,/, had/VBD basically/RB set/VBN my/PRP$ sights/NNS to/TO leave/VB T/NNP I/NNP when/WRB they/PRP announced/VBD there/EX would/MD be/VB no/DT salary/NN increases/NNS in/IN ninety-one/CD ,/, because/CC I/PRP ,/, I/PRP def-/RB ,/, definitely/RB need/VBP to/TO make/VB a/DT little/RB more/JJR money/NN ,/,",,
sw09utt/sw_0901_2418.utt,2/sw2418,2418,30,b,A,15,1,"{F Oh, } yeah. /","Oh/UH ,/, yeah/UH ./.",,
sw09utt/sw_0901_2418.utt,2/sw2418,2418,31,sd,B,16,1,"{C and, } {F uh, } I haven't really accomplished that yet,  /","and/CC ,/, uh/UH ,/, I/PRP have/VBP n't/RB really/RB accomplished/VBN that/DT yet/RB ,/,",,
sw09utt/sw_0901_2418.utt,2/sw2418,2418,32,sd,B,16,2,{C but } I'm trying. /,but/CC I/PRP 'm/VBP trying/VBG ./.,,
sw09utt/sw_0901_2418.utt,2/sw2418,2418,33,b,A,17,1,"{F Oh, } yeah,  /","Oh/UH ,/, yeah/UH ,/,",,
sw09utt/sw_0901_2418.utt,2/sw2418,2418,34,%,A,17,2,"[ it's, + {F uh, } that's, ] - /","it/PRP 's/BES ,/, uh/UH ,/, that/DT 's/BES ,/,",,
sw09utt/sw_0901_2418.utt,2/sw2418,2418,35,%,A,17,3,"the finances, - /","the/DT finances/NNS ,/,",,
sw09utt/sw_0901_2418.utt,2/sw2418,2418,36,sv^t,A,17,4,"I guess  (( we're ))  on the subject of finances,  /","I/PRP guess/VBP we/PRP 're/VBP on/IN the/DT subject/NN of/IN finances/NNS ,/,",,
sw09utt/sw_0901_2418.utt,2/sw2418,2418,37,sv,A,17,5,it is tough.  /,it/PRP is/VBZ tough/JJ ./.,,
sw09utt/sw_0901_2418.utt,2/sw2418,2418,38,sd,A,17,6,"{F Uh, } I've been with T I, - /","Uh/UH ,/, I/PRP 've/VBP been/VBN with/IN T/NNP I/NNP ,/,",,
sw09utt/sw_0901_2418.utt,2/sw2418,2418,39,sd,A,17,7,I'm just going to be fifteen years this year  /,I/PRP 'm/VBP just/RB going/VBG to/TO be/VB fifteen/CD years/NNS this/DT year/NN,,
sw09utt/sw_0901_2418.utt,2/sw2418,2418,40,sv,A,17,8,"[ {C and, } + {C and } ] that's a tough thing, {F uh, } the salary thing.  /","and/CC ,/, and/CC that/DT 's/BES a/DT tough/JJ thing/NN ,/, uh/UH ,/, the/DT salary/NN thing/NN ./.",,
sw09utt/sw_0901_2418.utt,2/sw2418,2418,41,sv,A,17,9,T I doesn't quite always do it right.  /,T/NNP I/NNP does/VBZ n't/RB quite/RB always/RB do/VB it/PRP right/RB ./.,,
sw09utt/sw_0901_2418.utt,2/sw2418,2418,42,qo^d,A,17,10,"{D Well, } what about [ [ our, + our, ] + our ] financial budget.  /","Well/UH ,/, what/WP about/IN our/PRP$ ,/, our/PRP$ ,/, our/PRP$ financial/JJ budget/NN ./.",,
sw09utt/sw_0901_2418.utt,2/sw2418,2418,43,qy^d,A,17,11,"{D Well, } [ you, + you ] should have a lot of information on a budget, then, if you're, {F uh, } -/","Well/UH ,/, you/PRP ,/, you/PRP should/MD have/VB a/DT lot/NN of/IN information/NN on/IN a/DT budget/NN ,/, then/UH ,/, if/IN you/PRP 're/VBP ,/, uh/UH ,/,",,
sw09utt/sw_0901_2418.utt,2/sw2418,2418,44,ng,B,18,1,I wish I did.  /,I/PRP wish/VBP I/PRP did/VBD ./.,,
sw09utt/sw_0901_2418.utt,2/sw2418,2418,45,qy^d,B,18,2,"[ I, + I ] hope [ you're, + you're ] a person who does things better than, - /","I/PRP ,/, I/PRP hope/VBP you/PRP 're/VBP ,/, you/PRP 're/VBP a/DT person/NN who/WP does/VBZ things/NNS better/RBR than/IN ,/,",,
sw09utt/sw_0901_2418.utt,2/sw2418,2418,46,sd,B,18,3,"[ I, + I ] don't have a budget.  /","I/PRP ,/, I/PRP do/VBP n't/RB have/VB a/DT budget/NN ./.",,
sw09utt/sw_0901_2418.utt,2/sw2418,2418,47,sd,B,18,4,"That's one of my goals for this year is to try to get myself in a good, {F oh, } long-range planning budget mode.  /","That/DT 's/BES one/CD of/IN my/PRP$ goals/NNS for/IN this/DT year/NN is/VBZ to/TO try/VB to/TO get/VB myself/PRP in/IN a/DT good/JJ ,/, oh/UH ,/, long-range/JJ planning/NN budget/NN mode/NN ./.",,
sw09utt/sw_0901_2418.utt,2/sw2418,2418,48,sd,B,18,5,"{F Um, } I'm a single mom  /","Um/UH ,/, I/PRP 'm/VBP a/DT single/JJ mom/NN",,
sw09utt/sw_0901_2418.utt,2/sw2418,2418,49,sd,B,18,6,"{C and } I've been just, {F uh, } trying to get, -/","and/CC I/PRP 've/VBP been/VBN just/RB ,/, uh/UH ,/, trying/VBG to/TO get/VB ,/,",,
sw09utt/sw_0901_2418.utt,2/sw2418,2418,50,sv,A,19,1,"{D Well, } [ [ you, + you, ] + you ] deserve an honor for that, a gold star for that, I guess <laughter>. /","Well/UH ,/, you/PRP ,/, you/PRP ,/, you/PRP deserve/VBP an/DT honor/NN for/IN that/DT ,/, a/DT gold/NN star/NN for/IN that/DT ,/, I/PRP guess/VBP ./.",,
sw09utt/sw_0901_2418.utt,2/sw2418,2418,51,ft,B,20,1,"<Laughter> Thank you,  /","Thank/VB you/PRP ,/,",,
sw09utt/sw_0901_2418.utt,2/sw2418,2418,52,sv,B,20,2,it's nice to have someone understand that. /,it/PRP 's/BES nice/JJ to/TO have/VB someone/NN understand/VB that/DT ./.,,
sw09utt/sw_0901_2418.utt,2/sw2418,2418,53,aa,A,21,1,"Right,  /","Right/UH ,/,",,
sw09utt/sw_0901_2418.utt,2/sw2418,2418,54,aa,A,21,2,{D sure. } /,sure/UH ./.,,
sw09utt/sw_0901_2418.utt,2/sw2418,2418,55,qo,B,22,1,"[ H-, + how ] about yourself,  /","H/WRB ,/, how/WRB about/IN yourself/PRP ,/,",,
sw09utt/sw_0901_2418.utt,2/sw2418,2418,56,qy,B,22,2,do you have a budget you live by? /,do/VBP you/PRP have/VB a/DT budget/NN you/PRP live/VBP by/IN ?/.,,
sw09utt/sw_0901_2418.utt,2/sw2418,2418,57,na,A,23,1,"{D Well, } I guess I do,  /","Well/UH ,/, I/PRP guess/VBP I/PRP do/VBP ,/,",,
sw09utt/sw_0901_2418.utt,2/sw2418,2418,58,sd,A,23,2,"I do have a long-term budget bec-, - /","I/PRP do/VBP have/VB a/DT long-term/JJ budget/NN bec-/IN ,/,",,
sw09utt/sw_0901_2418.utt,2/sw2418,2418,59,sd,A,23,3,I got a daughter in college and one going to be in college  /,I/PRP got/VBN a/DT daughter/NN in/IN college/NN and/CC one/CD going/VBG to/TO be/VB in/IN college/NN,,
sw09utt/sw_0901_2418.utt,2/sw2418,2418,60,sd,A,23,4,"{C so } that, I've been thinking about that for quite a while.  /","so/IN that/IN ,/, I/PRP 've/VBP been/VBN thinking/VBG about/IN that/DT for/IN quite/PDT a/DT while/NN ./.",,
sw09utt/sw_0901_2418.utt,2/sw2418,2418,61,sd,A,23,5,"{D Now } [ mo-, + monthly, ] no.  /","Now/UH mo/JJ ,/, monthly/JJ ,/, no/UH ./.",,
sw09utt/sw_0901_2418.utt,2/sw2418,2418,62,sd,A,23,6,"I'll tell you a funny story about budgeting,  /","I/PRP 'll/MD tell/VB you/PRP a/DT funny/JJ story/NN about/IN budgeting/NN ,/,",,
sw09utt/sw_0901_2418.utt,2/sw2418,2418,63,sd,A,23,7,{C and } <swallowing> I've been married twenty-six years  /,and/CC I/PRP 've/VBP been/VBN married/JJ twenty-six/CD years/NNS,,
sw09utt/sw_0901_2418.utt,2/sw2418,2418,64,sd,A,23,8,"{C and } I did, {D you know, } that the macho thing,  /","and/CC I/PRP did/VBD ,/, you/PRP know/VBP ,/, that/IN the/DT macho/JJ thing/NN ,/,",,
sw09utt/sw_0901_2418.utt,2/sw2418,2418,65,sd,A,23,9,"the man always did the bills for,","the/DT man/NN always/RB did/VBD the/DT bills/NNS for/IN ,/,",,
sw09utt/sw_0901_2418.utt,2/sw2418,2418,66,b,B,24,1,Uh-huh. /,Uh-huh/UH ./.,,
sw09utt/sw_0901_2418.utt,2/sw2418,2418,67,+,A,25,1,"I don't know, fifteen years or more,  /","I/PRP do/VBP n't/RB know/VB ,/, fifteen/CD years/NNS or/CC more/JJR ,/,",,
sw09utt/sw_0901_2418.utt,2/sw2418,2418,68,sd,A,25,2,"{C and } I got so sick of it, trying to balance the budget, {F uh, }  one, - /","and/CC I/PRP got/VBD so/RB sick/JJ of/IN it/PRP ,/, trying/VBG to/TO balance/VB the/DT budget/NN ,/, uh/UH ,/, one/CD ,/,",,
sw09utt/sw_0901_2418.utt,2/sw2418,2418,69,sd(^q),A,25,3,"{C and } I always tried to show my wife, {D you know, } here's how you, - /","and/CC I/PRP always/RB tried/VBD to/TO show/VB my/PRP$ wife/NN ,/, you/PRP know/VBP ,/, here/RB 's/BES how/WRB you/PRP ,/,",,
sw09utt/sw_0901_2418.utt,2/sw2418,2418,70,sd(^q),A,25,4,"once a year I'd say, here's how you do the budget in case I get sick,  /","once/RB a/DT year/NN I/PRP 'd/MD say/VB ,/, here/RB 's/BES how/WRB you/PRP do/VBP the/DT budget/NN in/IN case/NN I/PRP get/VBP sick/JJ ,/,",,
sw09utt/sw_0901_2418.utt,2/sw2418,2418,71,sd(^q),A,25,5,"{C or } here's how you do the checks, {D you know. } /","or/CC here/RB 's/BES how/WRB you/PRP do/VBP the/DT checks/NNS ,/, you/PRP know/VBP ./.",,
sw09utt/sw_0901_2418.utt,2/sw2418,2418,72,b,B,26,1,Right. /,Right/UH ./.,,
sw09utt/sw_0901_2418.utt,2/sw2418,2418,73,sd,A,27,1,One day I gave her the checkbook  /,One/CD day/NN I/PRP gave/VBD her/PRP$ the/DT checkbook/NN,,
sw09utt/sw_0901_2418.utt,2/sw2418,2418,74,sd(^q),A,27,2,"{C and } I said, I'm not doing this anymore.  /","and/CC I/PRP said/VBD ,/, I/PRP 'm/VBP not/RB doing/VBG this/DT anymore/RB ./.",,
sw09utt/sw_0901_2418.utt,2/sw2418,2418,75,^q,A,27,3,"You do it,  /","You/PRP do/VBP it/PRP ,/,",,
sw09utt/sw_0901_2418.utt,2/sw2418,2418,76,^q,A,27,4,"you learn it,  /","you/PRP learn/VBP it/PRP ,/,",,
sw09utt/sw_0901_2418.utt,2/sw2418,2418,77,sd,A,27,5,{C and } I've been happy ever since. /,and/CC I/PRP 've/VBP been/VBN happy/JJ ever/RB since/RB ./.,,
sw09utt/sw_0901_2418.utt,2/sw2418,2418,78,ba,B,28,1,"{D Well, } that's great.  /","Well/UH ,/, that/DT 's/BES great/JJ ./.",,
sw09utt/sw_0901_2418.utt,2/sw2418,2418,79,qo,B,28,2,"How about your, -/","How/WRB about/IN your/PRP$ ,/,",,
sw09utt/sw_0901_2418.utt,2/sw2418,2418,80,sd,A,29,1,"She does it all now for about ten years,  /","She/PRP does/VBZ it/PRP all/DT now/RB for/IN about/RB ten/CD years/NNS ,/,",,
sw09utt/sw_0901_2418.utt,2/sw2418,2418,81,sd,A,29,2,"{C and } I don't even, - /","and/CC I/PRP do/VBP n't/RB even/RB ,/,",,
sw09utt/sw_0901_2418.utt,2/sw2418,2418,82,sd,A,29,3,"she complains to me about it,  /","she/PRP complains/VBZ to/IN me/PRP about/IN it/PRP ,/,",,
sw09utt/sw_0901_2418.utt,2/sw2418,2418,83,sd,A,29,4,"she threatens me to give it back to me, /","she/PRP threatens/VBZ me/PRP to/TO give/VB it/PRP back/RB to/IN me/PRP ,/,",,
sw09utt/sw_0901_2418.utt,2/sw2418,2418,84,x,B,30,1,((   )) .,MUMBLEx/XX ./.,,
sw09utt/sw_0901_2418.utt,2/sw2418,2418,85,sd(^q),A,31,1,"{C and } I said, I've been a happy man since I haven't,","and/CC I/PRP said/VBD ,/, I/PRP 've/VBP been/VBN a/DT happy/JJ man/NN since/IN I/PRP have/VBP n't/RB ,/,",,
sw09utt/sw_0901_2418.utt,2/sw2418,2418,86,x,B,32,1,<Laughter>.,,,
sw09utt/sw_0901_2418.utt,2/sw2418,2418,87,+,A,33,1,"fooled with that checkbook, {D you know } <laughter>. /","fooled/VBN with/IN that/DT checkbook/NN ,/, you/PRP know/VBP ./.",,
sw09utt/sw_0901_2418.utt,2/sw2418,2418,88,b,B,34,1,<Laughter> Oh. /,Oh/UH ./.,,
sw09utt/sw_0901_2418.utt,2/sw2418,2418,89,sv,A,35,1,{D So } I know it's a big pain to try to do that. /,So/UH I/PRP know/VBP it/PRP 's/BES a/DT big/JJ pain/NN to/TO try/VB to/TO do/VB that/DT ./.,,
sw09utt/sw_0901_2418.utt,2/sw2418,2418,90,aa,B,36,1,It really is.  /,It/PRP really/RB is/VBZ ./.,,
sw09utt/sw_0901_2418.utt,2/sw2418,2418,91,aa^r,B,36,2,"[ It, + it ] really is.  /","It/PRP ,/, it/PRP really/RB is/VBZ ./.",,
sw09utt/sw_0901_2418.utt,2/sw2418,2418,92,sd,B,36,3,"{D You know, } that was always [ a, + a ] major problem in our marriage.  /","You/PRP know/VBP ,/, that/DT was/VBD always/RB a/DT ,/, a/DT major/JJ problem/NN in/IN our/PRP$ marriage/NN ./.",,
sw09utt/sw_0901_2418.utt,2/sw2418,2418,93,sd,B,36,4,What I have always identified is I am basically good with money.  /,What/WP I/PRP have/VBP always/RB identified/VBN is/VBZ I/PRP am/VBP basically/RB good/JJ with/IN money/NN ./.,,
sw09utt/sw_0901_2418.utt,2/sw2418,2418,94,sd,B,36,5,"[ It, + I ] don't really need a budget to tell me not to spend it.  /","It/PRP ,/, I/PRP do/VBP n't/RB really/RB need/VB a/DT budget/NN to/TO tell/VB me/PRP not/RB to/TO spend/VB it/PRP ./.",,
sw09utt/sw_0901_2418.utt,2/sw2418,2418,95,sv,B,36,6,"I,","I/PRP ,/,",,
sw09utt/sw_0901_2418.utt,2/sw2418,2418,96,b,A,37,1,Right. /,Right/UH ./.,,
sw09utt/sw_0901_2418.utt,2/sw2418,2418,97,+,B,38,1,think that comes from never having enough.  /,think/VBP that/DT comes/VBZ from/IN never/RB having/VBG enough/RB ./.,,
sw09utt/sw_0901_2418.utt,2/sw2418,2418,98,sd,B,38,2,"{D You know, } I'm always afraid [ of + <laughter> <breathing> I'm ] going to need some and where will it be. /","You/PRP know/VBP ,/, I/PRP 'm/VBP always/RB afraid/JJ of/IN I/PRP 'm/VBP going/VBG to/TO need/VB some/DT and/CC where/WRB will/MD it/PRP be/VB ./.",,
sw09utt/sw_0901_2418.utt,2/sw2418,2418,99,b,A,39,1,"Right,  /","Right/UH ,/,",,
sw09utt/sw_0901_2418.utt,2/sw2418,2418,100,b,A,39,2,"{F oh, } yeah. /","oh/UH ,/, yeah/UH ./.",,
sw09utt/sw_0901_2418.utt,2/sw2418,2418,101,nn,B,40,1,"{D So, } {F um, } no,  /","So/UH ,/, um/UH ,/, no/UH ,/,",,
sw09utt/sw_0901_2418.utt,2/sw2418,2418,102,sd^e,B,40,2,"[ [ I, + I've, ] + I've ] finally worked myself into a spot where I can budget.  /","I/PRP ,/, I/PRP 've/VBP ,/, I/PRP 've/VBP finally/RB worked/VBN myself/PRP into/IN a/DT spot/NN where/WRB I/PRP can/MD budget/VB ./.",,
sw09utt/sw_0901_2418.utt,2/sw2418,2418,103,sd,B,40,3,"[ When I, + when I ] was first divorced, [ I had, + {F um, } I sat ] down and budgeted  /","When/WRB I/PRP ,/, when/WRB I/PRP was/VBD first/RB divorced/VBN ,/, I/PRP had/VBD ,/, um/UH ,/, I/PRP sat/VBD down/RB and/CC budgeted/VBD",,
sw09utt/sw_0901_2418.utt,2/sw2418,2418,104,sd,B,40,4,"{C and } I had outgo that was [ wha-, + much ] higher than what I had coming in. /","and/CC I/PRP had/VBD outgo/NN that/WDT was/VBD wha-/XX ,/, much/RB higher/JJR than/IN what/WP I/PRP had/VBD coming/VBG in/RB ./.",,
sw09utt/sw_0901_2418.utt,2/sw2418,2418,105,aa,A,41,1,"Yes,  /","Yes/UH ,/,",,
sw09utt/sw_0901_2418.utt,2/sw2418,2418,106,sv,A,41,2,"I think, {F uh, } that that is a tough, {F uh, } - /","I/PRP think/VBP ,/, uh/UH ,/, that/IN that/DT is/VBZ a/DT tough/JJ ,/, uh/UH ,/,",,
sw09utt/sw_0901_2418.utt,2/sw2418,2418,107,%,A,41,3,"we all, - /","we/PRP all/DT ,/,",,
sw09utt/sw_0901_2418.utt,2/sw2418,2418,108,sv,A,41,4,"[ seems to th-, + seems to be ] that way. /","seems/VBZ to/TO th-/XX ,/, seems/VBZ to/TO be/VB that/DT way/NN ./.",,
sw09utt/sw_0901_2418.utt,2/sw2418,2418,109,sd,B,42,1,"I tried to hang onto a house that was way too expensive for me,  /","I/PRP tried/VBD to/TO hang/VB onto/IN a/DT house/NN that/WDT was/VBD way/RB too/RB expensive/JJ for/IN me/PRP ,/,",,
sw09utt/sw_0901_2418.utt,2/sw2418,2418,110,sd,B,42,2,"[ {C and, } +","and/CC ,/,",,
sw09utt/sw_0901_2418.utt,2/sw2418,2418,111,b,A,43,1,Yeah. /,Yeah/UH ./.,,
sw09utt/sw_0901_2418.utt,2/sw2418,2418,112,+,B,44,1,"{C and so } ] [ now that I've gotten, {D you know, } + {A I lost the house. }   Now that I've gotten ] past that, I can sit down and say, okay,  /","and/CC so/UH now/RB that/IN I/PRP 've/VBP gotten/VBN ,/, you/PRP know/VBP ,/, I/PRP lost/VBD the/DT house/NN ./. Now/RB that/IN I/PRP 've/VBP gotten/VBN past/RB that/DT ,/, I/PRP can/MD sit/VB down/RB and/CC say/VB ,/, okay/UH ,/,",,
sw09utt/sw_0901_2418.utt,2/sw2418,2418,113,^q,B,44,2,this is the reality.  /,this/DT is/VBZ the/DT reality/NN ./.,,
sw09utt/sw_0901_2418.utt,2/sw2418,2418,114,^q,B,44,3,This is how much money I have each month.  /,This/DT is/VBZ how/WRB much/JJ money/NN I/PRP have/VBP each/DT month/NN ./.,,
sw09utt/sw_0901_2418.utt,2/sw2418,2418,115,sd,B,44,4,"The scary thing is, as far as long term, I don't have anything.  /","The/DT scary/JJ thing/NN is/VBZ ,/, as/RB far/RB as/IN long/JJ term/NN ,/, I/PRP do/VBP n't/RB have/VB anything/NN ./.",,
sw09utt/sw_0901_2418.utt,2/sw2418,2418,116,qy^d,B,44,5,"I don't know if you have an I R A or, {F uh, } {D you know, } - /","I/PRP do/VBP n't/RB know/VB if/IN you/PRP have/VBP an/DT I/NNP R/NNP A/NNP or/CC ,/, uh/UH ,/, you/PRP know/VBP ,/,",,
sw09utt/sw_0901_2418.utt,2/sw2418,2418,117,sd,B,44,6,"{C and } I've got two girls, also,  /","and/CC I/PRP 've/VBP got/VBN two/CD girls/NNS ,/, also/RB ,/,",,
sw09utt/sw_0901_2418.utt,2/sw2418,2418,118,sd,B,44,7,{C and } I haven't saved anything for their college  /,and/CC I/PRP have/VBP n't/RB saved/VBN anything/NN for/IN their/PRP$ college/NN,,
sw09utt/sw_0901_2418.utt,2/sw2418,2418,119,%,B,44,8,"{C and, } -/","and/CC ,/,",,
sw09utt/sw_0901_2418.utt,2/sw2418,2418,120,b,A,45,1,"Yeah,  /","Yeah/UH ,/,",,
sw09utt/sw_0901_2418.utt,2/sw2418,2418,121,ad,A,45,2,"[ that's, + you ] need to do that.  [ [ I'll, + I'll, ] + I'll ] give you a hint.  /","that/DT 's/BES ,/, you/PRP need/VBP to/TO do/VB that/DT ./. I/PRP 'll/MD ,/, I/PRP 'll/MD ,/, I/PRP 'll/MD give/VB you/PRP a/DT hint/NN ./.",,
sw09utt/sw_0901_2418.utt,2/sw2418,2418,122,qy^d,A,45,3,"I don't know if you're [ a ta-, + a radio talk, ] {F uh, } person listener.  /","I/PRP do/VBP n't/RB know/VB if/IN you/PRP 're/VBP a/DT ta-/NN ,/, a/DT radio/NN talk/NN ,/, uh/UH ,/, person/NN listener/NN ./.",,
sw09utt/sw_0901_2418.utt,2/sw2418,2418,123,qy,A,45,4,Do you listen to radio talk shows? /,Do/VBP you/PRP listen/VB to/IN radio/NN talk/NN shows/NNS ?/.,,
sw09utt/sw_0901_2418.utt,2/sw2418,2418,124,na,B,46,1,Sometimes I have. /,Sometimes/RB I/PRP have/VBP ./.,,
sw09utt/sw_0901_2418.utt,2/sw2418,2418,125,ad,A,47,1,"Listen to Bruce Williams, {F uh, } for financial advice. /","Listen/VB to/TO Bruce/NNP Williams/NNP ,/, uh/UH ,/, for/IN financial/JJ advice/NN ./.",,
sw09utt/sw_0901_2418.utt,2/sw2418,2418,126,aa,B,48,1,Uh-huh. /,Uh-huh/UH ./.,,
sw09utt/sw_0901_2418.utt,2/sw2418,2418,127,sd,A,49,1,"He's on, {F oh, } - /","He/PRP 's/BES on/IN ,/, oh/UH ,/,",,
sw09utt/sw_0901_2418.utt,2/sw2418,2418,128,sd,A,49,2,I don't know what he's going to be in Austin.  /,I/PRP do/VBP n't/RB know/VB what/WP he/PRP 's/BES going/VBG to/TO be/VB in/IN Austin/NNP ./.,,
sw09utt/sw_0901_2418.utt,2/sw2418,2418,129,sd,A,49,3,He's on five seventy here.  /,He/PRP 's/BES on/IN five/CD seventy/CD here/RB ./.,,
sw09utt/sw_0901_2418.utt,2/sw2418,2418,130,sd,A,49,4,"Inter-, {F oh, } - /","Inter-/XX ,/, oh/UH ,/,",,
sw09utt/sw_0901_2418.utt,2/sw2418,2418,131,sd,A,49,5,he's nationally famous.  /,he/PRP 's/BES nationally/RB famous/JJ ./.,,
sw09utt/sw_0901_2418.utt,2/sw2418,2418,132,sd,A,49,6,He's a college graduate type guy.  /,He/PRP 's/BES a/DT college/NN graduate/NN type/NN guy/NN ./.,,
sw09utt/sw_0901_2418.utt,2/sw2418,2418,133,sd,A,49,7,"He's been in all, - /","He/PRP 's/BES been/VBN in/IN all/DT ,/,",,
sw09utt/sw_0901_2418.utt,2/sw2418,2418,134,sd,A,49,8,he's an entrepreneur  /,he/PRP 's/BES an/DT entrepreneur/NN,,
sw09utt/sw_0901_2418.utt,2/sw2418,2418,135,sd,A,49,9,"{C and } he gives very practical financial advice about cars, very, {D you know, } [ not, + not ] nothing college level, basic stuff.  /","and/CC he/PRP gives/VBZ very/RB practical/JJ financial/JJ advice/NN about/IN cars/NNS ,/, very/RB ,/, you/PRP know/VBP ,/, not/RB ,/, not/RB nothing/NN college/NN level/NN ,/, basic/JJ stuff/NN ./.",,
sw09utt/sw_0901_2418.utt,2/sw2418,2418,136,sd,A,49,10,"His name is Bruce Williams,  /","His/PRP$ name/NN is/VBZ Bruce/NNP Williams/NNP ,/,",,
sw09utt/sw_0901_2418.utt,2/sw2418,2418,137,sd,A,49,11,he's on national radio.  /,he/PRP 's/BES on/IN national/JJ radio/NN ./.,,
sw09utt/sw_0901_2418.utt,2/sw2418,2418,138,sd,A,49,12,"{F Uh, } I don't know,","Uh/UH ,/, I/PRP do/VBP n't/RB know/VB ,/,",,
sw09utt/sw_0901_2418.utt,2/sw2418,2418,139,x,B,50,1,<Doorbell>.,,,
sw09utt/sw_0901_2418.utt,2/sw2418,2418,140,+,A,51,1,what it would be down there.  /,what/WP it/PRP would/MD be/VB down/IN there/RB ./.,,
sw09utt/sw_0901_2418.utt,2/sw2418,2418,141,ad,A,51,2,"You might want to, - /","You/PRP might/MD want/VB to/TO ,/,",,
sw09utt/sw_0901_2418.utt,2/sw2418,2418,142,sd,A,51,3,"whatever your radio talk shows are down there, he's on that channel.  /","whatever/WP your/PRP$ radio/NN talk/NN shows/NNS are/VBP down/IN there/RB ,/, he/PRP 's/BES on/IN that/DT channel/NN ./.",,
sw09utt/sw_0901_2418.utt,2/sw2418,2418,143,sd,A,51,4,"[ It's, +","It/PRP 's/BES ,/,",,
sw09utt/sw_0901_2418.utt,2/sw2418,2418,144,aa,B,52,1,"{D Well, } I'll check that out. /","Well/UH ,/, I/PRP 'll/MD check/VB that/DT out/RP ./.",,
sw09utt/sw_0901_2418.utt,2/sw2418,2418,145,+,A,53,1,"{F uh, } it's ] five seventy up here. /","uh/UH ,/, it/PRP 's/BES five/CD seventy/CD up/IN here/RB ./.",,
sw09utt/sw_0901_2418.utt,2/sw2418,2418,146,b,B,54,1,Uh-huh. /,Uh-huh/UH ./.,,
sw09utt/sw_0901_2418.utt,2/sw2418,2418,147,sd,A,55,1,"{C And } I'd listen to talk shows for everything, for gardening and everything, just when I'm doing chores,  /","And/CC I/PRP 'd/MD listen/VB to/IN talk/NN shows/NNS for/IN everything/NN ,/, for/IN gardening/NN and/CC everything/NN ,/, just/RB when/WRB I/PRP 'm/VBP doing/VBG chores/NNS ,/,",,
sw09utt/sw_0901_2418.utt,2/sw2418,2418,148,sd,A,55,2,"{C and, } {F uh, }","and/CC ,/, uh/UH ,/,",,
sw09utt/sw_0901_2418.utt,2/sw2418,2418,149,qy^d,B,56,1,You've learned a lot. /,You/PRP 've/VBP learned/VBN a/DT lot/NN ./.,,
sw09utt/sw_0901_2418.utt,2/sw2418,2418,150,+,A,57,1,"he gives a wealth of information, very practical stuff  /","he/PRP gives/VBZ a/DT wealth/NN of/IN information/NN ,/, very/RB practical/JJ stuff/NN",,
sw09utt/sw_0901_2418.utt,2/sw2418,2418,151,sd,A,57,2,"[ {C and, } + {C and } ] he will help you avoid a lot of little things, {F uh, } financially. /","and/CC ,/, and/CC he/PRP will/MD help/VB you/PRP avoid/VB a/DT lot/NN of/IN little/JJ things/NNS ,/, uh/UH ,/, financially/RB ./.",,
sw09utt/sw_0901_2418.utt,2/sw2418,2418,152,ba,B,58,1,"{D Well, } [ that's, + that's ] good to know how, /","Well/UH ,/, that/DT 's/BES ,/, that/DT 's/BES good/JJ to/TO know/VB how/WRB ,/,",,
sw09utt/sw_0901_2418.utt,2/sw2418,2418,153,aa,A,59,1,"Yeah,  /","Yeah/UH ,/,",,
sw09utt/sw_0901_2418.utt,2/sw2418,2418,154,sv,A,59,2,"[ there, + there's ] a lot of advice out there for how to get a budget.  /","there/EX ,/, there/EX 's/BES a/DT lot/NN of/IN advice/NN out/IN there/RB for/IN how/WRB to/TO get/VB a/DT budget/NN ./.",,
sw09utt/sw_0901_2418.utt,2/sw2418,2418,155,sd,A,59,3,"{C And } [ I, + I'm ] not expert, again, because,","And/CC I/PRP ,/, I/PRP 'm/VBP not/RB expert/JJ ,/, again/UH ,/, because/IN ,/,",,
sw09utt/sw_0901_2418.utt,2/sw2418,2418,156,b,B,60,1,Uh-huh. /,Uh-huh/UH ./.,,
sw09utt/sw_0901_2418.utt,2/sw2418,2418,157,+,A,61,1,I don't really do it monthly. /,I/PRP do/VBP n't/RB really/RB do/VB it/PRP monthly/RB ./.,,
sw09utt/sw_0901_2418.utt,2/sw2418,2418,158,sv,B,62,1,"{D Well, } you must have done something.  /","Well/UH ,/, you/PRP must/MD have/VB done/VBN something/NN ./.",,
sw09utt/sw_0901_2418.utt,2/sw2418,2418,159,sd,B,62,2,"You're, you're helping your children in school  /","You/PRP 're/VBP ,/, you/PRP 're/VBP helping/VBG your/PRP$ children/NNS in/IN school/NN",,
sw09utt/sw_0901_2418.utt,2/sw2418,2418,160,sd,B,62,3,{C and } you're --,and/CC you/PRP 're/VBP --/:,,
sw09utt/sw_0901_2418.utt,2/sw2418,2418,161,aa,A,63,1,Right. /,Right/UH ./.,,
sw09utt/sw_0901_2418.utt,2/sw2418,2418,162,+,B,64,1,-- {D you know. } -/,--/: you/PRP know/VBP ./.,,
sw09utt/sw_0901_2418.utt,2/sw2418,2418,163,sd,A,65,1,I did start a college fund.  /,I/PRP did/VBD start/VB a/DT college/NN fund/NN ./.,,
sw09utt/sw_0901_2418.utt,2/sw2418,2418,164,sd,A,65,2,"[ I'm not, + {F uh, } I have ] one again at U T down there now,","I/PRP 'm/VBP not/RB ,/, uh/UH ,/, I/PRP have/VBP one/NN again/UH at/IN U/NNP T/NNP down/IN there/RB now/RB ,/,",,
sw09utt/sw_0901_2418.utt,2/sw2418,2418,165,b,B,66,1,Uh-huh. /,Uh-huh/UH ./.,,
sw09utt/sw_0901_2418.utt,2/sw2418,2418,166,+,A,67,1,"her first year, /","her/PRP$ first/JJ year/NN ,/,",,
sw09utt/sw_0901_2418.utt,2/sw2418,2418,167,x,B,68,1,<Doorbell> <breathing>.,,,
sw09utt/sw_0901_2418.utt,2/sw2418,2418,168,sd,A,69,1,"{C and } she's almost gone through her whole college fund, {D you know } <laughter>. /","and/CC she/PRP 's/HVS almost/RB gone/VBN through/IN her/PRP$ whole/JJ college/NN fund/NN ,/, you/PRP know/VBP ./.",,
sw09utt/sw_0901_2418.utt,2/sw2418,2418,169,ad,B,70,1,"Excuse me, Jim,  /","Excuse/VB me/PRP ,/, Jim/NNP ,/,",,
sw09utt/sw_0901_2418.utt,2/sw2418,2418,170,ad,B,70,2,could you hold on?  /,could/MD you/PRP hold/VB on/RP ?/.,,
sw09utt/sw_0901_2418.utt,2/sw2418,2418,171,sd,B,70,3,I have someone at the door. /,I/PRP have/VBP someone/NN at/IN the/DT door/NN ./.,,
sw09utt/sw_0901_2418.utt,2/sw2418,2418,172,aa,A,71,1,"{D Sure, } go ahead. /","Sure/UH ,/, go/VB ahead/RB ./.",,
sw09utt/sw_0901_2418.utt,2/sw2418,2418,173,cc,B,72,1,I'll be right back. /,I/PRP 'll/MD be/VB right/RB back/RB ./.,,
sw09utt/sw_0901_2418.utt,2/sw2418,2418,174,b,A,73,1,{D Sure. } /,Sure/UH ./.,,
sw09utt/sw_0901_2418.utt,2/sw2418,2418,175,ft,B,74,1,<<Long pause>> <<Voices in background>> Thank you.  /,Thank/VB you/PRP ./.,,
sw09utt/sw_0901_2418.utt,2/sw2418,2418,176,sd,B,74,2,I think we might have just screwed up the computer  /,I/PRP think/VBP we/PRP might/MD have/VB just/RB screwed/VBN up/RP the/DT computer/NN,,
sw09utt/sw_0901_2418.utt,2/sw2418,2418,177,sd,B,74,3,{C but } we'll find out. /,but/CC we/PRP 'll/MD find/VB out/RP ./.,,
sw09utt/sw_0901_2418.utt,2/sw2418,2418,178,ba,A,75,1,"{F Oh, } no,  /","Oh/UH ,/, no/UH ,/,",,
sw09utt/sw_0901_2418.utt,2/sw2418,2418,179,%,A,75,2,"(( yeah,  /","yeah/UH ,/,",,
sw09utt/sw_0901_2418.utt,2/sw2418,2418,180,%,A,75,3,"right )) ,  /","right/UH ,/,",,
sw09utt/sw_0901_2418.utt,2/sw2418,2418,181,sd^t,A,75,4,"they give us ten minutes, {F uh. } /","they/PRP give/VBP us/PRP ten/CD minutes/NNS ,/, uh/UH ./.",,
sw09utt/sw_0901_2418.utt,2/sw2418,2418,182,b,B,76,1,Oh. /,Oh/UH ./.,,
sw09utt/sw_0901_2418.utt,2/sw2418,2418,183,sv,A,77,1,"{F Uh, } the only advice I give you on college would be, there's a lot of scholarship money out there.  /","Uh/UH ,/, the/DT only/JJ advice/NN I/PRP give/VBP you/PRP on/IN college/NN would/MD be/VB ,/, there/EX 's/BES a/DT lot/NN of/IN scholarship/NN money/NN out/IN there/RB ./.",,
sw09utt/sw_0901_2418.utt,2/sw2418,2418,184,sd,A,77,2,"My daughter got a little bit, not much, only first year  /","My/PRP$ daughter/NN got/VBD a/DT little/JJ bit/NN ,/, not/RB much/JJ ,/, only/RB first/JJ year/NN",,
sw09utt/sw_0901_2418.utt,2/sw2418,2418,185,sd,A,77,3,"she got about two thousand dollars worth,  /","she/PRP got/VBD about/RB two/CD thousand/CD dollars/NNS worth/JJ ,/,",,
sw09utt/sw_0901_2418.utt,2/sw2418,2418,186,ad,A,77,4,"{C and } you ought to, {D well, }  as your daughters approach the college age, {F uh, } start finding out about the scholarship monies because there is a lot of money out there  /","and/CC you/PRP ought/MD to/TO ,/, well/UH ,/, as/IN your/PRP$ daughters/NNS approach/VBP the/DT college/NN age/NN ,/, uh/UH ,/, start/VB finding/VBG out/RP about/IN the/DT scholarship/NN monies/NNS because/IN there/EX is/VBZ a/DT lot/NN of/IN money/NN out/IN there/RB",,
sw09utt/sw_0901_2418.utt,2/sw2418,2418,187,%,A,77,5,"{C and, } {F uh, } -/","and/CC ,/, uh/UH ,/,",,
sw09utt/sw_0901_2418.utt,2/sw2418,2418,188,qw,B,78,1,"[ {C And, } + {C and } ] how did your daughter get scholarship money on? /","And/CC ,/, and/CC how/WRB did/VBD your/PRP$ daughter/NN get/VB scholarship/NN money/NN on/RP ?/.",,
sw09utt/sw_0901_2418.utt,2/sw2418,2418,189,sd,A,79,1,"{F Uh, } band.  /","Uh/UH ,/, band/NN ./.",,
sw09utt/sw_0901_2418.utt,2/sw2418,2418,190,sd,A,79,2,"She got, {D you know, } five hundred dollars [ at a, + at a ] clip through bands, through leadership.  /","She/PRP got/VBD ,/, you/PRP know/VBP ,/, five/CD hundred/CD dollars/NNS at/IN a/DT ,/, at/IN a/DT clip/NN through/IN bands/NNS ,/, through/IN leadership/NN ./.",,
sw09utt/sw_0901_2418.utt,2/sw2418,2418,191,sd,A,79,3,"{F Uh, } there's all kinds of civic organ-, organizations that will give you, {D you know, } one shot money.  /","Uh/UH ,/, there/EX 's/BES all/DT kinds/NNS of/IN civic/JJ organ-/NNS ,/, organizations/NNS that/WDT will/MD give/VB you/PRP ,/, you/PRP know/VBP ,/, one/CD shot/NN money/NN ./.",,
sw09utt/sw_0901_2418.utt,2/sw2418,2418,192,sd,A,79,4,"{F Uh, } you get a president's award if [ you're, + you're ] [ in, + in ] high school doing cer-, - /","Uh/UH ,/, you/PRP get/VBP a/DT president/NN 's/POS award/NN if/IN you/PRP 're/VBP ,/, you/PRP 're/VBP in/IN ,/, in/IN high/JJ school/NN doing/VBG cer-/XX ,/,",,
sw09utt/sw_0901_2418.utt,2/sw2418,2418,193,sd,A,79,5,"this up [ by, +  here ] in Arlington. {F Uh, } - /","this/DT up/IN by/IN ,/, here/RB in/IN Arlington/NNP ./. Uh/UH ,/,",,
sw09utt/sw_0901_2418.utt,2/sw2418,2418,194,sd,A,79,6,"there's a lot of, - /","there/EX 's/BES a/DT lot/NN of/IN ,/,",,
sw09utt/sw_0901_2418.utt,2/sw2418,2418,195,sd,A,79,7,"{C and, } of course, [ you, + [ if you, + you ] ] score high on the S A T,","and/CC ,/, of/IN course/NN ,/, you/PRP ,/, if/IN you/PRP ,/, you/PRP score/VBP high/JJ on/IN the/DT S/NNP A/NNP T/NNP ,/,",,
sw09utt/sw_0901_2418.utt,2/sw2418,2418,196,b,B,80,1,Uh-huh. /,Uh-huh/UH ./.,,
sw09utt/sw_0901_2418.utt,2/sw2418,2418,197,+,A,81,1,"you can get, {D you know, } two thousand a year, {D you know, } or more. /","you/PRP can/MD get/VB ,/, you/PRP know/VBP ,/, two/CD thousand/CD a/DT year/NN ,/, you/PRP know/VBP ,/, or/CC more/JJR ./.",,
sw09utt/sw_0901_2418.utt,2/sw2418,2418,198,ba,B,82,1,Wow. /,Wow/UH ./.,,
sw09utt/sw_0901_2418.utt,2/sw2418,2418,199,sd,A,83,1,You can get yearly money as long as you keep up your grades.  /,You/PRP can/MD get/VB yearly/JJ money/NN as/RB long/RB as/IN you/PRP keep/VBP up/RP your/PRP$ grades/NNS ./.,,
sw09utt/sw_0901_2418.utt,2/sw2418,2418,200,sd,A,83,2,"[ She, + she ] did very well in school  /","She/PRP ,/, she/PRP did/VBD very/RB well/RB in/IN school/NN",,
sw09utt/sw_0901_2418.utt,2/sw2418,2418,201,sd,A,83,3,"[ {C and, } + {F uh, } {C but } ] she only got first year money.  /","and/CC ,/, uh/UH ,/, but/CC she/PRP only/RB got/VBD first/JJ year/NN money/NN ./.",,
sw09utt/sw_0901_2418.utt,2/sw2418,2418,202,sd,A,83,4,She got about two thousand dollars.  /,She/PRP got/VBD about/RB two/CD thousand/CD dollars/NNS ./.,,
sw09utt/sw_0901_2418.utt,2/sw2418,2418,203,sd,A,83,5,"It was only five hundred,","It/PRP was/VBD only/RB five/CD hundred/CD ,/,",,
sw09utt/sw_0901_2418.utt,2/sw2418,2418,204,b,B,84,1,Uh-huh. /,Uh-huh/UH ./.,,
sw09utt/sw_0901_2418.utt,2/sw2418,2418,205,+,A,85,1,dollars at a clip from this organization.  /,dollars/NNS at/IN a/DT clip/NN from/IN this/DT organization/NN ./.,,
sw09utt/sw_0901_2418.utt,2/sw2418,2418,206,sd,A,85,2,We called.  /,We/PRP called/VBD ./.,,
sw09utt/sw_0901_2418.utt,2/sw2418,2418,207,sd,A,85,3,"[ There were, + there were ] two or three people,  /","There/EX were/VBD ,/, there/EX were/VBD two/CD or/CC three/CD people/NNS ,/,",,
sw09utt/sw_0901_2418.utt,2/sw2418,2418,208,sd,A,85,4,there was some little civic organization in Dallas that gave money away  /,there/EX was/VBD some/DT little/JJ civic/JJ organization/NN in/IN Dallas/NNP that/WDT gave/VBD money/NN away/RP,,
sw09utt/sw_0901_2418.utt,2/sw2418,2418,209,sd,A,85,5,{C and } only two or three people applied.  /,and/CC only/RB two/CD or/CC three/CD people/NNS applied/VBD ./.,,
sw09utt/sw_0901_2418.utt,2/sw2418,2418,210,sd,A,85,6,She applied and  got five hundred dollars from that. /,She/PRP applied/VBD and/CC got/VBD five/CD hundred/CD dollars/NNS from/IN that/DT ./.,,
sw09utt/sw_0901_2418.utt,2/sw2418,2418,211,ba,B,86,1,"Wow, /","Wow/UH ,/,",,
sw09utt/sw_0901_2418.utt,2/sw2418,2418,212,ad,A,87,1,"{D So, }","So/UH ,/,",,
sw09utt/sw_0901_2418.utt,2/sw2418,2418,213,aa,B,88,1,"{F oh, } I'm definitely going to be --","oh/UH ,/, I/PRP 'm/VBP definitely/RB going/VBG to/TO be/VB --/:",,
sw09utt/sw_0901_2418.utt,2/sw2418,2418,214,+,A,89,1,"look into that bit, /","look/VB into/IN that/DT bit/NN ,/,",,
sw09utt/sw_0901_2418.utt,2/sw2418,2418,215,+,B,90,1,-- actively looking into that. /,--/: actively/RB looking/VBG into/IN that/DT ./.,,
sw09utt/sw_0901_2418.utt,2/sw2418,2418,216,sd,A,91,1,"The year that they graduate, {D you know, } before, though, {D you know, } while (( they're graduating )) , there's all kinds of little bitty money that little clubs will give away, churches and everything,  /","The/DT year/NN that/WDT they/PRP graduate/VBP ,/, you/PRP know/VBP ,/, before/RB ,/, though/RB ,/, you/PRP know/VBP ,/, while/IN they/PRP 're/VBP graduating/VBG ,/, there/EX 's/BES all/DT kinds/NNS of/IN little/JJ bitty/JJ money/NN that/WDT little/JJ clubs/NNS will/MD give/VB away/RB ,/, churches/NNS and/CC everything/NN ,/,",,
sw09utt/sw_0901_2418.utt,2/sw2418,2418,217,sd,A,91,2,"{C and } they  (( don't ))  even have a dozen applicants because, {F uh, } {F uh, } the kids are going off after the big money. /","and/CC they/PRP do/VBP n't/RB even/RB have/VB a/DT dozen/NN applicants/NNS because/IN ,/, uh/UH ,/, uh/UH ,/, the/DT kids/NNS are/VBP going/VBG off/RP after/IN the/DT big/JJ money/NN ./.",,
sw09utt/sw_0901_2418.utt,2/sw2418,2418,218,b,B,92,1,Uh-huh. /,Uh-huh/UH ./.,,
sw09utt/sw_0901_2418.utt,2/sw2418,2418,219,sd,A,93,1,"{F Uh, } of course, you have to have some sort of record in high school, {F uh, } of, of achievement and everything,  /","Uh/UH ,/, of/IN course/NN ,/, you/PRP have/VBP to/TO have/VB some/DT sort/NN of/IN record/NN in/IN high/JJ school/NN ,/, uh/UH ,/, of/IN ,/, of/IN achievement/NN and/CC everything/NN ,/,",,
sw09utt/sw_0901_2418.utt,2/sw2418,2418,220,sd,A,93,2,"{C but } sometimes it's just, {F uh, } - /","but/CC sometimes/RB it/PRP 's/BES just/RB ,/, uh/UH ,/,",,
sw09utt/sw_0901_2418.utt,2/sw2418,2418,221,sd,A,93,3,{D like } our band gave money away.  /,like/IN our/PRP$ band/NN gave/VBD money/NN away/RP ./.,,
sw09utt/sw_0901_2418.utt,2/sw2418,2418,222,sd,A,93,4,We're a band booster club.  /,We/PRP 're/VBP a/DT band/NN booster/NN club/NN ./.,,
sw09utt/sw_0901_2418.utt,2/sw2418,2418,223,sd,A,93,5,"[ We gave, + we give, ] {F uh, } two five hundred dollar scholarships just to kids, {F uh, } who we think were worthy, {D you } know  /","We/PRP gave/VBD ,/, we/PRP give/VBP ,/, uh/UH ,/, two/CD five/CD hundred/CD dollar/NN scholarships/NNS just/RB to/IN kids/NNS ,/, uh/UH ,/, who/WP we/PRP think/VBP were/VBD worthy/JJ ,/, you/PRP know/VBP",,
sw09utt/sw_0901_2418.utt,2/sw2418,2418,224,sd,A,93,6,"{D so, }","so/UH ,/,",,
sw09utt/sw_0901_2418.utt,2/sw2418,2418,225,ba,B,94,1,"{D Well, } that's great to know. /","Well/UH ,/, that/DT 's/BES great/JJ to/TO know/VB ./.",,
sw09utt/sw_0901_2418.utt,2/sw2418,2418,226,+,A,95,1,There's money out there. /,There/EX 's/BES money/NN out/IN there/RB ./.,,
sw09utt/sw_0901_2418.utt,2/sw2418,2418,227,b,B,96,1,"Yeah,  /","Yeah/UH ,/,",,
sw09utt/sw_0901_2418.utt,2/sw2418,2418,228,ba,B,96,2,that's good. /,that/DT 's/BES good/JJ ./.,,
sw09utt/sw_0901_2418.utt,2/sw2418,2418,229,ad,A,97,1,"Go ahead,  /","Go/VB ahead/RB ,/,",,
sw09utt/sw_0901_2418.utt,2/sw2418,2418,230,ad,A,97,2,you can talk.  /,you/PRP can/MD talk/VB ./.,,
sw09utt/sw_0901_2418.utt,2/sw2418,2418,231,sd,A,97,3,"[ [ I, + I don't want to, ] + I want to ] chew up the whole line {D here. } /","I/PRP ,/, I/PRP do/VBP n't/RB want/VB to/TO ,/, I/PRP want/VBP to/TO chew/VB up/RP the/DT whole/JJ line/NN here/UH ./.",,
sw09utt/sw_0901_2418.utt,2/sw2418,2418,232,sv,B,98,1,"{F Oh, } {D well, } [ you're doing, + you're doing ] just fine,  /","Oh/UH ,/, well/UH ,/, you/PRP 're/VBP doing/VBG ,/, you/PRP 're/VBP doing/VBG just/RB fine/RB ,/,",,
sw09utt/sw_0901_2418.utt,2/sw2418,2418,233,sd,B,98,2,"[ {C and, } + {C and, } ] {F uh, } {D actually } [ I, + when I talk I ] usually like to ask a lot of questions.  /","and/CC ,/, and/CC ,/, uh/UH ,/, actually/UH I/PRP ,/, when/WRB I/PRP talk/VBP I/PRP usually/RB like/VBP to/TO ask/VB a/DT lot/NN of/IN questions/NNS ./.",,
sw09utt/sw_0901_2418.utt,2/sw2418,2418,234,qw^d,B,98,3,I was wondering what you do at T I. /,I/PRP was/VBD wondering/VBG what/WP you/PRP do/VBP at/IN T/NNP I/NNP ./.,,
sw09utt/sw_0901_2418.utt,2/sw2418,2418,235,sd,A,99,1,"{F Oh, } I'm an engineer.  /","Oh/UH ,/, I/PRP 'm/VBP an/DT engineer/NN ./.",,
sw09utt/sw_0901_2418.utt,2/sw2418,2418,236,sd,A,99,2,"[ I'm, + {F uh, } in fact, I'm ] working the night because of the cutbacks and everything.  /","I/PRP 'm/VBP ,/, uh/UH ,/, in/IN fact/NN ,/, I/PRP 'm/VBP working/VBG the/DT night/NN because/IN of/IN the/DT cutbacks/NNS and/CC everything/NN ./.",,
sw09utt/sw_0901_2418.utt,2/sw2418,2418,237,sd,A,99,3,"{F Uh, } my job, - /","Uh/UH ,/, my/PRP$ job/NN ,/,",,
sw09utt/sw_0901_2418.utt,2/sw2418,2418,238,sd,A,99,4,there were three managers jobs that were just dissolved  /,there/EX were/VBD three/CD managers/^NNS^POS jobs/NNS that/WDT were/VBD  just/RB dissolved/VBN,,
sw09utt/sw_0901_2418.utt,2/sw2418,2418,239,sd,A,99,5,{C and so } they put me on nights.  /,and/CC so/RB they/PRP put/VBD me/PRP on/IN nights/NNS ./.,,
sw09utt/sw_0901_2418.utt,2/sw2418,2418,240,sd,A,99,6,"[ I, + I ] call this my recession job. /","I/PRP ,/, I/PRP call/VBP this/DT my/PRP$ recession/NN job/NN ./.",,
sw09utt/sw_0901_2418.utt,2/sw2418,2418,241,ba,B,100,1,"{F Oh, } goodness. /","Oh/UH ,/, goodness/UH ./.",,
sw09utt/sw_0901_2418.utt,2/sw2418,2418,242,sd,A,101,1,"{C And } I'm working nights just kind of covering, {F uh, } shutdown equipment and  everything,","And/CC I/PRP 'm/VBP working/VBG nights/NNS just/RB kind/RB of/RB covering/VBG ,/, uh/UH ,/, shutdown/NN equipment/NN and/CC everything/NN ,/,",,
sw09utt/sw_0901_2418.utt,2/sw2418,2418,243,b,B,102,1,Uh-huh. /,Uh-huh/UH ./.,,
sw09utt/sw_0901_2418.utt,2/sw2418,2418,244,+,A,103,1,"and just being available,","and/CC just/RB being/VBG available/JJ ,/,",,
sw09utt/sw_0901_2418.utt,2/sw2418,2418,245,b,B,104,1,Uh-huh. /,Uh-huh/UH ./.,,
sw09utt/sw_0901_2418.utt,2/sw2418,2418,246,+,A,105,1,here.  /,here/RB ./.,,
sw09utt/sw_0901_2418.utt,2/sw2418,2418,247,sd,A,105,2,I don't mind.  /,I/PRP do/VBP n't/RB mind/VB ./.,,
sw09utt/sw_0901_2418.utt,2/sw2418,2418,248,sd,A,105,3,"{F Uh, } it beats being laid off and everything.  /","Uh/UH ,/, it/PRP beats/VBZ being/VBG laid/VBN off/RP and/CC everything/NN ./.",,
sw09utt/sw_0901_2418.utt,2/sw2418,2418,249,sv,A,105,4,"{C And, } {F uh, } [ you, +","And/CC ,/, uh/UH ,/, you/PRP ,/,",,
sw09utt/sw_0901_2418.utt,2/sw2418,2418,250,aa,B,106,1,"{F Oh, } absolutely. /","Oh/UH ,/, absolutely/RB ./.",,
sw09utt/sw_0901_2418.utt,2/sw2418,2418,251,+,A,107,1,you ] got to be a little flexible. /,you/PRP got/VBN to/TO be/VB a/DT little/RB flexible/JJ ./.,,
sw09utt/sw_0901_2418.utt,2/sw2418,2418,252,b,B,108,1,Yeah. /,Yeah/UH ./.,,
sw09utt/sw_0901_2418.utt,2/sw2418,2418,253,sd,A,109,1,"{F Uh, } in my old age I'm trying to just hang in there until I get my kids through school  /","Uh/UH ,/, in/IN my/PRP$ old/JJ age/NN I/PRP 'm/VBP trying/VBG to/TO just/RB hang/VB in/IN there/RB until/IN I/PRP get/VBP my/PRP$ kids/NNS through/IN school/NN",,
sw09utt/sw_0901_2418.utt,2/sw2418,2418,254,sd,A,109,2,"{C and then } I'd like to teach, maybe mathematics or something.  /","and/CC then/RB I/PRP 'd/MD like/VB to/TO teach/VB ,/, maybe/RB mathematics/NNS or/CC something/NN ./.",,
sw09utt/sw_0901_2418.utt,2/sw2418,2418,255,sd,A,109,3,I'm trying to study for that now. /,I/PRP 'm/VBP trying/VBG to/TO study/VB for/IN that/DT now/RB ./.,,
sw09utt/sw_0901_2418.utt,2/sw2418,2418,256,sd,B,110,1,"{F Oh, } I hope you can do that. /","Oh/UH ,/, I/PRP hope/VBP you/PRP can/MD do/VB that/DT ./.",,
sw09utt/sw_0901_2418.utt,2/sw2418,2418,257,b,A,111,1,"Right, {F uh, } /","Right/UH ,/, uh/UH ,/,",,
sw09utt/sw_0901_2418.utt,2/sw2418,2418,258,sd,B,112,1,"[ What, + what ] I did is - /","What/WP ,/, what/WP I/PRP did/VBD is/VBZ",,
sw09utt/sw_0901_2418.utt,2/sw2418,2418,259,sd,B,112,2,I was approached  /,I/PRP was/VBD approached/VBN,,
sw09utt/sw_0901_2418.utt,2/sw2418,2418,260,sd,B,112,3,"[ {C and, }  {C and } ] [ I've, + I ] went to T I just right at the time that, {F uh, } my marriage was ending.  /","and/CC ,/, and/CC I/PRP 've/VBP ,/, I/PRP went/VBD to/IN T/NNP I/NNP just/RB right/RB at/IN the/DT time/NN that/WDT ,/, uh/UH ,/, my/PRP$ marriage/NN was/VBD ending/VBG ./.",,
sw09utt/sw_0901_2418.utt,2/sw2418,2418,261,sd,B,112,4,"I had been [ a, +  a ] stay at home mom  /","I/PRP had/VBD been/VBN a/DT ,/, a/DT stay/VB at/IN home/NN mom/NN",,
sw09utt/sw_0901_2418.utt,2/sw2418,2418,262,sd,B,112,5,"[ {C and, } +","and/CC ,/,",,
sw09utt/sw_0901_2418.utt,2/sw2418,2418,263,b,A,113,1,Uh-huh. /,Uh-huh/UH ./.,,
sw09utt/sw_0901_2418.utt,2/sw2418,2418,264,+,B,114,1,"{C and } ] [ I, + I ] [ mo-, + was ] very fortunate in starting,  /","and/CC I/PRP ,/, I/PRP mo-/XX ,/, was/VBD very/RB fortunate/JJ in/IN starting/VBG ,/,",,
sw09utt/sw_0901_2418.utt,2/sw2418,2418,265,sd,B,114,2,"{C and } I really enjoyed it while I was at T I,  /","and/CC I/PRP really/RB enjoyed/VBD it/PRP while/IN I/PRP was/VBD at/IN T/NNP I/NNP ,/,",,
sw09utt/sw_0901_2418.utt,2/sw2418,2418,266,sd,B,114,3,"{C but, } {D you know, } the cutbacks were really getting to be rather frightening  /","but/CC ,/, you/PRP know/VBP ,/, the/DT cutbacks/NNS were/VBD really/RB getting/VBG to/TO be/VB rather/RB frightening/JJ",,
sw09utt/sw_0901_2418.utt,2/sw2418,2418,267,sd,B,114,4,{C and } I had less than five years  /,and/CC I/PRP had/VBD less/JJR than/IN five/CD years/NNS,,
sw09utt/sw_0901_2418.utt,2/sw2418,2418,268,sd,B,114,5,"{C and, } also, I wanted to make a little bit more money.  /","and/CC ,/, also/RB ,/, I/PRP wanted/VBD to/TO make/VB a/DT little/JJ bit/NN more/JJR money/NN ./.",,
sw09utt/sw_0901_2418.utt,2/sw2418,2418,269,sd,B,114,6,{C So } I decided I'd like to go out and try sales. /,So/RB I/PRP decided/VBD I/PRP 'd/MD like/VB to/TO go/VB out/RB and/CC try/VB sales/NNS ./.,,
sw09utt/sw_0901_2418.utt,2/sw2418,2418,270,b,A,115,1,"{F Oh, } yeah. /","Oh/UH ,/, yeah/UH ./.",,
sw09utt/sw_0901_2418.utt,2/sw2418,2418,271,sd,B,116,1,"{C And, } {F uh, } [ I'm, + I'm ] out trying to sell telephone systems to businesses. /","And/CC ,/, uh/UH ,/, I/PRP 'm/VBP ,/, I/PRP 'm/VBP out/RB trying/VBG to/TO sell/VB telephone/NN systems/NNS to/IN businesses/NNS ./.",,
sw09utt/sw_0901_2418.utt,2/sw2418,2418,272,b,A,117,1,Right. /,Right/UH ./.,,
sw09utt/sw_0901_2418.utt,2/sw2418,2418,273,sd,B,118,1,{C And } the potential there is fantastic. /,And/CC the/DT potential/NN there/RB is/VBZ fantastic/JJ ./.,,
sw09utt/sw_0901_2418.utt,2/sw2418,2418,274,b,A,119,1,"{F Oh, } sure. /","Oh/UH ,/, sure/UH ./.",,
sw09utt/sw_0901_2418.utt,2/sw2418,2418,275,sd,B,120,1,The reality of it is it's tough <laughter>.  /,The/DT reality/NN of/IN it/PRP is/VBZ it/PRP 's/BES tough/JJ ./.,,
sw09utt/sw_0901_2418.utt,2/sw2418,2418,276,x,B,120,2,<<Background voices.>>,/DT,,
sw09utt/sw_0901_2418.utt,2/sw2418,2418,277,sv,A,121,1,"{D Well, } it's tough right now for everybody. /","Well/UH ,/, it/PRP 's/BES tough/JJ right/RB now/RB for/IN everybody/NN ./.",,
sw09utt/sw_0901_2418.utt,2/sw2418,2418,278,aa,B,122,1,Exactly. /,Exactly/UH ./.,,
sw09utt/sw_0901_2418.utt,2/sw2418,2418,279,sd,A,123,1,<<Background voices>> Up here in the Dallas Metroplex it's awful.  /,Up/IN here/RB in/IN the/DT Dallas/NNP Metroplex/NNP it/PRP 's/BES awful/JJ ./.,,
sw09utt/sw_0901_2418.utt,2/sw2418,2418,280,sd,A,123,2,"{F Hey, } I've got another clue for you for college. /","Hey/UH ,/, I/PRP 've/VBP got/VBN another/DT clue/NN for/IN you/PRP for/IN college/NN ./.",,
sw09utt/sw_0901_2418.utt,2/sw2418,2418,281,b,B,124,1,Uh-huh. /,Uh-huh/UH ./.,,
sw09utt/sw_0901_2418.utt,2/sw2418,2418,282,sd^r,A,125,1,Another clue for you for college money. /,Another/DT clue/NN for/IN you/PRP for/IN college/NN money/NN ./.,,
sw09utt/sw_0901_2418.utt,2/sw2418,2418,283,b,B,126,1,Okay. /,Okay/UH ./.,,
sw09utt/sw_0901_2418.utt,2/sw2418,2418,284,ad,A,127,1,Go to work for U T.  /,Go/VB to/TO work/VB for/IN U/NNP T/NNP ./.,,
sw09utt/sw_0901_2418.utt,2/sw2418,2418,285,sd,A,127,2,"{F Uh, } we have a friend [ who works, + who is ] a secretary for T C U, {D you know, } up here? /","Uh/UH ,/, we/PRP have/VBP a/DT friend/NN who/WP works/VBZ ,/, who/WP is/VBZ a/DT secretary/NN for/IN T/NNP C/NNP U/NNP ,/, you/PRP know/VBP ,/, up/IN here/RB ?/.",,
sw09utt/sw_0901_2418.utt,2/sw2418,2418,286,b,B,128,1,Yes. /,Yes/UH ./.,,
sw09utt/sw_0901_2418.utt,2/sw2418,2418,287,sd,A,129,1,"They give you scholarship, a hundred percent, [ if you're, + if you work ] for T C U. /","They/PRP give/VBP you/PRP scholarship/NN ,/, a/DT hundred/CD percent/NN ,/, if/IN you/PRP 're/VBP ,/, if/IN you/PRP work/VBP for/IN T/NNP C/NNP U/NNP ./.",,
sw09utt/sw_0901_2418.utt,2/sw2418,2418,288,bh,B,130,1,They do? /,They/PRP do/VBP ?/.,,
sw09utt/sw_0901_2418.utt,2/sw2418,2418,289,ny,A,131,1,Yes.  /,Yes/UH ./.,,
sw09utt/sw_0901_2418.utt,2/sw2418,2418,290,ad,A,131,2,{D So } --,So/UH --/:,,
sw09utt/sw_0901_2418.utt,2/sw2418,2418,291,aa,B,132,1,I'm going to check that.  /,I/PRP 'm/VBP going/VBG to/TO check/VB that/DT ./.,,
sw09utt/sw_0901_2418.utt,2/sw2418,2418,292,sd,B,132,2,"[ I've got, +","I/PRP 've/VBP got/VBN ,/,",,
sw09utt/sw_0901_2418.utt,2/sw2418,2418,293,+,A,133,1,"-- check that one out, {D you know. } /","--/: check/VB that/DT one/NN out/RP ,/, you/PRP know/VBP ./.",,
sw09utt/sw_0901_2418.utt,2/sw2418,2418,294,+,B,134,1,"I've got ] two friends that work [ at, + at ] U T.  /","I/PRP 've/VBP got/VBN two/CD friends/NNS that/WDT work/VBP at/IN ,/, at/IN U/NNP T/NNP ./.",,
sw09utt/sw_0901_2418.utt,2/sw2418,2418,295,sd,B,134,2,I didn't know that all. /,I/PRP did/VBD n't/RB know/VB that/DT all/DT ./.,,
sw09utt/sw_0901_2418.utt,2/sw2418,2418,296,ad,A,135,1,Ask them about it.  /,Ask/VB them/PRP about/IN it/PRP ./.,,
sw09utt/sw_0901_2418.utt,2/sw2418,2418,297,ad,A,135,2,Call them. /,Call/VB them/PRP ./.,,
sw09utt/sw_0901_2418.utt,2/sw2418,2418,298,aa,B,136,1,"Definitely, I will. /","Definitely/RB ,/, I/PRP will/MD ./.",,
sw09utt/sw_0901_2418.utt,2/sw2418,2418,299,sd,A,137,1,"{C And, } {C because } it's [ full, + full ] scholarship.  /","And/CC ,/, because/IN it/PRP 's/BES full/JJ ,/, full/JJ scholarship/NN ./.",,
sw09utt/sw_0901_2418.utt,2/sw2418,2418,300,sd,A,137,2,"{D Now, } it's, {F uh, } not room and  board, /","Now/UH ,/, it/PRP 's/BES ,/, uh/UH ,/, not/RB room/NN and/CC board/NN ,/,",,
sw09utt/sw_0901_2418.utt,2/sw2418,2418,301,b,B,138,1,Uh-huh. /,Uh-huh/UH ./.,,
sw09utt/sw_0901_2418.utt,2/sw2418,2418,302,sd,A,139,1,"{C but } it's tuition, full tuition paid if your parent works at T C U. /","but/CC it/PRP 's/BES tuition/NN ,/, full/JJ tuition/NN paid/VBN if/IN your/PRP$ parent/NN works/VBP at/IN T/NNP C/NNP U/NNP ./.",,
sw09utt/sw_0901_2418.utt,2/sw2418,2418,303,ba,B,140,1,"{D Well, } that sounds fantastic.  /","Well/UH ,/, that/DT sounds/VBZ fantastic/JJ ./.",,
sw09utt/sw_0901_2418.utt,2/sw2418,2418,304,x,B,140,2,<</Background voices.>>,/UH,,
sw09utt/sw_0901_2418.utt,2/sw2418,2418,305,sd,A,141,1,"{C And } [ her, + her ] mother went over there just for that ... /","And/CC her/PRP$ ,/, her/PRP$ mother/NN went/VBD over/IN there/RB just/RB for/IN that/DT .../:",,
