swda_filename,ptb_basename,conversation_no,transcript_index,act_tag,caller,utterance_index,subutterance_index,text,pos,trees,ptb_treenumbers
sw09utt/sw_0930_2446.utt,2/sw2446,2446,0,fp,A,1,1,Good morning. /,Good/JJ morning/NN ./.,,
sw09utt/sw_0930_2446.utt,2/sw2446,2446,1,fp^m,B,2,1,Good morning.  /,Good/JJ morning/NN ./.,,
sw09utt/sw_0930_2446.utt,2/sw2446,2446,2,%,B,2,2,"{F Uh, } okay,  /","Uh/UH ,/, okay/UH ,/,",,
sw09utt/sw_0930_2446.utt,2/sw2446,2446,3,ad,B,2,3,go ahead. /,go/VB ahead/RB ./.,,
sw09utt/sw_0930_2446.utt,2/sw2446,2446,4,ar,A,3,1,"((   )) , no,  /","MUMBLEx/XX ,/, no/UH ,/,",,
sw09utt/sw_0930_2446.utt,2/sw2446,2446,5,ar^r,A,3,2,"no,  /","no/UH ,/,",,
sw09utt/sw_0930_2446.utt,2/sw2446,2446,6,ad,A,3,3,go ahead. /,go/VB ahead/RB ./.,,
sw09utt/sw_0930_2446.utt,2/sw2446,2446,7,aa,B,4,1,"Yeah,  /","Yeah/UH ,/,",,
sw09utt/sw_0930_2446.utt,2/sw2446,2446,8,sd^t,B,4,2,"I understand the topic this morning is, {F uh, } our policy in Latin America and, {D you know, } what we've been doing down there.  /","I/PRP understand/VBP the/DT topic/NN this/DT morning/NN is/VBZ ,/, uh/UH ,/, our/PRP$ policy/NN in/IN Latin/NNP America/NNP and/CC ,/, you/PRP know/VBP ,/, what/WP we/PRP 've/VBP been/VBN doing/VBG down/IN there/RB ./.",,
sw09utt/sw_0930_2446.utt,2/sw2446,2446,9,bf,B,4,3,"{C So, } {F uh, } as you indicated you don't have too much input into the area  /","So/UH ,/, uh/UH ,/, as/IN you/PRP indicated/VBD you/PRP do/VBP n't/RB have/VB too/RB much/JJ input/NN into/IN the/DT area/NN",,
sw09utt/sw_0930_2446.utt,2/sw2446,2446,10,sd,B,4,4,"[ it, + it ] just so happens that, {F uh, } our daughter-in-law is Panamanian,  /","it/PRP ,/, it/PRP just/RB so/RB happens/VBZ that/IN ,/, uh/UH ,/, our/PRP$ daughter-in-law/NN is/VBZ Panamanian/JJ ,/,",,
sw09utt/sw_0930_2446.utt,2/sw2446,2446,11,sd,B,4,5,"{C and, } {F uh, } we have been in Panama  /","and/CC ,/, uh/UH ,/, we/PRP have/VBP been/VBN in/IN Panama/NNP",,
sw09utt/sw_0930_2446.utt,2/sw2446,2446,12,sd,B,4,6,{C and } I have worked in El Salvador  /,and/CC I/PRP have/VBP worked/VBN in/IN El/NNP Salvador/NNP,,
sw09utt/sw_0930_2446.utt,2/sw2446,2446,13,sd,B,4,7,"{C and, } {F uh, } we visit Mexico occasionally,  /","and/CC ,/, uh/UH ,/, we/PRP visit/VBP Mexico/NNP occasionally/RB ,/,",,
sw09utt/sw_0930_2446.utt,2/sw2446,2446,14,%,B,4,8,"{C so, }  <laughter>, yeah,  /","so/RB ,/, ,/, yeah/UH ,/,",,
sw09utt/sw_0930_2446.utt,2/sw2446,2446,15,sd,B,4,9,"[ we, + we ] do have a little information on it here,  /","we/PRP ,/, we/PRP do/VBP have/VB a/DT little/JJ information/NN on/IN it/PRP here/RB ,/,",,
sw09utt/sw_0930_2446.utt,2/sw2446,2446,16,%,B,4,10,"{C but, } {F uh, } -/","but/CC ,/, uh/UH ,/,",,
sw09utt/sw_0930_2446.utt,2/sw2446,2446,17,ba,A,5,1,"{F Oh, } very good,  /","Oh/UH ,/, very/RB good/JJ ,/,",,
sw09utt/sw_0930_2446.utt,2/sw2446,2446,18,sd,A,5,2,"{C because } {D actually, } {F um, } when I was in college I visited Mexico several times,  /","because/IN actually/UH ,/, um/UH ,/, when/WRB I/PRP was/VBD in/IN college/NN I/PRP visited/VBD Mexico/NNP several/JJ times/NNS ,/,",,
sw09utt/sw_0930_2446.utt,2/sw2446,2446,19,sd,A,5,3,"I was in the Peace Corps and, {F um, }","I/PRP was/VBD in/IN the/DT Peace/NNP Corps/NNP and/CC ,/, um/UH ,/,",,
sw09utt/sw_0930_2446.utt,2/sw2446,2446,20,b,B,6,1,"{F Oh, } uh-huh /","Oh/UH ,/, uh-huh/UH",,
sw09utt/sw_0930_2446.utt,2/sw2446.pos,2446,21,x,B,6,2,<<very faint>>. /,./.
sw09utt/sw_0930_2446.utt,2/sw2446,2446,22,+,A,7,1,"Peru,  /","Peru/NNP ,/,",,
sw09utt/sw_0930_2446.utt,2/sw2446,2446,23,sd,A,7,2,"[ {C but, } + {C but } ] recently I have been following the Middle East rather than,","but/CC ,/, but/CC recently/RB I/PRP have/VBP been/VBN following/VBG the/DT Middle/NNP East/NNP rather/IN than/IN ,/,",,
sw09utt/sw_0930_2446.utt,2/sw2446,2446,24,b,B,8,1,Yeah. /,Yeah/UH ./.,,
sw09utt/sw_0930_2446.utt,2/sw2446,2446,25,+,A,9,1,Central America <<very faint>>. /,Central/NNP America/NNP ./.,,
sw09utt/sw_0930_2446.utt,2/sw2446,2446,26,b,B,10,1,"Yeah,  /","Yeah/UH ,/,",,
sw09utt/sw_0930_2446.utt,2/sw2446,2446,27,sv,B,10,2,it does seem to have quieted down there just a little bit  /,it/PRP does/VBZ seem/VB to/TO have/VB quieted/VBN down/RP there/RB just/RB a/DT little/JJ bit/NN,,
sw09utt/sw_0930_2446.utt,2/sw2446,2446,28,ba,B,10,3,"[ that's, + that's ] for sure.  /","that/DT 's/BES ,/, that/DT 's/BES for/IN sure/JJ ./.",,
sw09utt/sw_0930_2446.utt,2/sw2446,2446,29,nn,B,10,4,"No,  /","No/UH ,/,",,
sw09utt/sw_0930_2446.utt,2/sw2446,2446,30,%,B,10,5,"I, - /","I/PRP ,/,",,
sw09utt/sw_0930_2446.utt,2/sw2446,2446,31,%,B,10,6,"the U S policy, {F uh, } towards Central America as far as, {F uh, } - /","the/DT U/NNP S/NNP policy/NN ,/, uh/UH ,/, towards/IN Central/NNP America/NNP as/RB far/RB as/IN ,/, uh/UH ,/,",,
sw09utt/sw_0930_2446.utt,2/sw2446,2446,32,sd,B,10,7,"{D well, } I kind of go back [ to, + to ] the El Salvador thing because Texas Instruments had [ a, + a ] plant down there for a while,  /","well/RB ,/, I/PRP kind/RB of/RB go/VBP back/RB to/IN ,/, to/IN the/DT El/NNP Salvador/NNP thing/NN because/IN Texas/NNP Instruments/NNPS had/VBD a/DT ,/, a/DT plant/NN down/IN there/RB for/IN a/DT while/NN ,/,",,
sw09utt/sw_0930_2446.utt,2/sw2446,2446,33,sd,B,10,8,"{C and } I worked in there for a little while,  /","and/CC I/PRP worked/VBD in/IN there/RB for/IN a/DT little/JJ while/NN ,/,",,
sw09utt/sw_0930_2446.utt,2/sw2446,2446,34,sd,B,10,9,"{C and } at that particular time, - /","and/CC at/IN that/DT particular/JJ time/NN ,/,",,
sw09utt/sw_0930_2446.utt,2/sw2446,2446,35,^h,B,10,10,"[ let's, + let's ] see,  /","let/VB 's/PRP ,/, let/VB 's/PRP see/VB ,/,",,
sw09utt/sw_0930_2446.utt,2/sw2446,2446,36,sd,B,10,11,"that was seventy-three, seventy-four kind of before [ the, + the, ] {F uh, } the Civil War really picked up down there,  /","that/DT was/VBD seventy-three/CD ,/, seventy-four/CD kind/RB of/RB before/IN the/DT ,/, the/DT ,/, uh/UH ,/, the/DT Civil/NNP War/NNP really/RB picked/VBD up/RP down/IN there/RB ,/,",,
sw09utt/sw_0930_2446.utt,2/sw2446,2446,37,sd,B,10,12,"{C and } U S policy at that particular time there was, of course, military assistance [ to, + {F uh, } to ] the government itself, {D you know, }  /","and/CC U/NNP S/NNP policy/NN at/IN that/DT particular/JJ time/NN there/RB was/VBD ,/, of/IN course/NN ,/, military/JJ assistance/NN to/IN ,/, uh/UH ,/, to/IN the/DT government/NN itself/PRP ,/, you/PRP know/VBP ,/,",,
sw09utt/sw_0930_2446.utt,2/sw2446,2446,38,sd,B,10,13,"anything [ that's, + that's ] anti-Communist, {D you know, } we kind of had a tendency to be pro <laughter>. /","anything/NN that/WDT 's/BES ,/, that/WDT 's/BES anti-Communist/JJ ,/, you/PRP know/VBP ,/, we/PRP kind/RB of/RB had/VBD a/DT tendency/NN to/TO be/VB pro/JJ ./.",,
sw09utt/sw_0930_2446.utt,2/sw2446,2446,39,b,A,11,1,Right. /,Right/UH ./.,,
sw09utt/sw_0930_2446.utt,2/sw2446,2446,40,sd,B,12,1,"It don't matter what their excesses were,  /","It/PRP do/VBZ n't/RB matter/VB what/WP their/PRP$ excesses/NNS were/VBD ,/,",,
sw09utt/sw_0930_2446.utt,2/sw2446,2446,41,sd,B,12,2,"{C and } I believe at the time that I was down there, that, {F uh, } [ the government, + {F uh, } the Salvadorian government ]  ((   )) {D you know, } really gotten out of hand yet,  /","and/CC I/PRP believe/VBP at/IN the/DT time/NN that/WDT I/PRP was/VBD down/IN there/RB ,/, that/IN ,/, uh/UH ,/, the/DT government/NN ,/, uh/UH ,/, the/DT Salvadorian/JJ government/NN MUMBLEx/XX you/PRP know/VBP ,/, really/RB gotten/VBN out/IN of/IN hand/NN yet/CC ,/,",,
sw09utt/sw_0930_2446.utt,2/sw2446,2446,42,sd,B,12,3,"the, {F uh, }  (( right wing death squad )) type situation - /","the/DT ,/, uh/UH ,/, right/JJ wing/NN death/NN squad/NN type/NN situation/NN",,
sw09utt/sw_0930_2446.utt,2/sw2446,2446,43,sd,B,12,4,"I believe that, that was beginning to form  /","I/PRP believe/VBP that/IN ,/, that/DT was/VBD beginning/VBG to/TO form/VB",,
sw09utt/sw_0930_2446.utt,2/sw2446,2446,44,sd,B,12,5,"{C but } [ [ I don't, + I, ] + I wasn't ] really aware of it's being, {D you know, } terribly, {F uh, } {D you know, }  ((   ))  at the time [ that, + that ] I was down there,  /","but/CC I/PRP do/VBP n't/RB ,/, I/PRP ,/, I/PRP was/VBD n't/RB really/RB aware/JJ of/IN it/GW 's/^PRP$  being/VBG ,/, you/PRP know/VBP ,/, terribly/RB ,/, uh/UH ,/, you/PRP know/VBP ,/, MUMBLEx/XX at/IN the/DT time/NN that/WDT ,/, that/WDT I/PRP was/VBD down/IN there/RB ,/,",,
sw09utt/sw_0930_2446.utt,2/sw2446,2446,45,sd,B,12,6,"I think that really kind of developed a little bit later on,  /","I/PRP think/VBP that/DT really/RB kind/RB of/RB developed/VBD a/DT little/JJ bit/NN later/RB on/RP ,/,",,
sw09utt/sw_0930_2446.utt,2/sw2446,2446,46,sd,B,12,7,"{C but, } {F uh, } our policies seem to be pretty much one of, {F uh, } {D you know, } trying to setup businesses down there and use the one resource,  anyway, that Salvador had, <throat_clearing>,  /","but/CC ,/, uh/UH ,/, our/PRP$ policies/NNS seem/VBP to/TO be/VB pretty/RB much/JJ one/CD of/IN ,/, uh/UH ,/, you/PRP know/VBP ,/, trying/VBG to/TO setup/^VB^RP businesses/NNS down/RB there/RB and/CC use/VB the/DT one/CD resource/NN ,/, anyway/RB ,/, that/WDT Salvador/NNP had/VBD ,/, ,/,",,
sw09utt/sw_0930_2446.utt,2/sw2446,2446,47,sd,B,12,8,[ plenty of + {C and } that was people. /,plenty/NN of/IN and/CC that/DT was/VBD people/NNS ./.,,
sw09utt/sw_0930_2446.utt,2/sw2446,2446,48,b,A,13,1,Right. /,Right/UH ./.,,
sw09utt/sw_0930_2446.utt,2/sw2446,2446,49,sd,B,14,1,"We didn't seem to be going in and taking anything out of the country other than just [ it's, + it's ] labor, /","We/PRP did/VBD n't/RB seem/VB to/TO be/VB going/VBG in/RB and/CC taking/VBG anything/NN out/IN of/IN the/DT country/NN other/JJ than/IN just/RB it/GW  's/^PRP$ ,/, it/GW 's/^PRP$ labor/NN ,/,",,
sw09utt/sw_0930_2446.utt,2/sw2446,2446,50,b,A,15,1,Uh-huh. /,Uh-huh/UH ./.,,
sw09utt/sw_0930_2446.utt,2/sw2446,2446,51,sd,B,16,1,"{C because } everything that T I did anyway [ we, + we ] shipped in  /","because/IN everything/NN that/WDT T/NNP I/NNP did/VBD anyway/RB we/PRP ,/, we/PRP shipped/VBD in/RB",,
sw09utt/sw_0930_2446.utt,2/sw2446,2446,52,sd,B,16,2,"{C and } it was worked on down there, assembled, and then sent back here,  /","and/CC it/PRP was/VBD worked/VBN on/RP down/IN there/RB ,/, assembled/VBN ,/, and/CC then/RB sent/VBN back/RB here/RB ,/,",,
sw09utt/sw_0930_2446.utt,2/sw2446,2446,53,%,B,16,3,"{C so, } -/","so/RB ,/,",,
sw09utt/sw_0930_2446.utt,2/sw2446,2446,54,b,A,17,1,"Uh-huh,  /","Uh-huh/UH ,/,",,
sw09utt/sw_0930_2446.utt,2/sw2446,2446,55,qy,A,17,2,"did that have, -/","did/VBD that/DT have/VB ,/,",,
sw09utt/sw_0930_2446.utt,2/sw2446,2446,56,sd,B,18,1,"I didn't feel that we really [ ex-, + exploiting ] them any. /","I/PRP did/VBD n't/RB feel/VB that/IN we/PRP really/RB ex-/XX ,/, exploiting/VBG them/PRP any/DT ./.",,
sw09utt/sw_0930_2446.utt,2/sw2446,2446,57,bf,A,19,1,"{F Um, } {C so, } [ you don't, + you don't ] feel [ that, + that ] we were, {F um, } exploiting in the sense of we were benefiting  /","Um/UH ,/, so/RB ,/, you/PRP do/VBP n't/RB ,/, you/PRP do/VBP n't/RB feel/VB that/IN ,/, that/IN we/PRP were/VBD ,/, um/UH ,/, exploiting/VBG in/IN the/DT sense/NN of/IN we/PRP were/VBD benefiting/VBG",,
sw09utt/sw_0930_2446.utt,2/sw2446,2446,58,bf,A,19,2,{C and } they weren't. /,and/CC they/PRP were/VBD n't/RB ./.,,
sw09utt/sw_0930_2446.utt,2/sw2446,2446,59,aa,B,20,1,"No, {F uh, }  /","No/UH ,/, uh/UH ,/,",,
sw09utt/sw_0930_2446.utt,2/sw2446,2446,60,sd,B,20,2,"in the particular incidence that I was aware of,  (( {D now } ))  T I wasn't  the only ones in there,  /","in/IN the/DT particular/JJ incidence/^NNS that/WDT I/PRP was/VBD aware/JJ of/IN ,/,  now/UH T/NNP I/NNP was/VBD n't/RB the/DT only/JJ ones/NNS in/IN there/RB ,/,",,
sw09utt/sw_0930_2446.utt,2/sw2446,2446,61,sd,B,20,3,"Playtex was in,  /","Playtex/NNP was/VBD in/RB ,/,",,
sw09utt/sw_0930_2446.utt,2/sw2446,2446,62,sd,B,20,4,"there was, {F uh, } several other companies, /","there/EX was/VBD ,/, uh/UH ,/, several/JJ other/JJ companies/NNS ,/,",,
sw09utt/sw_0930_2446.utt,2/sw2446,2446,63,b,A,21,1,Uh-huh. /,Uh-huh/UH ./.,,
sw09utt/sw_0930_2446.utt,2/sw2446,2446,64,sv,B,22,1,"{C and, } {F uh, } of course, we kind of concentrate on  ((   )) ,  /","and/CC ,/, uh/UH ,/, of/IN course/NN ,/, we/PRP kind/RB of/RB concentrate/VBP on/IN MUMBLEx/XX ,/,",,
sw09utt/sw_0930_2446.utt,2/sw2446,2446,65,sd,B,22,2,there wasn't much to take out of the country  /,there/EX was/VBD n't/RB much/JJ to/TO take/VB out/IN of/IN the/DT country/NN,,
sw09utt/sw_0930_2446.utt,2/sw2446,2446,66,sd,B,22,3,"((   ))  I felt like we're going in and taken all [ their, +  {F um, } their ] gold or oil,","MUMBLEx/XX I/PRP felt/VBD like/IN we/PRP 're/VBP going/VBG in/RB and/CC taken/^VBG all/DT their/PRP$ ,/, um/UH ,/, their/PRP$  gold/NN or/CC oil/NN ,/,",,
sw09utt/sw_0930_2446.utt,2/sw2446,2446,67,b,A,23,1,Uh-huh. /,Uh-huh/UH ./.,,
sw09utt/sw_0930_2446.utt,2/sw2446,2446,68,+,B,24,1,"or bananas or coffee or anything like that,  /","or/CC bananas/NNS or/CC coffee/NN or/CC anything/NN like/IN that/DT ,/,",,
sw09utt/sw_0930_2446.utt,2/sw2446,2446,69,%,B,24,2,"{C because, } {F uh, } it just, - /","because/IN ,/, uh/UH ,/, it/PRP just/RB ,/,",,
sw09utt/sw_0930_2446.utt,2/sw2446,2446,70,sd,B,24,3,"the only thing that they had a great abundance of was, {F uh, } {D you know, } human beings <laughter>  /","the/DT only/JJ thing/NN that/WDT they/PRP had/VBD a/DT great/JJ abundance/NN of/IN was/VBD ,/, uh/UH ,/, you/PRP know/VBP ,/, human/JJ beings/NNS",,
sw09utt/sw_0930_2446.utt,2/sw2446,2446,71,%,B,24,4,"{C and, } {F uh, } -/","and/CC ,/, uh/UH ,/,",,
sw09utt/sw_0930_2446.utt,2/sw2446,2446,72,b,A,25,1,Uh-huh.  /,Uh-huh/UH ./.,,
sw09utt/sw_0930_2446.utt,2/sw2446,2446,73,qy,A,25,2,"[ Di-, + did ] we tend to, {F um, } change their [ attitu-, + attitudes ]  /","Di/VBD ,/, did/VBD we/PRP tend/VB to/TO ,/, um/UH ,/, change/VB their/PRP$ attitu-/XX ,/, attitudes/NNS",,
sw09utt/sw_0930_2446.utt,2/sw2446,2446,74,sv,A,25,3,"{D like } sometimes when Americans go into foreign countries they tend to flaunt American things, Americanism, {F um, } consumer products, T V, the whole works. /","like/IN sometimes/RB when/WRB Americans/NNPS go/VBP into/IN foreign/JJ countries/NNS they/PRP tend/VBP to/TO flaunt/VB American/JJ things/NNS ,/, Americanism/NNP ,/, um/UH ,/, consumer/NN products/NNS ,/, T/NN V/NN ,/, the/DT whole/JJ works/NNS ./.",,
sw09utt/sw_0930_2446.utt,2/sw2446,2446,75,aa,B,26,1,"Yeah,  /","Yeah/UH ,/,",,
sw09utt/sw_0930_2446.utt,2/sw2446,2446,76,ba,B,26,2,I understand what you say.  /,I/PRP understand/VBP what/WP you/PRP say/VBP ./.,,
sw09utt/sw_0930_2446.utt,2/sw2446,2446,77,%,B,26,3,"There was a, {F uh, } - /","There/EX was/VBD a/DT ,/, uh/UH ,/,",,
sw09utt/sw_0930_2446.utt,2/sw2446,2446,78,sd,B,26,4,"the time that I was down there, I stayed quite [ a, + a ] bit at [ the, + {F uh, } {F uh, } one of the ] big hotels  (( San )) Salvador.  /","the/DT time/NN that/WDT I/PRP was/VBD down/IN there/RB ,/, I/PRP stayed/VBD quite/PDT a/DT ,/, a/DT bit/NN at/IN the/DT ,/, uh/UH ,/, uh/UH ,/, one/CD of/IN the/DT big/JJ hotels/NNS San/NNP Salvador/NNP ./.",,
sw09utt/sw_0930_2446.utt,2/sw2446,2446,79,sd,B,26,5,"{C And } at the time I thought there ought to be a law against American tourists.  Because they, for the most part, tend to be the most obnoxious [ as a, + as a ] group,  /","And/CC at/IN the/DT time/NN I/PRP thought/VBD there/EX ought/MD to/TO be/VB a/DT law/NN against/IN American/JJ tourists/NNS ./. Because/IN they/PRP ,/, for/IN the/DT most/JJS part/NN ,/, tend/VBP to/TO be/VB the/DT most/RBS obnoxious/JJ as/IN a/DT ,/, as/IN a/DT group/NN ,/,",,
sw09utt/sw_0930_2446.utt,2/sw2446,2446,80,sd,B,26,6,"{C and } I saw this in Panama also, /","and/CC I/PRP saw/VBD this/DT in/NN Panama/NNP also/RB ,/,",,
sw09utt/sw_0930_2446.utt,2/sw2446,2446,81,b,A,27,1,Uh-huh. /,Uh-huh/UH ./.,,
sw09utt/sw_0930_2446.utt,2/sw2446,2446,82,sv,B,28,1,"{F uh, } {F oh, } {D you know, } [ it's, + it's ] [ the, + {F uh, } the ] almost stereotype, {D you know, }  /","uh/UH ,/, oh/UH ,/, you/PRP know/VBP ,/, it/PRP 's/BES ,/, it/PRP 's/BES the/DT ,/, uh/UH ,/, the/DT almost/JJ stereotype/NN ,/, you/PRP know/VBP ,/,",,
sw09utt/sw_0930_2446.utt,2/sw2446,2446,83,sv,B,28,2,"flowery shirt, shorts, camera hanging around their neck, {D you know, } demanding (( this, that and the other ))  thing, {D you know, }  /","flowery/JJ shirt/NN ,/, shorts/NNS ,/, camera/NN hanging/VBG around/IN their/PRP$ neck/NN ,/, you/PRP know/VBP ,/, demanding/VBG this/DT ,/, that/DT and/CC the/DT other/JJ thing/NN ,/, you/PRP know/VBP ,/,",,
sw09utt/sw_0930_2446.utt,2/sw2446,2446,84,^q,B,28,3,"[ we're, + we're ] here,  /","we/PRP 're/VBP ,/, we/PRP 're/VBP here/RB ,/,",,
sw09utt/sw_0930_2446.utt,2/sw2446,2446,85,^q,B,28,4,"{C and } we want this,  /","and/CC we/PRP want/VBP this/DT ,/,",,
sw09utt/sw_0930_2446.utt,2/sw2446,2446,86,^q,B,28,5,"{C and } we want that,  /","and/CC we/PRP want/VBP that/IN ,/,",,
sw09utt/sw_0930_2446.utt,2/sw2446,2446,87,sd,B,28,6,"and that sort of thing,  /","and/CC that/DT sort/NN of/IN thing/NN ,/,",,
sw09utt/sw_0930_2446.utt,2/sw2446,2446,88,sd,B,28,7,"[ that's, + that's ] the stereotype that's very strong down there, {D you know, }  /","that/DT 's/BES ,/, that/DT 's/BES the/DT stereotype/NN that/WDT 's/BES very/RB strong/JJ down/IN there/RB ,/, you/PRP know/VBP ,/,",,
sw09utt/sw_0930_2446.utt,2/sw2446,2446,89,sd,B,28,8,"[ [ [ the, + the, ] + the, ] + {D you know, } that ] sort of thing,  /","the/DT ,/, the/DT ,/, the/DT ,/, you/PRP know/VBP ,/, that/DT sort/NN of/IN thing/NN ,/,",,
sw09utt/sw_0930_2446.utt,2/sw2446,2446,90,sd,B,28,9,"[ [ I, + I, ] + I ] believe those of us who were working down there, got a little bit more appreciation for, {D you know, } the local, {F uh, } culture  ((   ))  /","I/PRP ,/, I/PRP ,/, I/PRP believe/VBP those/DT of/IN us/PRP who/WP were/VBD working/VBG down/IN there/RB ,/, got/VBD a/DT little/JJ bit/NN more/JJR appreciation/NN for/IN ,/, you/PRP know/VBP ,/, the/DT local/JJ ,/, uh/UH ,/, culture/NN MUMBLEx/XX",,
sw09utt/sw_0930_2446.utt,2/sw2446,2446,91,sd,B,28,10,"I really don't believe that we were quite that bad,  /","I/PRP really/RB do/VBP n't/RB believe/VB that/IN we/PRP were/VBD quite/RB that/RB bad/JJ ,/,",,
sw09utt/sw_0930_2446.utt,2/sw2446,2446,92,sd,B,28,11,"{C but } yet they were having to deal directly [ with, + {F uh, } {D you know, } with ] [ the, + {F uh, } the ] local people. /","but/CC yet/RB they/PRP were/VBD having/VBG to/TO deal/VB directly/RB with/IN ,/, uh/UH ,/, you/PRP know/VBP ,/, with/IN the/DT ,/, uh/UH ,/, the/DT local/JJ people/NNS ./.",,
sw09utt/sw_0930_2446.utt,2/sw2446,2446,93,b,A,29,1,"Uh-huh,  /","Uh-huh/UH ,/,",,
sw09utt/sw_0930_2446.utt,2/sw2446,2446,94,b^r,A,29,2,uh-huh. /,uh-huh/UH ./.,,
sw09utt/sw_0930_2446.utt,2/sw2446,2446,95,fe,B,30,1,"[ {C And, } + {F uh, } {C but } ] boy  /","And/CC ,/, uh/UH ,/, but/CC boy/UH",,
sw09utt/sw_0930_2446.utt,2/sw2446,2446,96,sd,B,30,2,"[ there is a, + there is [ a bad, + {F uh, } {F uh, } {D you know, } the old ] ] brash or ugly American-type,","there/EX is/VBZ a/DT ,/, there/EX is/VBZ a/DT bad/JJ ,/, uh/UH ,/, uh/UH ,/, you/PRP know/VBP ,/, the/DT old/JJ brash/JJ or/CC ugly/JJ American-type/NNP ,/,",,
sw09utt/sw_0930_2446.utt,2/sw2446,2446,97,b,A,31,1,Uh-huh. /,Uh-huh/UH ./.,,
sw09utt/sw_0930_2446.utt,2/sw2446,2446,98,+,B,32,1,situation.  /,situation/NN ./.,,
sw09utt/sw_0930_2446.utt,2/sw2446,2446,99,sd(^q),B,32,2,"{C And } I saw incidences in the hotel where I just wanted to go  over and crawl in the corner and say, {F oh, } my God  /","And/CC I/PRP saw/VBD incidences/NNS in/IN the/DT  hotel/NN where/WRB I/PRP just/RB wanted/VBD to/TO go/VB over/RB and/CC crawl/VB in/IN the/DT corner/NN and/CC say/VB ,/, oh/UH ,/, my/PRP$ God/NNP",,
sw09utt/sw_0930_2446.utt,2/sw2446,2446,100,^q,B,32,3,"[ those are, + those are ] not Americans <laughter>  /","those/DT are/VBP ,/, those/DT are/VBP not/RB Americans/NNPS",,
sw09utt/sw_0930_2446.utt,2/sw2446,2446,101,^q,B,32,4,they can't be. /,they/PRP ca/MD n't/RB be/VB ./.,,
sw09utt/sw_0930_2446.utt,2/sw2446,2446,102,b,A,33,1,Right. /,Right/UH ./.,,
sw09utt/sw_0930_2446.utt,2/sw2446,2446,103,^q,B,34,1,{C But } there are  /,But/CC there/EX are/VBP,,
sw09utt/sw_0930_2446.utt,2/sw2446,2446,104,sd,B,34,2,"{C and, } {F uh, } of course, {D now } [ [ I, + I do have to, ] + I remember ] one case where we had some Canadians in there who were every bit as bad,  /","and/CC ,/, uh/UH ,/, of/IN course/NN ,/, now/UH I/PRP ,/, I/PRP do/VBP have/VB to/TO ,/, I/PRP remember/VBP one/CD case/NN where/WRB we/PRP had/VBD some/DT Canadians/NNPS in/IN there/RB who/WP were/VBD every/DT bit/NN as/RB bad/JJ ,/,",,
sw09utt/sw_0930_2446.utt,2/sw2446,2446,105,sd,B,34,3,"{C but } {E I mean, } [ it, + I think it's ] just kind of the North American situation  ((   )) .  /","but/CC I/PRP mean/VBP ,/, it/PRP ,/, I/PRP think/VBP it/PRP 's/BES just/RB kind/RB of/RB the/DT North/JJ American/JJ situation/NN MUMBLEx/XX ./.",,
sw09utt/sw_0930_2446.utt,2/sw2446,2446,106,sd,B,34,4,In Panama they've been used to Americans down there for so darn long  /,In/IN Panama/NNP they/PRP 've/VBP been/VBN used/VBN to/IN Americans/NNPS down/IN there/RB for/IN so/RB darn/JJ long/JJ,,
sw09utt/sw_0930_2446.utt,2/sw2446,2446,107,sd,B,34,5,"{C but } I didn't see quite as much of that sort of thing, as Panamanians are just about [ [ as +  <laughter>, as, ] + {F uh, } as ]  ((   ))  as Americans, as far as, {F uh, } creature comforts, {D you know, }  /","but/CC I/PRP did/VBD n't/RB see/VB quite/RB as/RB much/JJ of/IN that/DT sort/NN of/IN thing/NN ,/, as/IN Panamanians/NNS are/VBP just/RB about/RB as/RB ,/, as/RB ,/, uh/UH ,/, as/RB MUMBLEx/XX as/IN Americans/NNPS ,/, as/RB far/RB as/IN ,/, uh/UH ,/, creature/NN comforts/NNS ,/, you/PRP know/VBP ,/,",,
sw09utt/sw_0930_2446.utt,2/sw2446,2446,108,%,B,34,6,"[ [ they're, + {F uh, } they're, ] + they're ] every bit, {F uh, } - /","they/PRP 're/VBP ,/, uh/UH ,/, they/PRP 're/VBP ,/, they/PRP 're/VBP every/DT bit/NN ,/, uh/UH ,/,",,
sw09utt/sw_0930_2446.utt,2/sw2446,2446,109,sd,B,34,7,"[ I, + I ] know, when, [ my, + my ] son was in the Air Force - /","I/PRP ,/, I/PRP know/VBP ,/, when/WRB ,/, my/PRP$ ,/, my/PRP$ son/NN was/VBD in/IN the/DT Air/NNP Force/NNP",,
sw09utt/sw_0930_2446.utt,2/sw2446,2446,110,sd,B,34,8,"{C and } he was stationed in Panama,  /","and/CC he/PRP was/VBD stationed/VBN in/IN Panama/NNP ,/,",,
sw09utt/sw_0930_2446.utt,2/sw2446,2446,111,sd,B,34,9,"{C and } he married a Panamanian girl,  /","and/CC he/PRP married/VBD a/DT Panamanian/JJ girl/NN ,/,",,
sw09utt/sw_0930_2446.utt,2/sw2446,2446,112,sd,B,34,10,"{C and } when she came up here, {F uh, } {D you know, } - /","and/CC when/WRB she/PRP came/VBD up/IN here/RB ,/, uh/UH ,/, you/PRP know/VBP ,/,",,
sw09utt/sw_0930_2446.utt,2/sw2446,2446,113,sd,B,34,11,"[ she's, + [ [ y-, + kn-, ] + except ] for the language situation, some of the  (( cultures ))  she's ] just about an American,","she/PRP 's/BES ,/, y-/XX ,/, kn-/XX ,/, except/IN for/IN the/DT language/NN situation/NN ,/, some/DT of/IN the/DT cultures/NNS she/PRP 's/BES just/RB about/RB an/DT American/NNP ,/,",,
sw09utt/sw_0930_2446.utt,2/sw2446,2446,114,b,A,35,1,Uh-huh. /,Uh-huh/UH ./.,,
sw09utt/sw_0930_2446.utt,2/sw2446,2446,115,+,B,36,1,"{D you know, } [ is + as ] far as T V [ and, + and, ] {D you know, } [ the, + the ] moneymaking part of it and all that,  /","you/PRP know/VBP ,/, is/VBZ as/RB far/RB as/IN T/NN V/NN and/CC ,/, and/CC ,/, you/PRP know/VBP ,/, the/DT ,/, the/DT moneymaking/NN part/NN of/IN it/PRP and/CC all/PDT that/DT ,/,",,
sw09utt/sw_0930_2446.utt,2/sw2446,2446,116,sd,B,36,2,"matter of fact if anything, she's worse. /","matter/NN of/IN fact/NN if/IN anything/NN ,/, she/PRP 's/BES worse/JJR ./.",,
sw09utt/sw_0930_2446.utt,2/sw2446,2446,117,b,A,37,1,"Uh-huh,  /","Uh-huh/UH ,/,",,
sw09utt/sw_0930_2446.utt,2/sw2446,2446,118,b^r,A,37,2,uh-huh <<very faint>>. /,uh-huh/UH ./.,,
sw09utt/sw_0930_2446.utt,2/sw2446,2446,119,sd,B,38,1,"<Laughter> {C But, } {F uh, } {F uh, } [ [ it, + it just, ] + there's ] little  (( enclaves ))  down there where, {D you know, } Americans  (( have ))  a lot of influence  /","But/CC ,/, uh/UH ,/, uh/UH ,/, it/PRP ,/, it/PRP just/RB ,/, there/EX 's/BES little/JJ enclaves/NNS down/IN there/RB where/WRB ,/, you/PRP know/VBP ,/, Americans/NNPS have/VBP a/DT lot/NN of/IN influence/NN",,
sw09utt/sw_0930_2446.utt,2/sw2446,2446,120,sd,B,38,2,"{C and } the local population kind of, {F um, } {D you know, } sort of accepts that,  /","and/CC the/DT local/JJ population/NN kind/RB of/RB ,/, um/UH ,/, you/PRP know/VBP ,/, sort/RB of/RB accepts/VBZ that/DT ,/,",,
sw09utt/sw_0930_2446.utt,2/sw2446,2446,121,sd,B,38,3,"{C but } I've also seen the other side of it, too. /","but/CC I/PRP 've/VBP also/RB seen/VBN the/DT other/JJ side/NN of/IN it/PRP ,/, too/RB ./.",,
sw09utt/sw_0930_2446.utt,2/sw2446,2446,122,b,A,39,1,Uh-huh <<very faint>>. /,Uh-huh/UH ./.,,
sw09utt/sw_0930_2446.utt,2/sw2446,2446,123,qy,B,40,1,"{D Well, } you were in Peru? /","Well/UH ,/, you/PRP were/VBD in/IN Peru/NNP ?/.",,
sw09utt/sw_0930_2446.utt,2/sw2446,2446,124,ny,A,41,1,"Yeah,  /","Yeah/UH ,/,",,
sw09utt/sw_0930_2446.utt,2/sw2446,2446,125,sd^e,A,41,2,"I was in Peru,  /","I/PRP was/VBD in/IN Peru/NNP ,/,",,
sw09utt/sw_0930_2446.utt,2/sw2446,2446,126,sd,A,41,3,"{C but, } {F um, } [ [ I, + there weren't, as I recall, ] + {E or at least } I wasn't aware of ] that many Americans there except for a very heavy concentration of Peace Corps volunteers, /","but/CC ,/, um/UH ,/, I/PRP ,/, there/EX were/VBD n't/RB ,/, as/IN I/PRP recall/VBP ,/, or/CC at/IN least/JJS I/PRP was/VBD n't/RB aware/JJ of/IN that/RB many/JJ Americans/NNPS there/RB except/IN for/IN a/DT very/RB heavy/JJ concentration/NN of/IN Peace/NNP Corps/NNP volunteers/NNS ,/,",,
sw09utt/sw_0930_2446.utt,2/sw2446,2446,127,b,B,42,1,Uh-huh <<very faint>>. /,Uh-huh/UH ./.,,
sw09utt/sw_0930_2446.utt,2/sw2446,2446,128,sd,A,43,1,"this was when the Peace Corps first are started, /","this/DT was/VBD when/WRB the/DT Peace/NNP Corps/NNP first/RB are/VBP started/VBN ,/,",,
sw09utt/sw_0930_2446.utt,2/sw2446,2446,129,b,B,44,1,Uh-huh. /,Uh-huh/UH ./.,,
sw09utt/sw_0930_2446.utt,2/sw2446,2446,130,sd,A,45,1,{C and } it was one of the big targets  /,and/CC it/PRP was/VBD one/CD of/IN the/DT big/JJ targets/NNS,,
sw09utt/sw_0930_2446.utt,2/sw2446,2446,131,sd,A,45,2,"{C and, } {F um, } [ I don't, + I don't ] think, at that time, at least, Peace Corps was, {F uh, } an obnoxious group in the sense [ that, + that ] we were very controlled regarding number of days off  /","and/CC ,/, um/UH ,/, I/PRP do/VBP n't/RB ,/, I/PRP do/VBP n't/RB think/VB ,/, at/IN that/DT time/NN ,/, at/IN least/JJS ,/, Peace/NNP Corps/NNP was/VBD ,/, uh/UH ,/, an/DT obnoxious/JJ group/NN in/IN the/DT sense/NN that/IN ,/, that/IN we/PRP were/VBD very/RB controlled/VBN regarding/VBG number/NN of/IN days/NNS off/RP",,
sw09utt/sw_0930_2446.utt,2/sw2446,2446,132,sd,A,45,3,"[ {C and, } +","and/CC ,/,",,
sw09utt/sw_0930_2446.utt,2/sw2446,2446,133,b,B,46,1,Oh. /,Oh/UH ./.,,
sw09utt/sw_0930_2446.utt,2/sw2446,2446,134,+,A,47,1,"{C and } ] you couldn't just, [ take up, + take off ] and leave your group and go explore [ and, + and ] things like that, /","and/CC you/PRP could/MD n't/RB just/RB ,/, take/VB up/RP ,/, take/VB off/RP and/CC leave/VB your/PRP$ group/NN and/CC go/VB explore/VB and/CC ,/, and/CC things/NNS like/IN that/DT ,/,",,
sw09utt/sw_0930_2446.utt,2/sw2446,2446,135,b,B,48,1,Uh-huh. /,Uh-huh/UH ./.,,
sw09utt/sw_0930_2446.utt,2/sw2446,2446,136,sd,A,49,1,"[ {C but, } + {C and } ] I was working actually in the savings and loan program,  /","but/CC ,/, and/CC I/PRP was/VBD working/VBG actually/UH in/IN the/DT savings/NNS and/CC loan/NN program/NN ,/,",,
sw09utt/sw_0930_2446.utt,2/sw2446,2446,137,sd,A,49,2,"{C so, } that was quite specialized,  /","so/RB ,/, that/DT was/VBD quite/RB specialized/JJ ,/,",,
sw09utt/sw_0930_2446.utt,2/sw2446,2446,138,sd,A,49,3,"although I was living in the slums, I was really working with the middle class. /","although/IN I/PRP was/VBD living/VBG in/IN the/DT slums/NNS ,/, I/PRP was/VBD really/RB working/VBG with/IN the/DT middle/NN class/NN ./.",,
sw09utt/sw_0930_2446.utt,2/sw2446,2446,139,b,B,50,1,Uh-huh <<very faint>>.  /,Uh-huh/UH ./.,,
sw09utt/sw_0930_2446.utt,2/sw2446,2446,140,qw,B,50,2,"[ What, + {F uh, } what ] area  (( did ))  you live in? /","What/WP ,/, uh/UH ,/, what/WP area/NN did/VBD you/PRP live/VB in/IN ?/.",,
sw09utt/sw_0930_2446.utt,2/sw2446,2446,141,sd,A,51,1,I was up in  (( Arequipa )) . /,I/PRP was/VBD up/IN in/IN Arequipa/NNP ./.,,
sw09utt/sw_0930_2446.utt,2/sw2446,2446,142,bk,B,52,1,"(( {F Oh, } okay ))  /","Oh/UH ,/, okay/UH",,
sw09utt/sw_0930_2446.utt,2/sw2446,2446,143,%,B,52,2,yeah. /,yeah/UH ./.,,
sw09utt/sw_0930_2446.utt,2/sw2446,2446,144,%,A,53,1,"{C And, } {F um } <<very faint>>, -/","And/CC ,/, um/UH ,/,",,
sw09utt/sw_0930_2446.utt,2/sw2446,2446,145,sd,B,54,1,I've heard of it. /,I/PRP 've/VBP heard/VBN of/IN it/PRP ./.,,
sw09utt/sw_0930_2446.utt,2/sw2446,2446,146,b,A,55,1,Uh-huh <<very faint>>  /,Uh-huh/UH,,
sw09utt/sw_0930_2446.utt,2/sw2446,2446,147,%,A,55,2,{C so. } -/,so/UH ./.,,
sw09utt/sw_0930_2446.utt,2/sw2446,2446,148,qy,B,56,1,"{D Well, } [ [ is, + are they, ] + is Peace Corps ] still active down in there? /","Well/UH ,/, is/VBZ ,/, are/VBP they/PRP ,/, is/VBZ Peace/NNP Corps/NNP still/RB active/JJ down/IN in/IN there/RB ?/.",,
sw09utt/sw_0930_2446.utt,2/sw2446,2446,149,no,A,57,1,"I don't have any idea, {F um, }  /","I/PRP do/VBP n't/RB have/VB any/DT idea/NN ,/, um/UH ,/,",,
sw09utt/sw_0930_2446.utt,2/sw2446,2446,150,ng,A,57,2,"probably not,  /","probably/RB not/RB ,/,",,
sw09utt/sw_0930_2446.utt,2/sw2446,2446,151,sd,A,57,3,"{E I mean, } [ there were thir-, + I was, {F uh, } [ Per-, + Peru ] thirteen, ] which meant there were twelve groups before mine,","I/PRP mean/VBP ,/, there/EX were/VBD thir-/CD ,/, I/PRP was/VBD ,/, uh/UH ,/, Per-/XX ,/, Peru/NNP thirteen/CD ,/, which/WDT meant/VBD there/EX were/VBD twelve/CD groups/NNS before/IN mine/PRP ,/,",,
sw09utt/sw_0930_2446.utt,2/sw2446,2446,152,b,B,58,1,Uh-huh. /,Uh-huh/UH ./.,,
sw09utt/sw_0930_2446.utt,2/sw2446,2446,153,+,A,59,1,that had gone in  /,that/WDT had/VBD gone/VBN in/RB,,
sw09utt/sw_0930_2446.utt,2/sw2446,2446,154,sd,A,59,2,"[ {C and, } + {C and } ] some of them were quite big in the sense they were community development,  /","and/CC ,/, and/CC some/DT of/IN them/PRP were/VBD quite/RB big/JJ in/IN the/DT sense/NN they/PRP were/VBD community/NN development/NN ,/,",,
sw09utt/sw_0930_2446.utt,2/sw2446,2446,155,sd,A,59,3,"{C and } they were building schools and doing co-ops and things like that,  /","and/CC they/PRP were/VBD building/VBG schools/NNS and/CC doing/VBG co-ops/NN and/CC things/NNS like/IN that/DT ,/,",,
sw09utt/sw_0930_2446.utt,2/sw2446,2446,156,sd,A,59,4,"health, {F um, } inoculation [ and, + and ] things. /","health/NN ,/, um/UH ,/, inoculation/NN and/CC ,/, and/CC things/NNS ./.",,
sw09utt/sw_0930_2446.utt,2/sw2446,2446,157,qy,B,60,1,"{F Oh, } has those influences lasted  ((   ))  /","Oh/UH ,/, has/VBZ those/DT influences/NNS lasted/VBN MUMBLEx/XX",,
sw09utt/sw_0930_2446.utt,2/sw2446,2446,158,qy,B,60,2,"do you know whether [ the, + the ] things [ that, + that ] you and your groups before you did, [ did those, + did those ] live on  /","do/VBP you/PRP know/VB whether/IN the/DT ,/, the/DT things/NNS that/WDT ,/, that/WDT you/PRP and/CC your/PRP$ groups/NNS before/IN you/PRP did/VBD ,/, did/VBD those/DT ,/, did/VBD those/DT live/VB on/RP",,
sw09utt/sw_0930_2446.utt,2/sw2446,2446,159,qrr,B,60,3,{C or } were they reabsorbed  /,or/CC were/VBD they/PRP reabsorbed/VBN,,
sw09utt/sw_0930_2446.utt,2/sw2446,2446,160,%,B,60,4,"{C or } how, -/","or/CC how/WRB ,/,",,
sw09utt/sw_0930_2446.utt,2/sw2446,2446,161,nn,A,61,1,"No,  /","No/UH ,/,",,
sw09utt/sw_0930_2446.utt,2/sw2446,2446,162,nn^r,A,61,2,"no,  /","no/UH ,/,",,
sw09utt/sw_0930_2446.utt,2/sw2446,2446,163,sd^e,A,61,3,I believe they did  /,I/PRP believe/VBP they/PRP did/VBD,,
sw09utt/sw_0930_2446.utt,2/sw2446,2446,164,sd,A,61,4,"{C because, } {F um, } [ some of, + some of ] [ the, + the ] Peace Corps, {F uh, } that I knew of, did marry Peruvians,","because/IN ,/, um/UH ,/, some/DT of/IN ,/, some/DT of/IN the/DT ,/, the/DT Peace/NNP Corps/NNP ,/, uh/UH ,/, that/WDT I/PRP knew/VBD of/IN ,/, did/VBD marry/VB Peruvians/NNPS ,/,",,
sw09utt/sw_0930_2446.utt,2/sw2446,2446,165,b,B,62,1,Uh-huh <<very faint>>. /,Uh-huh/UH ./.,,
sw09utt/sw_0930_2446.utt,2/sw2446,2446,166,+,A,63,1,and have been back  /,and/CC have/VBP been/VBN back/RB,,
sw09utt/sw_0930_2446.utt,2/sw2446,2446,167,sd,A,63,2,"{C and } every now and then some news filters in that they went to see some of the old things,  /","and/CC every/DT now/RB and/CC then/RB some/DT news/NN filters/VBP in/RB that/WDT they/PRP went/VBD to/TO see/VB some/DT of/IN the/DT old/JJ things/NNS ,/,",,
sw09utt/sw_0930_2446.utt,2/sw2446,2446,168,sd,A,63,3,"and of course, the savings and loan program, {F um, } [ [ [ that was, + that, ] + {D you know, } that, ] + that ] just continued to grow.  /","and/CC of/IN course/NN ,/, the/DT savings/NNS and/CC loan/NN program/NN ,/, um/UH ,/, that/DT was/VBD ,/, that/DT ,/, you/PRP know/VBP ,/, that/DT ,/, that/DT just/RB continued/VBD to/TO grow/VB ./.",,
sw09utt/sw_0930_2446.utt,2/sw2446,2446,169,sd,A,63,4,"In fact, after my group, - /","In/IN fact/NN ,/, after/IN my/PRP$ group/NN ,/,",,
sw09utt/sw_0930_2446.utt,2/sw2446,2446,170,sd,A,63,5,"{E I mean, } we were just a very small specialized group, too, to get that going and spread  /","I/PRP mean/VBP ,/, we/PRP were/VBD just/RB a/DT very/RB small/JJ specialized/JJ group/NN ,/, too/RB ,/, to/TO get/VB that/DT going/VBG and/CC spread/VBN",,
sw09utt/sw_0930_2446.utt,2/sw2446,2446,171,sd,A,63,6,"{C and then, } of course, Peace Corps bowed out of that because that's, {F uh, } {F uh, } something that nationalized very quickly. /","and/CC then/RB ,/, of/IN course/NN ,/, Peace/NNP Corps/NNP bowed/VBD out/IN of/IN that/DT because/IN that/DT 's/BES ,/, uh/UH ,/, uh/UH ,/, something/NN that/WDT nationalized/VBD very/RB quickly/RB ./.",,
sw09utt/sw_0930_2446.utt,2/sw2446,2446,172,b,B,64,1,Uh-huh. /,Uh-huh/UH ./.,,
sw09utt/sw_0930_2446.utt,2/sw2446,2446,173,sd,A,65,1,And the same with the co-ops. /,And/CC the/DT same/JJ with/IN the/DT co-ops/NNS ./.,,
sw09utt/sw_0930_2446.utt,2/sw2446,2446,174,bf,B,66,1,"{D Well, } [ that's, + that ] was kind of [ the, + the ] aim wasn't it, to get it started and then have it,","Well/UH ,/, that/DT 's/BES ,/, that/WDT was/VBD kind/RB of/RB the/DT ,/, the/DT aim/NN was/VBD n't/RB it/PRP ,/, to/TO get/VB it/PRP started/VBN and/CC then/RB have/VB it/PRP ,/,",,
sw09utt/sw_0930_2446.utt,2/sw2446,2446,175,aa,A,67,1,Right. /,Right/UH ./.,,
sw09utt/sw_0930_2446.utt,2/sw2446,2446,176,+,B,68,1,"taken up by the, - /","taken/VBN up/RP by/IN the/DT ,/,",,
sw09utt/sw_0930_2446.utt,2/sw2446,2446,177,%,B,68,2,"{F oh, } okay,  /","oh/UH ,/, okay/UH ,/,",,
sw09utt/sw_0930_2446.utt,2/sw2446,2446,178,%,B,68,3,"[ o-, + ] {D so, } {D you know, } {D well, } that's, - /","o-/XX ,/, so/RB ,/, you/PRP know/VBP ,/, well/UH ,/, that/DT 's/BES ,/,",,
sw09utt/sw_0930_2446.utt,2/sw2446,2446,179,sd,B,68,4,"I had wondered sometimes,  /","I/PRP had/VBD wondered/VBN sometimes/RB ,/,",,
sw09utt/sw_0930_2446.utt,2/sw2446,2446,180,sd,B,68,5,"I knew that there was [ a lot of, + a lot of ] effort  /","I/PRP knew/VBD that/IN there/EX was/VBD a/DT lot/NN of/IN ,/, a/DT lot/NN of/IN effort/NN",,
sw09utt/sw_0930_2446.utt,2/sw2446,2446,181,sv,B,68,6,"{C and } a lot of work went into a lot of that,  /","and/CC a/DT lot/NN of/IN work/NN went/VBD into/IN a/DT lot/NN of/IN that/DT ,/,",,
sw09utt/sw_0930_2446.utt,2/sw2446,2446,182,sd,B,68,7,"{C and } I just wondered [ if, + if ] it lasted, and if it took, {D you know, }  /","and/CC I/PRP just/RB wondered/VBD if/IN ,/, if/IN it/PRP lasted/VBD ,/, and/CC if/IN it/PRP took/VBD ,/, you/PRP know/VBP ,/,",,
sw09utt/sw_0930_2446.utt,2/sw2446,2446,183,%,B,68,8,"{D like, }","like/UH ,/,",,
sw09utt/sw_0930_2446.utt,2/sw2446,2446,184,b,A,69,1,Uh-huh <<very faint>>. /,Uh-huh/UH ./.,,
sw09utt/sw_0930_2446.utt,2/sw2446,2446,185,+,B,70,1,"{F uh, } r-, -/","uh/UH ,/, r-/XX ,/,",,
sw09utt/sw_0930_2446.utt,2/sw2446,2446,186,b,A,71,1,"Yeah,  /","Yeah/UH ,/,",,
sw09utt/sw_0930_2446.utt,2/sw2446,2446,187,sd,A,71,2,"[ I've, + {D you know, } some of the programs I would have ] concern about like,  {F um, } the language teaching, {D you know, }  /","I/PRP 've/VBP ,/, you/PRP know/VBP ,/, some/DT of/IN the/DT programs/NNS I/PRP would/MD have/VB concern/NN about/IN like/IN ,/, um/UH ,/, the/DT language/NN teaching/VBG ,/, you/PRP know/VBP ,/,",,
sw09utt/sw_0930_2446.utt,2/sw2446,2446,188,qh,A,71,3,"{E I mean, } why should we push English, /","I/PRP mean/VBP ,/, why/WRB should/MD we/PRP push/VB English/NNP ,/,",,
sw09utt/sw_0930_2446.utt,2/sw2446,2446,189,b,B,72,1,Uh-huh <<very faint>>. /,Uh-huh/UH ./.,,
sw09utt/sw_0930_2446.utt,2/sw2446,2446,190,sd,A,73,1,{C and } a lot of people were down there teaching English  /,and/CC a/DT lot/NN of/IN people/NNS were/VBD down/IN there/RB teaching/VBG English/NNP,,
sw09utt/sw_0930_2446.utt,2/sw2446,2446,191,sd,A,73,2,"{C and } when they talked about Hungary or someplace, one of the eastern  (( law ))  countries requesting  Peace Corps to teach language, {D you know, } to me that's a little bit marginal.  /","and/CC when/WRB they/PRP talked/VBD about/IN Hungary/NNP or/CC someplace/RB ,/, one/CD of/IN the/DT eastern/JJ law/NN  countries/NNS requesting/VBG Peace/NNP Corps/NNP to/TO teach/VB language/NN ,/, you/PRP know/VBP ,/, to/IN me/PRP that/DT 's/BES a/DT little/JJ bit/NN marginal/JJ ./.",,
sw09utt/sw_0930_2446.utt,2/sw2446,2446,192,sd,A,73,3,"I did teach economics at the university one night a week,  /","I/PRP did/VBD teach/VB economics/NNS at/IN the/DT university/NN one/CD night/NN a/DT week/NN ,/,",,
sw09utt/sw_0930_2446.utt,2/sw2446,2446,193,sd,A,73,4,"{C and } the textbook was in English,  /","and/CC the/DT textbook/NN was/VBD in/IN English/NNP ,/,",,
sw09utt/sw_0930_2446.utt,2/sw2446,2446,194,sd,A,73,5,"{C but } basically I taught it in Spanish,","but/CC basically/RB I/PRP taught/VBD it/PRP in/IN Spanish/NNP ,/,",,
sw09utt/sw_0930_2446.utt,2/sw2446,2446,195,b,B,74,1,Oh. /,Oh/UH ./.,,
sw09utt/sw_0930_2446.utt,2/sw2446,2446,196,+,A,75,1,"because, {E I mean, } I really didn't see the point in their knowing stuff (( rotely ))  and writing it on a test. /","because/IN ,/, I/PRP mean/VBP ,/, I/PRP really/RB did/VBD n't/RB see/VB the/DT point/NN in/IN their/PRP$ knowing/VBG stuff/NN rotely/RB and/CC writing/VBG it/PRP on/IN a/DT test/NN ./.",,
sw09utt/sw_0930_2446.utt,2/sw2446,2446,197,aa,B,76,1,"Yeah,  /","Yeah/UH ,/,",,
sw09utt/sw_0930_2446.utt,2/sw2446,2446,198,sd,B,76,2,"my brother-in-law teaches at, {F uh, } Northern Illinois University  /","my/PRP$ brother-in-law/NN teaches/VBZ at/IN ,/, uh/UH ,/, Northern/NNP Illinois/NNP University/NNP",,
sw09utt/sw_0930_2446.utt,2/sw2446,2446,199,sd,B,76,3,"{C and } they were in China, {D here } a couple of years ago,  /","and/CC they/PRP were/VBD in/IN China/NNP ,/, here/UH a/DT couple/NN of/IN years/NNS ago/RB ,/,",,
sw09utt/sw_0930_2446.utt,2/sw2446,2446,200,sd,B,76,4,"{C and } he was over there at, {F uh, } the University of  (( Shah ))  [ and, + and ] teaching ... -/","and/CC he/PRP was/VBD over/IN there/RB at/IN ,/, uh/UH ,/, the/DT University/NNP of/IN Shah/NNP and/CC ,/, and/CC teaching/VBG .../:",,
