swda_filename,ptb_basename,conversation_no,transcript_index,act_tag,caller,utterance_index,subutterance_index,text,pos,trees,ptb_treenumbers
sw09utt/sw_0929_2344.utt,2/sw2344,2344,0,fp,B,1,1,Hello /,Hello/UH,,
sw09utt/sw_0929_2344.utt,2/sw2344,2344,1,fp,A,2,1,Hi /,Hi/UH,,
sw09utt/sw_0929_2344.utt,2/sw2344,2344,2,fp^m,B,3,1,"Hi, /","Hi/UH ,/,",,
sw09utt/sw_0929_2344.utt,2/sw2344,2344,3,fp,A,4,1,"My name's Ken, /","My/PRP$ name/NN 's/BES Ken/NNP ,/,",,
sw09utt/sw_0929_2344.utt,2/sw2344,2344,4,fp,B,5,1,"Hi Ken,  /","Hi/UH Ken/NNP ,/,",,
sw09utt/sw_0929_2344.utt,2/sw2344,2344,5,fp,B,5,2,my name's Diane. /,my/PRP$ name/NN 's/BES Diane/NNP ./.,,
sw09utt/sw_0929_2344.utt,2/sw2344,2344,6,qy,A,6,1,"{C And, } {F um, } you're in Texas,  /","And/CC ,/, um/UH ,/, you/PRP 're/VBP in/IN Texas/NNP ,/,",,
sw09utt/sw_0929_2344.utt,2/sw2344,2344,7,^g,A,6,2,right? /,right/JJ ?/.,,
sw09utt/sw_0929_2344.utt,2/sw2344,2344,8,ny,B,7,1,"Yes,  /","Yes/UH ,/,",,
sw09utt/sw_0929_2344.utt,2/sw2344,2344,9,sd^e,B,7,2,I'm in San Antonio. /,I/PRP 'm/VBP in/IN San/NNP Antonio/NNP ./.,,
sw09utt/sw_0929_2344.utt,2/sw2344,2344,10,sv,A,8,1,Everybody's in Texas.  /,Everybody/NN 's/BES in/IN Texas/NNP ./.,,
sw09utt/sw_0929_2344.utt,2/sw2344,2344,11,fe,A,8,2,"God, /","God/NNP ,/,",,
sw09utt/sw_0929_2344.utt,2/sw2344,2344,12,x,B,9,1,<Laughter>.,,,
sw09utt/sw_0929_2344.utt,2/sw2344,2344,13,sd,A,10,1,"I'm in Rochester, New York.  /","I/PRP 'm/VBP in/IN Rochester/NNP ,/, New/NNP York/NNP ./.",,
sw09utt/sw_0929_2344.utt,2/sw2344,2344,14,sd,A,10,2,Everybody else but one has been in Texas. /,Everybody/NN else/RB but/CC one/CD has/VBZ been/VBN in/IN Texas/NNP ./.,,
sw09utt/sw_0929_2344.utt,2/sw2344,2344,15,b,B,11,1,Oh. /,Oh/UH ./.,,
sw09utt/sw_0929_2344.utt,2/sw2344,2344,16,b,A,12,1,"Okay,  /","Okay/UH ,/,",,
sw09utt/sw_0929_2344.utt,2/sw2344,2344,17,ad^t,A,12,2,{D well } I guess we should get on with this. /,well/UH I/PRP guess/VBP we/PRP should/MD get/VB on/RP with/IN this/DT ./.,,
sw09utt/sw_0929_2344.utt,2/sw2344,2344,18,aa,B,13,1,Okay. /,Okay/UH ./.,,
sw09utt/sw_0929_2344.utt,2/sw2344,2344,19,qy^t,A,14,1,"{F Um, } did you get the message about what it was,  /","Um/UH ,/, did/VBD you/PRP get/VB the/DT message/NN about/IN what/WP it/PRP was/VBD ,/,",,
sw09utt/sw_0929_2344.utt,2/sw2344,2344,20,^g,A,14,2,right. /,right/UH ./.,,
sw09utt/sw_0929_2344.utt,2/sw2344,2344,21,ny,B,15,1,Yes. /,Yes/UH ./.,,
sw09utt/sw_0929_2344.utt,2/sw2344,2344,22,bk,A,16,1,"Okay,  /","Okay/UH ,/,",,
sw09utt/sw_0929_2344.utt,2/sw2344,2344,23,ad^t,A,16,2,"go ahead,  /","go/VB ahead/RB ,/,",,
sw09utt/sw_0929_2344.utt,2/sw2344,2344,24,sd^t,A,16,3,I'm going to hit the button <beep>.  /,I/PRP 'm/VBP going/VBG to/TO hit/VB the/DT button/NN ./.,,
sw09utt/sw_0929_2344.utt,2/sw2344,2344,25,%,A,16,4,"Okay, {F um, }  /","Okay/UH ,/, um/UH ,/,",,
sw09utt/sw_0929_2344.utt,2/sw2344,2344,26,qy,A,16,5,do you think that the Soviet Union represents a threat to us? /,do/VBP you/PRP think/VB that/IN the/DT Soviet/NNP Union/NNP represents/VBZ a/DT threat/NN to/IN us/PRP ?/.,,
sw09utt/sw_0929_2344.utt,2/sw2344,2344,27,sv,B,17,1,"I think they'll always represent a threat [ wheth-, + whether ] or not there's an active cold war or not.  {F Uh, }  /","I/PRP think/VBP they/PRP 'll/MD always/RB represent/VB a/DT threat/NN wheth-/IN ,/, whether/IN or/CC not/RB there/EX 's/BES an/DT active/JJ cold/JJ war/NN or/CC not/RB ./. Uh/UH ,/,",,
sw09utt/sw_0929_2344.utt,2/sw2344,2344,28,sv,B,17,2,"[ it's, + it's ] a totally different economy based on different beliefs, [ and, + and, ] {F uh, } different priorities,  /","it/PRP 's/BES ,/, it/PRP 's/BES a/DT totally/RB different/JJ economy/NN based/VBN on/IN different/JJ beliefs/NNS ,/, and/CC ,/, and/CC ,/, uh/UH ,/, different/JJ priorities/NNS ,/,",,
sw09utt/sw_0929_2344.utt,2/sw2344,2344,29,sv,B,17,3,"{C and, } {F uh, } given [ the, + the, ] {F uh, } military powers on both sides, I think it's always a threat. /","and/CC ,/, uh/UH ,/, given/VBN the/DT ,/, the/DT ,/, uh/UH ,/, military/JJ powers/NNS on/IN both/DT sides/NNS ,/, I/PRP think/VBP it/PRP 's/BES always/RB a/DT threat/NN ./.",,
sw09utt/sw_0929_2344.utt,2/sw2344,2344,30,ba,A,18,1,That's interesting.  /,That/DT 's/BES interesting/JJ ./.,,
sw09utt/sw_0929_2344.utt,2/sw2344,2344,31,ar,A,18,2,"I don't,  /","I/PRP do/VBP n't/RB ,/,",,
sw09utt/sw_0929_2344.utt,2/sw2344,2344,32,sv,A,18,3,"[ I, + I ] suspect they're not our biggest threat anymore. /","I/PRP ,/, I/PRP suspect/VBP they/PRP 're/VBP not/RB our/PRP$ biggest/JJS threat/NN anymore/RB ./.",,
sw09utt/sw_0929_2344.utt,2/sw2344,2344,33,aa,B,19,1,"Probably not,  /","Probably/RB not/RB ,/,",,
sw09utt/sw_0929_2344.utt,2/sw2344,2344,34,aa,B,19,2,no. /,no/UH ./.,,
sw09utt/sw_0929_2344.utt,2/sw2344,2344,35,sv,A,20,1,I suspect it's probably some crazy man like Saddam Hussein --,I/PRP suspect/VBP it/PRP 's/BES probably/RB some/DT crazy/JJ man/NN like/IN Saddam/NNP Hussein/NNP --/:,,
sw09utt/sw_0929_2344.utt,2/sw2344,2344,36,b,B,21,1,Right. /,Right/UH ./.,,
sw09utt/sw_0929_2344.utt,2/sw2344,2344,37,+,A,22,1,"-- who's our biggest threat,  /","--/: who/WP 's/BES our/PRP$ biggest/JJS threat/NN ,/,",,
sw09utt/sw_0929_2344.utt,2/sw2344,2344,38,qw^d,A,22,2,"{C but, } {F um, } [ I wonder if they're, + I wonder how much of a threat they are. ]  /","but/CC ,/, um/UH ,/, I/PRP wonder/VBP if/IN they/PRP 're/VBP ,/, I/PRP wonder/VBP how/WRB much/JJ of/IN a/DT threat/NN they/PRP are/VBP ./.",,
sw09utt/sw_0929_2344.utt,2/sw2344,2344,39,aa,A,22,3,"I agree with you [ that, + that ] they'll always be somewhat of a threat given [ that they have, + that [ there's just, + it's just ] ] so  big,  /","I/PRP agree/VBP with/IN you/PRP that/IN ,/, that/IN they/PRP 'll/MD always/RB be/VB somewhat/RB of/IN a/DT threat/NN given/VBN that/IN they/PRP have/VBP ,/, that/IN there/EX 's/BES just/RB ,/, it/PRP 's/BES just/RB so/RB big/JJ ,/,",,
sw09utt/sw_0929_2344.utt,2/sw2344,2344,40,sv,A,22,4,{C and } there's just so much military machine there. /,and/CC there/EX 's/BES just/RB so/RB much/JJ military/JJ machine/NN there/RB ./.,,
sw09utt/sw_0929_2344.utt,2/sw2344,2344,41,aa,B,23,1,"Uh-huh,  /","Uh-huh/UH ,/,",,
sw09utt/sw_0929_2344.utt,2/sw2344,2344,42,sd,B,23,2,"[ {C and, } + {C and } ] it's recognized that the two great powers --","and/CC ,/, and/CC it/PRP 's/BES recognized/VBN that/IN the/DT two/CD great/JJ powers/NNS --/:",,
sw09utt/sw_0929_2344.utt,2/sw2344,2344,43,b,A,24,1,Right. /,Right/UH ./.,,
sw09utt/sw_0929_2344.utt,2/sw2344,2344,44,+,B,25,1,"-- are us and them,  /","--/: are/VBP us/PRP and/CC them/PRP ,/,",,
sw09utt/sw_0929_2344.utt,2/sw2344,2344,45,sv,B,25,2,"[ {C and, } + {C and } ] the great powers are always pitted against each other. /","and/CC ,/, and/CC the/DT great/JJ powers/NNS are/VBP always/RB pitted/VBN against/IN each/DT other/JJ ./.",,
sw09utt/sw_0929_2344.utt,2/sw2344,2344,46,qw^d,A,26,1,{C But } I wonder how much longer they're going to be [ a + them. ] /,But/CC I/PRP wonder/VBP how/WRB much/RB longer/RB they/PRP 're/VBP going/VBG to/TO be/VB a/DT them/PRP ./.,,
sw09utt/sw_0929_2344.utt,2/sw2344,2344,47,no,B,27,1,I don't know <laughter>.  /,I/PRP do/VBP n't/RB know/VB ./.,,
sw09utt/sw_0929_2344.utt,2/sw2344,2344,48,sv,B,27,2,"[ They, + they're ] going downhill pretty steady. /","They/PRP ,/, they/PRP 're/VBP going/VBG downhill/RB pretty/RB steady/RB ./.",,
sw09utt/sw_0929_2344.utt,2/sw2344,2344,49,b,A,28,1,Yeah. /,Yeah/UH ./.,,
sw09utt/sw_0929_2344.utt,2/sw2344,2344,50,aa,B,29,1,"{C But } [ I, + I ] agree right now they're not, - /","But/CC I/PRP ,/, I/PRP agree/VBP right/RB now/RB they/PRP 're/VBP not/RB ,/,",,
sw09utt/sw_0929_2344.utt,2/sw2344,2344,51,sv,B,29,2,I don't believe they're a large threat right now.  /,I/PRP do/VBP n't/RB believe/VB they/PRP 're/VBP a/DT large/JJ threat/NN right/RB now/RB ./.,,
sw09utt/sw_0929_2344.utt,2/sw2344,2344,52,sv,B,29,3,I think there's always some threat. /,I/PRP think/VBP there/EX 's/BES always/RB some/DT threat/NN ./.,,
sw09utt/sw_0929_2344.utt,2/sw2344,2344,53,aa,A,30,1,"Yeah,  /","Yeah/UH ,/,",,
sw09utt/sw_0929_2344.utt,2/sw2344,2344,54,aa,A,30,2,"{F oh, } I agree.  /","oh/UH ,/, I/PRP agree/VBP ./.",,
sw09utt/sw_0929_2344.utt,2/sw2344,2344,55,sv,A,30,3,"{E I mean, } [ [ if we were to, + if, ] + if ] something were to happen, I'm sure they would all of a sudden band together just [ for the sake of, + for the sake [ [ of, + {F uh, } of, ] + of ] ] unity against us or something --","I/PRP mean/VBP ,/, if/IN we/PRP were/VBD to/TO ,/, if/IN ,/, if/IN something/NN were/VBD to/TO happen/VB ,/, I/PRP 'm/VBP sure/JJ they/PRP would/MD all/DT of/IN a/DT sudden/JJ band/VB together/RB just/RB for/IN the/DT sake/NN of/IN ,/, for/IN the/DT sake/NN of/IN ,/, uh/UH ,/, of/IN ,/, of/IN unity/NN against/IN us/PRP or/CC something/NN --/:",,
sw09utt/sw_0929_2344.utt,2/sw2344,2344,56,b,B,31,1,"Yeah, /","Yeah/UH ,/,",,
sw09utt/sw_0929_2344.utt,2/sw2344,2344,57,+,A,32,1,"-- [ [ if, + if, ] + if ] need be.  /","--/: if/IN ,/, if/IN ,/, if/IN need/NN be/VB ./.",,
sw09utt/sw_0929_2344.utt,2/sw2344,2344,58,%,A,32,2,"{C But, } -/","But/CC ,/,",,
sw09utt/sw_0929_2344.utt,2/sw2344,2344,59,sd,B,33,1,"{D Actually } I feel kind of sorry for them right now, because the people [ [ are, + are, ] + are, ] {F uh, } wanting things that we have that they're not allow-, - /","Actually/UH I/PRP feel/VBP kind/RB of/RB sorry/JJ for/IN them/PRP right/RB now/RB ,/, because/IN the/DT people/NNS are/VBP ,/, are/VBP ,/, are/VBP ,/, uh/UH ,/, wanting/VBG things/NNS that/WDT we/PRP have/VBP that/WDT they/PRP 're/VBP not/RB allow-/XX ,/,",,
sw09utt/sw_0929_2344.utt,2/sw2344,2344,60,sd,B,33,2,"{E I mean, } just some basic freedoms,  /","I/PRP mean/VBP ,/, just/RB some/DT basic/JJ freedoms/NNS ,/,",,
sw09utt/sw_0929_2344.utt,2/sw2344,2344,61,sd,B,33,3,"[ {C and, } + {C and } ] their government is not allowing it,  /","and/CC ,/, and/CC their/PRP$ government/NN is/VBZ not/RB allowing/VBG it/PRP ,/,",,
sw09utt/sw_0929_2344.utt,2/sw2344,2344,62,sv,B,33,4,{C and } Gorbachev seems to be going back on some of the things that he's been trying to push. /,and/CC Gorbachev/NNP seems/VBZ to/TO be/VB going/VBG back/RB on/IN some/DT of/IN the/DT things/NNS that/WDT he/PRP 's/HVS been/VBN trying/VBG to/TO push/VB ./.,,
sw09utt/sw_0929_2344.utt,2/sw2344,2344,63,aa,A,34,1,"Yeah,  /","Yeah/UH ,/,",,
sw09utt/sw_0929_2344.utt,2/sw2344,2344,64,sd(^q),A,34,2,"{D actually } I noticed [ [ [ this + {E I mean, } + this, ] + this, ] + this ] most recent scare of his, where [ he said, + {E or } he just decided ] that [ [ instead of having, + {F uh, } instead of having, ] + {A I can't think of the word now, }","actually/UH I/PRP noticed/VBD this/DT I/PRP mean/VBP ,/, this/DT ,/, this/DT ,/, this/DT most/RBS recent/JJ scare/NN of/IN his/PRP$ ,/PRP where/WRB he/PRP said/VBD ,/, or/CC he/PRP just/RB decided/VBD that/IN instead/IN of/IN having/VBG ,/, uh/UH ,/, instead/IN of/IN having/VBG ,/, I/PRP ca/MD n't/RB think/VB of/IN the/DT word/NN now/RB ,/,",,
sw09utt/sw_0929_2344.utt,2/sw2344,2344,65,x,B,35,1,<Noise>.,,,
sw09utt/sw_0929_2344.utt,2/sw2344,2344,66,+,A,36,1,"if there are any ] demonstrations [ for, + in favor of ] Boris Yeltsin, he decided, {D well, } I'll just cancel all demonstrations altogether. /","if/IN there/EX are/VBP any/DT demonstrations/NNS for/IN ,/, in/IN favor/NN of/IN Boris/NNP Yeltsin/NNP ,/, he/PRP decided/VBD ,/, well/UH ,/, I/PRP 'll/MD just/RB cancel/VB all/DT demonstrations/NNS altogether/RB ./.",,
sw09utt/sw_0929_2344.utt,2/sw2344,2344,67,b,B,37,1,Uh-huh. /,Uh-huh/UH ./.,,
sw09utt/sw_0929_2344.utt,2/sw2344,2344,68,sv,A,38,1,"{C So, } [ [ I, + I, ] + I ] think that, [ [ he, + he, ] + he's ] actually, - /","So/RB ,/, I/PRP ,/, I/PRP ,/, I/PRP think/VBP that/IN ,/, he/PRP ,/, he/PRP ,/, he/PRP 's/BES actually/RB ,/,",,
sw09utt/sw_0929_2344.utt,2/sw2344,2344,69,sv,A,38,2,"he, I think, is becoming very dangerous --","he/PRP ,/, I/PRP think/VBP ,/, is/VBZ becoming/VBG very/RB dangerous/JJ --/:",,
sw09utt/sw_0929_2344.utt,2/sw2344,2344,70,b,B,39,1,Yeah. /,Yeah/UH ./.,,
sw09utt/sw_0929_2344.utt,2/sw2344,2344,71,+,A,40,1,"-- because he's making those people angry at him,  /","--/: because/IN he/PRP 's/BES making/VBG those/DT people/NNS angry/JJ at/IN him/PRP ,/,",,
sw09utt/sw_0929_2344.utt,2/sw2344,2344,72,sv,A,40,2,"{C and } [ he's also, + I think he's also ] making, {F um, } the military angry at him. /","and/CC he/PRP 's/BES also/RB ,/, I/PRP think/VBP he/PRP 's/BES also/RB making/VBG ,/, um/UH ,/, the/DT military/NN angry/JJ at/IN him/PRP ./.",,
sw09utt/sw_0929_2344.utt,2/sw2344,2344,73,b,B,41,1,Yeah. /,Yeah/UH ./.,,
sw09utt/sw_0929_2344.utt,2/sw2344,2344,74,sd,A,42,1,"{E I mean, } I've heard stories now [ where the, + where [ the, + {F um, } the ] ] military is running around,  /","I/PRP mean/VBP ,/, I/PRP 've/VBP heard/VBN stories/NNS now/RB where/WRB the/DT ,/, where/WRB the/DT ,/, um/UH ,/, the/DT military/NN is/VBZ running/VBG around/RB ,/,",,
sw09utt/sw_0929_2344.utt,2/sw2344,2344,75,sd,A,42,2,"{C and } they're sort of getting restless,  /","and/CC they/PRP 're/VBP sort/RB of/RB getting/VBG restless/JJ ,/,",,
sw09utt/sw_0929_2344.utt,2/sw2344,2344,76,sd,A,42,3,"{C and } a restless military is the kind of thing that happens, {D you know } - /","and/CC a/DT restless/JJ military/NN is/VBZ the/DT kind/NN of/IN thing/NN that/WDT happens/VBZ ,/, you/PRP know/VBP",,
sw09utt/sw_0929_2344.utt,2/sw2344,2344,77,sd,A,42,4,like with the Baltic states when they just go in there -- -/,like/IN with/IN the/DT Baltic/JJ states/NNS when/WRB they/PRP just/RB go/VBP in/IN there/RB --/:,,
sw09utt/sw_0929_2344.utt,2/sw2344,2344,78,b,B,43,1,Yeah. /,Yeah/UH ./.,,
sw09utt/sw_0929_2344.utt,2/sw2344,2344,79,sd,A,44,1,-- divvy the people up. /,--/: divvy/VBP the/DT people/NNS up/RP ./.,,
sw09utt/sw_0929_2344.utt,2/sw2344,2344,80,sv,B,45,1,"See, I'm concerned [ that, + that ] since he's banned demonstrations altogether, that he's going to do the type of thing that happened in Tiananmen Square,  /","See/UH ,/, I/PRP 'm/VBP concerned/JJ that/IN ,/, that/IN since/IN he/PRP 's/HVS banned/VBN demonstrations/NNS altogether/RB ,/, that/IN he/PRP 's/BES going/VBG to/TO do/VB the/DT type/NN of/IN thing/NN that/WDT happened/VBD in/IN Tiananmen/NNP Square/NNP ,/,",,
sw09utt/sw_0929_2344.utt,2/sw2344,2344,81,sv,B,45,2,"{C and } he's going to wipe out, no telling how many of his --","and/CC he/PRP 's/BES going/VBG to/TO wipe/VB out/RP ,/, no/DT telling/NN how/WRB many/JJ of/IN his/PRP$ --/:",,
sw09utt/sw_0929_2344.utt,2/sw2344,2344,82,b,A,46,1,Uh-huh. /,Uh-huh/UH ./.,,
sw09utt/sw_0929_2344.utt,2/sw2344,2344,83,+,B,47,1,"-- own countrymen, {F uh, } right in the middle of Red Square,  /","--/: own/JJ countrymen/NNS ,/, uh/UH ,/, right/RB in/IN the/DT middle/NN of/IN Red/NNP Square/NNP ,/,",,
sw09utt/sw_0929_2344.utt,2/sw2344,2344,84,sv,B,47,2,"{C and, } {F uh, } it's going to cause [ a, + more ] civil war than is already occurring. /","and/CC ,/, uh/UH ,/, it/PRP 's/BES going/VBG to/TO cause/VB a/DT ,/, more/JJR civil/JJ war/NN than/IN is/VBZ already/RB occurring/VBG ./.",,
sw09utt/sw_0929_2344.utt,2/sw2344,2344,85,ba,A,48,1,That's interesting.  /,That/DT 's/BES interesting/JJ ./.,,
sw09utt/sw_0929_2344.utt,2/sw2344,2344,86,%,A,48,2,"[ I, + I ] wonder,  /","I/PRP ,/, I/PRP wonder/VBP ,/,",,
sw09utt/sw_0929_2344.utt,2/sw2344,2344,87,%,A,48,3,"I don't know if he's, - /","I/PRP do/VBP n't/RB know/VB if/IN he/PRP 's/BES ,/,",,
sw09utt/sw_0929_2344.utt,2/sw2344,2344,88,%,A,48,4,"[ he, + he ] seems, - /","he/PRP ,/, he/PRP seems/VBZ ,/,",,
sw09utt/sw_0929_2344.utt,2/sw2344,2344,89,sv,A,48,5,the thing about Gorbachev strikes that he wouldn't be that dumb <laughter>.  /,the/DT thing/NN about/IN Gorbachev/NNP strikes/VBP that/IN he/PRP would/MD n't/RB be/VB that/RB dumb/JJ ./.,,
sw09utt/sw_0929_2344.utt,2/sw2344,2344,90,h,A,48,6,I don't know though. /,I/PRP do/VBP n't/RB know/VB though/RB ./.,,
sw09utt/sw_0929_2344.utt,2/sw2344,2344,91,h^m,B,49,1,I don't know.  /,I/PRP do/VBP n't/RB know/VB ./.,,
sw09utt/sw_0929_2344.utt,2/sw2344,2344,92,sv,B,49,2,"{E I mean, } {C and } [ it, + it ] might be something that he wouldn't be able to control. /","I/PRP mean/VBP ,/, and/CC it/PRP ,/, it/PRP might/MD be/VB something/NN that/WDT he/PRP would/MD n't/RB be/VB able/JJ to/TO control/VB ./.",,
sw09utt/sw_0929_2344.utt,2/sw2344,2344,93,aa,A,50,1,"[ [ That's, + that, ] + that's ] something that really true  /","That/DT 's/BES ,/, that/DT ,/, that/DT 's/BES something/NN that/WDT really/RB true/JJ",,
sw09utt/sw_0929_2344.utt,2/sw2344,2344,94,sd,A,50,2,((   ))  sort of a military thing I was speaking of before. /,MUMBLEx/XX sort/NN of/IN a/DT military/JJ thing/NN I/PRP was/VBD speaking/VBG of/IN before/RB ./.,,
sw09utt/sw_0929_2344.utt,2/sw2344,2344,95,b,B,51,1,Uh-huh. /,Uh-huh/UH ./.,,
sw09utt/sw_0929_2344.utt,2/sw2344,2344,96,aa,A,52,1,"[ That's, + that's ] certainly true.  /","That/DT 's/BES ,/, that/DT 's/BES certainly/RB true/JJ ./.",,
sw09utt/sw_0929_2344.utt,2/sw2344,2344,97,sv(^q),A,52,2,"{E I mean, } his military may just go out and  say, {D Well, } we just, - /","I/PRP mean/VBP ,/, his/PRP$ military/NN may/MD just/RB go/VB out/RB and/CC say/VB ,/, Well/UH ,/, we/PRP just/RB ,/,",,
sw09utt/sw_0929_2344.utt,2/sw2344,2344,98,^q,A,52,3,"Gorbachev said you can't do it,  /","Gorbachev/NNP said/VBD you/PRP ca/MD n't/RB do/VB it/PRP ,/,",,
sw09utt/sw_0929_2344.utt,2/sw2344,2344,99,^q,A,52,4,"{C and } we're to not let you do it, {D you know. }  /","and/CC we/PRP 're/VBP to/TO not/RB let/VB you/PRP do/VB it/PRP ,/, you/PRP know/VBP ./.",,
sw09utt/sw_0929_2344.utt,2/sw2344,2344,100,%,A,52,5,{C So. } -/,So/RB ./.,,
sw09utt/sw_0929_2344.utt,2/sw2344,2344,101,b,B,53,1,Yeah. /,Yeah/UH ./.,,
sw09utt/sw_0929_2344.utt,2/sw2344,2344,102,b^m,A,54,1,"Yeah,  /","Yeah/UH ,/,",,
sw09utt/sw_0929_2344.utt,2/sw2344,2344,103,ba,A,54,2,"[ that, + that's ] real scary, {D actually. } /","that/DT ,/, that/DT 's/BES real/RB scary/JJ ,/, actually/UH ./.",,
sw09utt/sw_0929_2344.utt,2/sw2344,2344,104,b,B,55,1,Yeah. /,Yeah/UH ./.,,
sw09utt/sw_0929_2344.utt,2/sw2344,2344,105,sv,A,56,1,"{E I mean, } [ [ I, + I, ] + I ] would expect their own problems would keep them away from us for a while,  /","I/PRP mean/VBP ,/, I/PRP ,/, I/PRP ,/, I/PRP would/MD expect/VB their/PRP$ own/JJ problems/NNS would/MD keep/VB them/PRP away/RB from/IN us/PRP for/IN a/DT while/NN ,/,",,
sw09utt/sw_0929_2344.utt,2/sw2344,2344,106,sv,A,56,2,{C but } it could be real dangerous. /,but/CC it/PRP could/MD be/VB real/RB dangerous/JJ ./.,,
sw09utt/sw_0929_2344.utt,2/sw2344,2344,107,aa,B,57,1,"Yeah,  /","Yeah/UH ,/,",,
sw09utt/sw_0929_2344.utt,2/sw2344,2344,108,sv,B,57,2,we've got our own worries at the moment. /,we/PRP 've/VBP got/VBN our/PRP$ own/JJ worries/NNS at/IN the/DT moment/NN ./.,,
sw09utt/sw_0929_2344.utt,2/sw2344,2344,109,aa,A,58,1,"Yeah,  /","Yeah/UH ,/,",,
sw09utt/sw_0929_2344.utt,2/sw2344,2344,110,aa,A,58,2,"right,  /","right/JJ ,/,",,
sw09utt/sw_0929_2344.utt,2/sw2344,2344,111,sv,A,58,3,we don't need to worry about them. /,we/PRP do/VBP n't/RB need/VB to/TO worry/VB about/IN them/PRP ./.,,
sw09utt/sw_0929_2344.utt,2/sw2344,2344,112,sv,B,59,1,"I guess as long as, {F uh, } they're fighting each other, we don't have to worry about them wasting their time with us. /","I/PRP guess/VBP as/RB long/RB as/IN ,/, uh/UH ,/, they/PRP 're/VBP fighting/VBG each/DT other/JJ ,/, we/PRP do/VBP n't/RB have/VB to/TO worry/VB about/IN them/PRP wasting/VBG their/PRP$ time/NN with/IN us/PRP ./.",,
sw09utt/sw_0929_2344.utt,2/sw2344,2344,113,aa,A,60,1,"Yeah,  /","Yeah/UH ,/,",,
sw09utt/sw_0929_2344.utt,2/sw2344,2344,114,qy,A,60,2,{C but } wouldn't it be nice if no one had to fight anybody else. /,but/CC would/MD n't/RB it/PRP be/VB nice/JJ if/IN no/DT one/CD had/VBD to/TO fight/VB anybody/NN else/RB ./.,,
sw09utt/sw_0929_2344.utt,2/sw2344,2344,115,na,B,61,1,"{D Well, } sure,  /","Well/UH ,/, sure/UH ,/,",,
sw09utt/sw_0929_2344.utt,2/sw2344,2344,116,sv,B,61,2,"[ that, + {C but } [ that's a, + that's an ] ] impossibility, I think --","that/DT ,/, but/CC that/DT 's/BES a/DT ,/, that/DT 's/BES an/DT impossibility/NN ,/, I/PRP think/VBP --/:",,
sw09utt/sw_0929_2344.utt,2/sw2344,2344,117,b,A,62,1,Yeah. /,Yeah/UH ./.,,
sw09utt/sw_0929_2344.utt,2/sw2344,2344,118,+,B,63,1,"-- given the differences in the world,  /","--/: given/VBN the/DT differences/NNS in/IN the/DT world/NN ,/,",,
sw09utt/sw_0929_2344.utt,2/sw2344,2344,119,sv,B,63,2,{C and } people are just too different. /,and/CC people/NNS are/VBP just/RB too/RB different/JJ ./.,,
sw09utt/sw_0929_2344.utt,2/sw2344,2344,120,ar,A,64,1,"{D Well, } [ I don't, + I don't ] know.  /","Well/UH ,/, I/PRP do/VBP n't/RB ,/, I/PRP do/VBP n't/RB know/VB ./.",,
sw09utt/sw_0929_2344.utt,2/sw2344,2344,121,sv,A,64,2,"I think that [ un-, + underlying ] we're all [ pretty, + probably ] not [ as, + as ] different as everybody thinks. /","I/PRP think/VBP that/IN un-/XX ,/, underlying/VBG we/PRP 're/VBP all/DT pretty/RB ,/, probably/RB not/RB as/RB ,/, as/RB different/JJ as/IN everybody/NN thinks/VBZ ./.",,
sw09utt/sw_0929_2344.utt,2/sw2344,2344,122,sv,B,65,1,"{C But } unfortunately, [ people, + people ] aren't that insightful. /","But/CC unfortunately/RB ,/, people/NNS ,/, people/NNS are/VBP n't/RB that/RB insightful/JJ ./.",,
sw09utt/sw_0929_2344.utt,2/sw2344,2344,123,aa,A,66,1,Right.  /,Right/UH ./.,,
sw09utt/sw_0929_2344.utt,2/sw2344,2344,124,aa,A,66,2,"{D Well, } [ that's, + that's ] certainly true of it. /","Well/UH ,/, that/DT 's/BES ,/, that/DT 's/BES certainly/RB true/JJ of/IN it/PRP ./.",,
sw09utt/sw_0929_2344.utt,2/sw2344,2344,125,sv,B,67,1,They just see that this guy prays differently and to someone else than I do.  /,They/PRP just/RB see/VBP that/IN this/DT guy/NN prays/VBZ differently/RB and/CC to/IN someone/NN else/RB than/IN I/PRP do/VBP ./.,,
sw09utt/sw_0929_2344.utt,2/sw2344,2344,126,sv,B,67,2,"{C So, } therefore, he's wrong  /","So/RB ,/, therefore/RB ,/, he/PRP 's/BES wrong/JJ",,
sw09utt/sw_0929_2344.utt,2/sw2344,2344,127,sv,B,67,3,"{C and } he's bad,  /","and/CC he/PRP 's/BES bad/JJ ,/,",,
sw09utt/sw_0929_2344.utt,2/sw2344,2344,128,sv,B,67,4,"{C and } we have to [ wipe, + wipe ] him out. /","and/CC we/PRP have/VBP to/TO wipe/VB ,/, wipe/VB him/PRP out/RP ./.",,
sw09utt/sw_0929_2344.utt,2/sw2344,2344,129,aa,A,68,1,That's true.  /,That/DT 's/BES true/JJ ./.,,
sw09utt/sw_0929_2344.utt,2/sw2344,2344,130,sd^t,A,68,2,"[ I was, + I was ] discussing with someone before, {F um, } - /","I/PRP was/VBD ,/, I/PRP was/VBD discussing/VBG with/IN someone/NN before/RB ,/, um/UH ,/,",,
sw09utt/sw_0929_2344.utt,2/sw2344,2344,131,sd^t,A,68,3,"this, someone before, {D actually } one of these calls -- -/","this/DT ,/, someone/NN before/RB ,/, actually/UH one/CD of/IN these/DT calls/NNS --/:",,
sw09utt/sw_0929_2344.utt,2/sw2344,2344,132,b,B,69,1,Uh-huh. /,Uh-huh/UH ./.,,
sw09utt/sw_0929_2344.utt,2/sw2344,2344,133,sd^t,A,70,1,"-- matter of fact about another topic, - /","--/: matter/NN of/IN fact/NN about/IN another/DT topic/NN ,/,",,
sw09utt/sw_0929_2344.utt,2/sw2344,2344,134,sd^t,A,70,2,"{C but } it came up,  /","but/CC it/PRP came/VBD up/RP ,/,",,
sw09utt/sw_0929_2344.utt,2/sw2344,2344,135,sd^t,A,70,3,one of these calls -- -/,one/CD of/IN these/DT calls/NNS --/:,,
sw09utt/sw_0929_2344.utt,2/sw2344,2344,136,b,B,71,1,Uh-huh. /,Uh-huh/UH ./.,,
sw09utt/sw_0929_2344.utt,2/sw2344,2344,137,sd^t,A,72,1,"-- matter of fact, about, {F um, } another topic, - /","--/: matter/NN of/IN fact/NN ,/, about/IN ,/, um/UH ,/, another/DT topic/NN ,/,",,
sw09utt/sw_0929_2344.utt,2/sw2344,2344,138,sd^t,A,72,2,"{C but } it came up,  /","but/CC it/PRP came/VBD up/RP ,/,",,
sw09utt/sw_0929_2344.utt,2/sw2344,2344,139,sd,A,72,3,"[ [ one of these, + this, ] + this ] poem, Everything I Wanted to Know I Learned in Kindergarten, or  something. -/","one/CD of/IN these/DT ,/, this/DT ,/, this/DT poem/NN ,/, Everything/NN I/PRP Wanted/VBD to/TO Know/VB I/PRP Learned/VBD in/IN Kindergarten/NN ,/, or/CC something/NN ./.",,
sw09utt/sw_0929_2344.utt,2/sw2344,2344,140,b,B,73,1,Uh-huh. /,Uh-huh/UH ./.,,
sw09utt/sw_0929_2344.utt,2/sw2344,2344,141,qy^d,A,74,1,You've read that one before. /,You/PRP 've/VBP read/VBN that/DT one/NN before/RB ./.,,
sw09utt/sw_0929_2344.utt,2/sw2344,2344,142,nn,B,75,1,"No,  /","No/UH ,/,",,
sw09utt/sw_0929_2344.utt,2/sw2344,2344,143,sd^e,B,75,2,I haven't read it.  /,I/PRP have/VBP n't/RB read/VBN it/PRP ./.,,
sw09utt/sw_0929_2344.utt,2/sw2344,2344,144,sd,B,75,3,"I've heard all about it, though. /","I/PRP 've/VBP heard/VBN all/DT about/IN it/PRP ,/, though/RB ./.",,
sw09utt/sw_0929_2344.utt,2/sw2344,2344,145,sv,A,76,1,"[ [ That, + this, ] + this ] is the idea that [ [ [ I think is actually very, ] + is, ] + is, what I think ] we should all revert to.  /","That/DT ,/, this/DT ,/, this/DT is/VBZ the/DT idea/NN that/WDT I/PRP think/VBP is/VBZ actually/RB very/RB ,/, is/VBZ ,/, is/VBZ ,/, what/WP I/PRP think/VBP we/PRP should/MD all/DT revert/VB to/IN ./.",,
sw09utt/sw_0929_2344.utt,2/sw2344,2344,146,%,A,76,2,"The idea that, {F um, } - /","The/DT idea/NN that/IN ,/, um/UH ,/,",,
sw09utt/sw_0929_2344.utt,2/sw2344,2344,147,sd(^q),A,76,3,"basically they said, everything happened in kindergarten,  /","basically/RB they/PRP said/VBD ,/, everything/NN happened/VBD in/IN kindergarten/NN ,/,",,
sw09utt/sw_0929_2344.utt,2/sw2344,2344,148,^q,A,76,4,"{C and } in kindergarten we learned to share,  /","and/CC in/IN kindergarten/NN we/PRP learned/VBD to/TO share/VB ,/,",,
sw09utt/sw_0929_2344.utt,2/sw2344,2344,149,^q,A,76,5,"{C and } we learned to, {F um, } play with each other, [  /","and/CC we/PRP learned/VBD to/TO ,/, um/UH ,/, play/VB with/IN each/DT other/JJ ,/,",,
sw09utt/sw_0929_2344.utt,2/sw2344,2344,150,^q,A,76,6,"we learned to take nap, + and to take naps, ]  /","we/PRP learned/VBD to/TO take/VB nap/NN ,/, and/CC to/TO take/VB naps/NNS ,/,",,
sw09utt/sw_0929_2344.utt,2/sw2344,2344,151,^q,A,76,7,{C and } whenever we'd start a fight we'd all apologize and hug each other --,and/CC whenever/WRB we/PRP 'd/MD start/VB a/DT fight/NN we/PRP 'd/MD all/DT apologize/VB and/CC hug/VB each/DT other/JJ --/:,,
sw09utt/sw_0929_2344.utt,2/sw2344,2344,152,b,B,77,1,Yeah. /,Yeah/UH ./.,,
sw09utt/sw_0929_2344.utt,2/sw2344,2344,153,+,A,78,1,"-- {D you know, }  /","--/: you/PRP know/VBP ,/,",,
sw09utt/sw_0929_2344.utt,2/sw2344,2344,154,^q,A,78,2,{C and } that would be all.  /,and/CC that/DT would/MD be/VB all/DT ./.,,
sw09utt/sw_0929_2344.utt,2/sw2344,2344,155,sv,A,78,3,"If we could just do the same thing sort of, [ [ with, + with, ] + with ] everybody else, I suspect [ we'd, + we'd ] be fine. /","If/IN we/PRP could/MD just/RB do/VB the/DT same/JJ thing/NN sort/RB of/RB ,/, with/IN ,/, with/IN ,/, with/IN everybody/NN else/RB ,/, I/PRP suspect/VBP we/PRP 'd/MD ,/, we/PRP 'd/MD be/VB fine/JJ ./.",,
sw09utt/sw_0929_2344.utt,2/sw2344,2344,156,aa,B,79,1,"Yes,  /","Yes/UH ,/,",,
sw09utt/sw_0929_2344.utt,2/sw2344,2344,157,sd,B,79,2,"{C but } people grow up,  /","but/CC people/NNS grow/VBP up/RP ,/,",,
sw09utt/sw_0929_2344.utt,2/sw2344,2344,158,sv,B,79,3,{C and } they forget. /,and/CC they/PRP forget/VBP ./.,,
sw09utt/sw_0929_2344.utt,2/sw2344,2344,159,aa,A,80,1,"Yeah,  /","Yeah/UH ,/,",,
sw09utt/sw_0929_2344.utt,2/sw2344,2344,160,ba,A,80,2,unfortunately. /,unfortunately/RB ./.,,
sw09utt/sw_0929_2344.utt,2/sw2344,2344,161,%,B,81,1,{D Well. } -/,Well/UH ./.,,
sw09utt/sw_0929_2344.utt,2/sw2344,2344,162,qw^d,A,82,1,"{C Because } [ I often, + I often ] sort of wonder how, having never been to the Soviet Union, {F um, } how different the people there really are, {D you know. }  /","Because/IN I/PRP often/RB ,/, I/PRP often/RB sort/RB of/RB wonder/VBP how/WRB ,/, having/VBG never/RB been/VBN to/IN the/DT Soviet/NNP Union/NNP ,/, um/UH ,/, how/WRB different/JJ the/DT people/NNS there/RB really/RB are/VBP ,/, you/PRP know/VBP ./.",,
sw09utt/sw_0929_2344.utt,2/sw2344,2344,163,%,A,82,2,"How much  ((   )) , /","How/WRB much/JJ MUMBLEx/XX ,/,",,
sw09utt/sw_0929_2344.utt,2/sw2344,2344,164,sd,B,83,1,That's one of the places I would most like to go.  /,That/DT 's/BES one/CD of/IN the/DT places/NNS I/PRP would/MD most/RBS like/VB to/TO go/VB ./.,,
sw09utt/sw_0929_2344.utt,2/sw2344,2344,165,sd,B,83,2,"Not right now, of course -- /","Not/RB right/RB now/RB ,/, of/IN course/NN --/:",,
sw09utt/sw_0929_2344.utt,2/sw2344,2344,166,b,A,84,1,<Laughter> Yeah. /,Yeah/UH ./.,,
sw09utt/sw_0929_2344.utt,2/sw2344,2344,167,sd,B,85,1,"-- {C but } at some point I would like to go to Moscow [ [ [ and, + and, ] + to, ] + just to ] see all these things that you can see on television now and can read about  /","--/: but/CC at/IN some/DT point/NN I/PRP would/MD like/VB to/TO go/VB to/IN Moscow/NNP and/CC ,/, and/CC ,/, to/TO ,/, just/RB to/TO see/VB all/PDT these/DT things/NNS that/WDT you/PRP can/MD see/VB on/IN television/NN now/RB and/CC can/MD read/VB about/IN",,
sw09utt/sw_0929_2344.utt,2/sw2344,2344,168,sd,B,85,2,[ that + ] ten years ago we didn't have this kind of information -- /,that/WDT ten/CD years/NNS ago/RB we/PRP did/VBD n't/RB have/VB this/DT kind/NN of/IN information/NN --/:,,
sw09utt/sw_0929_2344.utt,2/sw2344,2344,169,b,A,86,1,Right. /,Right/UH ./.,,
sw09utt/sw_0929_2344.utt,2/sw2344,2344,170,sd,B,87,1,-- {C and } we didn't know what things were like.  /,--/: and/CC we/PRP did/VBD n't/RB know/VB what/WP things/NNS were/VBD like/IN ./.,,
sw09utt/sw_0929_2344.utt,2/sw2344,2344,171,%,B,87,2,{C So. } -/,So/RB ./.,,
sw09utt/sw_0929_2344.utt,2/sw2344,2344,172,sd,A,88,1,"[ I would, + I would ] love to go there. {A {E I mean, } {D like, } {D again, } not now, but at some point, } to go see [ what, + what ] this is like,  /","I/PRP would/MD ,/, I/PRP would/MD love/VB to/TO go/VB there/RB ./. I/PRP mean/VBP ,/, like/UH ,/, again/UH ,/, not/RB now/RB ,/, but/CC at/IN some/DT point/NN ,/, to/TO go/VB see/VB what/WP ,/, what/WP this/DT is/VBZ like/IN ,/,",,
sw09utt/sw_0929_2344.utt,2/sw2344,2344,173,sv,A,88,2,"{E I mean, } [ this, + this ] is amazing, because, [ [ this is, + this is an, ] + this is an ] example of an entirely different culture that wants to be like us.  /","I/PRP mean/VBP ,/, this/DT ,/, this/DT is/VBZ amazing/JJ ,/, because/IN ,/, this/DT is/VBZ ,/, this/DT is/VBZ an/DT ,/, this/DT is/VBZ an/DT example/NN of/IN an/DT entirely/RB different/JJ culture/NN that/WDT wants/VBZ to/TO be/VB like/IN us/PRP ./.",,
sw09utt/sw_0929_2344.utt,2/sw2344,2344,174,sd(^q),A,88,3,"Like you said before,  ((   ))  /","Like/IN you/PRP said/VBD before/RB ,/, MUMBLEx/XX",,
sw09utt/sw_0929_2344.utt,2/sw2344,2344,175,sv,A,88,4,{C so } it would be interesting to watch. /,so/RB it/PRP would/MD be/VB interesting/JJ to/TO watch/VB ./.,,
sw09utt/sw_0929_2344.utt,2/sw2344,2344,176,aa,B,89,1,"Yeah,  /","Yeah/UH ,/,",,
sw09utt/sw_0929_2344.utt,2/sw2344,2344,177,%,B,89,2,"[ [ [ I + {C and, } I, ] + the, ] + the ] people.  /","I/PRP and/CC ,/, I/PRP ,/, the/DT ,/, the/DT people/NNS ./.",,
sw09utt/sw_0929_2344.utt,2/sw2344,2344,178,sv,B,89,3,"I just feel so sorry for the people in the country, that [ they can't, + {E I mean, } [ they, + they ] can't ] do any-,  /","I/PRP just/RB feel/VBP so/RB sorry/JJ for/IN the/DT people/NNS in/IN the/DT country/NN ,/, that/IN they/PRP ca/MD n't/RB ,/, I/PRP mean/VBP ,/, they/PRP ,/, they/PRP ca/MD n't/RB do/VB any-/XX ,/,",,
sw09utt/sw_0929_2344.utt,2/sw2344,2344,179,sv,B,89,4,they can't change it.  /,they/PRP ca/MD n't/RB change/VB it/PRP ./.,,
sw09utt/sw_0929_2344.utt,2/sw2344,2344,180,sv,B,89,5,They try  /,They/PRP try/VBP,,
sw09utt/sw_0929_2344.utt,2/sw2344,2344,181,sv,B,89,6,"[ they, + {C and } [ they, + there's ] ] nothing that they can do. /","they/PRP ,/, and/CC they/PRP ,/, there/EX 's/BES nothing/NN that/WDT they/PRP can/MD do/VB ./.",,
sw09utt/sw_0929_2344.utt,2/sw2344,2344,182,aa,A,90,1,"Yeah,  /","Yeah/UH ,/,",,
sw09utt/sw_0929_2344.utt,2/sw2344,2344,183,%,A,90,2,"[ that's, + that's ] - /","that/DT 's/BES ,/, that/DT 's/BES",,
sw09utt/sw_0929_2344.utt,2/sw2344,2344,184,sd,A,90,3,"{C and } the ones I even feel somewhat worse for, even, {F um, } - /","and/CC the/DT ones/NNS I/PRP even/RB feel/VBP somewhat/RB worse/JJR for/IN ,/, even/RB ,/, um/UH ,/,",,
sw09utt/sw_0929_2344.utt,2/sw2344,2344,185,sd,A,90,4,the ones in {D like } the Baltic states --,the/DT ones/NNS in/IN like/IN the/DT Baltic/JJ states/NNS --/:,,
sw09utt/sw_0929_2344.utt,2/sw2344,2344,186,b,B,91,1,Uh-huh. /,Uh-huh/UH ./.,,
sw09utt/sw_0929_2344.utt,2/sw2344,2344,187,+,A,92,1,"-- where they don't have a strong leader, then, {D you know, } - /","--/: where/WRB they/PRP do/VBP n't/RB have/VB a/DT strong/JJ leader/NN ,/, then/RB ,/, you/PRP know/VBP ,/,",,
sw09utt/sw_0929_2344.utt,2/sw2344,2344,188,sv,A,92,2,"[ at least, + at least ] Russia has some sort of strong leader.  /","at/IN least/JJS ,/, at/IN least/JJS Russia/NNP has/VBZ some/DT sort/NN of/IN strong/JJ leader/NN ./.",,
sw09utt/sw_0929_2344.utt,2/sw2344,2344,189,sv,A,92,3,"I mean they have Yeltsin [ who may, + who may ] yet sort of help Russia. /","I/PRP mean/VBP they/PRP have/VBP Yeltsin/NNP who/WP may/MD ,/, who/WP may/MD yet/RB sort/RB of/RB help/VB Russia/NNP ./.",,
sw09utt/sw_0929_2344.utt,2/sw2344,2344,190,b,B,93,1,Yeah. /,Yeah/UH ./.,,
sw09utt/sw_0929_2344.utt,2/sw2344,2344,191,sv,A,94,1,"{C But, } {F um, } {E I mean, } the Baltic states, I think, are just sort of trapped.  /","But/CC ,/, um/UH ,/, I/PRP mean/VBP ,/, the/DT Baltic/JJ states/NNS ,/, I/PRP think/VBP ,/, are/VBP just/RB sort/RB of/RB trapped/VBN ./.",,
sw09utt/sw_0929_2344.utt,2/sw2344,2344,192,sv(^q),A,94,2,"{E I mean, } they were taken over [ couple, + {D you know, } not too long ] ago --","I/PRP mean/VBP ,/, they/PRP were/VBD taken/VBN over/RP couple/NN ,/, you/PRP know/VBP ,/, not/RB too/RB long/RB ago/RB --/:",,
sw09utt/sw_0929_2344.utt,2/sw2344,2344,193,b,B,95,1,Yeah. /,Yeah/UH ./.,,
sw09utt/sw_0929_2344.utt,2/sw2344,2344,194,+,A,96,1,"-- and then just sort of told, {D well, } you're here now,  /","--/: and/CC then/RB just/RB sort/RB of/RB told/VBN ,/, well/UH ,/, you/PRP 're/VBP here/RB now/RB ,/,",,
sw09utt/sw_0929_2344.utt,2/sw2344,2344,195,^q,A,96,2,you're part of our country.  /,you/PRP 're/VBP part/NN of/IN our/PRP$ country/NN ./.,,
sw09utt/sw_0929_2344.utt,2/sw2344,2344,196,^q,A,96,3,You be this way.  /,You/PRP be/VB this/DT way/NN ./.,,
sw09utt/sw_0929_2344.utt,2/sw2344,2344,197,sv,A,96,4,"[ It's a, + I think it's a ] sad state of affairs,  /","It/PRP 's/BES a/DT ,/, I/PRP think/VBP it/PRP 's/BES a/DT sad/JJ state/NN of/IN affairs/NNS ,/,",,
sw09utt/sw_0929_2344.utt,2/sw2344,2344,198,%,A,96,5,{C but. } -/,but/CC ./.,,
sw09utt/sw_0929_2344.utt,2/sw2344,2344,199,sv,B,97,1,"[ It's, + it's ] probably not dissimilar from [ [ [ [ the, + {F uh, } {A what are they, } the, ] + the, ] + the, ] + {A I'm trying to think of the name of the, } the  ((   )) ] , something like that in Northern Iraq --","It/PRP 's/BES ,/, it/PRP 's/BES probably/RB not/RB dissimilar/JJ from/IN the/DT ,/, uh/UH ,/, what/WP are/VBP they/PRP ,/, the/DT ,/, the/DT ,/, the/DT ,/, I/PRP 'm/VBP trying/VBG to/TO think/VB of/IN the/DT name/NN of/IN the/DT ,/, the/DT MUMBLEx/XX ,/, something/NN like/IN that/DT in/NN Northern/JJ Iraq/NNP --/:",,
sw09utt/sw_0929_2344.utt,2/sw2344,2344,200,aa,A,98,1,"{F Oh, } yeah,  /","Oh/UH ,/, yeah/UH ,/,",,
sw09utt/sw_0929_2344.utt,2/sw2344,2344,201,aa^r,A,98,2,yeah. /,yeah/UH ./.,,
sw09utt/sw_0929_2344.utt,2/sw2344,2344,202,+,B,99,1,"-- who are actually countrymen of, - /","--/: who/WP are/VBP actually/RB countrymen/NNS of/IN ,/,",,
sw09utt/sw_0929_2344.utt,2/sw2344,2344,203,sd,B,99,2,"{E I mean, } some of them were split off into Israel, I believe,  /","I/PRP mean/VBP ,/, some/DT of/IN them/PRP were/VBD split/VBN off/RP into/IN Israel/NNP ,/, I/PRP believe/VBP ,/,",,
sw09utt/sw_0929_2344.utt,2/sw2344,2344,204,sd,B,99,3,{C and } some of them are in Turkey --,and/CC some/DT of/IN them/PRP are/VBP in/IN Turkey/NNP --/:,,
sw09utt/sw_0929_2344.utt,2/sw2344,2344,205,b,A,100,1,Uh-huh. /,Uh-huh/UH ./.,,
sw09utt/sw_0929_2344.utt,2/sw2344,2344,206,+,B,101,1,"-- when actually [ [ they, + they don't, ] + they're ] their own people and their beliefs and their own culture system. /","--/: when/WRB actually/RB they/PRP ,/, they/PRP do/VBP n't/RB ,/, they/PRP 're/VBP their/PRP$ own/JJ people/NNS and/CC their/PRP$ beliefs/NNS and/CC their/PRP$ own/JJ culture/NN system/NN ./.",,
sw09utt/sw_0929_2344.utt,2/sw2344,2344,207,b,A,102,1,Right. /,Right/UH ./.,,
sw09utt/sw_0929_2344.utt,2/sw2344,2344,208,sd,B,103,1,{C And } they were split up into three different countries. /,And/CC they/PRP were/VBD split/VBN up/RP into/IN three/CD different/JJ countries/NNS ./.,,
sw09utt/sw_0929_2344.utt,2/sw2344,2344,209,aa,A,104,1,Uh-huh.  /,Uh-huh/UH ./.,,
sw09utt/sw_0929_2344.utt,2/sw2344,2344,210,aa,A,104,2,"Yeah,  /","Yeah/UH ,/,",,
sw09utt/sw_0929_2344.utt,2/sw2344,2344,211,aa^r,A,104,3,"{D well, } yeah,  /","well/UH ,/, yeah/UH ,/,",,
sw09utt/sw_0929_2344.utt,2/sw2344,2344,212,%,A,104,4,{C and } that. -/,and/CC that/DT ./.,,
sw09utt/sw_0929_2344.utt,2/sw2344,2344,213,sv,B,105,1,"[ {C And, } + {C and } ] they're very dissatisfied,  /","And/CC ,/, and/CC they/PRP 're/VBP very/RB dissatisfied/JJ ,/,",,
sw09utt/sw_0929_2344.utt,2/sw2344,2344,214,sv,B,105,2,"{C and } [ they're, + they're ] causing wars right now,  /","and/CC they/PRP 're/VBP ,/, they/PRP 're/VBP causing/VBG wars/NNS right/RB now/RB ,/,",,
sw09utt/sw_0929_2344.utt,2/sw2344,2344,215,sv,B,105,3,"{C and } I don't think it's that different from what the Baltic states [ are, + are ] going through. /","and/CC I/PRP do/VBP n't/RB think/VB it/PRP 's/BES that/RB different/JJ from/IN what/WP the/DT Baltic/JJ states/NNS are/VBP ,/, are/VBP going/VBG through/RB ./.",,
sw09utt/sw_0929_2344.utt,2/sw2344,2344,216,sv,A,106,1,"{F Um, } {F um, } {F um, } {F uh, } {D actually } it sounds [ very, + {E I mean, } very ] similar.  /","Um/UH ,/, um/UH ,/, um/UH ,/, uh/UH ,/, actually/UH it/PRP sounds/VBZ very/RB ,/, I/PRP mean/VBP ,/, very/RB similar/JJ ./.",,
sw09utt/sw_0929_2344.utt,2/sw2344,2344,217,sv,A,106,2,"[ They're sort of being, + they were sort of ] forced,  /","They/PRP 're/VBP sort/RB of/RB being/VBG ,/, they/PRP were/VBD sort/RB of/RB forced/VBN ,/,",,
sw09utt/sw_0929_2344.utt,2/sw2344,2344,218,sv(^q),A,106,3,"{C and } now they just want to sort of speak up and say Hey,  /","and/CC now/RB they/PRP just/RB want/VBP to/TO sort/RB of/RB speak/VB up/RP and/CC say/VB Hey/UH ,/,",,
sw09utt/sw_0929_2344.utt,2/sw2344,2344,219,^q,A,106,4,we want our piece. /,we/PRP want/VBP our/PRP$ piece/NN ./.,,
sw09utt/sw_0929_2344.utt,2/sw2344,2344,220,b,B,107,1,Yeah. /,Yeah/UH ./.,,
sw09utt/sw_0929_2344.utt,2/sw2344,2344,221,sv,A,108,1,"{C And } they have {D like } a problem,  /","And/CC they/PRP have/VBP like/UH a/DT problem/NN ,/,",,
sw09utt/sw_0929_2344.utt,2/sw2344,2344,222,sv,A,108,2,they have  ((   ))  Muslims to deal with --,they/PRP have/VBP MUMBLEx/XX Muslims/NNPS to/TO deal/VB with/IN --/:,,
sw09utt/sw_0929_2344.utt,2/sw2344,2344,223,b,B,109,1,Uh-huh. /,Uh-huh/UH ./.,,
sw09utt/sw_0929_2344.utt,2/sw2344,2344,224,+,A,110,1,-- as well as Saddam Hussein.  /,--/: as/RB well/RB as/IN Saddam/NNP Hussein/NNP ./.,,
sw09utt/sw_0929_2344.utt,2/sw2344,2344,225,sv,A,110,2,"[ I, + {E I mean } I ] think their big problem up there is, {D you know, } unfortunately, - /","I/PRP ,/, I/PRP mean/VBP I/PRP think/VBP their/PRP$ big/JJ problem/NN up/IN there/RB is/VBZ ,/, you/PRP know/VBP ,/, unfortunately/RB ,/,",,
sw09utt/sw_0929_2344.utt,2/sw2344,2344,226,sv,A,110,3,"not only are they vic-, - /","not/RB only/RB are/VBP they/PRP vic-/XX ,/,",,
sw09utt/sw_0929_2344.utt,2/sw2344,2344,227,sv,A,110,4,there's more than one group fighting for the same place.  /,there/EX 's/BES more/JJR than/IN one/CD group/NN fighting/VBG for/IN the/DT same/JJ place/NN ./.,,
sw09utt/sw_0929_2344.utt,2/sw2344,2344,228,sv,A,110,5,"They all want the, {D you know, } - /","They/PRP all/DT want/VBP the/DT ,/, you/PRP know/VBP ,/,",,
sw09utt/sw_0929_2344.utt,2/sw2344,2344,229,sv(^q),A,110,6,"whereas the Baltics are saying, {F Oh, } we want our own.  /","whereas/IN the/DT Baltics/NNPS are/VBP saying/VBG ,/, Oh/UH ,/, we/PRP want/VBP our/PRP$ own/JJ ./.",,
sw09utt/sw_0929_2344.utt,2/sw2344,2344,230,^q,A,110,7,We just want this little tiny piece of land. /,We/PRP just/RB want/VBP this/DT little/JJ tiny/JJ piece/NN of/IN land/NN ./.,,
sw09utt/sw_0929_2344.utt,2/sw2344,2344,231,aa,B,111,1,Yeah.  /,Yeah/UH ./.,,
sw09utt/sw_0929_2344.utt,2/sw2344,2344,232,%,B,111,2,"[ The, + the ] one that I think, - /","The/DT ,/, the/DT one/NN that/WDT I/PRP think/VBP ,/,",,
sw09utt/sw_0929_2344.utt,2/sw2344,2344,233,sd,B,111,3,"one of the [ wom-, + women ] that I work for is married to an Iranian,  /","one/CD of/IN the/DT wom-/NNS ,/, women/NNS that/WDT I/PRP work/VBP for/IN is/VBZ married/JJ to/IN an/DT Iranian/NNP ,/,",,
sw09utt/sw_0929_2344.utt,2/sw2344,2344,234,sd,B,111,4,"{C and so } she has a lot of insight, because she knows a lot of the history --","and/CC so/RB she/PRP has/VBZ a/DT lot/NN of/IN insight/NN ,/, because/IN she/PRP knows/VBZ a/DT lot/NN of/IN the/DT history/NN --/:",,
sw09utt/sw_0929_2344.utt,2/sw2344,2344,235,b,A,112,1,Uh-huh. /,Uh-huh/UH ./.,,
sw09utt/sw_0929_2344.utt,2/sw2344,2344,236,+,B,113,1,"-- of the countries over there,  /","--/: of/IN the/DT countries/NNS over/IN there/RB ,/,",,
sw09utt/sw_0929_2344.utt,2/sw2344,2344,237,sd,B,113,2,"{C and } within five or six countries there are probably ten cultures of people, /","and/CC within/IN five/CD or/CC six/CD countries/NNS there/EX are/VBP probably/RB ten/CD cultures/NNS of/IN people/NNS ,/,",,
sw09utt/sw_0929_2344.utt,2/sw2344,2344,238,aa,A,114,1,"Yes,  /","Yes/UH ,/,",,
sw09utt/sw_0929_2344.utt,2/sw2344,2344,239,aa^r,A,114,2,yes. /,yes/UH ./.,,
sw09utt/sw_0929_2344.utt,2/sw2344,2344,240,sd,B,115,1,"{C And } [ that's, + they ] don't all have their own country,  /","And/CC that/DT 's/BES ,/, they/PRP do/VBP n't/RB all/DT have/VB their/PRP$ own/JJ country/NN ,/,",,
sw09utt/sw_0929_2344.utt,2/sw2344,2344,241,sd,B,115,2,"[ {C and, } + {C and } ] some of them are mad about it <laughter>. /","and/CC ,/, and/CC some/DT of/IN them/PRP are/VBP mad/JJ about/IN it/PRP ./.",,
sw09utt/sw_0929_2344.utt,2/sw2344,2344,242,aa,A,116,1,Uh-huh.  /,Uh-huh/UH ./.,,
sw09utt/sw_0929_2344.utt,2/sw2344,2344,243,sd,A,116,2,"{F Um, } {D actually, } my wife is Syrian,  /","Um/UH ,/, actually/UH ,/, my/PRP$ wife/NN is/VBZ Syrian/JJ ,/,",,
sw09utt/sw_0929_2344.utt,2/sw2344,2344,244,sd,A,116,3,"{C so } [ [ I, + I, ] + also I ] know some of the history  ((   )) . /","so/RB I/PRP ,/, I/PRP ,/, also/RB I/PRP know/VBP some/DT of/IN the/DT history/NN MUMBLEx/XX ./.",,
sw09utt/sw_0929_2344.utt,2/sw2344,2344,245,b,B,117,1,Oh. /,Oh/UH ./.,,
sw09utt/sw_0929_2344.utt,2/sw2344,2344,246,sd,A,118,1,"{C And } {D actually } the other funny thing is that [ I'm, + I'm ] Jewish.  /","And/CC actually/UH the/DT other/JJ funny/JJ thing/NN is/VBZ that/IN I/PRP 'm/VBP ,/, I/PRP 'm/VBP Jewish/JJ ./.",,
sw09utt/sw_0929_2344.utt,2/sw2344,2344,247,sd,A,118,2,We're sort of like the Middle East peace talks ourselves. /,We/PRP 're/VBP sort/RB of/RB like/IN the/DT Middle/NNP East/NNP peace/NN talks/NNS ourselves/PRP ./.,,
sw09utt/sw_0929_2344.utt,2/sw2344,2344,248,b,B,119,1,"{F Oh, } uh-huh. /","Oh/UH ,/, uh-huh/UH ./.",,
sw09utt/sw_0929_2344.utt,2/sw2344,2344,249,sd,A,120,1,"{C So } [ [ we, + I, ] + I ] know,  /","So/RB we/PRP ,/, I/PRP ,/, I/PRP know/VBP ,/,",,
sw09utt/sw_0929_2344.utt,2/sw2344,2344,250,sd,A,120,2,"I've been to Israel,  /","I/PRP 've/VBP been/VBN to/IN Israel/NNP ,/,",,
sw09utt/sw_0929_2344.utt,2/sw2344,2344,251,sd,A,120,3,"{C and } I know,  /","and/CC I/PRP know/VBP ,/,",,
sw09utt/sw_0929_2344.utt,2/sw2344,2344,252,sd,A,120,4,"{C and } I sort of toured the area,  /","and/CC I/PRP sort/RB of/RB toured/VBD the/DT area/NN ,/,",,
sw09utt/sw_0929_2344.utt,2/sw2344,2344,253,sd,A,120,5,"{C and } I know that it really is [ very, + lots ] of different cultures in one place, {E I mean } -- /","and/CC I/PRP know/VBP that/IN it/PRP really/RB is/VBZ very/RB ,/, lots/NNS of/IN different/JJ cultures/NNS in/IN one/CD place/NN ,/, I/PRP mean/VBP --/:",,
sw09utt/sw_0929_2344.utt,2/sw2344,2344,254,b,B,121,1,Uh-huh. /,Uh-huh/UH ./.,,
sw09utt/sw_0929_2344.utt,2/sw2344,2344,255,sv,A,122,1,"-- {C and } [ [ [ it's the same thing + I thi-, ] + it's, ] + it's ] almost the same thing [ out, + out ] in the Soviet Union right now.  /","--/: and/CC it/PRP 's/BES the/DT same/JJ thing/NN I/PRP thi-/XX ,/, it/PRP 's/BES ,/, it/PRP 's/BES almost/RB the/DT same/JJ thing/NN out/IN ,/, out/IN in/IN the/DT Soviet/NNP Union/NNP right/RB now/RB ./.",,
sw09utt/sw_0929_2344.utt,2/sw2344,2344,256,%,A,122,2,"[ There, + {D you know, } there ] are, - /","There/EX ,/, you/PRP know/VBP ,/, there/EX are/VBP ,/,",,
sw09utt/sw_0929_2344.utt,2/sw2344,2344,257,sv,A,122,3,you can't take a whole bunch of people who just aren't the same people and don't want to be together and put them together forcibly. /,you/PRP ca/MD n't/RB take/VB a/DT whole/JJ bunch/NN of/IN people/NNS who/WP just/RB are/VBP n't/RB the/DT same/JJ people/NNS and/CC do/VBP n't/RB want/VB to/TO be/VB together/RB and/CC put/VB them/PRP together/RB forcibly/RB ./.,,
sw09utt/sw_0929_2344.utt,2/sw2344,2344,258,b,B,123,1,Yeah. /,Yeah/UH ./.,,
sw09utt/sw_0929_2344.utt,2/sw2344,2344,259,sd,A,124,1,"{E I mean, } we did it couple of hundred years ago here,  /","I/PRP mean/VBP ,/, we/PRP did/VBD it/PRP couple/NN of/IN hundred/CD years/NNS ago/RB here/RB ,/,",,
sw09utt/sw_0929_2344.utt,2/sw2344,2344,260,sv,A,124,2,{C but } they wanted to do it.  /,but/CC they/PRP wanted/VBD to/TO do/VB it/PRP ./.,,
sw09utt/sw_0929_2344.utt,2/sw2344,2344,261,%,A,124,3,{C So. } -/,So/RB ./.,,
sw09utt/sw_0929_2344.utt,2/sw2344,2344,262,aa,B,125,1,"Yeah,  /","Yeah/UH ,/,",,
sw09utt/sw_0929_2344.utt,2/sw2344,2344,263,sv,B,125,2,"{C and } I don't think the people here two hundred years ago were that different,  /","and/CC I/PRP do/VBP n't/RB think/VB the/DT people/NNS here/RB two/CD hundred/CD years/NNS ago/RB were/VBD that/RB different/JJ ,/,",,
sw09utt/sw_0929_2344.utt,2/sw2344,2344,264,sv,B,125,3,I really don't. /,I/PRP really/RB do/VBP n't/RB ./.,,
sw09utt/sw_0929_2344.utt,2/sw2344,2344,265,aa,A,126,1,"[ That's, + that's ] certainly true. /","That/DT 's/BES ,/, that/DT 's/BES certainly/RB true/JJ ./.",,
sw09utt/sw_0929_2344.utt,2/sw2344,2344,266,sv,B,127,1,"{E I mean, } they had the same ideals and the same basic beliefs. /","I/PRP mean/VBP ,/, they/PRP had/VBD the/DT same/JJ ideals/NNS and/CC the/DT same/JJ basic/JJ beliefs/NNS ./.",,
sw09utt/sw_0929_2344.utt,2/sw2344,2344,267,aa,A,128,1,"Right, {F uh, }  /","Right/UH ,/, uh/UH ,/,",,
sw09utt/sw_0929_2344.utt,2/sw2344,2344,268,qy^d,A,128,2,"[ I wonder, + I wonder ] if now the people in the Soviet Union don't have ideas very different from that. /","I/PRP wonder/VBP ,/, I/PRP wonder/VBP if/IN now/RB the/DT people/NNS in/IN the/DT Soviet/NNP Union/NNP do/VBP n't/RB have/VB ideas/NNS very/RB different/JJ from/IN that/DT ./.",,
sw09utt/sw_0929_2344.utt,2/sw2344,2344,269,am,B,129,1,"[ [ The-, + the-, ] + they ] might.  /","The-/XX ,/, the-/XX ,/, they/PRP might/MD ./.",,
sw09utt/sw_0929_2344.utt,2/sw2344,2344,270,sv,B,129,2,The Baltic states might be feeling the same way that our forefathers felt when they were leaving to come here ... /,The/DT Baltic/JJ states/NNS might/MD be/VB feeling/VBG the/DT same/JJ way/NN that/WDT our/PRP$ forefathers/NNS felt/VBD when/WRB they/PRP were/VBD leaving/VBG to/TO come/VB here/RB .../:,,
