swda_filename,ptb_basename,conversation_no,transcript_index,act_tag,caller,utterance_index,subutterance_index,text,pos,trees,ptb_treenumbers
sw09utt/sw_0927_2228.utt,2/sw2228,2228,0,o,A,1,1,Okay. /,Okay/UH ./.,,
sw09utt/sw_0927_2228.utt,2/sw2228,2228,1,b,B,2,1,"All right, {F uh, }  /","All/RB right/JJ ,/, uh/UH ,/,",,
sw09utt/sw_0927_2228.utt,2/sw2228,2228,2,sd^t,B,2,2,feelings on what caused the S and L crisis  /,feelings/NNS on/IN what/WP caused/VBD the/DT S/NNP and/CC L/NNP crisis/NN,,
sw09utt/sw_0927_2228.utt,2/sw2228,2228,3,sd,B,2,3,I guess I don't have a real technical knowledge for what happened  /,I/PRP guess/VBP I/PRP do/VBP n't/RB have/VB a/DT real/RB technical/JJ knowledge/NN for/IN what/WP happened/VBD,,
sw09utt/sw_0927_2228.utt,2/sw2228,2228,4,sd,B,2,4,I gather that there where  large numbers of situations where loans were made that appeared to be a good loan but in a speculative since  /,I/PRP gather/VBP that/IN there/EX where/^VBD large/JJ numbers/NNS of/IN situations/NNS  where/WRB loans/NNS were/VBD made/VBN that/WDT appeared/VBD to/TO be/VB a/DT good/JJ loan/NN but/CC in/IN a/DT speculative/JJ since/^NN,,
sw09utt/sw_0927_2228.utt,2/sw2228,2228,5,sd,B,2,5,"{C and } with [ have + ] little regulation going on  because of deregulation during the Reagan eight years, {F uh, } more and more S and  L simply began to take riskier and riskier loans  /","and/CC with/IN  have/VBP little/JJ regulation/NN going/VBG on/RP because/IN of/IN deregulation/NN during/IN the/DT Reagan/NNP eight/CD years/NNS ,/, uh/UH ,/, more/JJR and/CC more/JJR S/NNP and/CC L/NNP simply/RB began/VBD to/TO take/VB riskier/JJR and/CC riskier/JJR loans/NNS",,
sw09utt/sw_0927_2228.utt,2/sw2228,2228,6,sd,B,2,6,"{C and then } when they began to collapse one after the other I think almost like an avalanche [ of, + of ] property values devalued. /","and/CC then/RB when/WRB they/PRP began/VBD to/TO collapse/VB one/CD after/IN the/DT other/JJ I/PRP think/VBP almost/RB like/IN an/DT avalanche/NN of/IN ,/, of/IN property/NN values/NNS devalued/VBD ./.",,
sw09utt/sw_0927_2228.utt,2/sw2228,2228,7,b,A,3,1,"Uh-huh,  /","Uh-huh/UH ,/,",,
sw09utt/sw_0927_2228.utt,2/sw2228,2228,8,bf,A,3,2,kind of like a domino's effect. /,kind/RB of/RB like/IN a/DT domino/NN 's/POS effect/NN ./.,,
sw09utt/sw_0927_2228.utt,2/sw2228,2228,9,aa,B,4,1,Right.  /,Right/UH ./.,,
sw09utt/sw_0927_2228.utt,2/sw2228,2228,10,sd,B,4,2,"I don't have [ a, + a ] field for whether or not this is the equivalent  of what was called the teapot dome.","I/PRP do/VBP n't/RB have/VB a/DT ,/, a/DT field/^NN  for/IN whether/IN or/CC not/RB this/DT is/VBZ the/DT equivalent/NN of/IN what/WP was/VBD called/VBN the/DT teapot/NN dome/NN ./.",,
sw09utt/sw_0927_2228.utt,2/sw2228,2228,11,b,A,5,1,"{F Oh, }  ((   )) . /","Oh/UH ,/, MUMBLEx/XX ./.",,
sw09utt/sw_0927_2228.utt,2/sw2228,2228,12,+,B,6,1,"{F Uh, }  scandal,  /","Uh/UH ,/, scandal/NN ,/,",,
sw09utt/sw_0927_2228.utt,2/sw2228,2228,13,qy,B,6,2,"are you familiar with that,","are/VBP you/PRP familiar/JJ with/IN that/DT ,/,",,
sw09utt/sw_0927_2228.utt,2/sw2228,2228,14,nn,A,7,1,No. /,No/UH ./.,,
sw09utt/sw_0927_2228.utt,2/sw2228,2228,15,+,B,8,1,from your histories lessons or whatever. /,from/IN your/PRP$ histories/NNS lessons/NNS or/CC whatever/WP ./.,,
sw09utt/sw_0927_2228.utt,2/sw2228,2228,16,nn^r,A,9,1,No. /,No/UH ./.,,
sw09utt/sw_0927_2228.utt,2/sw2228,2228,17,sd,B,10,1,"{F Uh, } I vaguely recall  /","Uh/UH ,/, I/PRP vaguely/RB recall/VBP",,
sw09utt/sw_0927_2228.utt,2/sw2228,2228,18,sd,B,10,2,{C but } I've never gone and done any study on it since the S and L thing  /,but/CC I/PRP 've/VBP never/RB gone/VBN and/CC done/VBN any/DT study/NN on/IN it/PRP since/IN the/DT S/NNP and/CC L/NNP thing/NN,,
sw09utt/sw_0927_2228.utt,2/sw2228,2228,19,sd,B,10,3,"that teapot dome scandal is [ when + {A I think during the Hoover years } where ] gobs of land [ was, + was ] sold at really inflated prices on the theory that there were natural gas beneath it,  /","that/DT teapot/NN dome/NN scandal/NN is/VBZ when/WRB I/PRP think/VBP during/IN the/DT Hoover/NNP years/NNS where/WRB gobs/NNS of/IN land/NN was/VBD ,/, was/VBD sold/VBN at/IN really/RB inflated/JJ prices/NNS on/IN the/DT theory/NN that/IN there/EX were/VBD natural/JJ gas/NN beneath/IN it/PRP ,/,",,
sw09utt/sw_0927_2228.utt,2/sw2228,2228,20,sd,B,10,4,"{C and } [ that, + that ] appeared to be corruption within the Hoover administration.  /","and/CC that/IN ,/, that/DT appeared/VBD to/TO be/VB corruption/NN within/IN the/DT Hoover/NNP administration/NN ./.",,
sw09utt/sw_0927_2228.utt,2/sw2228,2228,21,sv,B,10,5,"I don't have a real since [ of, + of ] {D like }  corruption that caused S and L all though I have a feeling that people look  the other way when things began to go sourer maybe. /","I/PRP do/VBP n't/RB have/VB a/DT real/JJ since/^NN  of/IN ,/, of/IN like/UH corruption/NN that/WDT caused/VBD S/NNP and/CC L/NNP all/GW though/^IN I/PRP have/VBP a/DT feeling/NN that/IN people/NNS look/VBP the/DT other/JJ way/NN when/WRB things/NNS began/VBD to/TO go/VB sourer/JJ maybe/RB ./.",,
sw09utt/sw_0927_2228.utt,2/sw2228,2228,22,aa,A,11,1,Uh-huh.  /,Uh-huh/UH ./.,,
sw09utt/sw_0927_2228.utt,2/sw2228,2228,23,aa,A,11,2,"No,  /","No/UH ,/,",,
sw09utt/sw_0927_2228.utt,2/sw2228,2228,24,sv,A,11,3,"I don't think it was really corruption that caused it,  /","I/PRP do/VBP n't/RB think/VB it/PRP was/VBD really/RB corruption/NN that/WDT caused/VBD it/PRP ,/,",,
sw09utt/sw_0927_2228.utt,2/sw2228,2228,25,%,A,11,4,{C or } within - /,or/CC within/IN,,
sw09utt/sw_0927_2228.utt,2/sw2228,2228,26,sv,A,11,5,"I think people just started, {D you know, } [ no-, + not ] being as careful with the loans that they were making [ whenever, + {D you know, } whenever ] they gave them out. /","I/PRP think/VBP people/NNS just/RB started/VBD ,/, you/PRP know/VBP ,/, no-/XX ,/, not/RB being/VBG as/RB careful/JJ with/IN the/DT loans/NNS that/WDT they/PRP were/VBD making/VBG whenever/WRB ,/, you/PRP know/VBP ,/, whenever/WRB they/PRP gave/VBD them/PRP out/RP ./.",,
sw09utt/sw_0927_2228.utt,2/sw2228,2228,27,b,B,12,1,Uh-huh. /,Uh-huh/UH ./.,,
sw09utt/sw_0927_2228.utt,2/sw2228,2228,28,sv,A,13,1,I think maybe they didn't check into them enough  /,I/PRP think/VBP maybe/RB they/PRP did/VBD n't/RB check/VB into/IN them/PRP enough/RB,,
sw09utt/sw_0927_2228.utt,2/sw2228,2228,29,sv,A,13,2,{C or } maybe because everyone else was doing they figured they would just go ahead and approve it also  /,or/CC maybe/RB because/IN everyone/NN else/RB was/VBD doing/VBG they/PRP figured/VBD they/PRP would/MD just/RB go/VB ahead/RB and/CC approve/VB it/PRP also/RB,,
sw09utt/sw_0927_2228.utt,2/sw2228,2228,30,%,A,13,3,{C so. } -/,so/RB ./.,,
sw09utt/sw_0927_2228.utt,2/sw2228,2228,31,b,B,14,1,Yeah. /,Yeah/UH ./.,,
sw09utt/sw_0927_2228.utt,2/sw2228,2228,32,b^m,A,15,1,Yeah. /,Yeah/UH ./.,,
sw09utt/sw_0927_2228.utt,2/sw2228,2228,33,sv,B,16,1,It seems like there were on awful a lot of people making loans and business  decisions on a - /,It/PRP seems/VBZ like/IN there/EX were/VBD on/^DT  awful/JJ a/DT lot/NN of/IN people/NNS making/VBG loans/NNS and/CC business/NN decisions/NNS on/IN a/DT,,
sw09utt/sw_0927_2228.utt,2/sw2228,2228,34,sv,B,16,2,get rich quick is the wrong phrase  /,get/VB rich/JJ quick/RB is/VBZ the/DT wrong/JJ phrase/NN,,
sw09utt/sw_0927_2228.utt,2/sw2228,2228,35,sv(^q),B,16,3,"{C but, } [ if + ] it captures some of [ the, + the ] feeling I have from the people making business decisions that if they failed it's sort of {D well } no skin of my back  /","but/CC ,/, if/IN it/PRP captures/VBZ some/DT of/IN the/DT ,/, the/DT feeling/NN I/PRP have/VBP from/IN the/DT people/NNS making/VBG business/NN decisions/NNS that/IN if/IN they/PRP failed/VBD it/PRP 's/BES sort/RB of/RB well/UH no/DT skin/NN of/^IN  my/PRP$ back/NN",,
sw09utt/sw_0927_2228.utt,2/sw2228,2228,36,^q,B,16,4,"I'll move on to this other  company, /","I/PRP 'll/MD move/VB on/RP to/IN this/DT other/JJ company/NN ,/,",,
sw09utt/sw_0927_2228.utt,2/sw2228,2228,37,b,A,17,1,Uh-huh. /,Uh-huh/UH ./.,,
sw09utt/sw_0927_2228.utt,2/sw2228,2228,38,sv,B,18,1,{C or } --,or/CC --/:,,
sw09utt/sw_0927_2228.utt,2/sw2228,2228,39,b,A,19,1,Uh-huh. /,Uh-huh/UH ./.,,
sw09utt/sw_0927_2228.utt,2/sw2228,2228,40,+,B,20,1,"-- [ I, + I ] just since that they didn't have a commitment to the stability of  the organizations they [ were, + were ] making the decisions for. /","--/: I/PRP ,/, I/PRP just/RB since/^VBP that/IN they/PRP  did/VBD n't/RB have/VB a/DT commitment/NN to/IN the/DT stability/NN of/IN the/DT organizations/NNS they/PRP were/VBD ,/, were/VBD making/VBG the/DT decisions/NNS for/IN ./.",,
sw09utt/sw_0927_2228.utt,2/sw2228,2228,41,b,A,21,1,Uh-huh  /,Uh-huh/UH,,
sw09utt/sw_0927_2228.utt,2/sw2228.pos,2228,42,x,A,21,2,<breathing>.,./.
sw09utt/sw_0927_2228.utt,2/sw2228,2228,43,qy^d,B,22,1,"{C And } I don't know whether that's because they had other opportunities to which they could move, {D you know, } that it was that easy for them to find new work that they [ didn't, + weren't ] stuck to where they were  /","And/CC I/PRP do/VBP n't/RB know/VB whether/IN that/DT 's/BES because/IN they/PRP had/VBD other/JJ opportunities/NNS to/IN which/WDT they/PRP could/MD move/VB ,/, you/PRP know/VBP ,/, that/IN it/PRP was/VBD that/RB easy/JJ for/IN them/PRP to/TO find/VB new/JJ work/NN that/IN they/PRP did/VBD n't/RB ,/, were/VBD n't/RB stuck/VBN to/IN where/WRB they/PRP were/VBD",,
sw09utt/sw_0927_2228.utt,2/sw2228,2228,44,qy^d,B,22,2,{C and } things begin to collapse  /,and/CC things/NNS begin/VBP to/TO collapse/VB,,
sw09utt/sw_0927_2228.utt,2/sw2228,2228,45,qy^d,B,22,3,they just moved on. /,they/PRP just/RB moved/VBD on/RP ./.,,
sw09utt/sw_0927_2228.utt,2/sw2228,2228,46,no,A,23,1,I'm not sure. /,I/PRP 'm/VBP not/RB sure/JJ ./.,,
sw09utt/sw_0927_2228.utt,2/sw2228,2228,47,qrr^d,B,24,1,"Or whether they had extracted enough money in a percentage base [ that they, + that they ] didn't care any more,  /","Or/CC whether/IN they/PRP had/VBD extracted/VBN enough/JJ money/NN in/IN a/DT percentage/NN base/NN that/IN they/PRP ,/, that/IN they/PRP did/VBD n't/RB care/VB any/DT more/JJR ,/,",,
sw09utt/sw_0927_2228.utt,2/sw2228,2228,48,sd,B,24,2,"[ I, just, + I'm ] rather puzzled about the,","I/PRP ,/, just/RB ,/, I/PRP 'm/VBP rather/RB puzzled/JJ about/IN the/DT ,/,",,
sw09utt/sw_0927_2228.utt,2/sw2228,2228,49,b,A,25,1,Uh-huh. /,Uh-huh/UH ./.,,
sw09utt/sw_0927_2228.utt,2/sw2228,2228,50,+,B,26,1,whole thing <laughter>. /,whole/JJ thing/NN ./.,,
sw09utt/sw_0927_2228.utt,2/sw2228,2228,51,sd,A,27,1,"[ [ I know, + {D well, } <laughter> I'm, ] + {F uh, } I know ] a little bit about it  /","I/PRP know/VBP ,/, well/UH ,/, I/PRP 'm/VBP ,/, uh/UH ,/, I/PRP know/VBP a/DT little/JJ bit/NN about/IN it/PRP",,
sw09utt/sw_0927_2228.utt,2/sw2228,2228,52,sd,A,27,2,{C but } I don't as much as I should know about it  /,but/CC I/PRP do/VBP n't/RB as/RB much/JJ as/IN I/PRP should/MD know/VB about/IN it/PRP,,
sw09utt/sw_0927_2228.utt,2/sw2228,2228,53,sd,A,27,3,I'm a finance major here at Clarion. /,I/PRP 'm/VBP a/DT finance/NN major/NN here/RB at/IN Clarion/NNP ./.,,
sw09utt/sw_0927_2228.utt,2/sw2228,2228,54,b,B,28,1,Okay. /,Okay/UH ./.,,
sw09utt/sw_0927_2228.utt,2/sw2228,2228,55,sd,A,29,1,"{C And, } {F um, } I do know that one of the reasons that caused it is the fact that the federal reserved backed any loan that the Savings and L made with [ a, + a ] hundred thousand dollars.  /","And/CC ,/, um/UH ,/, I/PRP do/VBP know/VB that/IN one/CD of/IN the/DT reasons/NNS that/WDT caused/VBD it/PRP is/VBZ the/DT fact/NN that/WDT the/DT federal/NNP reserved/^NNP backed/VBD any/DT loan/NN that/WDT the/DT  Savings/NNP and/CC L/NNP made/VBD with/IN a/DT ,/, a/DT hundred/CD thousand/CD dollars/NNS ./.",,
sw09utt/sw_0927_2228.utt,2/sw2228,2228,56,sd,A,29,2,{C So } they were kind of insured with that hundred thousand dollars  /,So/RB they/PRP were/VBD kind/RB of/RB insured/VBN with/IN that/DT hundred/CD thousand/CD dollars/NNS,,
sw09utt/sw_0927_2228.utt,2/sw2228,2228,57,sv,A,29,3,"{C and } I think that's kind of why [ they, + they ] were making the riskier loans,  /","and/CC I/PRP think/VBP that/DT 's/BES kind/RB of/RB why/WRB they/PRP ,/, they/PRP were/VBD making/VBG the/DT riskier/JJR loans/NNS ,/,",,
sw09utt/sw_0927_2228.utt,2/sw2228,2228,58,sv(^q),A,29,4,"{C because } they were like {F oh, } {D well, } we have a hundred thousand dollars insurance on it. /","because/IN they/PRP were/VBD like/UH oh/UH ,/, well/UH ,/, we/PRP have/VBP a/DT hundred/CD thousand/CD dollars/NNS insurance/NN on/IN it/PRP ./.",,
sw09utt/sw_0927_2228.utt,2/sw2228,2228,59,qy^d,B,30,1,"{D Well, } [ they didn't, + they didn't ] have a since of risk. /","Well/UH ,/, they/PRP did/VBD n't/RB ,/, they/PRP did/VBD n't/RB have/VB a/DT since/^NN of/IN risk/NN  ./.",,
sw09utt/sw_0927_2228.utt,2/sw2228,2228,60,nn,A,31,1,"No,  /","No/UH ,/,",,
sw09utt/sw_0927_2228.utt,2/sw2228,2228,61,sd^e,A,31,2,I don't think so. /,I/PRP do/VBP n't/RB think/VB so/RB ./.,,
sw09utt/sw_0927_2228.utt,2/sw2228,2228,62,bk,B,32,1,"{F Oh, } okay. /","Oh/UH ,/, okay/UH ./.",,
sw09utt/sw_0927_2228.utt,2/sw2228,2228,63,sd,A,33,1,"[ And, + {F uh, } plus ] where the fact where they were allowed to make loans in, [ any, + almost any ] type of loan - /","And/CC ,/, uh/UH ,/, plus/CC where/WRB the/DT fact/NN where/WRB they/PRP were/VBD allowed/VBN to/TO make/VB loans/NNS in/IN ,/, any/DT ,/, almost/RB any/DT type/NN of/IN loan/NN",,
sw09utt/sw_0927_2228.utt,2/sw2228,2228,64,sd,A,33,2,"{C and } {D like } some banks, {D you know, } they're limited to the types of loans that they're allowed to make. /","and/CC like/UH some/DT banks/NNS ,/, you/PRP know/VBP ,/, they/PRP 're/VBP limited/JJ to/IN the/DT types/NNS of/IN loans/NNS that/WDT they/PRP 're/VBP allowed/VBN to/TO make/VB ./.",,
sw09utt/sw_0927_2228.utt,2/sw2228,2228,65,b,B,34,1,Uh-huh. /,Uh-huh/UH ./.,,
sw09utt/sw_0927_2228.utt,2/sw2228,2228,66,sd,A,35,1,{C And } I think the S and L -s were more open with the types of loans that they were allowed to make. /,And/CC I/PRP think/VBP the/DT S/NNP and/CC L/NNP -s/NNS were/VBD more/RBR open/JJ with/IN the/DT types/NNS of/IN loans/NNS that/WDT they/PRP were/VBD allowed/VBN to/TO make/VB ./.,,
sw09utt/sw_0927_2228.utt,2/sw2228,2228,67,bk,B,36,1,Okay. /,Okay/UH ./.,,
sw09utt/sw_0927_2228.utt,2/sw2228,2228,68,sv,A,37,1,"{C And } I think if they would be more bound to certain loans and not as high of insurance by the reserve, then I don't think this would have happened. /","And/CC I/PRP think/VBP if/IN they/PRP would/MD be/VB more/RBR bound/JJ to/IN certain/JJ loans/NNS and/CC not/RB as/RB high/JJ of/IN insurance/NN by/IN the/DT reserve/NN ,/, then/RB I/PRP do/VBP n't/RB think/VB this/DT would/MD have/VB happened/VBN ./.",,
sw09utt/sw_0927_2228.utt,2/sw2228,2228,69,bk,B,38,1,Okay.  /,Okay/UH ./.,,
sw09utt/sw_0927_2228.utt,2/sw2228,2228,70,qy,B,38,2,"{D Well } do you think [ we, + there's ] a final accounting, yet not, in the since of pennies an nickels,  /","Well/UH do/VBP you/PRP think/VB we/PRP ,/, there/EX 's/BES a/DT final/JJ accounting/NN ,/, yet/RB not/RB ,/, in/IN the/DT since/^NN of/IN pennies/NNS an/^CC  nickels/NNS ,/,",,
sw09utt/sw_0927_2228.utt,2/sw2228,2228,71,qr,B,38,3,"{C but } do you think there's accounting on an ordered  of magnitude [ or, + or ] [ that, + that ] they really do understand how much money it is,  /","but/CC do/VBP you/PRP think/VB there/EX 's/BES accounting/NN on/IN an/DT ordered/NN  of/IN magnitude/NN or/CC ,/, or/CC that/IN ,/, that/IN they/PRP really/RB do/VBP understand/VB how/WRB much/JJ money/NN it/PRP is/VBZ ,/,",,
sw09utt/sw_0927_2228.utt,2/sw2228,2228,72,sd,B,38,4,"for awhile it seemed like every time I opened the paper up it was escalating in terms of damage, {F uh, } /","for/IN awhile/^DT^NN  it/PRP seemed/VBD like/IN every/DT time/NN I/PRP opened/VBD the/DT paper/NN up/RP it/PRP was/VBD escalating/VBG in/IN terms/NNS of/IN damage/NN ,/, uh/UH ,/,",,
sw09utt/sw_0927_2228.utt,2/sw2228,2228,73,b,A,39,1,Uh-huh. /,Uh-huh/UH ./.,,
sw09utt/sw_0927_2228.utt,2/sw2228,2228,74,sd,B,40,1,"[ did, + is ] your since that we now understand how bad it is, /  *[[listen]]","did/VBD ,/, is/VBZ your/PRP$ since/^NN that/IN we/PRP  now/RB understand/VBP how/WRB bad/JJ it/PRP is/VBZ ,/,",,
sw09utt/sw_0927_2228.utt,2/sw2228,2228,75,x,A,41,1,<Breathing>.,,,
sw09utt/sw_0927_2228.utt,2/sw2228,2228,76,qrr,B,42,1,{C or } is there more to be heard yet. /,or/CC is/VBZ there/EX more/JJR to/TO be/VB heard/VBN yet/RB ./.,,
sw09utt/sw_0927_2228.utt,2/sw2228,2228,77,sv,A,43,1,"{F Um, } I think that people just basically got tired of hearing it  /","Um/UH ,/, I/PRP think/VBP that/IN people/NNS just/RB basically/RB got/VBD tired/JJ of/IN hearing/VBG it/PRP",,
sw09utt/sw_0927_2228.utt,2/sw2228,2228,78,sv,A,43,2,"{C and } [ it wasn't <laughter> making, + it was wasn't ] as good news as it was.  /","and/CC it/PRP was/VBD n't/RB making/VBG ,/, it/PRP was/VBD was/VBD n't/RB as/RB good/JJ news/NN as/IN it/PRP was/VBD ./.",,
sw09utt/sw_0927_2228.utt,2/sw2228,2228,79,sv,A,43,3,"I think it's still, {D you know, } [ I + ] adding up,  /","I/PRP think/VBP it/PRP 's/BES still/RB ,/, you/PRP know/VBP ,/, I/PRP adding/VBG up/RP ,/,",,
sw09utt/sw_0927_2228.utt,2/sw2228,2228,80,sv,A,43,4,{C and } I think it will be for awhile. /,and/CC I/PRP think/VBP it/PRP will/MD be/VB for/IN awhile/^DT^NN ./.,,
sw09utt/sw_0927_2228.utt,2/sw2228,2228,81,bf,B,44,1,"{C So } you don't think necessarily they don't have a complete grasp yet, /","So/RB you/PRP do/VBP n't/RB think/VB necessarily/RB they/PRP do/VBP n't/RB have/VB a/DT complete/JJ grasp/NN yet/RB ,/,",,
sw09utt/sw_0927_2228.utt,2/sw2228,2228,82,aa,A,45,1,No. /,No/UH ./.,,
sw09utt/sw_0927_2228.utt,2/sw2228,2228,83,%,B,46,1,or whether  ((   )) . -/,or/CC whether/IN MUMBLEx/XX ./.,,
sw09utt/sw_0927_2228.utt,2/sw2228,2228,84,aa,A,47,1,"[ I, + I ] don't think they do.  /","I/PRP ,/, I/PRP do/VBP n't/RB think/VB they/PRP do/VB ./.",,
sw09utt/sw_0927_2228.utt,2/sw2228,2228,85,sv,A,47,2,"[ I don't think how, + I don't think how ] they could find [ that big, + how much ] was really lost or how much they were going to lose, because there still are some S and Ls still open. /","I/PRP do/VBP n't/RB think/VB how/WRB ,/, I/PRP do/VBP n't/RB think/VB how/WRB they/PRP could/MD find/VB that/RB big/JJ ,/, how/WRB much/JJ was/VBD really/RB lost/VBN or/CC how/WRB much/JJ they/PRP were/VBD going/VBG to/TO lose/VB ,/, because/IN there/EX still/RB are/VBP some/DT S/NNP and/CC Ls/NNPS still/RB open/JJ ./.",,
sw09utt/sw_0927_2228.utt,2/sw2228,2228,86,b,B,48,1,Uh-huh. /,Uh-huh/UH ./.,,
sw09utt/sw_0927_2228.utt,2/sw2228,2228,87,sv,A,49,1,"{C And } [ it's, + it's ] very possible for them to go down in the future because of this. /","And/CC it/PRP 's/BES ,/, it/PRP 's/BES very/RB possible/JJ for/IN them/PRP to/TO go/VB down/RB in/IN the/DT future/NN because/IN of/IN this/DT ./.",,
sw09utt/sw_0927_2228.utt,2/sw2228,2228,88,bf,B,50,1,To be caught in the  ((   )) . /,To/TO be/VB caught/JJ in/IN the/DT MUMBLEx/XX ./.,,
sw09utt/sw_0927_2228.utt,2/sw2228,2228,89,aa,A,51,1,"Uh-huh,  /","Uh-huh/UH ,/,",,
sw09utt/sw_0927_2228.utt,2/sw2228,2228,90,aa^r,A,51,2,uh-huh. /,uh-huh/UH ./.,,
sw09utt/sw_0927_2228.utt,2/sw2228,2228,91,qy,B,52,1,Do you think [ to + ] possibly [ is + ] that it will help with the regular banks? /,Do/VBP you/PRP think/VB to/TO possibly/RB is/VBZ that/IN it/PRP will/MD help/VB with/IN the/DT regular/JJ banks/NNS ?/.,,
sw09utt/sw_0927_2228.utt,2/sw2228,2228,92,no,A,53,1,"[ I, + I ] don't know.  /","I/PRP ,/, I/PRP do/VBP n't/RB know/VB ./.",,
sw09utt/sw_0927_2228.utt,2/sw2228,2228,93,sv,A,53,2,"[ I thin-, + I think ] it would be harder  /","I/PRP thin/VBP ,/, I/PRP think/VBP it/PRP would/MD be/VB harder/JJR",,
sw09utt/sw_0927_2228.utt,2/sw2228,2228,94,sv,A,53,3,{C but } I think there are some regular banks that will go down with it. /,but/CC I/PRP think/VBP there/EX are/VBP some/DT regular/JJ banks/NNS that/WDT will/MD go/VB down/RB with/IN it/PRP ./.,,
sw09utt/sw_0927_2228.utt,2/sw2228,2228,95,sd,B,54,1,"It seems that I recall reading [ for the last + {F oh, } let's say starting three years a go but not so much in the last ] year of bank risks [ of + ] relative to the loaning funds to third world countries like Mexico, Venezuela.","It/PRP seems/VBZ that/IN I/PRP recall/VBP reading/VBG for/IN the/DT last/JJ oh/UH ,/, let/VB 's/PRP say/VB starting/VBG three/CD years/NNS a/GW go/^RB but/CC not/RB so/RB much/JJ in/IN the/DT last/JJ year/NN of/IN bank/NN risks/NNS of/IN relative/JJ to/IN the/DT loaning/VBG funds/NNS to/IN third/JJ world/NN countries/NNS like/IN Mexico/NNP ,/, Venezuela/NNP ./.",,
sw09utt/sw_0927_2228.utt,2/sw2228,2228,96,b,A,55,1,Uh-huh. /,Uh-huh/UH ./.,,
sw09utt/sw_0927_2228.utt,2/sw2228,2228,97,+,B,56,1,"{F Uh, } and Argentina based on oil loans  /","Uh/UH ,/, and/CC Argentina/NNP based/VBN on/IN oil/NN loans/NNS",,
sw09utt/sw_0927_2228.utt,2/sw2228,2228,98,sd,B,56,2,"{C and then } the price of oil [ had, + had ] gone south resulting in those loans being very risky,  /","and/CC then/RB the/DT price/NN of/IN oil/NN had/VBD ,/, had/VBD gone/VBN south/RB resulting/VBG in/IN those/DT loans/NNS being/VBG very/RB risky/JJ ,/,",,
sw09utt/sw_0927_2228.utt,2/sw2228,2228,99,sd,B,56,3,{C and } I guess I read articles of various banks that have done the right thing to contain their risks given that they had made multiple billion dollar loans.  /,and/CC I/PRP guess/VBP I/PRP read/VBP articles/NNS of/IN various/JJ banks/NNS that/WDT have/VBP done/VBN the/DT right/JJ thing/NN to/TO contain/VB their/PRP$ risks/NNS given/VBN that/IN they/PRP had/VBD made/VBN multiple/JJ billion/CD dollar/NN loans/NNS ./.,,
sw09utt/sw_0927_2228.utt,2/sw2228,2228,100,sv,B,56,4,"I have this vague since that, that could happen [ that, + that ] there are still monies loaned  out to third world countries that could end up being totally lost. /","I/PRP have/VBP this/DT vague/JJ since/^NN that/IN ,/,  that/DT could/MD happen/VB that/IN ,/, that/IN there/EX are/VBP still/RB monies/NNS loaned/VBN out/RP to/IN third/JJ world/NN countries/NNS that/WDT could/MD end/VB up/RP being/VBG totally/RB lost/VBN ./.",,
sw09utt/sw_0927_2228.utt,2/sw2228,2228,101,aa,A,57,1,"{F Oh, } yeah, {F um, }  /","Oh/UH ,/, yeah/UH ,/, um/UH ,/,",,
sw09utt/sw_0927_2228.utt,2/sw2228,2228,102,sd,A,57,2,in some of my classes now I was just  (( reading ))  /,in/IN some/DT of/IN my/PRP$ classes/NNS now/RB I/PRP was/VBD just/RB reading/VBG,,
sw09utt/sw_0927_2228.utt,2/sw2228,2228,103,sd,A,57,3,I think it was in Venezuela  /,I/PRP think/VBP it/PRP was/VBD in/IN Venezuela/NNP,,
sw09utt/sw_0927_2228.utt,2/sw2228,2228,104,sd,A,57,4,"I can't remember what company it was,  /","I/PRP ca/MD n't/RB remember/VB what/WP company/NN it/PRP was/VBD ,/,",,
sw09utt/sw_0927_2228.utt,2/sw2228,2228,105,sd,A,57,5,{C but } they just wrote off {D like } millions of dollars because they know they will never get it back. /,but/CC they/PRP just/RB wrote/VBD off/RP like/IN millions/NNS of/IN dollars/NNS because/IN they/PRP know/VBP they/PRP will/MD never/RB get/VB it/PRP back/RB ./.,,
sw09utt/sw_0927_2228.utt,2/sw2228,2228,106,b,B,58,1,Uh-huh. /,Uh-huh/UH ./.,,
sw09utt/sw_0927_2228.utt,2/sw2228,2228,107,sd,A,59,1,"{D You know, } {C and } [ they just, + they just ] wrote it right off.  /","You/PRP know/VBP ,/, and/CC they/PRP just/RB ,/, they/PRP just/RB wrote/VBD it/PRP right/RB off/RP ./.",,
sw09utt/sw_0927_2228.utt,2/sw2228,2228,108,sv,A,59,2,"[ I think, + I think ] we've lost a lot of money  /","I/PRP think/VBP ,/, I/PRP think/VBP we/PRP 've/VBP lost/VBN a/DT lot/NN of/IN money/NN",,
sw09utt/sw_0927_2228.utt,2/sw2228,2228,109,sv,A,59,3,"{C and, } {D you know, } {D like } we [ every + never ] going to get it back  /","and/CC ,/, you/PRP know/VBP ,/, like/UH we/PRP every/DT never/RB going/VBG to/TO get/VB it/PRP back/RP",,
sw09utt/sw_0927_2228.utt,2/sw2228,2228,110,sv,A,59,4,it's impossible to get it back. /,it/PRP 's/BES impossible/JJ to/TO get/VB it/PRP back/RB ./.,,
sw09utt/sw_0927_2228.utt,2/sw2228,2228,111,bf,B,60,1,{C And so } you think that it's just gone. /,And/CC so/RB you/PRP think/VBP that/DT it/PRP 's/BES just/RB gone/JJ ./.,,
sw09utt/sw_0927_2228.utt,2/sw2228,2228,112,aa,A,61,1,"Uh-huh,  /","Uh-huh/UH ,/,",,
sw09utt/sw_0927_2228.utt,2/sw2228,2228,113,aa^r,A,61,2,"uh-huh,  /","uh-huh/UH ,/,",,
sw09utt/sw_0927_2228.utt,2/sw2228,2228,114,aa,A,61,3,"yeah,  /","yeah/UH ,/,",,
sw09utt/sw_0927_2228.utt,2/sw2228,2228,115,sv,A,61,4,"cause [ [ we-, + we're, ] + {D you know, } we're ] talking about some peens that have just {D like } even gave up on {D like } getting it back and trying any  more. /","cause/IN we-/XX ,/, we/PRP 're/VBP ,/, you/PRP know/VBP ,/, we/PRP 're/VBP talking/VBG about/IN some/DT peens/NNS  that/WDT have/VBP just/RB like/UH even/RB gave/VBD up/RP on/IN like/UH getting/VBG it/PRP back/RP and/CC trying/VBG any/DT more/JJR ./.",,
sw09utt/sw_0927_2228.utt,2/sw2228,2228,116,b,B,62,1,Okay. /,Okay/UH ./.,,
sw09utt/sw_0927_2228.utt,2/sw2228,2228,117,sv,A,63,1,They just totally wrote it off their book. /,They/PRP just/RB totally/RB wrote/VBD it/PRP off/RP their/PRP$ book/NN ./.,,
sw09utt/sw_0927_2228.utt,2/sw2228,2228,118,qy,B,64,1,Do you think it is necessary to have the federal guaranty program  /,Do/VBP you/PRP think/VB it/PRP is/VBZ necessary/JJ to/TO have/VB the/DT federal/JJ guaranty/NN program/NN,,
sw09utt/sw_0927_2228.utt,2/sw2228,2228,119,sv,B,64,2,{D like } my since is it was there to try to protect small investors  /,like/UH my/PRP since/^NN is/VBZ it/PRP was/VBD there/RB  to/TO try/VB to/TO protect/VB small/JJ investors/NNS,,
sw09utt/sw_0927_2228.utt,2/sw2228,2228,120,sv,B,64,3,{C but } it ended up  protecting big investors.,but/CC it/PRP ended/VBD up/RP protecting/VBG big/JJ investors/NNS ./.,,
sw09utt/sw_0927_2228.utt,2/sw2228,2228,121,b,A,65,1,Oh. /,Oh/UH ./.,,
sw09utt/sw_0927_2228.utt,2/sw2228,2228,122,+,B,66,1,"Which I don't think what it was meant to do,  /","Which/WDT I/PRP do/VBP n't/RB think/VB what/WP it/PRP was/VBD meant/VBN to/TO do/VB ,/,",,
sw09utt/sw_0927_2228.utt,2/sw2228,2228,123,sv,B,66,2,"{C so } I guess [ I, + I ] feel like as long as we have the possibility for this large numbers of people to be protected the possibility exist for these sorts of problems. /","so/RB I/PRP guess/VBP I/PRP ,/, I/PRP feel/VBP like/IN as/RB long/RB as/IN we/PRP have/VBP the/DT possibility/NN for/IN this/DT large/JJ numbers/NNS of/IN people/NNS to/TO be/VB protected/VBN the/DT possibility/NN exist/VBZ for/IN these/DT sorts/NNS of/IN problems/NNS ./.",,
sw09utt/sw_0927_2228.utt,2/sw2228,2228,124,ny,A,67,1,"Uh-huh,  /","Uh-huh/UH ,/,",,
sw09utt/sw_0927_2228.utt,2/sw2228,2228,125,ny,A,67,2,"{F um, } yeah,  /","um/UH ,/, yeah/UH ,/,",,
sw09utt/sw_0927_2228.utt,2/sw2228,2228,126,sv^e,A,67,3,"I think is it necessary to have, {F um, } the backing, {F um, }  /","I/PRP think/VBP is/VBZ it/PRP necessary/JJ to/TO have/VB ,/, um/UH ,/, the/DT backing/NN ,/, um/UH ,/,",,
sw09utt/sw_0927_2228.utt,2/sw2228,2228,127,sv,A,67,4,"[ [ it, + it's, ] + it's ] just for, {D you know, } safe purposes, {D you know, } in case something would happen.  {F Um, }  /","it/PRP ,/, it/PRP 's/BES ,/, it/PRP 's/BES just/RB for/IN ,/, you/PRP know/VBP ,/, safe/JJ purposes/NNS ,/, you/PRP know/VBP ,/, in/IN case/NN something/NN would/MD happen/VB ./. Um/UH ,/,",,
sw09utt/sw_0927_2228.utt,2/sw2228,2228,128,%,A,67,5,"yeah,  /","yeah/UH ,/,",,
sw09utt/sw_0927_2228.utt,2/sw2228,2228,129,%,A,67,6,"[ I don't, + I ne-, ] - /","I/PRP do/VBP n't/RB ,/, I/PRP ne-/XX ,/,",,
sw09utt/sw_0927_2228.utt,2/sw2228,2228,130,%,A,67,7,"yeah,  /","yeah/UH ,/,",,
sw09utt/sw_0927_2228.utt,2/sw2228,2228,131,sv,A,67,8,as long as there's enough little companies we're going to have to have something. /,as/RB long/RB as/IN there/EX 's/BES enough/JJ little/JJ companies/NNS we/PRP 're/VBP going/VBG to/TO have/VB to/TO have/VB something/NN ./.,,
sw09utt/sw_0927_2228.utt,2/sw2228,2228,132,bf,B,68,1,"{F Um, } {C so } your since is [ that the, + that, {F uh, } the ] loan guaranties [ which + ] really  were accounts guaranties,","Um/UH ,/, so/RB your/PRP$ since/^NN is/VBZ that/IN  the/DT ,/, that/IN ,/, uh/UH ,/, the/DT loan/NN guaranties/NNS which/WDT really/RB were/VBD accounts/NNS guaranties/NNS ,/,",,
sw09utt/sw_0927_2228.utt,2/sw2228,2228,133,aa,A,69,1,Uh-huh. /,Uh-huh/UH ./.,,
sw09utt/sw_0927_2228.utt,2/sw2228,2228,134,+,B,70,1,"[ so the, + so that the ] account holders that if something went wrong they would have their money. /","so/RB the/DT ,/, so/IN that/IN the/DT account/NN holders/NNS that/IN if/IN something/NN went/VBD wrong/JJ they/PRP would/MD have/VB their/PRP$ money/NN ./.",,
sw09utt/sw_0927_2228.utt,2/sw2228,2228,135,aa,A,71,1,Right. /,Right/UH ./.,,
sw09utt/sw_0927_2228.utt,2/sw2228,2228,136,bf,B,72,1,"{C And } given that the S and Ls have had disasters then [ those account holders [ are, + are, ] + their money is ] still being protected. /","And/CC given/VBN that/IN the/DT S/NNP and/CC Ls/NNPS have/VBP had/VBN disasters/NNS then/RB those/DT account/NN holders/NNS are/VBP ,/, are/VBP ,/, their/PRP$ money/NN is/VBZ still/RB being/VBG protected/VBN ./.",,
sw09utt/sw_0927_2228.utt,2/sw2228,2228,137,aa,A,73,1,Uh-huh. /,Uh-huh/UH ./.,,
sw09utt/sw_0927_2228.utt,2/sw2228,2228,138,bf,B,74,1,"{C And } [ that is + it's ] million of people with anywhere from thousands to tens of thousands I guess [ of, +","And/CC that/DT is/VBZ it/PRP 's/BES million/CD of/IN people/NNS with/IN anywhere/RB from/IN thousands/NNS to/IN tens/NNS of/IN thousands/NNS I/PRP guess/VBP of/IN ,/,",,
sw09utt/sw_0927_2228.utt,2/sw2228,2228,139,aa,A,75,1,Uh-huh. /,Uh-huh/UH ./.,,
sw09utt/sw_0927_2228.utt,2/sw2228,2228,140,+,B,76,1,Of ] dollars being protected.  /,Of/IN dollars/NNS being/VBG protected/VBN ./.,,
sw09utt/sw_0927_2228.utt,2/sw2228,2228,141,sv,B,76,2,"[ It, + it ] seems like, {F um, } there was a lot of money being protected in multiple accounts, {F uh, }  /","It/PRP ,/, it/PRP seems/VBZ like/IN ,/, um/UH ,/, there/EX was/VBD a/DT lot/NN of/IN money/NN being/VBG protected/VBN in/IN multiple/JJ accounts/NNS ,/, uh/UH ,/,",,
sw09utt/sw_0927_2228.utt,2/sw2228,2228,142,%,B,76,3,"it's, - /","it/PRP 's/BES ,/,",,
sw09utt/sw_0927_2228.utt,2/sw2228,2228,143,sd,B,76,4,"[ if, + if ] you take ten million people and protect ten thousand dollars it's still only a hundred [ bi-, +  billion ] dollars  /","if/IN ,/, if/IN you/PRP take/VBP ten/CD million/CD people/NNS and/CC protect/VBP ten/CD thousand/CD dollars/NNS it/PRP 's/VBZ still/RB only/RB a/DT  hundred/CD bi-/CD ,/, billion/CD dollars/NNS",,
sw09utt/sw_0927_2228.utt,2/sw2228,2228,144,sd,B,76,5,{C and } we're taking about monies way in access of that now  /,and/CC we/PRP 're/VBP taking/^VBG about/IN monies/NNS way/RB  in/IN access/^NN of/IN that/DT now/RB,,
sw09utt/sw_0927_2228.utt,2/sw2228,2228,145,sv,B,76,6,{C so }  it's obvious that we've protected large accounts. /,so/RB it/PRP  's/BES obvious/JJ that/IN we/PRP 've/VBP protected/VBN large/JJ accounts/NNS ./.,,
sw09utt/sw_0927_2228.utt,2/sw2228,2228,146,b,A,77,1,Uh-huh. /,Uh-huh/UH ./.,,
sw09utt/sw_0927_2228.utt,2/sw2228,2228,147,sv,B,78,1,And perhaps multiple people in multiple S and Ls  /,And/CC perhaps/RB multiple/JJ people/NNS in/IN multiple/JJ S/NNP and/CC Ls/NNPS,,
sw09utt/sw_0927_2228.utt,2/sw2228,2228,148,sv,B,78,2,"[ {C and, } + {C and } ] it seems like  maybe that needs to be [ thought about, + rethought. ] /","and/CC ,/, and/CC it/PRP seems/VBZ like/IN maybe/RB that/DT needs/VBZ to/TO be/VB thought/VBN about/IN ,/, rethought/VBN ./.",,
sw09utt/sw_0927_2228.utt,2/sw2228,2228,149,b,A,79,1,Yeah. /,Yeah/UH ./.,,
sw09utt/sw_0927_2228.utt,2/sw2228,2228,150,%,B,80,1,"You know that the, for, - /","You/PRP know/VBP that/IN the/DT ,/, for/IN ,/,",,
sw09utt/sw_0927_2228.utt,2/sw2228,2228,151,sd,B,80,2,"I guess I'm content with the need to have protection [ on, + on ] accounts  /","I/PRP guess/VBP I/PRP 'm/VBP content/VBP with/IN the/DT need/NN to/TO have/VB protection/NN on/IN ,/, on/IN accounts/NNS",,
sw09utt/sw_0927_2228.utt,2/sw2228,2228,152,sv,B,80,3,{C but } I feel likes it's on an individual basis.  /,but/CC I/PRP feel/VBP likes/IN it/PRP  's/BES on/IN an/DT individual/JJ basis/NN ./.,,
sw09utt/sw_0927_2228.utt,2/sw2228,2228,153,%,B,80,4,Someone who's got accounts in thirty-five different S and Ls or thirty or  forty thousand dollars - /,Someone/NN who/WP 's/BES got/VBN accounts/NNS in/IN  thirty-five/CD different/JJ S/NNP and/CC Ls/NNPS or/CC thirty/CD or/CC forty/CD thousand/CD dollars/NNS,,
sw09utt/sw_0927_2228.utt,2/sw2228,2228,154,sv,B,80,5,{C and } they're all protected by the government.  /,and/CC they/PRP 're/VBP all/DT protected/VBN by/IN the/DT government/NN ./.,,
sw09utt/sw_0927_2228.utt,2/sw2228,2228,155,sv,B,80,6,"Seems to me like they've gotten around what was <laughter>,","Seems/VBZ to/IN me/PRP like/IN they/PRP 've/VBP gotten/VBN around/IN what/WP was/VBD ,/,",,
sw09utt/sw_0927_2228.utt,2/sw2228,2228,156,x,A,81,1,<Laughter>.,,,
sw09utt/sw_0927_2228.utt,2/sw2228,2228,157,+,B,82,1,intended to be the issue there. /,intended/VBN to/TO be/VB the/DT issue/NN there/UH ./.,,
sw09utt/sw_0927_2228.utt,2/sw2228,2228,158,x,A,83,1,<Laughter>.,,,
sw09utt/sw_0927_2228.utt,2/sw2228,2228,159,b,B,84,1,"Uh-huh,  /","Uh-huh/UH ,/,",,
sw09utt/sw_0927_2228.utt,2/sw2228,2228,160,sd,B,84,2,"I guess I don't have a personal since of V on it since I,","I/PRP guess/VBP I/PRP do/VBP n't/RB have/VB a/DT personal/JJ since/^NN of/IN V/^NN on/IN  it/PRP since/IN I/PRP ,/,",,
sw09utt/sw_0927_2228.utt,2/sw2228,2228,161,b,A,85,1,Uh-huh. /,Uh-huh/UH ./.,,
sw09utt/sw_0927_2228.utt,2/sw2228,2228,162,+,B,86,1,was not a heavy user of any S and Ls  /,was/VBD not/RB a/DT heavy/JJ user/NN of/IN any/DT S/NNP and/CC Ls/NNPS,,
sw09utt/sw_0927_2228.utt,2/sw2228,2228,163,sd,B,86,2,"[ {C and, } + {C and } ] let alone any of them that went bankrupt. /","and/CC ,/, and/CC let/VB alone/RB any/DT of/IN them/PRP that/WDT went/VBD bankrupt/JJ ./.",,
sw09utt/sw_0927_2228.utt,2/sw2228,2228,164,x,A,87,1,<Laughter>.,,,
sw09utt/sw_0927_2228.utt,2/sw2228,2228,165,sv,B,88,1,"{C And } I guess that means that from my perspective it could happen again, /","And/CC I/PRP guess/VBP that/DT means/VBZ that/IN from/IN my/PRP$ perspective/NN it/PRP could/MD happen/VB again/RB ,/,",,
sw09utt/sw_0927_2228.utt,2/sw2228,2228,166,aa,A,89,1,"I think it could happen, /","I/PRP think/VBP it/PRP could/MD happen/VB ,/,",,
sw09utt/sw_0927_2228.utt,2/sw2228,2228,167,sd,B,90,1,"{C because } that means,","because/IN that/DT means/VBZ ,/,",,
sw09utt/sw_0927_2228.utt,2/sw2228,2228,168,b,A,91,1,"yeah, /","yeah/UH ,/,",,
sw09utt/sw_0927_2228.utt,2/sw2228,2228,169,+,B,92,1,"I'm not worried enough, {F uh, }  /","I/PRP 'm/VBP not/RB worried/JJ enough/RB ,/, uh/UH ,/,",,
sw09utt/sw_0927_2228.utt,2/sw2228,2228,170,sv,B,92,2,it's kind of thing where maybe we'll survive  /,it/PRP 's/BES kind/NN of/IN thing/NN where/WRB maybe/RB we/PRP 'll/MD survive/VB,,
sw09utt/sw_0927_2228.utt,2/sw2228,2228,171,sv,B,92,3,"[ {C and then } I, + then ] it will happen again because we don't pay attention to those kinds of things. /","and/CC then/RB I/PRP ,/, then/RB it/PRP will/MD happen/VB again/RB because/IN we/PRP do/VBP n't/RB pay/VB attention/NN to/IN those/DT kinds/NNS of/IN things/NNS ./.",,
sw09utt/sw_0927_2228.utt,2/sw2228,2228,172,aa,A,93,1,I think it'll happen again  /,I/PRP think/VBP it/PRP 'll/MD happen/VB again/RB,,
sw09utt/sw_0927_2228.utt,2/sw2228,2228,173,sv,A,93,2,{C but } I think it will be a long time in the future before it does happen again.  /,but/CC I/PRP think/VBP it/PRP will/MD be/VB a/DT long/JJ time/NN in/IN the/DT future/NN before/IN it/PRP does/VBZ happen/VB again/RB ./.,,
sw09utt/sw_0927_2228.utt,2/sw2228,2228,174,sv,A,93,3,{C Because } I think {D like } the bank people in any kind  of people like that are going to be worry enough not to let it happen again in  the near future.  /,Because/IN I/PRP think/VBP like/UH the/DT bank/NN people/NNS in/IN any/DT kind/NN of/IN people/NNS like/IN that/DT are/VBP going/VBG to/TO be/VB worry/JJ  enough/RB not/RB to/TO let/VB it/PRP happen/VB again/RB in/IN the/DT near/JJ future/NN ./.,,
sw09utt/sw_0927_2228.utt,2/sw2228,2228,175,sv,A,93,4,{C But } I think later on they're going to start and forget about and start making the riskier loans  /,But/CC I/PRP think/VBP later/RB on/RP they/PRP 're/VBP going/VBG to/TO start/VB and/CC forget/VB about/IN and/CC start/VB making/VBG the/DT riskier/JJR loans/NNS,,
sw09utt/sw_0927_2228.utt,2/sw2228,2228,176,sv,A,93,5,"{C because } {E I mean, } you're going to have to take some risk  /","because/IN I/PRP mean/VBP ,/, you/PRP 're/VBP going/VBG to/TO have/VB to/TO take/VB some/DT risk/NN",,
sw09utt/sw_0927_2228.utt,2/sw2228,2228,177,sv,A,93,6,"{C and } as long as they're backed I think they're still going, {D you know, } start taking on riskier loans,  /","and/CC as/RB long/RB as/IN they/PRP 're/VBP  backed/VBN I/PRP think/VBP they/PRP 're/VBP still/RB going/VBG ,/, you/PRP know/VBP ,/, start/VB taking/VBG on/RP riskier/JJR loans/NNS ,/,",,
sw09utt/sw_0927_2228.utt,2/sw2228,2228,178,sv,A,93,7,"{C and } I think there is a chance of it possibly happen again but not until, {D you know, } late, {D you know, } in the future. /","and/CC I/PRP think/VBP there/EX is/VBZ a/DT chance/NN of/IN it/PRP possibly/RB happen/VBP again/RB but/CC not/RB until/IN ,/, you/PRP know/VBP ,/, late/RB ,/, you/PRP know/VBP ,/, in/IN the/DT future/NN ./.",,
sw09utt/sw_0927_2228.utt,2/sw2228,2228,179,aa,B,94,1,Uh-huh.  /,Uh-huh/UH ./.,,
sw09utt/sw_0927_2228.utt,2/sw2228,2228,180,sv,B,94,2,"{D Well, } perhaps if there are regulatory, {F uh, } constraints put back in place.","Well/UH ,/, perhaps/RB if/IN there/EX are/VBP regulatory/JJ ,/, uh/UH ,/, constraints/NNS put/VBN back/RB in/IN place/NN ./.",,
sw09utt/sw_0927_2228.utt,2/sw2228,2228,181,b,A,95,1,Uh-huh. /,Uh-huh/UH ./.,,
sw09utt/sw_0927_2228.utt,2/sw2228,2228,182,+,B,96,1,It will protect that  /,It/PRP will/MD protect/VB that/DT,,
sw09utt/sw_0927_2228.utt,2/sw2228,2228,183,sv,B,96,2,"maybe we have learned a little bit of a lesson here about what happens if you remove a little of the regulation, {F uh. } /","maybe/RB we/PRP have/VBP learned/VBN a/DT little/JJ bit/NN of/IN a/DT lesson/NN here/UH about/IN what/WP happens/VBZ if/IN you/PRP remove/VBP a/DT little/JJ of/IN the/DT regulation/NN ,/, uh/UH ./.",,
