swda_filename,ptb_basename,conversation_no,transcript_index,act_tag,caller,utterance_index,subutterance_index,text,pos,trees,ptb_treenumbers
sw09utt/sw_0976_3046.utt,3/sw3046,3046,0,fp,A,1,1,Good morning. /,Good/JJ morning/NN ./.,,
sw09utt/sw_0976_3046.utt,3/sw3046,3046,1,fp,B,2,1,Hi. /,Hi/UH ./.,,
sw09utt/sw_0976_3046.utt,3/sw3046,3046,2,fp,A,3,1,My name is Jean. /,My/PRP$ name/NN is/VBZ Jean/NNP ./.,,
sw09utt/sw_0976_3046.utt,3/sw3046,3046,3,fp,B,4,1,I'm Tina. /,I/PRP 'm/VBP Tina/NNP ./.,,
sw09utt/sw_0976_3046.utt,3/sw3046,3046,4,qw,A,5,1,"{F Oh, } where you from Tina? /","Oh/UH ,/, where/WRB you/PRP from/IN Tina/NNP ?/.",,
sw09utt/sw_0976_3046.utt,3/sw3046,3046,5,sd,B,6,1,"I live in Garland, Texas. /","I/PRP live/VBP in/IN Garland/NNP ,/, Texas/NNP ./.",,
sw09utt/sw_0976_3046.utt,3/sw3046,3046,6,bk^m,A,7,1,"{F Oh, } Garland, Texas,  /","Oh/UH ,/, Garland/NNP ,/, Texas/NNP ,/,",,
sw09utt/sw_0976_3046.utt,3/sw3046,3046,7,sd,A,7,2,I'm in Pennsylvania. /,I/PRP 'm/VBP in/IN Pennsylvania/NNP ./.,,
sw09utt/sw_0976_3046.utt,3/sw3046,3046,8,sd,B,8,1,"{F Oh, } my lands, <laughter> you're the farthest person I've ever talked to. /","Oh/UH ,/, my/PRP$ lands/NNS ,/, you/PRP 're/VBP the/DT farthest/JJS person/NN I/PRP 've/VBP ever/RB talked/VBN to/IN ./.",,
sw09utt/sw_0976_3046.utt,3/sw3046,3046,9,bh,A,9,1,Really? <laughter>. /,Really/UH ?/. ./.,,
sw09utt/sw_0976_3046.utt,3/sw3046,3046,10,ny,B,10,1,Yeah. /,Yeah/UH ./.,,
sw09utt/sw_0976_3046.utt,3/sw3046,3046,11,qy,A,11,1,Do you work for Texas Instruments? /,Do/VBP you/PRP work/VB for/IN Texas/NNP Instruments/NNPS ?/.,,
sw09utt/sw_0976_3046.utt,3/sw3046,3046,12,ng,B,12,1,My husband does. /,My/PRP$ husband/NN does/VBZ ./.,,
sw09utt/sw_0976_3046.utt,3/sw3046,3046,13,b,A,13,1,Uh-huh. /,Uh-huh/UH ./.,,
sw09utt/sw_0976_3046.utt,3/sw3046,3046,14,b,B,14,1,Yeah.  /,Yeah/UH ./.,,
sw09utt/sw_0976_3046.utt,3/sw3046,3046,15,qy^g,B,14,2,"Probably most people you talk to do, {F huh? } /","Probably/RB most/JJS people/NNS you/PRP talk/VBP to/IN do/VBP ,/, huh/UH ?/.",,
sw09utt/sw_0976_3046.utt,3/sw3046,3046,16,na,A,15,1,Most of them do.  <laughter>  /,Most/JJS of/IN them/PRP do/VBP ./.,,
sw09utt/sw_0976_3046.utt,3/sw3046,3046,17,sd,A,15,2,"{D Now, } I don't have anybody that works for T I,  /","Now/UH ,/, I/PRP do/VBP n't/RB have/VB anybody/NN that/WDT works/VBZ for/IN T/NNP I/NNP ,/,",,
sw09utt/sw_0976_3046.utt,3/sw3046,3046,18,sd,A,15,3,"{C but, } {F uh } --","but/CC ,/, uh/UH --/:",,
sw09utt/sw_0976_3046.utt,3/sw3046,3046,19,b,B,16,1,{F Huh. } /,Huh/UH ./.,,
sw09utt/sw_0976_3046.utt,3/sw3046,3046,20,+,A,17,1,"-- my son works for a computer company, the National Institute of [ [ s-, + s-, ] + something, ]  /","--/: my/PRP$ son/NN works/VBZ for/IN a/DT computer/NN company/NN ,/, the/DT National/NNP Institute/NNP of/IN s-/NN ,/, s-/NN ,/, something/NN ,/,",,
sw09utt/sw_0976_3046.utt,3/sw3046,3046,21,sd,A,17,2,I don't know what <laughter>. /,I/PRP do/VBP n't/RB know/VB what/WP ./.,,
sw09utt/sw_0976_3046.utt,3/sw3046,3046,22,b,B,18,1,"I see,  /","I/PRP see/VBP ,/,",,
sw09utt/sw_0976_3046.utt,3/sw3046,3046,23,ba,B,18,2,well that's neat. /,well/UH that/DT 's/BES neat/JJ ./.,,
sw09utt/sw_0976_3046.utt,3/sw3046,3046,24,sd^t,A,19,1,"{D So, } I guess we're supposed to talk about foods today. /","So/RB ,/, I/PRP guess/VBP we/PRP 're/VBP supposed/VBN to/TO talk/VB about/IN foods/NNS today/NN ./.",,
sw09utt/sw_0976_3046.utt,3/sw3046,3046,25,aa,B,20,1,"Yeah,  /","Yeah/UH ,/,",,
sw09utt/sw_0976_3046.utt,3/sw3046,3046,26,ad^t,B,20,2,"I guess you have to push one, though. /","I/PRP guess/VBP you/PRP have/VBP to/TO push/VB one/CD ,/, though/RB ./.",,
sw09utt/sw_0976_3046.utt,3/sw3046,3046,27,aa,A,21,1,"Yes,  /","Yes/UH ,/,",,
sw09utt/sw_0976_3046.utt,3/sw3046,3046,28,aa,A,21,2,uh-huh. /,uh-huh/UH ./.,,
sw09utt/sw_0976_3046.utt,3/sw3046,3046,29,b,B,22,1,Okay. /,Okay/UH ./.,,
sw09utt/sw_0976_3046.utt,3/sw3046,3046,30,qy^t,A,23,1,You ready? /,You/PRP ready/JJ ?/.,,
sw09utt/sw_0976_3046.utt,3/sw3046,3046,31,ny,B,24,1,Yeah. /,Yeah/UH ./.,,
sw09utt/sw_0976_3046.utt,3/sw3046,3046,32,bk,A,25,1,Okay.   /,Okay/UH ./.,,
sw09utt/sw_0976_3046.utt,3/sw3046,3046,33,sd,A,25,2,"{F Uh, } foods like you would  ((   ))  for a dinner party or something like  that. /","Uh/UH ,/, foods/NNS like/IN you/PRP would/MD MUMBLEx/XX for/IN a/DT dinner/NN party/NN or/CC something/NN like/IN that/DT ./.",,
sw09utt/sw_0976_3046.utt,3/sw3046,3046,34,b,B,26,1,"Yeah,  /","Yeah/UH ,/,",,
sw09utt/sw_0976_3046.utt,3/sw3046,3046,35,^h,B,26,2,"I guess so,  /","I/PRP guess/VBP so/RB ,/,",,
sw09utt/sw_0976_3046.utt,3/sw3046,3046,36,qy^d,B,26,3,"it may be interesting, because probably here in Texas, we may eat a little differently than you do up there <laughter>. /","it/PRP may/MD be/VB interesting/JJ ,/, because/IN probably/RB here/RB in/IN Texas/NNP ,/, we/PRP may/MD eat/VB a/DT little/RB differently/RB than/IN you/PRP do/VBP up/IN there/RB ./.",,
sw09utt/sw_0976_3046.utt,3/sw3046,3046,37,nd,A,27,1,"{D Well, } I don't know,  /","Well/UH ,/, I/PRP do/VBP n't/RB know/VB ,/,",,
sw09utt/sw_0976_3046.utt,3/sw3046,3046,38,sd,A,27,2,"my brother lives down  (( East ))  of us down there,  /","my/PRP$ brother/NN lives/VBZ down/RB East/RB of/IN us/PRP down/IN there/RB ,/,",,
sw09utt/sw_0976_3046.utt,3/sw3046,3046,39,sd,A,27,3,{C and } I don't think they ate all that much different <laughter>. /,and/CC I/PRP do/VBP n't/RB think/VB they/PRP ate/VBD all/DT that/RB much/RB different/RB ./.,,
sw09utt/sw_0976_3046.utt,3/sw3046,3046,40,b,B,28,1,"{F Oh, } really. /","Oh/UH ,/, really/UH ./.",,
sw09utt/sw_0976_3046.utt,3/sw3046,3046,41,sv,A,29,1,"<Laughter> {F Uh, } I think as long as you plan your basic foods,  /","Uh/UH ,/, I/PRP think/VBP as/RB long/RB as/IN you/PRP plan/VBP your/PRP$ basic/JJ foods/NNS ,/,",,
sw09utt/sw_0976_3046.utt,3/sw3046,3046,42,sv,A,29,2,"course, for a dinner party, you fancy things up a little bit more. /","course/NN ,/, for/IN a/DT dinner/NN party/NN ,/, you/PRP fancy/VBP things/NNS up/RP a/DT little/JJ bit/NN more/RBR ./.",,
sw09utt/sw_0976_3046.utt,3/sw3046,3046,43,aa,B,30,1,"Yeah,  /","Yeah/UH ,/,",,
sw09utt/sw_0976_3046.utt,3/sw3046,3046,44,aa,B,30,2,that's true. /,that/DT 's/BES true/JJ ./.,,
sw09utt/sw_0976_3046.utt,3/sw3046,3046,45,b,A,31,1,{F Uh. } /,Uh/UH ./.,,
sw09utt/sw_0976_3046.utt,3/sw3046,3046,46,sd,B,32,1,"{D Well, } {F uh, } the thing that I found interesting, - /","Well/UH ,/, uh/UH ,/, the/DT thing/NN that/WDT I/PRP found/VBD interesting/JJ ,/,",,
sw09utt/sw_0976_3046.utt,3/sw3046,3046,47,sd,B,32,2,my husband and I lived up in Washington State for awhile -- /,my/PRP$ husband/NN and/CC I/PRP lived/VBD up/IN in/IN Washington/NNP State/NNP for/IN awhile/RB --/:,,
sw09utt/sw_0976_3046.utt,3/sw3046,3046,48,b,A,33,1,"Uh-huh,  /","Uh-huh/UH ,/,",,
sw09utt/sw_0976_3046.utt,3/sw3046,3046,49,b^r,A,33,2,uh-huh. /,uh-huh/UH ./.,,
sw09utt/sw_0976_3046.utt,3/sw3046,3046,50,sd,B,34,1,"-- {C and } up there, of course they ate a lot of sea food,","--/: and/CC up/IN there/RB ,/, of/IN course/NN they/PRP ate/VBD a/DT lot/NN of/IN sea/NN food/NN ,/,",,
sw09utt/sw_0976_3046.utt,3/sw3046,3046,51,b,A,35,1,"{F Oh, } uh-huh. /","Oh/UH ,/, uh-huh/UH ./.",,
sw09utt/sw_0976_3046.utt,3/sw3046,3046,52,+,B,36,1,"and that kind of thing,  /","and/CC that/DT kind/NN of/IN thing/NN ,/,",,
sw09utt/sw_0976_3046.utt,3/sw3046,3046,53,sv,B,36,2,"{C and } down here, sea food is pretty expensive, because,","and/CC down/IN here/RB ,/, sea/NN food/NN is/VBZ pretty/RB expensive/JJ ,/, because/IN ,/,",,
sw09utt/sw_0976_3046.utt,3/sw3046,3046,54,b,A,37,1,Right. /,Right/UH ./.,,
sw09utt/sw_0976_3046.utt,3/sw3046,3046,55,+,B,38,1,you have to ship it a long way to get it <laughter>. /,you/PRP have/VBP to/TO ship/VB it/PRP a/DT long/JJ way/NN to/TO get/VB it/PRP ./.,,
sw09utt/sw_0976_3046.utt,3/sw3046,3046,56,aa,A,39,1,"Yeah,  /","Yeah/UH ,/,",,
sw09utt/sw_0976_3046.utt,3/sw3046,3046,57,sv,A,39,2,{C and } it's not as good as if it's fresh. /,and/CC it/PRP 's/BES not/RB as/RB good/JJ as/IN if/IN it/PRP 's/BES fresh/JJ ./.,,
sw09utt/sw_0976_3046.utt,3/sw3046,3046,58,aa,B,40,1,"Right,  /","Right/UH ,/,",,
sw09utt/sw_0976_3046.utt,3/sw3046,3046,59,sd,B,40,2,"[ [ [ {C and, } + {C and, } ] + {F uh, } {C and, } ] + {C but } ] here, we eat a lot of {D like } Mexican foods, /","and/CC ,/, and/CC ,/, uh/UH ,/, and/CC ,/, but/CC here/RB ,/, we/PRP eat/VBP a/DT lot/NN of/IN like/UH Mexican/JJ foods/NNS ,/,",,
sw09utt/sw_0976_3046.utt,3/sw3046,3046,60,b,A,41,1,Uh-huh. /,Uh-huh/UH ./.,,
sw09utt/sw_0976_3046.utt,3/sw3046,3046,61,sd,B,42,1,"{C and, } {F um, } <lipsmack> up there there was [ no, + no ] place that we went tasted like real Mexican food to me. /","and/CC ,/, um/UH ,/, up/IN there/RB there/EX was/VBD no/DT ,/, no/DT place/NN that/WDT we/PRP went/VBD tasted/VBD like/IN real/JJ Mexican/JJ food/NN to/IN me/PRP ./.",,
sw09utt/sw_0976_3046.utt,3/sw3046,3046,62,bh,A,43,1,Is that right? /,Is/VBZ that/DT right/JJ ?/.,,
sw09utt/sw_0976_3046.utt,3/sw3046,3046,63,ny,B,44,1,"Yeah,  /","Yeah/UH ,/,",,
sw09utt/sw_0976_3046.utt,3/sw3046,3046,64,sd^e,B,44,2,"it tasted like they were trying <noise> to do the best they could,  /","it/PRP tasted/VBD like/IN they/PRP were/VBD trying/VBG to/TO do/VB the/DT best/JJS they/PRP could/MD ,/,",,
sw09utt/sw_0976_3046.utt,3/sw3046,3046,65,sd,B,44,3,"{C but } it just,","but/CC it/PRP just/RB ,/,",,
sw09utt/sw_0976_3046.utt,3/sw3046,3046,66,b,A,45,1,"Yeah, /","Yeah/UH ,/,",,
sw09utt/sw_0976_3046.utt,3/sw3046,3046,67,+,B,46,1,didn't taste right. /,did/VBD n't/RB taste/VB right/JJ ./.,,
sw09utt/sw_0976_3046.utt,3/sw3046,3046,68,aa,A,47,1,"{D well, } they probably were trying to do the best they could. /","well/UH ,/, they/PRP probably/RB were/VBD trying/VBG to/TO do/VB the/DT best/JJS they/PRP could/MD ./.",,
sw09utt/sw_0976_3046.utt,3/sw3046,3046,69,b,B,48,1,Yeah. /,Yeah/UH ./.,,
sw09utt/sw_0976_3046.utt,3/sw3046,3046,70,b^m,A,49,1,Yeah. /,Yeah/UH ./.,,
sw09utt/sw_0976_3046.utt,3/sw3046,3046,71,sd,B,50,1,"<Laughter> {C and, } {F uh, } down here, we eat a lot more fried foods, I think. /","and/CC ,/, uh/UH ,/, down/IN here/RB ,/, we/PRP eat/VBP a/DT lot/NN more/JJ fried/JJ foods/NNS ,/, I/PRP think/VBP ./.",,
sw09utt/sw_0976_3046.utt,3/sw3046,3046,72,b,A,51,1,Uh-huh. /,Uh-huh/UH ./.,,
sw09utt/sw_0976_3046.utt,3/sw3046,3046,73,sd,B,52,1,"{D Like } chicken fried steak,","Like/UH chicken/NN fried/JJ steak/NN ,/,",,
sw09utt/sw_0976_3046.utt,3/sw3046,3046,74,b,A,53,1,Uh-huh. /,Uh-huh/UH ./.,,
sw09utt/sw_0976_3046.utt,3/sw3046,3046,75,+,B,54,1,is a real big thing. /,is/VBZ a/DT real/RB big/JJ thing/NN ./.,,
sw09utt/sw_0976_3046.utt,3/sw3046,3046,76,b,A,55,1,Uh-huh. /,Uh-huh/UH ./.,,
sw09utt/sw_0976_3046.utt,3/sw3046,3046,77,sd,B,56,1,"Up there, {F uh, } it was hardly ever heard of  /","Up/IN there/RB ,/, uh/UH ,/, it/PRP was/VBD hardly/RB ever/RB heard/VBN of/IN",,
sw09utt/sw_0976_3046.utt,3/sw3046,3046,78,sd,B,56,2,"{C and, }","and/CC ,/,",,
sw09utt/sw_0976_3046.utt,3/sw3046,3046,79,b,A,57,1,Uh-huh. /,Uh-huh/UH ./.,,
sw09utt/sw_0976_3046.utt,3/sw3046,3046,80,+,B,58,1,"we drink ice tea with every meal, /","we/PRP drink/VBP ice/JJ tea/NN with/IN every/DT  meal/NN ,/,",,
sw09utt/sw_0976_3046.utt,3/sw3046,3046,81,b,A,59,1,Uh-huh. /,Uh-huh/UH ./.,,
sw09utt/sw_0976_3046.utt,3/sw3046,3046,82,sd,B,60,1,{C and } up there hardly anyone drank ice tea <laughter>. /,and/CC up/IN there/RB hardly/RB anyone/NN drank/VBD ice/JJ tea/NN ./.,,
sw09utt/sw_0976_3046.utt,3/sw3046,3046,83,b,A,61,1,"Yeah,  /","Yeah/UH ,/,",,
sw09utt/sw_0976_3046.utt,3/sw3046,3046,84,sv,A,61,2,"{D well } they do in the summertime,  /","well/UH they/PRP do/VBP in/IN the/DT summertime/NN ,/,",,
sw09utt/sw_0976_3046.utt,3/sw3046,3046,85,sv,A,61,3,(( I think that ))  --,I/PRP think/VBP that/IN --/:,,
sw09utt/sw_0976_3046.utt,3/sw3046,3046,86,bh,B,62,1,Really? /,Really/UH ?/.,,
sw09utt/sw_0976_3046.utt,3/sw3046,3046,87,+,A,63,1,-- tea is big in the summertime mostly. /,--/: tea/NN is/VBZ big/JJ in/IN the/DT summertime/NN mostly/RB ./.,,
sw09utt/sw_0976_3046.utt,3/sw3046,3046,88,b,B,64,1,Yeah. /,Yeah/UH ./.,,
sw09utt/sw_0976_3046.utt,3/sw3046,3046,89,sv,A,65,1,"Of course, you have warmer weather most of the time. /","Of/IN course/NN ,/, you/PRP have/VBP warmer/JJR weather/NN most/JJS of/IN the/DT time/NN ./.",,
sw09utt/sw_0976_3046.utt,3/sw3046,3046,90,b,B,66,1,Right. /,Right/UH ./.,,
sw09utt/sw_0976_3046.utt,3/sw3046,3046,91,%,A,67,1,"{C So, } {F uh, } -/","So/RB ,/, uh/UH ,/,",,
sw09utt/sw_0976_3046.utt,3/sw3046,3046,92,aa,B,68,1,"Yeah,  /","Yeah/UH ,/,",,
sw09utt/sw_0976_3046.utt,3/sw3046,3046,93,sv,B,68,2,it never gets real cold. /,it/PRP never/RB gets/VBZ real/RB cold/JJ ./.,,
sw09utt/sw_0976_3046.utt,3/sw3046,3046,94,b,A,69,1,Yeah.  /,Yeah/UH ./.,,
sw09utt/sw_0976_3046.utt,3/sw3046,3046,95,%,A,69,2,"{C So, } I, -/","So/RB ,/, I/PRP ,/,",,
sw09utt/sw_0976_3046.utt,3/sw3046,3046,96,b,B,70,1,"Yeah,  /","Yeah/UH ,/,",,
sw09utt/sw_0976_3046.utt,3/sw3046,3046,97,sd,B,70,2,"{C but } [ when, + when ] we have a dinner party around here, I think a lot of the time a Mexican menu is something real popular. /","but/CC when/WRB ,/, when/WRB we/PRP have/VBP a/DT dinner/NN party/NN around/IN here/RB ,/, I/PRP think/VBP a/DT lot/NN of/IN the/DT time/NN a/DT Mexican/JJ menu/NN is/VBZ something/NN real/RB popular/JJ ./.",,
sw09utt/sw_0976_3046.utt,3/sw3046,3046,98,bh,A,71,1,Is that right? /,Is/VBZ that/DT right/JJ ?/.,,
sw09utt/sw_0976_3046.utt,3/sw3046,3046,99,ny,B,72,1,Yeah.  /,Yeah/UH ./.,,
sw09utt/sw_0976_3046.utt,3/sw3046,3046,100,sd^e,B,72,2,"I know that, {F um, } I do a lot of planning with our church, /","I/PRP know/VBP that/IN ,/, um/UH ,/, I/PRP do/VBP a/DT lot/NN of/IN planning/NN with/IN our/PRP$ church/NN ,/,",,
sw09utt/sw_0976_3046.utt,3/sw3046,3046,101,b,A,73,1,Uh-huh. /,Uh-huh/UH ./.,,
sw09utt/sw_0976_3046.utt,3/sw3046,3046,102,sd,B,74,1,"{C and } a lot of the times when we get together, {D well } everybody will bring a Mexican dish  /","and/CC a/DT lot/NN of/IN the/DT times/NNS when/WRB we/PRP get/VBP together/RB ,/, well/UH everybody/NN will/MD bring/VB a/DT Mexican/JJ dish/NN",,
sw09utt/sw_0976_3046.utt,3/sw3046,3046,103,sd,B,74,2,[ {C or. } +,or/CC ./.,,
sw09utt/sw_0976_3046.utt,3/sw3046,3046,104,b,A,75,1,"Uh-huh,  /","Uh-huh/UH ,/,",,
sw09utt/sw_0976_3046.utt,3/sw3046,3046,105,b^r,A,75,2,uh-huh /,uh-huh/UH,,
sw09utt/sw_0976_3046.utt,3/sw3046,3046,106,+,B,76,1,{C And } ] Italian food is real big too. /,And/CC Italian/JJ food/NN is/VBZ real/RB big/JJ too/RB ./.,,
sw09utt/sw_0976_3046.utt,3/sw3046,3046,107,b,A,77,1,Uh-huh.  /,Uh-huh/UH ./.,,
sw09utt/sw_0976_3046.utt,3/sw3046,3046,108,bf,A,77,2,More like covered dishes for those type of dinners. /,More/RBR like/IN covered/JJ dishes/NNS for/IN those/DT type/NN of/IN dinners/NNS ./.,,
sw09utt/sw_0976_3046.utt,3/sw3046,3046,109,aa,B,78,1,Uh-huh.  /,Uh-huh/UH ./.,,
sw09utt/sw_0976_3046.utt,3/sw3046,3046,110,aa,B,78,2,Yeah.  /,Yeah/UH ./.,,
sw09utt/sw_0976_3046.utt,3/sw3046,3046,111,aa^r,B,78,3,Yeah. /,Yeah/UH ./.,,
sw09utt/sw_0976_3046.utt,3/sw3046,3046,112,x,A,79,1,((   )) .,MUMBLEx/XX ./.,,
sw09utt/sw_0976_3046.utt,3/sw3046,3046,113,qo,B,80,1,"How about you,  /","How/WRB about/IN you/PRP ,/,",,
sw09utt/sw_0976_3046.utt,3/sw3046,3046,114,qw,B,80,2,what is real popular up there? /,what/WP is/VBZ real/RB popular/JJ up/IN there/RB ?/.,,
sw09utt/sw_0976_3046.utt,3/sw3046,3046,115,no,A,81,1,"{D Well, } I don't know,  /","Well/UH ,/, I/PRP do/VBP n't/RB know/VB ,/,",,
sw09utt/sw_0976_3046.utt,3/sw3046,3046,116,nd,A,81,2,just about anything <laughter>. /,just/RB about/RB anything/NN ./.,,
sw09utt/sw_0976_3046.utt,3/sw3046,3046,117,bh,B,82,1,"{F Oh, } really. /","Oh/UH ,/, really/UH ./.",,
sw09utt/sw_0976_3046.utt,3/sw3046,3046,118,ny,A,83,1,"Yeah,  /","Yeah/UH ,/,",,
sw09utt/sw_0976_3046.utt,3/sw3046,3046,119,sd^e,A,83,2,"[ we, + we ] really, {F uh, } use most anything.  /","we/PRP ,/, we/PRP really/RB ,/, uh/UH ,/, use/VBP most/JJS anything/NN ./.",,
sw09utt/sw_0976_3046.utt,3/sw3046,3046,120,%,A,83,3,"[ I, + {F uh, } I ] think  ((   ))  {D like } parties and that though are, - /","I/PRP ,/, uh/UH ,/, I/PRP think/VBP MUMBLEx/XX like/UH parties/NNS and/CC that/DT though/IN are/VBP ,/,",,
sw09utt/sw_0976_3046.utt,3/sw3046,3046,121,sd,A,83,4,"{D well, } {D like } we had a dinner party [ here, + here ] not too long ago with a mystery dinner party <laughter>. /","well/UH ,/, like/UH we/PRP had/VBD a/DT dinner/NN party/NN here/RB ,/, here/RB not/RB too/RB long/RB ago/RB with/IN a/DT mystery/NN dinner/NN party/NN ./.",,
sw09utt/sw_0976_3046.utt,3/sw3046,3046,122,bk,B,84,1,Oh. /,Oh/UH ./.,,
sw09utt/sw_0976_3046.utt,3/sw3046,3046,123,sd,A,85,1,"<Laughter> {C But, } basically, we [ tried, + {D you know, } included ] all the basic, {F uh, } foods that you are supposed to have in a meal  ((   )) . /","But/CC ,/, basically/RB ,/, we/PRP tried/VBD ,/, you/PRP know/VBP ,/, included/VBD all/PDT the/DT basic/NN ,/, uh/UH ,/, foods/NNS that/WDT you/PRP are/VBP supposed/VBN to/TO have/VB in/IN a/DT meal/NN MUMBLEx/XX ./.",,
sw09utt/sw_0976_3046.utt,3/sw3046,3046,124,b,B,86,1,Uh-huh. /,Uh-huh/UH ./.,,
sw09utt/sw_0976_3046.utt,3/sw3046,3046,125,sd,A,87,1,"Your, {F uh, } bread family and your, - /","Your/PRP$ ,/, uh/UH ,/, bread/NN family/NN and/CC your/PRP$ ,/,",,
sw09utt/sw_0976_3046.utt,3/sw3046,3046,126,sd,A,87,2,"or least what it used to be the regular menu  (( was followed and )) ,","or/CC least/JJS what/WP it/PRP used/VBD to/TO be/VB the/DT regular/JJ menu/NN was/VBD followed/VBN and/CC ,/,",,
sw09utt/sw_0976_3046.utt,3/sw3046,3046,127,b,B,88,1,Uh-huh. /,Uh-huh/UH ./.,,
sw09utt/sw_0976_3046.utt,3/sw3046,3046,128,+,A,89,1,"ham and bake potatoes, {F uh, } /","ham/NN and/CC bake/JJ potatoes/NNS ,/, uh/UH ,/,",,
sw09utt/sw_0976_3046.utt,3/sw3046,3046,129,b,B,90,1,Uh-huh. /,Uh-huh/UH ./.,,
sw09utt/sw_0976_3046.utt,3/sw3046,3046,130,sd,A,91,1,"{F uh, } something from [ each, + each ] area that you're supposed to choose from. /","uh/UH ,/, something/NN from/IN each/DT ,/, each/DT area/NN that/WDT you/PRP 're/VBP supposed/VBN to/TO choose/VB from/IN ./.",,
sw09utt/sw_0976_3046.utt,3/sw3046,3046,131,b,B,92,1,Uh-huh. /,Uh-huh/UH ./.,,
sw09utt/sw_0976_3046.utt,3/sw3046,3046,132,sd,A,93,1,"{C And, } {F uh, } [ [ we, + we, ] + we ] ourselves are into the wok cooking,  /","And/CC ,/, uh/UH ,/, we/PRP ,/, we/PRP ,/, we/PRP ourselves/PRP are/VBP into/IN the/DT wok/NN cooking/NN ,/,",,
sw09utt/sw_0976_3046.utt,3/sw3046,3046,133,sd,A,93,2,you know they been advertising that  /,you/PRP know/VBP they/PRP been/VBN advertising/VBG that/DT,,
sw09utt/sw_0976_3046.utt,3/sw3046,3046,134,sd,A,93,3,"{C and, }","and/CC ,/,",,
sw09utt/sw_0976_3046.utt,3/sw3046,3046,135,b,B,94,1,Uh-huh. /,Uh-huh/UH ./.,,
sw09utt/sw_0976_3046.utt,3/sw3046,3046,136,+,A,95,1,"we've really been enjoying those, {F uh, } meals. /","we/PRP 've/VBP really/RB been/VBN enjoying/VBG those/DT ,/, uh/UH ,/, meals/NNS ./.",,
sw09utt/sw_0976_3046.utt,3/sw3046,3046,137,ba,B,96,1,"{D Well, } that's good. /","Well/UH ,/, that/DT 's/BES good/JJ ./.",,
sw09utt/sw_0976_3046.utt,3/sw3046,3046,138,sv,A,97,1,"They have a lot of vegetable to them,  /","They/PRP have/VBP a/DT lot/NN of/IN vegetable/NN to/IN them/PRP ,/,",,
sw09utt/sw_0976_3046.utt,3/sw3046,3046,139,sv,A,97,2,"{C and, } {F uh, }","and/CC ,/, uh/UH ,/,",,
sw09utt/sw_0976_3046.utt,3/sw3046,3046,140,b,B,98,1,"Uh-huh,  /","Uh-huh/UH ,/,",,
sw09utt/sw_0976_3046.utt,3/sw3046,3046,141,b,B,98,2,right. /,right/UH ./.,,
sw09utt/sw_0976_3046.utt,3/sw3046,3046,142,+,A,99,1,they really are very good. /,they/PRP really/RB are/VBP very/RB good/JJ ./.,,
sw09utt/sw_0976_3046.utt,3/sw3046,3046,143,aa,B,100,1,"{F Oh, } yes.  /","Oh/UH ,/, yes/UH ./.",,
sw09utt/sw_0976_3046.utt,3/sw3046,3046,144,sd,B,100,2,"[ I, + I ] love that kind of cooking.  /","I/PRP ,/, I/PRP love/VBP that/DT kind/NN of/IN cooking/NN ./.",,
sw09utt/sw_0976_3046.utt,3/sw3046,3046,145,sd,B,100,3,"[ My, + {F uh, } unfortunately, I ] am married to a man and have two children that eat about four things <laughter>. /","My/PRP$ ,/, uh/UH ,/, unfortunately/RB ,/, I/PRP am/VBP married/JJ to/IN a/DT man/NN and/CC have/VBP two/CD children/NNS that/WDT eat/VBP about/RB four/CD things/NNS ./.",,
sw09utt/sw_0976_3046.utt,3/sw3046,3046,146,qy,A,101,1,<Laughter>  Is he a meat and potato person? /,Is/VBZ he/PRP a/DT meat/NN and/CC potato/NN person/NN ?/.,,
sw09utt/sw_0976_3046.utt,3/sw3046,3046,147,na,B,102,1,Right.  /,Right/UH ./.,,
sw09utt/sw_0976_3046.utt,3/sw3046,3046,148,sd,B,102,2,<laughter> They. /,They/PRP ./.,,
sw09utt/sw_0976_3046.utt,3/sw3046,3046,149,sd,A,103,1,"{D Well, } all our family [ is, + is ] gone.  /","Well/UH ,/, all/DT our/PRP$ family/NN is/VBZ ,/, is/VBZ gone/VBN ./.",,
sw09utt/sw_0976_3046.utt,3/sw3046,3046,150,sd,A,103,2,They are out on their own. /,They/PRP are/VBP out/RB on/IN their/PRP$ own/JJ ./.,,
sw09utt/sw_0976_3046.utt,3/sw3046,3046,151,b,B,104,1,Uh-huh. /,Uh-huh/UH ./.,,
sw09utt/sw_0976_3046.utt,3/sw3046,3046,152,sd,A,105,1,"{C And, } {F uh. }","And/CC ,/, uh/UH ./.",,
sw09utt/sw_0976_3046.utt,3/sw3046,3046,153,sv,B,106,1,"That probably makes it easier,  /","That/DT probably/RB makes/VBZ it/PRP easier/JJR ,/,",,
sw09utt/sw_0976_3046.utt,3/sw3046,3046,154,%,B,106,2,{C but. } -/,but/CC ./.,,
sw09utt/sw_0976_3046.utt,3/sw3046,3046,155,+,A,107,1,"[ It, + it's ] much different  /","It/PRP ,/, it/PRP 's/BES much/RB different/JJ",,
sw09utt/sw_0976_3046.utt,3/sw3046,3046,156,%,A,107,2,"{C and, } {F uh. } -/","and/CC ,/, uh/UH ./.",,
sw09utt/sw_0976_3046.utt,3/sw3046,3046,157,b,B,108,1,Yeah.  /,Yeah/UH ./.,,
sw09utt/sw_0976_3046.utt,3/sw3046,3046,158,sd,B,108,2,We find ourselves eating a lot of macaroni and cheese  /,We/PRP find/VBP ourselves/PRP eating/VBG a/DT lot/NN of/IN macaroni/NN and/CC cheese/NN,,
sw09utt/sw_0976_3046.utt,3/sw3046,3046,159,%,B,108,3,"[ {C and, } + {F uh, }","and/CC ,/, uh/UH ,/,",,
sw09utt/sw_0976_3046.utt,3/sw3046,3046,160,b,A,109,1,"Uh-huh,  /","Uh-huh/UH ,/,",,
sw09utt/sw_0976_3046.utt,3/sw3046,3046,161,b^r,A,109,2,uh-huh. /,uh-huh/UH ./.,,
sw09utt/sw_0976_3046.utt,3/sw3046,3046,162,+,B,110,1,"<Laughter>  (( {C and } ] of course )) , -/","and/CC of/IN course/NN ,/,",,
sw09utt/sw_0976_3046.utt,3/sw3046,3046,163,sd,A,111,1,"{D Well, } my husband didn't like that,  /","Well/UH ,/, my/PRP$ husband/NN did/VBD n't/RB like/VB that/DT ,/,",,
sw09utt/sw_0976_3046.utt,3/sw3046,3046,164,%,A,111,2,"{C so } [ we, + us kids, ] - /","so/RB we/PRP ,/, us/PRP kids/NNS ,/,",,
sw09utt/sw_0976_3046.utt,3/sw3046,3046,165,sd,A,111,3,we had five children  /,we/PRP had/VBD five/CD children/NNS,,
sw09utt/sw_0976_3046.utt,3/sw3046,3046,166,sd,A,111,4,"{C and } we ate that when [ he, + he ] wasn't going to be home for supper, /","and/CC we/PRP ate/VBD that/DT when/WRB he/PRP ,/, he/PRP was/VBD n't/RB going/VBG to/TO be/VB home/RB for/IN supper/NN ,/,",,
sw09utt/sw_0976_3046.utt,3/sw3046,3046,167,b,B,112,1,Right. /,Right/UH ./.,,
sw09utt/sw_0976_3046.utt,3/sw3046,3046,168,sd,A,113,1,(( that's what we had ))  <laughter>. /,that/DT 's/BES what/WP we/PRP had/VBD ./.,,
sw09utt/sw_0976_3046.utt,3/sw3046,3046,169,b,B,114,1,"Yeah,  /","Yeah/UH ,/,",,
sw09utt/sw_0976_3046.utt,3/sw3046,3046,170,sd,B,114,2,"{D well, } that's pretty much what we do,  /","well/UH ,/, that/DT 's/BES pretty/RB much/JJ what/WP we/PRP do/VBP ,/,",,
sw09utt/sw_0976_3046.utt,3/sw3046,3046,171,sd,B,114,3,"if dad's not coming home, we have macaroni and cheese,","if/IN dad/NN 's/BES not/RB coming/VBG home/RB ,/, we/PRP have/VBP macaroni/NN and/CC cheese/NN ,/,",,
sw09utt/sw_0976_3046.utt,3/sw3046,3046,172,b,A,115,1,Uh-huh. /,Uh-huh/UH ./.,,
sw09utt/sw_0976_3046.utt,3/sw3046,3046,173,+,B,116,1,or something.  /,or/CC something/NN ./.,,
sw09utt/sw_0976_3046.utt,3/sw3046,3046,174,sd,B,116,2,"{C But, } they like, {F uh, } spaghetti. /","But/CC ,/, they/PRP like/VBP ,/, uh/UH ,/, spaghetti/NNS ./.",,
sw09utt/sw_0976_3046.utt,3/sw3046,3046,175,b,A,117,1,Uh-huh. /,Uh-huh/UH ./.,,
sw09utt/sw_0976_3046.utt,3/sw3046,3046,176,sd,B,118,1,"{D You know, } that's one meal,","You/PRP know/VBP ,/, that/DT 's/BES one/CD meal/NN ,/,",,
sw09utt/sw_0976_3046.utt,3/sw3046,3046,177,b,A,119,1,"{F Uh, } yeah. /","Uh/UH ,/, yeah/UH ./.",,
sw09utt/sw_0976_3046.utt,3/sw3046,3046,178,+,B,120,1,I can fix  /,I/PRP can/MD fix/VB,,
sw09utt/sw_0976_3046.utt,3/sw3046,3046,179,sd,B,120,2,{C and } the whole family eats.  /,and/CC the/DT whole/JJ family/NN eats/VBZ ./.,,
sw09utt/sw_0976_3046.utt,3/sw3046,3046,180,%,B,120,3,"{C But, } {F uh, } there are several things that, - /","But/CC ,/, uh/UH ,/, there/EX are/VBP several/JJ things/NNS that/WDT ,/,",,
sw09utt/sw_0976_3046.utt,3/sw3046,3046,181,sd,B,120,4,"{D well } as a matter of fact, I keep chicken nuggets handy all the time, because. -/","well/UH as/IN a/DT matter/NN of/IN fact/NN ,/, I/PRP keep/VBP chicken/NN nuggets/NNS handy/JJ all/PDT the/DT time/NN ,/, because/IN ./.",,
sw09utt/sw_0976_3046.utt,3/sw3046,3046,182,sv,A,121,1,"{F Oh, } those always go good. /","Oh/UH ,/, those/DT always/RB go/VBP good/RB ./.",,
sw09utt/sw_0976_3046.utt,3/sw3046,3046,183,aa,B,122,1,"Yeah,  /","Yeah/UH ,/,",,
sw09utt/sw_0976_3046.utt,3/sw3046,3046,184,sd,B,122,2,"the children love them, /","the/DT children/NNS love/VBP them/PRP ,/,",,
sw09utt/sw_0976_3046.utt,3/sw3046,3046,185,b,A,123,1,Yeah. /,Yeah/UH ./.,,
sw09utt/sw_0976_3046.utt,3/sw3046,3046,186,sv,B,124,1,"{C and, } {F uh, } they are real easy to cook  /","and/CC ,/, uh/UH ,/, they/PRP are/VBP real/RB easy/JJ to/TO cook/VB",,
sw09utt/sw_0976_3046.utt,3/sw3046,3046,187,sd,B,124,2,"{C and, }","and/CC ,/,",,
sw09utt/sw_0976_3046.utt,3/sw3046,3046,188,b,A,125,1,Yeah. /,Yeah/UH ./.,,
sw09utt/sw_0976_3046.utt,3/sw3046,3046,189,+,B,126,1,"that way, whatever meat we have, if they don't like it, {D well, } - /","that/DT way/NN ,/, whatever/WDT meat/NN we/PRP have/VBP ,/, if/IN they/PRP do/VBP n't/RB like/VB it/PRP ,/, well/UH ,/,",,
sw09utt/sw_0976_3046.utt,3/sw3046,3046,190,sd,B,126,2,"{C and } my girls don't like beef,  /","and/CC my/PRP$ girls/NNS do/VBP n't/RB like/VB beef/NN ,/,",,
sw09utt/sw_0976_3046.utt,3/sw3046,3046,191,h,B,126,3,"I,","I/PRP ,/,",,
sw09utt/sw_0976_3046.utt,3/sw3046,3046,192,b,A,127,1,{F Oh } really. /,Oh/UH really/UH ./.,,
sw09utt/sw_0976_3046.utt,3/sw3046,3046,193,+,B,128,1,"don't know, /","do/VBP n't/RB know/VB ,/,",,
sw09utt/sw_0976_3046.utt,3/sw3046,3046,194,sv,A,129,1,{D Well } maybe.,Well/UH maybe/RB ./.,,
sw09utt/sw_0976_3046.utt,3/sw3046,3046,195,h,B,130,1,"I guess, /","I/PRP guess/VBP ,/,",,
sw09utt/sw_0976_3046.utt,3/sw3046,3046,196,+,A,131,1,"that's good the [ way, + way ] the things are going. /","that/DT 's/BES good/JJ the/DT way/NN ,/, way/NN the/DT things/NNS are/VBP going/VBG ./.",,
sw09utt/sw_0976_3046.utt,3/sw3046,3046,197,aa,B,132,1,"{D Well, } yeah,  /","Well/UH ,/, yeah/UH ,/,",,
sw09utt/sw_0976_3046.utt,3/sw3046,3046,198,%,B,132,2,"it could be, [ bec-, + they don't, ] - /","it/PRP could/MD be/VB ,/, bec-/IN ,/, they/PRP do/VBP n't/RB ,/,",,
sw09utt/sw_0976_3046.utt,3/sw3046,3046,199,sv,B,132,3,"I think it's the texture of it, /","I/PRP think/VBP it/PRP 's/BES the/DT texture/NN of/IN it/PRP ,/,",,
sw09utt/sw_0976_3046.utt,3/sw3046,3046,200,b,A,133,1,Uh-huh. /,Uh-huh/UH ./.,,
sw09utt/sw_0976_3046.utt,3/sw3046,3046,201,sv,B,134,1,{C but } it takes more chewing <laughter>. /,but/CC it/PRP takes/VBZ more/JJR chewing/NN ./.,,
sw09utt/sw_0976_3046.utt,3/sw3046,3046,202,aa,A,135,1,Right.  /,Right/UH ./.,,
sw09utt/sw_0976_3046.utt,3/sw3046,3046,203,sv,A,135,2,"<laughter> Children usually they like the ham and the hamburgers,","Children/NNS usually/RB they/PRP like/VBP the/DT ham/NN and/CC the/DT hamburgers/NNS ,/,",,
sw09utt/sw_0976_3046.utt,3/sw3046,3046,204,b,B,136,1,Uh-huh. /,Uh-huh/UH ./.,,
sw09utt/sw_0976_3046.utt,3/sw3046,3046,205,+,A,137,1,"and that,  /","and/CC that/DT ,/,",,
sw09utt/sw_0976_3046.utt,3/sw3046,3046,206,sv,A,137,2,{C and } it is easier to chew. /,and/CC it/PRP is/VBZ easier/JJR to/TO chew/VB ./.,,
sw09utt/sw_0976_3046.utt,3/sw3046,3046,207,aa,B,138,1,Right.  /,Right/UH ./.,,
sw09utt/sw_0976_3046.utt,3/sw3046,3046,208,aa^r,B,138,2,Right.  /,Right/UH ./.,,
sw09utt/sw_0976_3046.utt,3/sw3046,3046,209,sd,B,138,3,{C So } they're not too much into beef. /,So/RB they/PRP 're/VBP not/RB too/RB much/RB into/IN beef/NN ./.,,
sw09utt/sw_0976_3046.utt,3/sw3046,3046,210,b,A,139,1,Uh-huh. /,Uh-huh/UH ./.,,
sw09utt/sw_0976_3046.utt,3/sw3046,3046,211,sd,B,140,1,"My husband and I eat more beef than we should,  /","My/PRP$ husband/NN and/CC I/PRP eat/VBP more/JJR beef/NN than/IN we/PRP should/MD ,/,",,
sw09utt/sw_0976_3046.utt,3/sw3046,3046,212,sd,B,140,2,{C but } at least we keep our chicken nuggets handy for them <laughter>. /,but/CC at/IN least/JJS we/PRP keep/VBP our/PRP$ chicken/NN nuggets/NNS handy/JJ for/IN them/PRP ./.,,
sw09utt/sw_0976_3046.utt,3/sw3046,3046,213,b,A,141,1,Right.  /,Right/UH ./.,,
sw09utt/sw_0976_3046.utt,3/sw3046,3046,214,sd,A,141,2,"<laughter> We don't really [ have, + {F uh, } {D you know, } entertain ] too much. /","We/PRP do/VBP n't/RB really/RB have/VB ,/, uh/UH ,/, you/PRP know/VBP ,/, entertain/VB too/RB much/JJ ./.",,
sw09utt/sw_0976_3046.utt,3/sw3046,3046,215,b,B,142,1,Uh-huh. /,Uh-huh/UH ./.,,
sw09utt/sw_0976_3046.utt,3/sw3046,3046,216,qy^d,A,143,1,"I don't know if you do or not,  /","I/PRP do/VBP n't/RB know/VB if/IN you/PRP do/VBP or/CC not/RB ,/,",,
sw09utt/sw_0976_3046.utt,3/sw3046,3046,217,sd,A,143,2,"{C but } [ we, + we ] don't a whole lot,  /","but/CC we/PRP ,/, we/PRP do/VBP n't/RB a/DT whole/JJ lot/NN ,/,",,
sw09utt/sw_0976_3046.utt,3/sw3046,3046,218,sd,A,143,3,"we're more,  once in a while, but mostly family,","we/PRP 're/VBP more/JJR ,/, once/RB in/IN a/DT while/NN ,/, but/CC mostly/RB family/NN ,/,",,
sw09utt/sw_0976_3046.utt,3/sw3046,3046,219,b,B,144,1,Yeah. /,Yeah/UH ./.,,
sw09utt/sw_0976_3046.utt,3/sw3046,3046,220,+,A,145,1,((   ))  activities. /,MUMBLEx/XX activities/NNS ./.,,
sw09utt/sw_0976_3046.utt,3/sw3046,3046,221,na,B,146,1,"{D Well, } most of the entertaining we do is church associated. /","Well/UH ,/, most/JJS of/IN the/DT entertaining/VBG  we/PRP do/VBP is/VBZ church/NN associated/VBN ./.",,
sw09utt/sw_0976_3046.utt,3/sw3046,3046,222,b,A,147,1,Uh-huh. /,Uh-huh/UH ./.,,
sw09utt/sw_0976_3046.utt,3/sw3046,3046,223,sd,B,148,1,"We have a real tiny little house,  /","We/PRP have/VBP a/DT real/RB tiny/JJ little/JJ house/NN ,/,",,
sw09utt/sw_0976_3046.utt,3/sw3046,3046,224,sd,B,148,2,"we don't have room really,","we/PRP do/VBP n't/RB have/VB room/NN really/RB ,/,",,
sw09utt/sw_0976_3046.utt,3/sw3046,3046,225,b,A,149,1,Uh-huh. /,Uh-huh/UH ./.,,
sw09utt/sw_0976_3046.utt,3/sw3046,3046,226,+,B,150,1,to have people here. /,to/TO have/VB people/NNS here/RB ./.,,
sw09utt/sw_0976_3046.utt,3/sw3046,3046,227,b,A,151,1,"Uh-huh,  /","Uh-huh/UH ,/,",,
sw09utt/sw_0976_3046.utt,3/sw3046,3046,228,b^r,A,151,2,uh-huh. /,uh-huh/UH ./.,,
sw09utt/sw_0976_3046.utt,3/sw3046,3046,229,sd,B,152,1,"{C But, } we do get together for [ wh-, + fellowships ] at our church, /","But/CC ,/, we/PRP do/VBP get/VB together/RB for/IN wh-/XX ,/, fellowships/NNS at/IN our/PRP$ church/NN ,/,",,
sw09utt/sw_0976_3046.utt,3/sw3046,3046,230,b,A,153,1,Uh-huh. /,Uh-huh/UH ./.,,
sw09utt/sw_0976_3046.utt,3/sw3046,3046,231,sd,B,154,1,"{C and, } my husband and I do a lot of the planning in that. /","and/CC ,/, my/PRP$ husband/NN and/CC I/PRP do/VBP a/DT lot/NN of/IN the/DT planning/NN in/IN that/DT ./.",,
sw09utt/sw_0976_3046.utt,3/sw3046,3046,232,b,A,155,1,Yeah. /,Yeah/UH ./.,,
sw09utt/sw_0976_3046.utt,3/sw3046,3046,233,%,B,156,1,"{C And, } -/","And/CC ,/,",,
sw09utt/sw_0976_3046.utt,3/sw3046,3046,234,ba,A,157,1,{D Well } that's good. /,Well/UH that/DT 's/BES good/JJ ./.,,
sw09utt/sw_0976_3046.utt,3/sw3046,3046,235,aa,B,158,1,"Yeah,  /","Yeah/UH ,/,",,
sw09utt/sw_0976_3046.utt,3/sw3046,3046,236,aa,B,158,2,it is  /,it/PRP is/VBZ,,
sw09utt/sw_0976_3046.utt,3/sw3046,3046,237,sd,B,158,3,"{C and } it's fun to, {F uh, } - /","and/CC it/PRP 's/BES fun/NN to/TO ,/, uh/UH ,/,",,
sw09utt/sw_0976_3046.utt,3/sw3046,3046,238,sd,B,158,4,I like just having a pot luck meal where everyone brings their favorite dish. /,I/PRP like/VBP just/RB having/VBG a/DT pot/NN luck/NN meal/NN where/WRB everyone/NN brings/VBZ their/PRP$ favorite/JJ dish/NN ./.,,
sw09utt/sw_0976_3046.utt,3/sw3046,3046,239,b,A,159,1,"Yeah,  /","Yeah/UH ,/,",,
sw09utt/sw_0976_3046.utt,3/sw3046,3046,240,sd,A,159,2,"we do a lot of that (( take )) ,","we/PRP do/VBP a/DT lot/NN of/IN that/DT take/VBP ,/,",,
sw09utt/sw_0976_3046.utt,3/sw3046,3046,241,b,B,160,1,Yeah. /,Yeah/UH ./.,,
sw09utt/sw_0976_3046.utt,3/sw3046,3046,242,+,A,161,1,things to church  /,things/NNS to/IN church/NN,,
sw09utt/sw_0976_3046.utt,3/sw3046,3046,243,sd,A,161,2,"{C and } our homemakers meet at the church also,  /","and/CC our/PRP$ homemakers/NNS meet/VBP at/IN the/DT church/NN also/RB ,/,",,
sw09utt/sw_0976_3046.utt,3/sw3046,3046,244,sd,A,161,3,"{C and, } {F uh, }","and/CC ,/, uh/UH ,/,",,
sw09utt/sw_0976_3046.utt,3/sw3046,3046,245,b,B,162,1,Uh-huh. /,Uh-huh/UH ./.,,
sw09utt/sw_0976_3046.utt,3/sw3046,3046,246,+,A,163,1,"that's what we do [ mostly, +","that/DT 's/BES what/WP we/PRP do/VBP mostly/RB ,/,",,
sw09utt/sw_0976_3046.utt,3/sw3046,3046,247,b,B,164,1,Yeah. /,Yeah/UH ./.,,
sw09utt/sw_0976_3046.utt,3/sw3046,3046,248,+,A,165,1,most ] of the time for that. /,most/JJS of/IN the/DT time/NN for/IN that/DT ./.,,
sw09utt/sw_0976_3046.utt,3/sw3046,3046,249,b,B,166,1,Yeah. /,Yeah/UH ./.,,
sw09utt/sw_0976_3046.utt,3/sw3046,3046,250,sd,A,167,1,"{C So, } you don't really include any certain food groups,  /","So/RB ,/, you/PRP do/VBP n't/RB really/RB include/VB any/DT certain/JJ food/NN groups/NNS ,/,",,
sw09utt/sw_0976_3046.utt,3/sw3046,3046,251,sd,A,167,2,"you just bring,","you/PRP just/RB bring/VBP ,/,",,
sw09utt/sw_0976_3046.utt,3/sw3046,3046,252,b,B,168,1,Right. /,Right/UH ./.,,
sw09utt/sw_0976_3046.utt,3/sw3046,3046,253,+,A,169,1,what you like <laughter>. /,what/WP you/PRP like/VBP ./.,,
sw09utt/sw_0976_3046.utt,3/sw3046,3046,254,aa,B,170,1,That's right <laughter>. /,That/DT 's/BES right/JJ ./.,,
sw09utt/sw_0976_3046.utt,3/sw3046,3046,255,sd,A,171,1,"Sometimes you have all desserts,  /","Sometimes/RB you/PRP have/VBP all/DT desserts/NNS ,/,",,
sw09utt/sw_0976_3046.utt,3/sw3046,3046,256,sd,A,171,2,"sometimes,","sometimes/RB ,/,",,
sw09utt/sw_0976_3046.utt,3/sw3046,3046,257,b,B,172,1,Yeah <laughter>. /,Yeah/UH ./.,,
sw09utt/sw_0976_3046.utt,3/sw3046,3046,258,+,A,173,1,you have all vegetables <laughter>. /,you/PRP have/VBP all/DT vegetables/NNS ./.,,
sw09utt/sw_0976_3046.utt,3/sw3046,3046,259,b,B,174,1,"Yeah,  /","Yeah/UH ,/,",,
sw09utt/sw_0976_3046.utt,3/sw3046,3046,260,aa,B,174,2,"that's true, <laughter>  /","that/DT 's/BES true/JJ ,/,",,
sw09utt/sw_0976_3046.utt,3/sw3046,3046,261,sv,B,174,3,"that's the only problem with just letting you bring whatever,","that/DT 's/BES the/DT only/JJ problem/NN with/IN just/RB letting/VBG you/PRP bring/VB whatever/WP ,/,",,
sw09utt/sw_0976_3046.utt,3/sw3046,3046,262,b,A,175,1,Yeah. /,Yeah/UH ./.,,
sw09utt/sw_0976_3046.utt,3/sw3046,3046,263,+,B,176,1,"you, {F uh, } like best. /","you/PRP ,/, uh/UH ,/, like/VBP best/RBS ./.",,
sw09utt/sw_0976_3046.utt,3/sw3046,3046,264,sd,A,177,1,"{C But, } it doesn't happen very often,  /","But/CC ,/, it/PRP does/VBZ n't/RB happen/VB very/RB often/RB ,/,",,
sw09utt/sw_0976_3046.utt,3/sw3046,3046,265,sd,A,177,2,usually you get a pretty wide variety  /,usually/RB you/PRP get/VBP a/DT pretty/RB wide/JJ variety/NN,,
sw09utt/sw_0976_3046.utt,3/sw3046,3046,266,sd,A,177,3,"(( {C and } [ you can, + you can ] )) ,","and/CC you/PRP can/MD ,/, you/PRP can/MD ,/,",,
sw09utt/sw_0976_3046.utt,3/sw3046,3046,267,b,B,178,1,Uh-huh. /,Uh-huh/UH ./.,,
sw09utt/sw_0976_3046.utt,3/sw3046,3046,268,+,A,179,1,"have pretty good meals,","have/VBP pretty/RB good/JJ meals/NNS ,/,",,
sw09utt/sw_0976_3046.utt,3/sw3046,3046,269,b,B,180,1,Yeah. /,Yeah/UH ./.,,
sw09utt/sw_0976_3046.utt,3/sw3046,3046,270,+,A,181,1,from one of those. /,from/IN one/CD of/IN those/DT ./.,,
sw09utt/sw_0976_3046.utt,3/sw3046,3046,271,aa,B,182,1,Yeah.  /,Yeah/UH ./.,,
sw09utt/sw_0976_3046.utt,3/sw3046,3046,272,sd,B,182,2,I remember one time we had a progressive dinner. /,I/PRP remember/VBP one/CD time/NN we/PRP had/VBD a/DT progressive/JJ dinner/NN ./.,,
sw09utt/sw_0976_3046.utt,3/sw3046,3046,273,ba,A,183,1,"{F Oh, } those are fun. /","Oh/UH ,/, those/DT are/VBP fun/NN ./.",,
sw09utt/sw_0976_3046.utt,3/sw3046,3046,274,%,B,184,1,It's the only time that ever. - /,It/PRP 's/BES the/DT only/JJ time/NN that/DT ever/RB ./.,,
sw09utt/sw_0976_3046.utt,3/sw3046,3046,275,aa,B,184,2,Yeah  /,Yeah/UH,,
sw09utt/sw_0976_3046.utt,3/sw3046,3046,276,aa,B,184,3,they are. /,they/PRP are/VBP ./.,,
sw09utt/sw_0976_3046.utt,3/sw3046,3046,277,b,A,185,1,Uh-huh. /,Uh-huh/UH ./.,,
sw09utt/sw_0976_3046.utt,3/sw3046,3046,278,sd,B,186,1,"{C But } it's the only time [ tha-, + ] I can remember that, - /","But/CC it/PRP 's/BES the/DT only/JJ time/NN tha/WDT ,/,  I/PRP can/MD remember/VB that/WDT ,/,",,
sw09utt/sw_0976_3046.utt,3/sw3046,3046,279,sd,B,186,2,I can't remember what food it was  /,I/PRP ca/MD n't/RB remember/VB what/WP food/NN it/PRP was/VBD,,
sw09utt/sw_0976_3046.utt,3/sw3046,3046,280,sd,B,186,3,"[ I, + it ] might have been the main dish that hardly anyone showed up with.  /","I/PRP ,/, it/PRP might/MD have/VB been/VBN the/DT main/JJ dish/NN that/WDT hardly/RB anyone/NN showed/VBD up/RP with/IN ./.",,
sw09utt/sw_0976_3046.utt,3/sw3046,3046,281,sd,B,186,4,"Several people were supposed to bring,","Several/JJ people/NNS were/VBD supposed/VBN to/TO bring/VB ,/,",,
sw09utt/sw_0976_3046.utt,3/sw3046,3046,282,b,A,187,1,"{F Uh, } uh-huh. /","Uh/UH ,/, uh-huh/UH ./.",,
sw09utt/sw_0976_3046.utt,3/sw3046,3046,283,+,B,188,1,"{D you know, } each, {D like, } {F uh, } [ a, + an ] appetizer,","you/PRP know/VBP ,/, each/DT ,/, like/UH ,/, uh/UH ,/, a/DT ,/, an/DT appetizer/NN ,/,",,
sw09utt/sw_0976_3046.utt,3/sw3046,3046,284,b,A,189,1,Uh-huh. /,Uh-huh/UH ./.,,
sw09utt/sw_0976_3046.utt,3/sw3046,3046,285,+,B,190,1,and a main dish and a dessert.  /,and/CC a/DT main/JJ dish/NN and/CC a/DT dessert/NN ./.,,
sw09utt/sw_0976_3046.utt,3/sw3046,3046,286,sd,B,190,2,{C And } we had tons of desserts and tons of appetizers  /,And/CC we/PRP had/VBD tons/NNS of/IN desserts/NNS and/CC tons/NNS of/IN appetizers/NNS,,
sw09utt/sw_0976_3046.utt,3/sw3046,3046,287,sd,B,190,3,"[ {C and, } +","and/CC ,/,",,
sw09utt/sw_0976_3046.utt,3/sw3046,3046,288,b,A,191,1,"(( {F Oh, } uh-huh  /","Oh/UH ,/, uh-huh/UH",,
sw09utt/sw_0976_3046.utt,3/sw3046,3046,289,b,A,191,2,"))   ((   )) ,","MUMBLEx/XX ,/,",,
sw09utt/sw_0976_3046.utt,3/sw3046,3046,290,+,B,192,1,"{C but } ] when we came to the [ main, + main ] dish plate,","but/CC when/WRB we/PRP came/VBD to/IN the/DT main/JJ ,/, main/JJ dish/NN plate/NN ,/,",,
sw09utt/sw_0976_3046.utt,3/sw3046,3046,291,+,A,193,1,Oh. /,Oh/UH ./.,,
sw09utt/sw_0976_3046.utt,3/sw3046,3046,292,+,B,194,1,there was only {D like } two or three <laughter>. /,there/EX was/VBD only/RB like/UH two/CD or/CC three/CD ./.,,
sw09utt/sw_0976_3046.utt,3/sw3046,3046,293,qy,A,195,1,Was there enough to go around? <laughter>. /,Was/VBD there/EX enough/JJ to/TO go/VB around/RB ?/. ./.,,
sw09utt/sw_0976_3046.utt,3/sw3046,3046,294,ng,B,196,1,"{D Well, } not really,  /","Well/UH ,/, not/RB really/RB ,/,",,
sw09utt/sw_0976_3046.utt,3/sw3046,3046,295,sd,B,196,2,"you know we all took real tiny little portions,","you/PRP know/VBP we/PRP all/DT took/VBD real/RB tiny/JJ little/JJ portions/NNS ,/,",,
sw09utt/sw_0976_3046.utt,3/sw3046,3046,296,b,A,197,1,Uh-huh. /,Uh-huh/UH ./.,,
sw09utt/sw_0976_3046.utt,3/sw3046,3046,297,+,B,198,1,"and, {F uh, } were kind of angry with whoever it was,  /","and/CC ,/, uh/UH ,/, were/VBD kind/RB of/RB angry/JJ with/IN whoever/WP it/PRP was/VBD ,/,",,
sw09utt/sw_0976_3046.utt,3/sw3046,3046,298,sd,B,198,2,we were not sure who didn't show up with the food <laughter>. /,we/PRP were/VBD not/RB sure/JJ who/WP did/VBD n't/RB show/VB up/RP with/IN the/DT food/NN ./.,,
sw09utt/sw_0976_3046.utt,3/sw3046,3046,299,b,A,199,1,"Yeah,  /","Yeah/UH ,/,",,
sw09utt/sw_0976_3046.utt,3/sw3046,3046,300,sv,A,199,2,"that's kind of irresponsible and does upset you, because they are grown adults usually <laughter>, /","that/DT 's/BES kind/RB of/RB irresponsible/JJ and/CC does/VBZ upset/VB you/PRP ,/, because/IN they/PRP are/VBP grown/JJ adults/NNS usually/RB ,/,",,
sw09utt/sw_0976_3046.utt,3/sw3046,3046,301,aa,B,200,1,Yes. /,Yes/UH ./.,,
sw09utt/sw_0976_3046.utt,3/sw3046,3046,302,sv,A,201,1,{C and } you know they know better. /,and/CC you/PRP know/VBP they/PRP know/VBP better/JJR ./.,,
sw09utt/sw_0976_3046.utt,3/sw3046,3046,303,b,B,202,1,Right. /,Right/UH ./.,,
sw09utt/sw_0976_3046.utt,3/sw3046,3046,304,sv,A,203,1,"Even if they can't do it, they can always maybe get somebody else to (( cook )) . /","Even/RB if/IN they/PRP ca/MD n't/RB do/VB it/PRP ,/, they/PRP can/MD always/RB maybe/RB get/VB somebody/NN else/RB to/TO cook/VB ./.",,
sw09utt/sw_0976_3046.utt,3/sw3046,3046,305,aa,B,204,1,Right.  /,Right/UH ./.,,
sw09utt/sw_0976_3046.utt,3/sw3046,3046,306,sv,B,204,2,"[ {C Either, } + {C either } ] go ahead and fix your dish  /","Either/CC ,/, either/CC go/VB ahead/RB and/CC fix/VB your/PRP$ dish/NN",,
sw09utt/sw_0976_3046.utt,3/sw3046,3046,307,sv,B,204,3,{C or } call someone that can. /,or/CC call/VB someone/NN that/WDT can/MD ./.,,
sw09utt/sw_0976_3046.utt,3/sw3046,3046,308,aa,A,205,1,Right.  /,Right/UH ./.,,
sw09utt/sw_0976_3046.utt,3/sw3046,3046,309,aa^r,A,205,2,Right. /,Right/UH ./.,,
sw09utt/sw_0976_3046.utt,3/sw3046,3046,310,b,B,206,1,I know it.  /,I/PRP know/VBP it/PRP ./.,,
sw09utt/sw_0976_3046.utt,3/sw3046,3046,311,ba,B,206,2,"{D Well, } that sounds neat,  /","Well/UH ,/, that/DT sounds/VBZ neat/JJ ,/,",,
sw09utt/sw_0976_3046.utt,3/sw3046,3046,312,sd,B,206,3,"I can't, {F uh, } believe you're so far away,  /","I/PRP ca/MD n't/RB ,/, uh/UH ,/, believe/VB you/PRP 're/VBP so/RB far/RB away/RB ,/,",,
sw09utt/sw_0976_3046.utt,3/sw3046,3046,313,sd,B,206,4,{C but } you sound so close. /,but/CC you/PRP sound/VBP so/RB close/RB ./.,,
sw09utt/sw_0976_3046.utt,3/sw3046,3046,314,sd^t,A,207,1,"<Laughter> They said that [ we could share, + we share, ]","They/PRP said/VBD that/IN we/PRP could/MD share/VB ,/, we/PRP share/VBP ,/,",,
sw09utt/sw_0976_3046.utt,3/sw3046,3046,315,sd,B,208,1,It sounds like you're here in Dallas. /,It/PRP sounds/VBZ like/IN you/PRP 're/VBP here/RB in/IN Dallas/NNP ./.,,
sw09utt/sw_0976_3046.utt,3/sw3046,3046,316,+,A,209,1,a recipe  /,a/DT recipe/NN,,
sw09utt/sw_0976_3046.utt,3/sw3046,3046,317,sd,A,209,2,"{C but, } I'm up at my daughter's,  /","but/CC ,/, I/PRP 'm/VBP up/IN at/IN my/PRP$ daughter/NN 's/POS ,/,",,
sw09utt/sw_0976_3046.utt,3/sw3046,3046,318,sd,A,209,3,I don't even have any of my recipes with me. /,I/PRP do/VBP n't/RB even/RB have/VB any/DT of/IN my/PRP$ recipes/NNS with/IN me/PRP ./.,,
sw09utt/sw_0976_3046.utt,3/sw3046,3046,319,b,B,210,1,Oh. /,Oh/UH ./.,,
sw09utt/sw_0976_3046.utt,3/sw3046,3046,320,%,A,211,1,"(( {F Uh, } {D you know } )) , -/","Uh/UH ,/, you/PRP know/VBP ,/,",,
sw09utt/sw_0976_3046.utt,3/sw3046,3046,321,sd,B,212,1,"I don't know if I have anything handy,  /","I/PRP do/VBP n't/RB know/VB if/IN I/PRP have/VBP anything/NN handy/JJ ,/,",,
sw09utt/sw_0976_3046.utt,3/sw3046,3046,322,sd,B,212,2,"[ we were just about, + we were getting ready ] to go swimming, /","we/PRP were/VBD just/RB about/RB ,/, we/PRP were/VBD getting/VBG ready/JJ to/TO go/VB swimming/VBG ,/,",,
sw09utt/sw_0976_3046.utt,3/sw3046,3046,323,b,A,213,1,Oh. /,Oh/UH ./.,,
sw09utt/sw_0976_3046.utt,3/sw3046,3046,324,sd,B,214,1,{C and } we're waiting on my sister. /,and/CC we/PRP 're/VBP waiting/VBG on/IN my/PRP$ sister/NN ./.,,
sw09utt/sw_0976_3046.utt,3/sw3046,3046,325,ba,A,215,1,"{F Oh, } great. /","Oh/UH ,/, great/UH ./.",,
sw09utt/sw_0976_3046.utt,3/sw3046,3046,326,t3,B,216,1,"Cara, hold on just a second <<to another person in the room>>  /","Cara/NNP ,/, hold/VB on/RP just/RB a/DT second/NN",,
sw09utt/sw_0976_3046.utt,3/sw3046,3046,327,sd,B,216,2,"As a matter of fact, my,","As/IN a/DT matter/NN of/IN fact/NN ,/, my/PRP$ ,/,",,
sw09utt/sw_0976_3046.utt,3/sw3046,3046,328,^2,A,217,1,They are ready to go. /,They/PRP are/VBP ready/JJ to/TO go/VB ./.,,
sw09utt/sw_0976_3046.utt,3/sw3046,3046,329,+,B,218,1,little one is hollering <laughter>. /,little/JJ one/NN is/VBZ hollering/VBG ./.,,
sw09utt/sw_0976_3046.utt,3/sw3046,3046,330,fc,A,219,1,"{D Well, } [ we probably, + have we ] talked long enough  /","Well/UH ,/, we/PRP probably/RB ,/, have/VBP we/PRP talked/VBN long/RB enough/RB",,
sw09utt/sw_0976_3046.utt,3/sw3046,3046,331,%,A,219,2,"I, -/","I/PRP ,/,",,
sw09utt/sw_0976_3046.utt,3/sw3046,3046,332,fc,B,220,1,I think it probably has been. /,I/PRP think/VBP it/PRP probably/RB has/VBZ been/VBN ./.,,
sw09utt/sw_0976_3046.utt,3/sw3046,3046,333,fc,A,221,1,"Okay,  /","Okay/UH ,/,",,
sw09utt/sw_0976_3046.utt,3/sw3046,3046,334,%,A,221,2,"{C so } I'll let, -/","so/RB I/PRP 'll/MD let/VB ,/,",,
sw09utt/sw_0976_3046.utt,3/sw3046,3046,335,fc,B,222,1,"{D So, } I've enjoyed talking to you. /","So/RB ,/, I/PRP 've/VBP enjoyed/VBN talking/VBG to/IN you/PRP ./.",,
sw09utt/sw_0976_3046.utt,3/sw3046,3046,336,fc,A,223,1,"{F Oh, } same here.  /","Oh/UH ,/, same/JJ here/RB ./.",,
sw09utt/sw_0976_3046.utt,3/sw3046,3046,337,fc,A,223,2,You have a good day. /,You/PRP have/VBP a/DT good/JJ day/NN ./.,,
sw09utt/sw_0976_3046.utt,3/sw3046,3046,338,fc,B,224,1,Thank you.  /,Thank/VB you/PRP ./.,,
sw09utt/sw_0976_3046.utt,3/sw3046,3046,339,fc,B,224,2,Thanks for calling. /,Thanks/NNS for/IN calling/VBG ./.,,
sw09utt/sw_0976_3046.utt,3/sw3046,3046,340,fc,A,225,1,Uh-huh. /,Uh-huh/UH ./.,,
sw09utt/sw_0976_3046.utt,3/sw3046,3046,341,fc,B,226,1,# Bye-bye. # /,Bye-bye/UH ./.,,
sw09utt/sw_0976_3046.utt,3/sw3046,3046,342,fc^m,A,227,1,# Bye-bye. # /,Bye-bye/UH ./.,,
