swda_filename,ptb_basename,conversation_no,transcript_index,act_tag,caller,utterance_index,subutterance_index,text,pos,trees,ptb_treenumbers
sw09utt/sw_0914_3448.utt,3/sw3448,3448,0,qy,B,1,1,"[ Do you have a, + do you have any, ] {F uh, } major preferences as far as <breathing> television? /","Do/VBP you/PRP have/VB a/DT ,/, do/VBP you/PRP have/VB any/DT ,/, uh/UH ,/, major/JJ preferences/NNS as/RB far/RB as/IN television/NN ?/.",,
sw09utt/sw_0914_3448.utt,3/sw3448,3448,1,^h,A,2,1,"T V, {F uh, }  /","T/NN V/NN ,/, uh/UH ,/,",,
sw09utt/sw_0914_3448.utt,3/sw3448,3448,2,^h,A,2,2,trying to think.  /,trying/VBG to/TO think/VB ./.,,
sw09utt/sw_0914_3448.utt,3/sw3448,3448,3,sd^t,A,2,3,"I was trying to think of some while they were calling you.  {F Uh, }  /","I/PRP was/VBD trying/VBG to/TO think/VB of/IN some/DT while/IN they/PRP were/VBD calling/VBG you/PRP ./. Uh/UH ,/,",,
sw09utt/sw_0914_3448.utt,3/sw3448,3448,4,%,A,2,4,"I like Friday, - /","I/PRP like/VBP Friday/NNP ,/,",,
sw09utt/sw_0914_3448.utt,3/sw3448,3448,5,t1,A,2,5,"what is it,  /","what/WP is/VBZ it/PRP ,/,",,
sw09utt/sw_0914_3448.utt,3/sw3448,3448,6,t1,A,2,6,is it Friday or Saturday night shows <laughter>.  /,is/VBZ it/PRP Friday/NNP or/CC Saturday/NNP night/NN shows/NNS ./.,,
sw09utt/sw_0914_3448.utt,3/sw3448,3448,7,sd,A,2,7,I think it's Friday night. /,I/PRP think/VBP it/PRP 's/BES Friday/NNP night/NN ./.,,
sw09utt/sw_0914_3448.utt,3/sw3448,3448,8,b,B,3,1,"Uh-huh,  /","Uh-huh/UH ,/,",,
sw09utt/sw_0914_3448.utt,3/sw3448,3448,9,b,B,3,2,yeah. /,yeah/UH ./.,,
sw09utt/sw_0914_3448.utt,3/sw3448,3448,10,sd,A,4,1,"[ All the, + {F uh, } the one ] with the two little girls in it, what's it called. /","All/PDT the/DT ,/, uh/UH ,/, the/DT one/NN with/IN the/DT two/CD little/JJ girls/NNS in/IN it/PRP ,/, what/WP 's/BES it/PRP called/VBN ./.",,
sw09utt/sw_0914_3448.utt,3/sw3448,3448,11,b,B,5,1,"Yeah,  /","Yeah/UH ,/,",,
sw09utt/sw_0914_3448.utt,3/sw3448,3448,12,b,B,5,2,"{F uh, } {F oh, } /","uh/UH ,/, oh/UH ,/,",,
sw09utt/sw_0914_3448.utt,3/sw3448,3448,13,sd,A,6,1,Or three little girls. /,Or/CC three/CD little/JJ girls/NNS ./.,,
sw09utt/sw_0914_3448.utt,3/sw3448,3448,14,b,B,7,1,"Yeah,  /","Yeah/UH ,/,",,
sw09utt/sw_0914_3448.utt,3/sw3448,3448,15,sd,B,7,2,"[ [ the, + the ] two twins play the, + the twins play ] [ [ that one + that ] + the ] youngest girl. /","the/DT ,/, the/DT two/CD twins/NNS play/VBP the/DT ,/, the/DT twins/NNS play/VBP that/DT one/CD that/WDT the/DT youngest/JJS girl/NN ./.",,
sw09utt/sw_0914_3448.utt,3/sw3448,3448,16,b,A,8,1,Right. /,Right/UH ./.,,
sw09utt/sw_0914_3448.utt,3/sw3448,3448,17,b,B,9,1,"{F Oh, } yeah. /","Oh/UH ,/, yeah/UH ./.",,
sw09utt/sw_0914_3448.utt,3/sw3448,3448,18,sd,A,10,1,I really like that.  /,I/PRP really/RB like/VBP that/DT ./.,,
sw09utt/sw_0914_3448.utt,3/sw3448,3448,19,qw,A,10,2,What's it called? /,What/WP 's/BES it/PRP called/VBN ?/.,,
sw09utt/sw_0914_3448.utt,3/sw3448,3448,20,no,B,11,1,"{F Uh, } I don't know,  /","Uh/UH ,/, I/PRP do/VBP n't/RB know/VB ,/,",,
sw09utt/sw_0914_3448.utt,3/sw3448,3448,21,sd,B,11,2,all I can think of is the name of ALL IN THE FAMILY  /,all/DT I/PRP can/MD think/VB of/IN is/VBZ the/DT name/NN of/IN ALL/NNP IN/IN THE/DT FAMILY/NN,,
sw09utt/sw_0914_3448.utt,3/sw3448,3448,22,sd,B,11,3,{C but } that's not it. /,but/CC that/DT 's/BES not/RB it/PRP ./.,,
sw09utt/sw_0914_3448.utt,3/sw3448,3448,23,x,A,12,1,<Laughter>.,,,
sw09utt/sw_0914_3448.utt,3/sw3448,3448,24,sd,B,13,1,<Laughter> FULL HOUSE. /,FULL/JJ HOUSE/NN ./.,,
sw09utt/sw_0914_3448.utt,3/sw3448,3448,25,aa,A,14,1,"Yeah,  /","Yeah/UH ,/,",,
sw09utt/sw_0914_3448.utt,3/sw3448,3448,26,ba,A,14,2,there you go. /,there/RB you/PRP go/VBP ./.,,
sw09utt/sw_0914_3448.utt,3/sw3448,3448,27,b,B,15,1,Yeah. /,Yeah/UH ./.,,
sw09utt/sw_0914_3448.utt,3/sw3448,3448,28,b^m,A,16,1,"Yeah,  /","Yeah/UH ,/,",,
sw09utt/sw_0914_3448.utt,3/sw3448,3448,29,sd,A,16,2,I really like that show. /,I/PRP really/RB like/VBP that/DT show/NN ./.,,
sw09utt/sw_0914_3448.utt,3/sw3448,3448,30,b,B,17,1,"Yeah,  /","Yeah/UH ,/,",,
sw09utt/sw_0914_3448.utt,3/sw3448,3448,31,sv,B,17,2,that is good.  /,that/DT is/VBZ good/JJ ./.,,
sw09utt/sw_0914_3448.utt,3/sw3448,3448,32,%,B,17,3,"[ I, + I ] like, {F uh, } - /","I/PRP ,/, I/PRP like/VBP ,/, uh/UH ,/,",,
sw09utt/sw_0914_3448.utt,3/sw3448,3448,33,sd,B,17,4,we have cable.  /,we/PRP have/VBP cable/NN ./.,,
sw09utt/sw_0914_3448.utt,3/sw3448,3448,34,sd,B,17,5,"I really like watching the old NICK AT NITE shows, {D you know. }","I/PRP really/RB like/VBP watching/VBG the/DT old/JJ NICK/NNP AT/IN NITE/NNP shows/NNS ,/, you/PRP know/VBP ./.",,
sw09utt/sw_0914_3448.utt,3/sw3448,3448,35,b,A,18,1,Oh. /,Oh/UH ./.,,
sw09utt/sw_0914_3448.utt,3/sw3448,3448,36,+,B,19,1,Where you get to watch DRAGNET and MISTER ED  /,Where/WRB you/PRP get/VBP to/TO watch/VB DRAGNET/NNP and/CC MISTER/NNP ED/NNP,,
sw09utt/sw_0914_3448.utt,3/sw3448,3448,37,sd,B,19,2,"{C and, } {F uh, } [ we, + we ] can watch those all night sometimes if, -/","and/CC ,/, uh/UH ,/, we/PRP ,/, we/PRP can/MD watch/VB those/DT all/DT night/NN sometimes/RB if/IN ,/,",,
sw09utt/sw_0914_3448.utt,3/sw3448,3448,38,x,A,20,1,<Laughter>.,,,
sw09utt/sw_0914_3448.utt,3/sw3448,3448,39,sd,B,21,1,<Laughter> DONNA REED <laughter>. /,DONNA/NNP REED/NNP ./.,,
sw09utt/sw_0914_3448.utt,3/sw3448,3448,40,bh,A,22,1,"{F Oh, } really? /","Oh/UH ,/, really/UH ?/.",,
sw09utt/sw_0914_3448.utt,3/sw3448,3448,41,ny,B,23,1,Yeah. /,Yeah/UH ./.,,
sw09utt/sw_0914_3448.utt,3/sw3448,3448,42,sd,A,24,1,"{F Uh, } lately I've been getting into talk shows  /","Uh/UH ,/, lately/RB I/PRP 've/VBP been/VBN getting/VBG into/IN talk/NN shows/NNS",,
sw09utt/sw_0914_3448.utt,3/sw3448,3448,43,%,A,24,2,"{C and } <laughter>, -/","and/CC ,/,",,
sw09utt/sw_0914_3448.utt,3/sw3448,3448,44,bh,B,25,1,"{F Oh, } yeah? /","Oh/UH ,/, yeah/UH ?/.",,
sw09utt/sw_0914_3448.utt,3/sw3448,3448,45,ny,A,26,1,"Yeah,  /","Yeah/UH ,/,",,
sw09utt/sw_0914_3448.utt,3/sw3448,3448,46,sd^e,A,26,2,"just, {D you know, } controversy --","just/RB ,/, you/PRP know/VBP ,/, controversy/NN --/:",,
sw09utt/sw_0914_3448.utt,3/sw3448,3448,47,qw,B,27,1,[ [ Which -- +,Which/WDT --/:,,
sw09utt/sw_0914_3448.utt,3/sw3448,3448,48,+,A,28,1,"-- and, -/","--/: and/CC ,/,",,
sw09utt/sw_0914_3448.utt,3/sw3448,3448,49,+,B,29,1,"-- which one does, ] + which ones do ] you like? /","--/: which/WDT one/NN does/VBZ ,/, which/WDT ones/NNS do/VBP you/PRP like/VB ?/.",,
sw09utt/sw_0914_3448.utt,3/sw3448,3448,50,sd,A,30,1,Just really whatever. /,Just/RB really/RB whatever/WP ./.,,
sw09utt/sw_0914_3448.utt,3/sw3448,3448,51,b,B,31,1,Uh-huh. /,Uh-huh/UH ./.,,
sw09utt/sw_0914_3448.utt,3/sw3448,3448,52,%,A,32,1,"Just as long, - /","Just/RB as/RB long/JJ ,/,",,
sw09utt/sw_0914_3448.utt,3/sw3448,3448,53,sd,A,32,2,it depends on the subject {D actually. } /,it/PRP depends/VBZ on/IN the/DT subject/NN actually/UH ./.,,
sw09utt/sw_0914_3448.utt,3/sw3448,3448,54,b,B,33,1,Right. /,Right/UH ./.,,
sw09utt/sw_0914_3448.utt,3/sw3448,3448,55,sd,A,34,1,"[ Where, + where ] it's more interesting. /","Where/WRB ,/, where/WRB it/PRP 's/BES more/RBR interesting/JJ ./.",,
sw09utt/sw_0914_3448.utt,3/sw3448,3448,56,b,B,35,1,Uh-huh. /,Uh-huh/UH ./.,,
sw09utt/sw_0914_3448.utt,3/sw3448,3448,57,sd,A,36,1,Some of them get pretty boring  /,Some/DT of/IN them/PRP get/VBP pretty/RB boring/JJ,,
sw09utt/sw_0914_3448.utt,3/sw3448,3448,58,%,A,36,2,"{C but, } -/","but/CC ,/,",,
sw09utt/sw_0914_3448.utt,3/sw3448,3448,59,b,B,37,1,Yeah. /,Yeah/UH ./.,,
sw09utt/sw_0914_3448.utt,3/sw3448,3448,60,x,A,38,1,<Throat_clearing>.,,,
sw09utt/sw_0914_3448.utt,3/sw3448,3448,61,b^r,B,39,1,"Yeah,  /","Yeah/UH ,/,",,
sw09utt/sw_0914_3448.utt,3/sw3448,3448,62,sd,B,39,2,"{F uh, } <throat_clearing> there's that guy,  /","uh/UH ,/, there/EX 's/BES that/DT guy/NN ,/,",,
sw09utt/sw_0914_3448.utt,3/sw3448,3448,63,sd,B,39,3,"I think it's out of Dallas,  /","I/PRP think/VBP it/PRP 's/BES out/IN of/IN Dallas/NNP ,/,",,
sw09utt/sw_0914_3448.utt,3/sw3448,3448,64,sd,B,39,4,"his name is, {F uh, } <breathing> {F oh, }  /","his/PRP$ name/NN is/VBZ ,/, uh/UH ,/, oh/UH ,/,",,
sw09utt/sw_0914_3448.utt,3/sw3448,3448,65,sd,B,39,5,I wish I could remember his name. /,I/PRP wish/VBP I/PRP could/MD remember/VB his/PRP$ name/NN ./.,,
sw09utt/sw_0914_3448.utt,3/sw3448,3448,66,qy,A,40,1,Is he one of the talk show guys? /,Is/VBZ he/PRP one/CD of/IN the/DT talk/NN show/NN guys/NNS ?/.,,
sw09utt/sw_0914_3448.utt,3/sw3448,3448,67,ny,B,41,1,"Yeah,  /","Yeah/UH ,/,",,
sw09utt/sw_0914_3448.utt,3/sw3448,3448,68,sd^e,B,41,2,"[ he's, + he's ] black  /","he/PRP 's/BES ,/, he/PRP 's/BES black/JJ",,
sw09utt/sw_0914_3448.utt,3/sw3448,3448,69,sd@,B,41,3,"{C and, }","and/CC ,/,",,
sw09utt/sw_0914_3448.utt,3/sw3448,3448,70,qy,A,42,1,Maury Povich? /,Maury/NNP Povich/NNP ?/.,,
sw09utt/sw_0914_3448.utt,3/sw3448,3448,71,+@,B,43,1,"Yeah,  /","Yeah/UH ,/,",,
sw09utt/sw_0914_3448.utt,3/sw3448,3448,72,nn,B,43,2,"no,  /","no/UH ,/,",,
sw09utt/sw_0914_3448.utt,3/sw3448,3448,73,sd^e,B,43,3,he's black  /,he/PRP 's/BES black/JJ,,
sw09utt/sw_0914_3448.utt,3/sw3448,3448,74,sd,B,43,4,{C and } has a bald head  /,and/CC has/VBZ a/DT bald/JJ head/NN,,
sw09utt/sw_0914_3448.utt,3/sw3448,3448,75,sd,B,43,5,{C and } his first name starts with an M. /,and/CC his/PRP$ first/JJ name/NN starts/VBZ with/IN an/DT M/SYM ./.,,
sw09utt/sw_0914_3448.utt,3/sw3448,3448,76,^h,A,44,1,"{F Huh, } let's see. /","Huh/UH ,/, let/VB 's/PRP see/VB ./.",,
sw09utt/sw_0914_3448.utt,3/sw3448,3448,77,%,B,45,1,"{F Oh, } it's like, - /","Oh/UH ,/, it/PRP 's/BES like/UH ,/,",,
sw09utt/sw_0914_3448.utt,3/sw3448,3448,78,sd,B,45,2,"his first name's like [ Mar-, + Marlo ] or Marlin,  /","his/PRP$ first/JJ name/NN 's/BES like/UH Mar-/NNP ,/, Marlo/NNP or/CC Marlin/NNP ,/,",,
sw09utt/sw_0914_3448.utt,3/sw3448,3448,79,sd,B,45,3,I can't remember his name.  /,I/PRP ca/MD n't/RB remember/VB his/PRP$ name/NN ./.,,
sw09utt/sw_0914_3448.utt,3/sw3448,3448,80,sd,B,45,4,"{D Anyway, } he always has {D like } really strange shows like, {F uh, } <breathing> {F uh, } <throat_clearing> male strippers or female strippers or  <laughter> just --","Anyway/UH ,/, he/PRP always/RB has/VBZ like/UH really/RB strange/JJ shows/NNS like/IN ,/, uh/UH ,/, uh/UH ,/, male/JJ strippers/NNS or/CC female/JJ strippers/NNS or/CC just/RB --/:",,
sw09utt/sw_0914_3448.utt,3/sw3448,3448,81,b,A,46,1,Yeah. /,Yeah/UH ./.,,
sw09utt/sw_0914_3448.utt,3/sw3448,3448,82,+,B,47,1,"-- really sensationalistic, {D you know, } like what Geraldo used to be. /","--/: really/RB sensationalistic/JJ ,/, you/PRP know/VBP ,/, like/IN what/WP Geraldo/NNP used/VBD to/TO be/VB ./.",,
sw09utt/sw_0914_3448.utt,3/sw3448,3448,83,b,A,48,1,"Yeah,  /","Yeah/UH ,/,",,
sw09utt/sw_0914_3448.utt,3/sw3448,3448,84,sd,A,48,2,"see, [ I don't, + I don't ] like those,  /","see/VB ,/, I/PRP do/VBP n't/RB ,/, I/PRP do/VBP n't/RB like/VB those/DT ,/,",,
sw09utt/sw_0914_3448.utt,3/sw3448,3448,85,sd,A,48,3,I like --,I/PRP like/VBP --/:,,
sw09utt/sw_0914_3448.utt,3/sw3448,3448,86,sd,B,49,1,I don't either. /,I/PRP do/VBP n't/RB either/RB ./.,,
sw09utt/sw_0914_3448.utt,3/sw3448,3448,87,+,A,50,1,"-- more controversial subjects, I think. /","--/: more/RBR controversial/JJ subjects/NNS ,/, I/PRP think/VBP ./.",,
sw09utt/sw_0914_3448.utt,3/sw3448,3448,88,b,B,51,1,Uh-huh. /,Uh-huh/UH ./.,,
sw09utt/sw_0914_3448.utt,3/sw3448,3448,89,b,A,52,1,"{C But, } {E I mean, } yeah <laughter>. /","But/CC ,/, I/PRP mean/VBP ,/, yeah/UH ./.",,
sw09utt/sw_0914_3448.utt,3/sw3448,3448,90,qy,B,53,1,Do you watch cartoons a lot? /,Do/VBP you/PRP watch/VB cartoons/NNS a/DT lot/NN ?/.,,
sw09utt/sw_0914_3448.utt,3/sw3448,3448,91,nn,A,54,1,No. /,No/UH ./.,,
sw09utt/sw_0914_3448.utt,3/sw3448,3448,92,b^m,B,55,1,No. /,No/UH ./.,,
sw09utt/sw_0914_3448.utt,3/sw3448,3448,93,sd^e,A,56,1,"<Laughter> [ I'm, + I ] don't watch T V that much, {F uh, } anymore.  /","I/PRP 'm/VBP ,/, I/PRP do/VBP n't/RB watch/VB T/NN V/NN that/RB much/RB ,/, uh/UH ,/, anymore/RB ./.",,
sw09utt/sw_0914_3448.utt,3/sw3448,3448,94,%,A,56,2,"It seems like,  {F uh, } - /","It/PRP seems/VBZ like/IN ,/, uh/UH ,/,",,
sw09utt/sw_0914_3448.utt,3/sw3448,3448,95,sd,A,56,3,I'm going to school right now  /,I/PRP 'm/VBP going/VBG to/IN school/NN right/RB now/RB,,
sw09utt/sw_0914_3448.utt,3/sw3448,3448,96,%,A,56,4,"{C so, } -/","so/RB ,/,",,
sw09utt/sw_0914_3448.utt,3/sw3448,3448,97,b,B,57,1,"{F Oh, } yeah,  /","Oh/UH ,/, yeah/UH ,/,",,
sw09utt/sw_0914_3448.utt,3/sw3448,3448,98,qw,B,57,2,where do you go to school? /,where/WRB do/VBP you/PRP go/VB to/IN school/NN ?/.,,
sw09utt/sw_0914_3448.utt,3/sw3448,3448,99,sd,A,58,1,B Y U. /,B/NNP Y/NNP U/NNP ./.,,
sw09utt/sw_0914_3448.utt,3/sw3448,3448,100,bh,B,59,1,"{F Oh, } really? /","Oh/UH ,/, really/UH ?/.",,
sw09utt/sw_0914_3448.utt,3/sw3448,3448,101,ny,A,60,1,"Yeah,  /","Yeah/UH ,/,",,
sw09utt/sw_0914_3448.utt,3/sw3448,3448,102,sd^e,A,60,2,"[ {C so, } + {C and } ] I'm working, too,  /","so/RB ,/, and/CC I/PRP 'm/VBP working/VBG ,/, too/RB ,/,",,
sw09utt/sw_0914_3448.utt,3/sw3448,3448,103,sd,A,60,3,{C so } --,so/RB --/:,,
sw09utt/sw_0914_3448.utt,3/sw3448,3448,104,b,B,61,1,Uh-huh. /,Uh-huh/UH ./.,,
sw09utt/sw_0914_3448.utt,3/sw3448,3448,105,+,A,62,1,-- everything keeps me pretty busy. /,--/: everything/NN keeps/VBZ me/PRP pretty/RB busy/JJ ./.,,
sw09utt/sw_0914_3448.utt,3/sw3448,3448,106,b,B,63,1,Uh-huh. /,Uh-huh/UH ./.,,
sw09utt/sw_0914_3448.utt,3/sw3448,3448,107,%,A,64,1,"{C But, } -/","But/CC ,/,",,
sw09utt/sw_0914_3448.utt,3/sw3448,3448,108,sd,B,65,1,I'm going to U T D here in Dallas. /,I/PRP 'm/VBP going/VBG to/IN U/NNP T/NNP D/NNP here/RB in/IN Dallas/NNP ./.,,
sw09utt/sw_0914_3448.utt,3/sw3448,3448,109,bh,A,66,1,"{F Oh, } really? /","Oh/UH ,/, really/UH ?/.",,
sw09utt/sw_0914_3448.utt,3/sw3448,3448,110,ny,B,67,1,Yeah. /,Yeah/UH ./.,,
sw09utt/sw_0914_3448.utt,3/sw3448,3448,111,sd,A,68,1,My dad taught there --,My/PRP$ dad/NN taught/VBD there/RB --/:,,
sw09utt/sw_0914_3448.utt,3/sw3448,3448,112,bh,B,69,1,"{F Oh, } really? /","Oh/UH ,/, really/UH ?/.",,
sw09utt/sw_0914_3448.utt,3/sw3448,3448,113,+,A,70,1,"-- for a while,  /","--/: for/IN a/DT while/NN ,/,",,
sw09utt/sw_0914_3448.utt,3/sw3448,3448,114,ny,A,70,2,yeah. /,yeah/UH ./.,,
sw09utt/sw_0914_3448.utt,3/sw3448,3448,115,qw,B,71,1,What did he teach? /,What/WP did/VBD he/PRP teach/VB ?/.,,
sw09utt/sw_0914_3448.utt,3/sw3448,3448,116,sd,A,72,1,"{F Uh, } speech pathology. /","Uh/UH ,/, speech/NN pathology/NN ./.",,
sw09utt/sw_0914_3448.utt,3/sw3448,3448,117,sd,B,73,1,"{F Oh, } that's what I'm majoring in.  /","Oh/UH ,/, that/DT 's/BES what/WP I/PRP 'm/VBP majoring/VBG in/IN ./.",,
sw09utt/sw_0914_3448.utt,3/sw3448,3448,118,sd,B,73,2,I'm a graduate student in speech. /,I/PRP 'm/VBP a/DT graduate/JJ student/NN in/IN speech/NN ./.,,
sw09utt/sw_0914_3448.utt,3/sw3448,3448,119,ba,A,74,1,"{F Oh, } wow! /","Oh/UH ,/, wow/UH !/.",,
sw09utt/sw_0914_3448.utt,3/sw3448,3448,120,b,B,75,1,"Yeah,  /","Yeah/UH ,/,",,
sw09utt/sw_0914_3448.utt,3/sw3448,3448,121,b^r,B,75,2,<laughter> yeah. /,yeah/UH ./.,,
sw09utt/sw_0914_3448.utt,3/sw3448,3448,122,ba,A,76,1,No way.  /,No/DT way/NN ./.,,
sw09utt/sw_0914_3448.utt,3/sw3448,3448,123,qw,A,76,2,How long have you been there? /,How/WRB long/JJ have/VBP you/PRP been/VBN there/RB ?/.,,
sw09utt/sw_0914_3448.utt,3/sw3448,3448,124,sd,B,77,1,"{F Uh, } this is my first semester. /","Uh/UH ,/, this/DT is/VBZ my/PRP$ first/JJ semester/NN ./.",,
sw09utt/sw_0914_3448.utt,3/sw3448,3448,125,bk,A,78,1,"{F Oh, } okay,  /","Oh/UH ,/, okay/UH ,/,",,
sw09utt/sw_0914_3448.utt,3/sw3448,3448,126,qy^d,A,78,2,so you wouldn't know him. /,so/RB you/PRP would/MD n't/RB know/VB him/PRP ./.,,
sw09utt/sw_0914_3448.utt,3/sw3448,3448,127,ny,B,79,1,Yeah.  /,Yeah/UH ./.,,
sw09utt/sw_0914_3448.utt,3/sw3448,3448,128,qw,B,79,2,"[ [ [ [ [ Who, +","Who/WP ,/,",,
sw09utt/sw_0914_3448.utt,3/sw3448,3448,129,sd,A,80,1,"[ He, +","He/PRP ,/,",,
sw09utt/sw_0914_3448.utt,3/sw3448,3448,130,+,B,81,1,"Who, ] + who, ] + who, ] + what, ] + when ] did he teach? /","Who/WP ,/, who/WP ,/, who/WP ,/, what/WP ,/, when/WRB did/VBD he/PRP teach/VB ?/.",,
sw09utt/sw_0914_3448.utt,3/sw3448,3448,131,+,A,82,1,"{F Uh, } he ] taught about a year ago.  /","Uh/UH ,/, he/PRP taught/VBD about/RB a/DT year/NN ago/RB ./.",,
sw09utt/sw_0914_3448.utt,3/sw3448,3448,132,sd,A,82,2,"He used to work at, {F uh, } {F uh, } University of Texas at D-, - /","He/PRP used/VBD to/TO work/VB at/IN ,/, uh/UH ,/, uh/UH ,/, University/NNP of/IN Texas/NNP at/IN D-/NNP ,/,",,
sw09utt/sw_0914_3448.utt,3/sw3448,3448,133,%,A,82,3,"what, - /","what/WP ,/,",,
sw09utt/sw_0914_3448.utt,3/sw3448,3448,134,ar,A,82,4,"no,  /","no/UH ,/,",,
sw09utt/sw_0914_3448.utt,3/sw3448,3448,135,fe,A,82,5,"{F uh, } {F oh, } shoot,  /","uh/UH ,/, oh/UH ,/, shoot/VB ,/,",,
sw09utt/sw_0914_3448.utt,3/sw3448,3448,136,sd,A,82,6,"I can't remember what it's even called now,  /","I/PRP ca/MD n't/RB remember/VB what/WP it/PRP 's/BES even/RB called/VBN now/RB ,/,",,
sw09utt/sw_0914_3448.utt,3/sw3448,3448,137,sd,A,82,7,"{C but, } {F uh, } he worked there for like fifteen years and then part time U T D at night. /","but/CC ,/, uh/UH ,/, he/PRP worked/VBD there/RB for/IN like/IN fifteen/CD years/NNS and/CC then/RB part/GW time/^RB U/NNP T/NNP D/NNP at/IN night/NN ./.",,
sw09utt/sw_0914_3448.utt,3/sw3448,3448,138,b,B,83,1,"{F Oh, } yeah. /","Oh/UH ,/, yeah/UH ./.",,
sw09utt/sw_0914_3448.utt,3/sw3448,3448,139,sd,A,84,1,"[ {C And, } + {C and then } ] they stopped funding the program there.","And/CC ,/, and/CC then/RB they/PRP stopped/VBD funding/VBG the/DT program/NN there/RB ./.",,
sw09utt/sw_0914_3448.utt,3/sw3448,3448,140,b,B,85,1,Uh-huh. /,Uh-huh/UH ./.,,
sw09utt/sw_0914_3448.utt,3/sw3448,3448,141,+,A,86,1,"{F Uh, }  /","Uh/UH ,/,",,
sw09utt/sw_0914_3448.utt,3/sw3448,3448,142,sd,A,86,2,{C and so } now he's at Texas Women's University. /,and/CC so/RB now/RB he/PRP 's/BES at/IN Texas/NNP Women/NNP 's/POS University/NNP ./.,,
sw09utt/sw_0914_3448.utt,3/sw3448,3448,143,bh,B,87,1,"{F Oh, } really? /","Oh/UH ,/, really/UH ?/.",,
sw09utt/sw_0914_3448.utt,3/sw3448,3448,144,ny,A,88,1,Yeah. /,Yeah/UH ./.,,
sw09utt/sw_0914_3448.utt,3/sw3448,3448,145,qy,B,89,1,"{F Oh, } is he teaching speech pathology there? /","Oh/UH ,/, is/VBZ he/PRP teaching/VBG speech/NN pathology/NN there/RB ?/.",,
sw09utt/sw_0914_3448.utt,3/sw3448,3448,146,ny,A,90,1,Uh-huh. /,Uh-huh/UH ./.,,
sw09utt/sw_0914_3448.utt,3/sw3448,3448,147,bk,B,91,1,"Okay,  /","Okay/UH ,/,",,
sw09utt/sw_0914_3448.utt,3/sw3448,3448,148,qw,B,91,2,what's his name? /,what/WP 's/BES his/PRP$ name/NN ?/.,,
sw09utt/sw_0914_3448.utt,3/sw3448,3448,149,sd,A,92,1,Allen Bird. /,Allen/NNP Bird/NNP ./.,,
sw09utt/sw_0914_3448.utt,3/sw3448,3448,150,qy^m,B,93,1,Bird? /,Bird/NNP ?/.,,
sw09utt/sw_0914_3448.utt,3/sw3448,3448,151,ny,A,94,1,Uh-huh. /,Uh-huh/UH ./.,,
sw09utt/sw_0914_3448.utt,3/sw3448,3448,152,qy,B,95,1,B I R D? /,B/SYM I/SYM R/SYM D/SYM ?/.,,
sw09utt/sw_0914_3448.utt,3/sw3448,3448,153,na,A,96,1,Right. /,Right/UH ./.,,
sw09utt/sw_0914_3448.utt,3/sw3448,3448,154,b,B,97,1,"Yeah,  /","Yeah/UH ,/,",,
sw09utt/sw_0914_3448.utt,3/sw3448,3448,155,sd,B,97,2,"he published a paper, {F uh, } couple of years ago, I think, {A didn't he, } {D well, } one that I read.  /","he/PRP published/VBD a/DT paper/NN ,/, uh/UH ,/, couple/NN of/IN years/NNS ago/RB ,/, I/PRP think/VBP ,/, did/VBD n't/RB he/PRP ,/, well/UH ,/, one/CD that/WDT I/PRP read/VBD ./.",,
sw09utt/sw_0914_3448.utt,3/sw3448,3448,156,qy,B,97,3,"Does he publish [ a little, + quite a bit? ] /","Does/VBZ he/PRP publish/VB a/DT little/JJ ,/, quite/PDT a/DT bit/NN ?/.",,
sw09utt/sw_0914_3448.utt,3/sw3448,3448,157,na,A,98,1,"{F Uh, } somewhat  /","Uh/UH ,/, somewhat/RB",,
sw09utt/sw_0914_3448.utt,3/sw3448,3448,158,sd,A,98,2,"{C and } [ he has, + he has ] some {D like } different programs out,  /","and/CC he/PRP has/VBZ ,/, he/PRP has/VBZ some/DT like/UH different/JJ programs/NNS out/RB ,/,",,
sw09utt/sw_0914_3448.utt,3/sw3448,3448,159,sd,A,98,3,"{D like } I don't know what they're called,  /","like/UH I/PRP do/VBP n't/RB know/VB what/WP they/PRP 're/VBP called/VBN ,/,",,
sw09utt/sw_0914_3448.utt,3/sw3448,3448,160,%,A,98,4,"{C but } they're {D like, } - /","but/CC they/PRP 're/VBP like/UH ,/,",,
sw09utt/sw_0914_3448.utt,3/sw3448,3448,161,sd,A,98,5,"{C and } he has {D like } little [ ani-, + stuffed animals ] with them and --","and/CC he/PRP has/VBZ like/UH little/JJ ani-/NNS ,/, stuffed/JJ animals/NNS with/IN them/PRP and/CC --/:",,
sw09utt/sw_0914_3448.utt,3/sw3448,3448,162,b,B,99,1,Uh-huh. /,Uh-huh/UH ./.,,
sw09utt/sw_0914_3448.utt,3/sw3448,3448,163,+,A,100,1,-- {D like } little cards and stuff.  /,--/: like/UH little/JJ cards/NNS and/CC stuff/NN ./.,,
sw09utt/sw_0914_3448.utt,3/sw3448,3448,164,%,A,100,2,"I don't know that, -/","I/PRP do/VBP n't/RB know/VB that/DT ,/,",,
sw09utt/sw_0914_3448.utt,3/sw3448,3448,165,b,B,101,1,"Yeah,  /","Yeah/UH ,/,",,
sw09utt/sw_0914_3448.utt,3/sw3448,3448,166,b,B,101,2,"okay,  /","okay/UH ,/,",,
sw09utt/sw_0914_3448.utt,3/sw3448,3448,167,b^r,B,101,3,"yeah,  /","yeah/UH ,/,",,
sw09utt/sw_0914_3448.utt,3/sw3448,3448,168,b^r,B,101,4,"yeah,  /","yeah/UH ,/,",,
sw09utt/sw_0914_3448.utt,3/sw3448,3448,169,sd,B,101,5,"[ he has a test, + he has [ a testing, + yeah,  /","he/PRP has/VBZ a/DT test/NN ,/, he/PRP has/VBZ a/DT testing/NN ,/, yeah/UH ,/,",,
sw09utt/sw_0914_3448.utt,3/sw3448,3448,170,sd,B,101,6,a testing  battery. ] ]  /,a/DT testing/NN battery/NN ./.,,
sw09utt/sw_0914_3448.utt,3/sw3448,3448,171,sd,B,101,7,"He uses real, - /","He/PRP uses/VBZ real/JJ ,/,",,
sw09utt/sw_0914_3448.utt,3/sw3448,3448,172,%,B,101,8,"yeah, /","yeah/UH ,/,",,
sw09utt/sw_0914_3448.utt,3/sw3448,3448,173,b,A,102,1,Right. /,Right/UH ./.,,
sw09utt/sw_0914_3448.utt,3/sw3448,3448,174,sd,B,103,1,"[ I re-, + I remember. ] /","I/PRP re/VBP ,/, I/PRP remember/VBP ./.",,
sw09utt/sw_0914_3448.utt,3/sw3448,3448,175,x,A,104,1,<Laughter>.,,,
sw09utt/sw_0914_3448.utt,3/sw3448,3448,176,b,B,105,1,"Yeah,  /","Yeah/UH ,/,",,
sw09utt/sw_0914_3448.utt,3/sw3448,3448,177,ba,B,105,2,"{D well, } that's interesting. /","well/UH ,/, that/DT 's/BES interesting/JJ ./.",,
sw09utt/sw_0914_3448.utt,3/sw3448,3448,178,b,A,106,1,Yeah. /,Yeah/UH ./.,,
sw09utt/sw_0914_3448.utt,3/sw3448,3448,179,qw,B,107,1,"{F Uh, } what are you studying? /","Uh/UH ,/, what/WP are/VBP you/PRP studying/VBG ?/.",,
sw09utt/sw_0914_3448.utt,3/sw3448,3448,180,sd,A,108,1,"{F Uh, } [ I was, + I am ] studying nursing  /","Uh/UH ,/, I/PRP was/VBD ,/, I/PRP am/VBP studying/VBG nursing/NN",,
sw09utt/sw_0914_3448.utt,3/sw3448,3448,181,sd,A,108,2,{C but } I'm thinking about changing right now <laughter>. /,but/CC I/PRP 'm/VBP thinking/VBG about/IN changing/VBG right/RB now/RB ./.,,
sw09utt/sw_0914_3448.utt,3/sw3448,3448,182,b,B,109,1,Uh-huh. /,Uh-huh/UH ./.,,
sw09utt/sw_0914_3448.utt,3/sw3448,3448,183,h,A,110,1,"[ I just, + I ] don't know,  /","I/PRP just/RB ,/, I/PRP do/VBP n't/RB know/VB ,/,",,
sw09utt/sw_0914_3448.utt,3/sw3448,3448,184,sd,A,110,2,{C and } it's really tough to get into the program down here  /,and/CC it/PRP 's/BES really/RB tough/JJ to/TO get/VB into/IN the/DT program/NN down/IN here/RB,,
sw09utt/sw_0914_3448.utt,3/sw3448,3448,185,sd,A,110,3,"{C so } [ if I don't do that, + if I decide to stay in nursing ] I'll probably come and go to T W U. /","so/RB if/IN I/PRP do/VBP n't/RB do/VB that/DT ,/, if/IN I/PRP decide/VBP to/TO stay/VB in/IN nursing/NN I/PRP 'll/MD probably/RB come/VB and/CC go/VB to/IN T/NNP W/NNP U/NNP ./.",,
sw09utt/sw_0914_3448.utt,3/sw3448,3448,186,bh,B,111,1,"{F Oh, } yeah? /","Oh/UH ,/, yeah/UH ?/.",,
sw09utt/sw_0914_3448.utt,3/sw3448,3448,187,ny^m,A,112,1,Yeah. /,Yeah/UH ./.,,
sw09utt/sw_0914_3448.utt,3/sw3448,3448,188,b^m,B,113,1,"Yeah,  /","Yeah/UH ,/,",,
sw09utt/sw_0914_3448.utt,3/sw3448,3448,189,sd,B,113,2,"I'm living in the T W U dorm across from Collier, {F uh, } /","I/PRP 'm/VBP living/VBG in/IN the/DT T/NNP W/NNP U/NNP dorm/NN across/IN from/IN Collier/NNP ,/, uh/UH ,/,",,
sw09utt/sw_0914_3448.utt,3/sw3448,3448,190,bh,A,114,1,"{F Oh, } really? /","Oh/UH ,/, really/UH ?/.",,
sw09utt/sw_0914_3448.utt,3/sw3448,3448,191,ny,B,115,1,Yeah  /,Yeah/UH,,
sw09utt/sw_0914_3448.utt,3/sw3448,3448,192,%,B,115,2,"{C and, } {F uh, } -/","and/CC ,/, uh/UH ,/,",,
sw09utt/sw_0914_3448.utt,3/sw3448,3448,193,sd,A,116,1,"My dad used to teach at Collier, too. /","My/PRP$ dad/NN used/VBD to/TO teach/VB at/IN Collier/NNP ,/, too/RB ./.",,
sw09utt/sw_0914_3448.utt,3/sw3448,3448,194,b,B,117,1,"Yeah,  /","Yeah/UH ,/,",,
sw09utt/sw_0914_3448.utt,3/sw3448,3448,195,b^r,B,117,2,"yeah,  /","yeah/UH ,/,",,
sw09utt/sw_0914_3448.utt,3/sw3448,3448,196,sd,B,117,3,"[ that's, + that's ] where the speech program is.  {F Uh, }  /","that/DT 's/BES ,/, that/DT 's/BES where/WRB the/DT speech/NN program/NN is/VBZ ./. Uh/UH ,/,",,
sw09utt/sw_0914_3448.utt,3/sw3448,3448,197,sd,B,117,4,I'm living in that dorm  /,I/PRP 'm/VBP living/VBG in/IN that/DT dorm/NN,,
sw09utt/sw_0914_3448.utt,3/sw3448,3448,198,sd,B,117,5,"{C and } there, all those nursing majors. - /","and/CC there/EX ,/, all/PDT those/DT nursing/NN majors/NNS ./.",,
sw09utt/sw_0914_3448.utt,3/sw3448,3448,199,^h,B,117,6,"[ I, + I ] tell you what,  /","I/PRP ,/, I/PRP tell/VBP you/PRP what/WP ,/,",,
sw09utt/sw_0914_3448.utt,3/sw3448,3448,200,sv,B,117,7,"[ [ that's, + that's a tough, ] + that's a tough, ] {F uh, } field, though. /","that/DT 's/BES ,/, that/DT 's/BES a/DT tough/JJ ,/, that/DT 's/BES a/DT tough/JJ ,/, uh/UH ,/, field/NN ,/, though/RB ./.",,
sw09utt/sw_0914_3448.utt,3/sw3448,3448,201,b,A,118,1,Yeah. /,Yeah/UH ./.,,
sw09utt/sw_0914_3448.utt,3/sw3448,3448,202,sv,B,119,1,Nursing is.  /,Nursing/NNP is/VBZ ./.,,
sw09utt/sw_0914_3448.utt,3/sw3448,3448,203,sd,B,119,2,"[ I, + I ] have a lot of respect for those people.  /","I/PRP ,/, I/PRP have/VBP a/DT lot/NN of/IN respect/NN for/IN those/DT people/NNS ./.",,
sw09utt/sw_0914_3448.utt,3/sw3448,3448,204,sv,B,119,3,"{E I mean, } they've spent a lot of hours studying <laughter>. /","I/PRP mean/VBP ,/, they/PRP 've/VBP spent/VBN a/DT lot/NN of/IN hours/NNS studying/VBG ./.",,
sw09utt/sw_0914_3448.utt,3/sw3448,3448,205,b,A,120,1,Uh-huh. /,Uh-huh/UH ./.,,
sw09utt/sw_0914_3448.utt,3/sw3448,3448,206,qy,B,121,1,"{D So, } you're at Baylor? /","So/UH ,/, you/PRP 're/VBP at/IN Baylor/NNP ?/.",,
sw09utt/sw_0914_3448.utt,3/sw3448,3448,207,nn,A,122,1,"No,  /","No/UH ,/,",,
sw09utt/sw_0914_3448.utt,3/sw3448,3448,208,sd^e,A,122,2,"I'm at B Y U, in Utah <laughter>. /","I/PRP 'm/VBP at/IN B/NNP Y/NNP U/NNP ,/, in/IN Utah/NNP ./.",,
sw09utt/sw_0914_3448.utt,3/sw3448,3448,209,bk,B,123,1,"{F Oh, } okay. /","Oh/UH ,/, okay/UH ./.",,
sw09utt/sw_0914_3448.utt,3/sw3448,3448,210,b,A,124,1,Yeah. /,Yeah/UH ./.,,
sw09utt/sw_0914_3448.utt,3/sw3448,3448,211,qy^d,B,125,1,Brigham Young. /,Brigham/NNP Young/NNP ./.,,
sw09utt/sw_0914_3448.utt,3/sw3448,3448,212,ny,A,126,1,Yeah. /,Yeah/UH ./.,,
sw09utt/sw_0914_3448.utt,3/sw3448,3448,213,bk,B,127,1,"I see,  /","I/PRP see/VBP ,/,",,
sw09utt/sw_0914_3448.utt,3/sw3448,3448,214,bk,B,127,2,all right. /,all/RB right/JJ ./.,,
sw09utt/sw_0914_3448.utt,3/sw3448,3448,215,sd,A,128,1,"[ {C So, } + {C but, } ] I get to come home [ at, + on ] the nineteenth  /","So/RB ,/, but/CC ,/, I/PRP get/VBP to/TO come/VB home/RB at/IN ,/, on/IN the/DT nineteenth/JJ",,
sw09utt/sw_0914_3448.utt,3/sw3448,3448,216,sd,A,128,2,{C and } I'm so excited <laughter>. /,and/CC I/PRP 'm/VBP so/RB excited/JJ ./.,,
sw09utt/sw_0914_3448.utt,3/sw3448,3448,217,bh,B,129,1,"{F Oh, } really? /","Oh/UH ,/, really/UH ?/.",,
sw09utt/sw_0914_3448.utt,3/sw3448,3448,218,sd,A,130,1,I'm so homesick. /,I/PRP 'm/VBP so/RB homesick/JJ ./.,,
sw09utt/sw_0914_3448.utt,3/sw3448,3448,219,qy,B,131,1,"<Laughter> Do you like S-, - /","Do/VBP you/PRP like/VB S-/NNP ,/,",,
sw09utt/sw_0914_3448.utt,3/sw3448,3448,220,qy^g,B,131,2,"it's in Salt Lake City, right? /","it/PRP 's/BES in/IN Salt/NNP Lake/NNP City/NNP ,/, right/JJ ?/.",,
sw09utt/sw_0914_3448.utt,3/sw3448,3448,221,nd,A,132,1,It's in Provo --,It/PRP 's/BES in/IN Provo/NNP --/:,,
sw09utt/sw_0914_3448.utt,3/sw3448,3448,222,bh,B,133,1,"{F Oh, } is it? /","Oh/UH ,/, is/VBZ it/PRP ?/.",,
sw09utt/sw_0914_3448.utt,3/sw3448,3448,223,+,A,134,1,-- {D actually. }  /,--/: actually/UH ./.,,
sw09utt/sw_0914_3448.utt,3/sw3448,3448,224,ny,A,134,2,"{C But } yeah,  /","But/CC yeah/UH ,/,",,
sw09utt/sw_0914_3448.utt,3/sw3448,3448,225,sd^e,A,134,3,"[ I really, + I really ] like it out here. /","I/PRP really/RB ,/, I/PRP really/RB like/VBP it/PRP out/IN here/RB ./.",,
sw09utt/sw_0914_3448.utt,3/sw3448,3448,226,bh,B,135,1,Do you? /,Do/VBP you/PRP ?/.,,
sw09utt/sw_0914_3448.utt,3/sw3448,3448,227,sd,A,136,1,"{C But, } [ [ I've been, + I, ] + I've been ] away too long. /","But/CC ,/, I/PRP 've/VBP been/VBN ,/, I/PRP ,/, I/PRP 've/VBP been/VBN away/RB too/RB long/JJ ./.",,
sw09utt/sw_0914_3448.utt,3/sw3448,3448,228,b,B,137,1,Uh-huh.  /,Uh-huh/UH ./.,,
sw09utt/sw_0914_3448.utt,3/sw3448,3448,229,sd,B,137,2,"I'm from Colorado,  /","I/PRP 'm/VBP from/IN Colorado/NNP ,/,",,
sw09utt/sw_0914_3448.utt,3/sw3448,3448,230,sd,B,137,3,"{C so } [ I, + I've ] been away from there too long <laughter>. /","so/RB I/PRP ,/, I/PRP 've/VBP been/VBN away/RB from/IN there/RB too/RB long/JJ ./.",,
sw09utt/sw_0914_3448.utt,3/sw3448,3448,231,%,A,138,1,"{F Uh, } [ how, + how, ] -/","Uh/UH ,/, how/WRB ,/, how/WRB ,/,",,
