swda_filename,ptb_basename,conversation_no,transcript_index,act_tag,caller,utterance_index,subutterance_index,text,pos,trees,ptb_treenumbers
sw09utt/sw_0941_3014.utt,3/sw3014,3014,0,qy^t,A,1,1,Are you ready to start? /,Are/VBP you/PRP ready/JJ to/TO start/VB ?/.,,
sw09utt/sw_0941_3014.utt,3/sw3014,3014,1,ny,B,2,1,Yes. /,Yes/UH ./.,,
sw09utt/sw_0941_3014.utt,3/sw3014,3014,2,bk,A,3,1,Okay <throat_clearing>. /,Okay/UH ./.,,
sw09utt/sw_0941_3014.utt,3/sw3014,3014,3,qy,B,4,1,Have you recently bought a new car Catherine? /,Have/VBP you/PRP recently/RB bought/VBN a/DT new/JJ car/NN Catherine/NNP ?/.,,
sw09utt/sw_0941_3014.utt,3/sw3014,3014,4,nd,A,5,1,"{D Well, } I just found out that my car <<talks like an old woman>> was thirty months old,  /","Well/UH ,/, I/PRP just/RB found/VBD out/RP that/IN my/PRP$ car/NN was/VBD thirty/CD months/NNS old/JJ ,/,",,
sw09utt/sw_0941_3014.utt,3/sw3014,3014,5,sd,A,5,2,{C and } it doesn't <laughter> seem like it's that old. /,and/CC it/PRP does/VBZ n't/RB seem/VB like/IN it/PRP 's/BES that/RB old/JJ ./.,,
sw09utt/sw_0941_3014.utt,3/sw3014,3014,6,bk,B,6,1,Oh. /,Oh/UH ./.,,
sw09utt/sw_0941_3014.utt,3/sw3014,3014,7,sd,A,7,1,Seems like I just bought it. /,Seems/VBZ like/IN I/PRP just/RB bought/VBD it/PRP ./.,,
sw09utt/sw_0941_3014.utt,3/sw3014,3014,8,ba,B,8,1,"{F Oh, } wow. /","Oh/UH ,/, wow/UH ./.",,
sw09utt/sw_0941_3014.utt,3/sw3014,3014,9,sd,A,9,1,It's an eighty-nine  /,It/PRP 's/BES an/DT eighty-nine/CD,,
sw09utt/sw_0941_3014.utt,3/sw3014,3014,10,sd,A,9,2,"{C and } I bought it, {F uh, } in, {F uh, } eighty-eight  /","and/CC I/PRP bought/VBD it/PRP ,/, uh/UH ,/, in/IN ,/, uh/UH ,/, eighty-eight/CD",,
sw09utt/sw_0941_3014.utt,3/sw3014,3014,11,%,A,9,3,"{C so, } yeah. /","so/RB ,/, yeah/UH ./.",,
sw09utt/sw_0941_3014.utt,3/sw3014,3014,12,sd,B,10,1,"{D Well, } [ [ I really, + I-, ] + the ] last car we got [ was a, + was a ] used car.  /","Well/UH ,/, I/PRP really/RB ,/, I-/XX ,/, the/DT last/JJ car/NN we/PRP got/VBD was/VBD a/DT ,/, was/VBD a/DT used/JJ car/NN ./.",,
sw09utt/sw_0941_3014.utt,3/sw3014,3014,13,sd,B,10,2,I really don't prefer buying a new car.  /,I/PRP really/RB do/VBP n't/RB prefer/VB buying/VBG a/DT new/JJ car/NN ./.,,
sw09utt/sw_0941_3014.utt,3/sw3014,3014,14,sd,B,10,3,I like to let somebody else pay for that <laughter>. /,I/PRP like/VBP to/TO let/VB somebody/NN else/RB pay/VB for/IN that/DT ./.,,
sw09utt/sw_0941_3014.utt,3/sw3014,3014,15,aa,A,11,1,"I know,  /","I/PRP know/VBP ,/,",,
sw09utt/sw_0941_3014.utt,3/sw3014,3014,16,sd,A,11,2,"I really will do that the next time,","I/PRP really/RB will/MD do/VB that/DT the/DT next/JJ time/NN ,/,",,
sw09utt/sw_0941_3014.utt,3/sw3014,3014,17,sd,B,12,1,"{C But, } {F uh } --","But/CC ,/, uh/UH --/:",,
sw09utt/sw_0941_3014.utt,3/sw3014,3014,18,+,A,13,1,I buy it too. /,I/PRP buy/VBP it/PRP too/RB ./.,,
sw09utt/sw_0941_3014.utt,3/sw3014,3014,19,+,B,14,1,"-- mine was a year old, /","--/: mine/PRP was/VBD a/DT year/NN old/JJ ,/,",,
sw09utt/sw_0941_3014.utt,3/sw3014,3014,20,b,A,15,1,Uh-huh. /,Uh-huh/UH ./.,,
sw09utt/sw_0941_3014.utt,3/sw3014,3014,21,sd,B,16,1,"{C and } we bought it for very functional purposes, /","and/CC we/PRP bought/VBD it/PRP for/IN very/RB functional/JJ purposes/NNS ,/,",,
sw09utt/sw_0941_3014.utt,3/sw3014,3014,22,b,A,17,1,Uh-huh. /,Uh-huh/UH ./.,,
sw09utt/sw_0941_3014.utt,3/sw3014,3014,23,sd,B,18,1,{C and } [ that was + ] we bought a station wagon.  /,and/CC that/DT was/VBD we/PRP bought/VBD a/DT station/NN wagon/NN ./.,,
sw09utt/sw_0941_3014.utt,3/sw3014,3014,24,sd,B,18,2,We wanted an economical car --,We/PRP wanted/VBD an/DT economical/JJ car/NN --/:,,
sw09utt/sw_0941_3014.utt,3/sw3014,3014,25,b,A,19,1,Uh-huh. /,Uh-huh/UH ./.,,
sw09utt/sw_0941_3014.utt,3/sw3014,3014,26,+,B,20,1,"-- to operate,  /","--/: to/TO operate/VB ,/,",,
sw09utt/sw_0941_3014.utt,3/sw3014,3014,27,sd,B,20,2,{C but } we wanted one that could carry a lot of equipment.  /,but/CC we/PRP wanted/VBD one/CD that/WDT could/MD carry/VB a/DT lot/NN of/IN equipment/NN ./.,,
sw09utt/sw_0941_3014.utt,3/sw3014,3014,28,sd,B,20,3,"{C So, } we chose a Nissan Stanza wagon. /","So/RB ,/, we/PRP chose/VBD a/DT Nissan/NNP Stanza/NNP wagon/NN ./.",,
sw09utt/sw_0941_3014.utt,3/sw3014,3014,29,b,A,21,1,Uh-huh. /,Uh-huh/UH ./.,,
sw09utt/sw_0941_3014.utt,3/sw3014,3014,30,sd,B,22,1,"{C And } I've never been sorry, /","And/CC I/PRP 've/VBP never/RB been/VBN sorry/JJ ,/,",,
sw09utt/sw_0941_3014.utt,3/sw3014,3014,31,ba,A,23,1,"{F Oh, } that's wonderful. /","Oh/UH ,/, that/DT 's/BES wonderful/JJ ./.",,
sw09utt/sw_0941_3014.utt,3/sw3014,3014,32,sd,B,24,1,however the need for that --,however/RB the/DT need/NN for/IN that/DT --/:,,
sw09utt/sw_0941_3014.utt,3/sw3014,3014,33,b,A,25,1,Uh-huh. /,Uh-huh/UH ./.,,
sw09utt/sw_0941_3014.utt,3/sw3014,3014,34,+,B,26,1,"-- kind of car has changed now, /","--/: kind/NN of/IN car/NN has/VBZ changed/VBN now/RB ,/,",,
sw09utt/sw_0941_3014.utt,3/sw3014,3014,35,b,A,27,1,"{F Oh, } okay. /","Oh/UH ,/, okay/UH ./.",,
sw09utt/sw_0941_3014.utt,3/sw3014,3014,36,sd,B,28,1,"{C and, } {F uh, } while it is still good,","and/CC ,/, uh/UH ,/, while/IN it/PRP is/VBZ still/RB good/JJ ,/,",,
sw09utt/sw_0941_3014.utt,3/sw3014,3014,37,b,A,29,1,Uh-huh. /,Uh-huh/UH ./.,,
sw09utt/sw_0941_3014.utt,3/sw3014,3014,38,+,B,30,1,"and it's quite serviceable,","and/CC it/PRP 's/BES quite/RB serviceable/JJ ,/,",,
sw09utt/sw_0941_3014.utt,3/sw3014,3014,39,b,A,31,1,{F Huh. } /,Huh/UH ./.,,
sw09utt/sw_0941_3014.utt,3/sw3014,3014,40,+,B,32,1,and I'll drive it until it no longer is reliable. /,and/CC I/PRP 'll/MD drive/VB it/PRP until/IN it/PRP no/RB longer/RB is/VBZ reliable/JJ ./.,,
sw09utt/sw_0941_3014.utt,3/sw3014,3014,41,x,A,33,1,<Laughter>.,,,
sw09utt/sw_0941_3014.utt,3/sw3014,3014,42,sd,B,34,1,And probably then some <laughter>. /,And/CC probably/RB then/RB some/DT ./.,,
sw09utt/sw_0941_3014.utt,3/sw3014,3014,43,x,A,35,1,<Laughter>.,,,
sw09utt/sw_0941_3014.utt,3/sw3014,3014,44,sd,B,36,1,I'll spend a lot of time praying over it before I give it up. /,I/PRP 'll/MD spend/VB a/DT lot/NN of/IN time/NN praying/VBG over/IN it/PRP before/IN I/PRP give/VBP it/PRP up/RP ./.,,
sw09utt/sw_0941_3014.utt,3/sw3014,3014,45,b,A,37,1,Sure. /,Sure/UH ./.,,
sw09utt/sw_0941_3014.utt,3/sw3014,3014,46,sd,B,38,1,"I think that I would like to, - /","I/PRP think/VBP that/IN I/PRP would/MD like/VB to/TO ,/,",,
sw09utt/sw_0941_3014.utt,3/sw3014,3014,47,sd,B,38,2,"[ if I-, + {D you know, } we all say, if I ] could have the car I always wanted --","if/IN I-/PRP ,/, you/PRP know/VBP ,/, we/PRP all/DT say/VBP ,/, if/IN I/PRP could/MD have/VB the/DT car/NN I/PRP always/RB wanted/VBD --/:",,
sw09utt/sw_0941_3014.utt,3/sw3014,3014,48,b,A,39,1,Right. /,Right/UH ./.,,
sw09utt/sw_0941_3014.utt,3/sw3014,3014,49,+,B,40,1,"-- I would {C either } buy a Nissan Maxima, {F uh, } - /","--/: I/PRP would/MD either/CC buy/VBP a/DT Nissan/NNP Maxima/NNP ,/, uh/UH ,/,",,
sw09utt/sw_0941_3014.utt,3/sw3014,3014,50,sd,B,40,2,I'm sold on Nissans. /,I/PRP 'm/VBP sold/VBN on/IN Nissans/NNPS ./.,,
sw09utt/sw_0941_3014.utt,3/sw3014,3014,51,b,A,41,1,Uh-huh. /,Uh-huh/UH ./.,,
sw09utt/sw_0941_3014.utt,3/sw3014,3014,52,sd,B,42,1,"[ I + a + ] [ or, + or ] foreign cars {D actually. }  /","I/PRP a/DT or/CC ,/, or/CC foreign/JJ cars/NNS actually/UH ./.",,
sw09utt/sw_0941_3014.utt,3/sw3014,3014,53,%,B,42,2,"{F Uh, } /","Uh/UH ,/,",,
sw09utt/sw_0941_3014.utt,3/sw3014,3014,54,qy,A,43,1,"{C But } do you feel though, {F uh, } craftsmanship is much superior to the American abilities? /","But/CC do/VBP you/PRP feel/VB though/RB ,/, uh/UH ,/, craftsmanship/NN is/VBZ much/RB superior/JJ to/IN the/DT American/JJ abilities/NNS ?/.",,
sw09utt/sw_0941_3014.utt,3/sw3014,3014,55,^h,B,44,1,"{F Uh, } /","Uh/UH ,/,",,
sw09utt/sw_0941_3014.utt,3/sw3014,3014,56,qy,A,45,1,"Is that how you, - /","Is/VBZ that/DT how/WRB you/PRP ,/,",,
sw09utt/sw_0941_3014.utt,3/sw3014,3014,57,%,A,45,2,"I have never, -/","I/PRP have/VBP never/RB ,/,",,
sw09utt/sw_0941_3014.utt,3/sw3014,3014,58,qy^h,B,46,1,its reliability. /,its/PRP$ reliability/NN ./.,,
sw09utt/sw_0941_3014.utt,3/sw3014,3014,59,%,A,47,1,"Its re-, -/","Its/PRP$ re-/NN ,/,",,
sw09utt/sw_0941_3014.utt,3/sw3014,3014,60,sd^r,B,48,1,Its reliability.  /,Its/PRP$ reliability/NN ./.,,
sw09utt/sw_0941_3014.utt,3/sw3014,3014,61,sd,B,48,2,"{C And, } {F uh, } [ I, + {D you know, } I've ] read all the CONSUMER REPORTS and things,  /","And/CC ,/, uh/UH ,/, I/PRP ,/, you/PRP know/VBP ,/, I/PRP 've/VBP read/VBN all/PDT the/DT CONSUMER/NNP REPORTS/NNP and/CC things/NNS ,/,",,
sw09utt/sw_0941_3014.utt,3/sw3014,3014,62,sd,B,48,3,{C and } they just run head and shoulders above the American made cars.  /,and/CC they/PRP just/RB run/VBP head/NN and/CC shoulders/NNS above/IN the/DT American/NN made/VBN cars/NNS ./.,,
sw09utt/sw_0941_3014.utt,3/sw3014,3014,63,sd,B,48,4,"If Ford was a head and the shoulders above it, I'd buy a Ford. /","If/IN Ford/NNP was/VBD a/DT head/NN and/CC the/DT shoulders/NNS above/IN it/PRP ,/, I/PRP 'd/MD buy/VB a/DT Ford/NNP ./.",,
sw09utt/sw_0941_3014.utt,3/sw3014,3014,64,bh,A,49,1,Isn't that a shame. /,Is/VBZ n't/RB that/DT a/DT shame/NN ./.,,
sw09utt/sw_0941_3014.utt,3/sw3014,3014,65,sd,B,50,1,"{C But } I [ had, + {F uh, } had ] a Ford Escort that absolutely needed  (( taps ))  the day we got it. /","But/CC I/PRP had/VBD ,/, uh/UH ,/, had/VBD a/DT Ford/NNP Escort/NNP that/WDT absolutely/RB needed/VBD taps/NNS the/DT day/NN we/PRP got/VBD it/PRP ./.",,
sw09utt/sw_0941_3014.utt,3/sw3014,3014,66,bh,A,51,1,My word isn't that sorry.  /,My/PRP$ word/NN is/VBZ n't/RB that/DT sorry/JJ ./.,,
sw09utt/sw_0941_3014.utt,3/sw3014,3014,67,ba,A,51,2,That's sorry. /,That/DT 's/BES sorry/JJ ./.,,
sw09utt/sw_0941_3014.utt,3/sw3014,3014,68,sd,B,52,1,"{F Uh, } {D you know, } I mean it was ready for the graveyard. /","Uh/UH ,/, you/PRP know/VBP ,/, I/PRP mean/VBP it/PRP was/VBD ready/JJ for/IN the/DT graveyard/NN ./.",,
sw09utt/sw_0941_3014.utt,3/sw3014,3014,69,ba,A,53,1,My word. /,My/PRP$ word/NN ./.,,
sw09utt/sw_0941_3014.utt,3/sw3014,3014,70,sd,B,54,1,{C And } I spent as much on that car in twelve months as I spent for the car. /,And/CC I/PRP spent/VBD as/RB much/JJ on/IN that/DT car/NN in/IN twelve/CD months/NNS as/IN I/PRP spent/VBD for/IN the/DT car/NN ./.,,
sw09utt/sw_0941_3014.utt,3/sw3014,3014,71,ba,A,55,1,"{F Oh, } mercy. /","Oh/UH ,/, mercy/NN ./.",,
sw09utt/sw_0941_3014.utt,3/sw3014,3014,72,%,B,56,1,"{D So, } -/","So/UH ,/,",,
sw09utt/sw_0941_3014.utt,3/sw3014,3014,73,%,A,57,1,"You, -/","You/PRP ,/,",,
sw09utt/sw_0941_3014.utt,3/sw3014,3014,74,sd,B,58,1,"{C and } that was just trying to hold us,  /","and/CC that/DT was/VBD just/RB trying/VBG to/TO hold/VB us/PRP ,/,",,
sw09utt/sw_0941_3014.utt,3/sw3014,3014,75,sd,B,58,2,getting out of that was a used car. /,getting/VBG out/IN of/IN that/DT was/VBD a/DT used/JJ car/NN ./.,,
sw09utt/sw_0941_3014.utt,3/sw3014,3014,76,b,A,59,1,{F Huh. } /,Huh/UH ./.,,
sw09utt/sw_0941_3014.utt,3/sw3014,3014,77,sd,B,60,1,"{C And } it was an older car, /","And/CC it/PRP was/VBD an/DT older/JJR car/NN ,/,",,
sw09utt/sw_0941_3014.utt,3/sw3014,3014,78,b,A,61,1,{F Huh. } /,Huh/UH ./.,,
sw09utt/sw_0941_3014.utt,3/sw3014,3014,79,sv,B,62,1,"{C but, } {D you know, } Escort is supposed to have a great track record --","but/CC ,/, you/PRP know/VBP ,/, Escort/NNP is/VBZ supposed/VBN to/TO have/VB a/DT great/JJ track/NN record/NN --/:",,
sw09utt/sw_0941_3014.utt,3/sw3014,3014,80,b,A,63,1,{F Huh. } /,Huh/UH ./.,,
sw09utt/sw_0941_3014.utt,3/sw3014,3014,81,+,B,64,1,-- as far as sales. /,--/: as/RB far/RB as/IN sales/NNS ./.,,
sw09utt/sw_0941_3014.utt,3/sw3014,3014,82,b,A,65,1,Uh-huh. /,Uh-huh/UH ./.,,
sw09utt/sw_0941_3014.utt,3/sw3014,3014,83,sd,B,66,1,"{C But } [ it's just, + it just was ] not deliv-, - /","But/CC it/PRP 's/BES just/RB ,/, it/PRP just/RB was/VBD not/RB deliv-/XX ,/,",,
sw09utt/sw_0941_3014.utt,3/sw3014,3014,84,sv,B,66,2,"{C and } you get stung a time or two, /","and/CC you/PRP get/VBP stung/VBN a/DT time/NN or/CC two/CD ,/,",,
sw09utt/sw_0941_3014.utt,3/sw3014,3014,85,aa,A,67,1,Sure. /,Sure/UH ./.,,
sw09utt/sw_0941_3014.utt,3/sw3014,3014,86,sv(^q),B,68,1,"{C and } you say, no thanks. /","and/CC you/PRP say/VBP ,/, no/UH thanks/NNS ./.",,
sw09utt/sw_0941_3014.utt,3/sw3014,3014,87,b^m,A,69,1,No thanks.  /,No/UH thanks/NNS ./.,,
sw09utt/sw_0941_3014.utt,3/sw3014,3014,88,aa,A,69,2,That's right. /,That/DT 's/BES right/JJ ./.,,
sw09utt/sw_0941_3014.utt,3/sw3014,3014,89,sd,B,70,1,"{C So, } I just trusted the CONSUMER REPORTS and the auto,","So/RB ,/, I/PRP just/RB trusted/VBD the/DT CONSUMER/NNP REPORTS/NNP and/CC the/DT auto/NN ,/,",,
sw09utt/sw_0941_3014.utt,3/sw3014,3014,90,b,A,71,1,"Uh-huh,  /","Uh-huh/UH ,/,",,
sw09utt/sw_0941_3014.utt,3/sw3014,3014,91,b^r,A,71,2,uh-huh. /,uh-huh/UH ./.,,
sw09utt/sw_0941_3014.utt,3/sw3014,3014,92,+,B,72,1,"{F uh, } reports inst-, - /","uh/UH ,/, reports/NNS inst-/XX ,/,",,
sw09utt/sw_0941_3014.utt,3/sw3014,3014,93,sd,B,72,2,"had my son who knows a lot about that, study them thoroughly,  /","had/VBD my/PRP$ son/NN who/WP knows/VBZ a/DT lot/NN about/IN that/DT ,/, study/VB them/PRP thoroughly/RB ,/,",,
sw09utt/sw_0941_3014.utt,3/sw3014,3014,94,sd,B,72,3,{C and } he gave me four choices of cars to buy <laughter>. /,and/CC he/PRP gave/VBD me/PRP four/CD choices/NNS of/IN cars/NNS to/TO buy/VB ./.,,
sw09utt/sw_0941_3014.utt,3/sw3014,3014,95,b,A,73,1,Uh-huh. /,Uh-huh/UH ./.,,
sw09utt/sw_0941_3014.utt,3/sw3014,3014,96,sd,B,74,1,An Escort definitely was not among them.  /,An/DT Escort/NNP definitely/RB was/VBD not/RB among/IN them/PRP ./.,,
sw09utt/sw_0941_3014.utt,3/sw3014,3014,97,sd,B,74,2,"In fact, there wasn't an American car in there. /","In/IN fact/NN ,/, there/EX was/VBD n't/RB an/DT American/JJ car/NN in/IN there/RB ./.",,
sw09utt/sw_0941_3014.utt,3/sw3014,3014,98,ba,A,75,1,Wow. /,Wow/UH ./.,,
sw09utt/sw_0941_3014.utt,3/sw3014,3014,99,sd,B,76,1,"{F Uh, } the Nissan came  /","Uh/UH ,/, the/DT Nissan/NNP came/VBD",,
sw09utt/sw_0941_3014.utt,3/sw3014,3014,100,sd,B,76,2,"[ {C and, } + {C and } ] we bought the Nissan for functional purposes not what the CONSUMER REPORTS said we should get. /","and/CC ,/, and/CC we/PRP bought/VBD the/DT Nissan/NNP for/IN functional/JJ purposes/NNS not/RB what/WP the/DT CONSUMER/NNP REPORTS/NNP said/VBD we/PRP should/MD get/VB ./.",,
sw09utt/sw_0941_3014.utt,3/sw3014,3014,101,b,A,77,1,Uh-huh. /,Uh-huh/UH ./.,,
sw09utt/sw_0941_3014.utt,3/sw3014,3014,102,sd,B,78,1,{C But } it served our needs.  /,But/CC it/PRP served/VBD our/PRP$ needs/NNS ./.,,
sw09utt/sw_0941_3014.utt,3/sw3014,3014,103,sd,B,78,2,"{F Uh, } later on [ his reports, + the reports ] that he studied showed that, {F uh, } Nissan was head and shoulders above the rest [ in the area-, + in the class ] that we were looking for.  /","Uh/UH ,/, later/RB on/RP his/PRP$ reports/NNS ,/, the/DT reports/NNS that/WDT he/PRP studied/VBD showed/VBD that/IN ,/, uh/UH ,/, Nissan/NNP was/VBD head/NN and/CC shoulders/NNS above/IN the/DT rest/NN in/IN the/DT area-/NN ,/, in/IN the/DT class/NN  that/WDT we/PRP were/VBD looking/VBG for/IN ./.",,
sw09utt/sw_0941_3014.utt,3/sw3014,3014,104,sd,B,78,3,"[ {C And } that, + {C and } I'd ] rather have a Maxima than a Cadillac.  /","And/CC that/DT ,/, and/CC I/PRP 'd/MD rather/RB have/VB a/DT Maxima/NNP than/IN a/DT Cadillac/NNP ./.",,
sw09utt/sw_0941_3014.utt,3/sw3014,3014,105,sd,B,78,4,I really would.  /,I/PRP really/RB would/MD ./.,,
sw09utt/sw_0941_3014.utt,3/sw3014,3014,106,sv,B,78,5,"It's not necessarily prestige, /","It/PRP 's/BES not/RB necessarily/RB prestige/NN ,/,",,
sw09utt/sw_0941_3014.utt,3/sw3014,3014,107,b,A,79,1,Uh-huh. /,Uh-huh/UH ./.,,
sw09utt/sw_0941_3014.utt,3/sw3014,3014,108,sv,B,80,1,{C but } it's comfort.  /,but/CC it/PRP 's/BES comfort/NN ./.,,
sw09utt/sw_0941_3014.utt,3/sw3014,3014,109,sv,B,80,2,"{F Uh, } there's a lot of features on there that are desirable if you're going to pay that kind of money for a car.  /","Uh/UH ,/, there/EX 's/BES a/DT lot/NN of/IN features/NNS on/IN there/RB that/WDT are/VBP desirable/JJ if/IN you/PRP 're/VBP going/VBG to/TO pay/VB that/DT kind/NN of/IN money/NN for/IN a/DT car/NN ./.",,
sw09utt/sw_0941_3014.utt,3/sw3014,3014,110,%,B,80,3,"{F Uh, } /","Uh/UH ,/,",,
sw09utt/sw_0941_3014.utt,3/sw3014,3014,111,qw,A,81,1,Who makes that car? /,Who/WP makes/VBZ that/DT car/NN ?/.,,
sw09utt/sw_0941_3014.utt,3/sw3014,3014,112,sd,B,82,1,Nissan.  /,Nissan/NNP ./.,,
sw09utt/sw_0941_3014.utt,3/sw3014,3014,113,%,B,82,2,"M-, -/","M-/XX ,/,",,
sw09utt/sw_0941_3014.utt,3/sw3014,3014,114,qw,A,83,1,"{E I mean } {C but } [ where are they, +  where are they, ]  /","I/PRP mean/VBP but/CC where/WRB are/VBP they/PRP ,/, where/WRB are/VBP they/PRP ,/,",,
sw09utt/sw_0941_3014.utt,3/sw3014,3014,115,qw,A,83,2,"[ what, + what ] is their location,  /","what/WP ,/, what/WP is/VBZ their/PRP$ location/NN ,/,",,
sw09utt/sw_0941_3014.utt,3/sw3014,3014,116,qy,A,83,3,"is it, {F uh, } Asian  /","is/VBZ it/PRP ,/, uh/UH ,/, Asian/JJ",,
sw09utt/sw_0941_3014.utt,3/sw3014,3014,117,qrr,A,83,4,or is it European  /,or/CC is/VBZ it/PRP European/JJ,,
sw09utt/sw_0941_3014.utt,3/sw3014,3014,118,%,A,83,5,"{C or } who, -/","or/CC who/WP ,/,",,
sw09utt/sw_0941_3014.utt,3/sw3014,3014,119,nn,B,84,1,No.  /,No/UH ./.,,
sw09utt/sw_0941_3014.utt,3/sw3014,3014,120,nn^r,B,84,2,"No,  /","No/UH ,/,",,
sw09utt/sw_0941_3014.utt,3/sw3014,3014,121,nn^r,B,84,3,no.  /,no/UH ./.,,
sw09utt/sw_0941_3014.utt,3/sw3014,3014,122,sd^e,B,84,4,Nissan is Japanese. /,Nissan/NNP is/VBZ Japanese/JJ ./.,,
sw09utt/sw_0941_3014.utt,3/sw3014,3014,123,bh,A,85,1,"{F Oh, } it is Japanese. /","Oh/UH ,/, it/PRP is/VBZ Japanese/JJ ./.",,
sw09utt/sw_0941_3014.utt,3/sw3014,3014,124,ny,B,86,1,"Uh-huh,  /","Uh-huh/UH ,/,",,
sw09utt/sw_0941_3014.utt,3/sw3014,3014,125,ny^r,B,86,2,"uh-huh, /","uh-huh/UH ,/,",,
sw09utt/sw_0941_3014.utt,3/sw3014,3014,126,bk,A,87,1,"Okay, /","Okay/UH ,/,",,
sw09utt/sw_0941_3014.utt,3/sw3014,3014,127,b,B,88,1,uh-huh. /,uh-huh/UH ./.,,
sw09utt/sw_0941_3014.utt,3/sw3014,3014,128,sd,A,89,1,I didn't know. /,I/PRP did/VBD n't/RB know/VB ./.,,
sw09utt/sw_0941_3014.utt,3/sw3014,3014,129,b,B,90,1,Yeah.  /,Yeah/UH ./.,,
sw09utt/sw_0941_3014.utt,3/sw3014,3014,130,sd,B,90,2,"{C And, } {F uh, } if I couldn't have my luxury Maxima --","And/CC ,/, uh/UH ,/, if/IN I/PRP could/MD n't/RB have/VB my/PRP$ luxury/NN Maxima/NNP --/:",,
sw09utt/sw_0941_3014.utt,3/sw3014,3014,131,b,A,91,1,Uh-huh. /,Uh-huh/UH ./.,,
sw09utt/sw_0941_3014.utt,3/sw3014,3014,132,+,B,92,1,-- then I'd buy me a fancy little red  (( C R X ))  sports car <laughter>. /,--/: then/RB I/PRP 'd/MD buy/VB me/PRP a/DT fancy/JJ little/JJ red/JJ C/NNP R/NNP X/NNP sports/NNS car/NN ./.,,
sw09utt/sw_0941_3014.utt,3/sw3014,3014,133,b,A,93,1,<Laughter> Okay <laughter>. /,Okay/UH ./.,,
sw09utt/sw_0941_3014.utt,3/sw3014,3014,134,sv,B,94,1,"{E I mean, } {D you know, } [ every othe-, + every one ] of us have two sides <laughter>. /","I/PRP mean/VBP ,/, you/PRP know/VBP ,/, every/DT othe/JJ ,/, every/DT one/NN of/IN us/PRP have/VBP two/CD sides/NNS ./.",,
sw09utt/sw_0941_3014.utt,3/sw3014,3014,135,aa,A,95,1,"Yeah,  /","Yeah/UH ,/,",,
sw09utt/sw_0941_3014.utt,3/sw3014,3014,136,aa,A,95,2,I guess so  /,I/PRP guess/VBP so/RB,,
sw09utt/sw_0941_3014.utt,3/sw3014,3014,137,aa,A,95,3,that's true.  /,that/DT 's/BES true/JJ ./.,,
sw09utt/sw_0941_3014.utt,3/sw3014,3014,138,aa^r,A,95,4,# Yeah. # /,Yeah/UH ./.,,
sw09utt/sw_0941_3014.utt,3/sw3014,3014,139,b^m,B,96,1,# Yeah.  /,Yeah/UH ./.,,
sw09utt/sw_0941_3014.utt,3/sw3014,3014,140,qo,B,96,2,"# Now what about you,  /","Now/UH what/WP about/IN you/PRP ,/,",,
sw09utt/sw_0941_3014.utt,3/sw3014,3014,141,qw,B,96,3,if you could have the car that you wanted --,if/IN you/PRP could/MD have/VB the/DT car/NN that/WDT you/PRP wanted/VBD --/:,,
sw09utt/sw_0941_3014.utt,3/sw3014,3014,142,^h,A,97,1,"[ [ If, + if, ] +","If/IN ,/, if/IN ,/,",,
sw09utt/sw_0941_3014.utt,3/sw3014,3014,143,+,B,98,1,-- what would you get  /,--/: what/WP would/MD you/PRP get/VB,,
sw09utt/sw_0941_3014.utt,3/sw3014,3014,144,qw,B,98,2,{C and } why? /,and/CC why/WRB ?/.,,
sw09utt/sw_0941_3014.utt,3/sw3014,3014,145,+,A,99,1,if ] I had the car I wanted.  /,if/IN I/PRP had/VBD the/DT car/NN I/PRP wanted/VBD ./.,,
sw09utt/sw_0941_3014.utt,3/sw3014,3014,146,fe,A,99,2,Gee. /,Gee/UH ./.,,
sw09utt/sw_0941_3014.utt,3/sw3014,3014,147,b,B,100,1,Uh-huh. /,Uh-huh/UH ./.,,
sw09utt/sw_0941_3014.utt,3/sw3014,3014,148,sd,A,101,1,"Probably, {F um, } {F uh, } let's see, I like the looks of the Lincoln Town car <laughter>. /","Probably/RB ,/, um/UH ,/, uh/UH ,/, let/VB 's/PRP see/VB ,/, I/PRP like/VBP the/DT looks/NNS of/IN the/DT Lincoln/NNP Town/NNP car/NNP ./.",,
sw09utt/sw_0941_3014.utt,3/sw3014,3014,149,b,B,102,1,"Uh-huh,  /","Uh-huh/UH ,/,",,
sw09utt/sw_0941_3014.utt,3/sw3014,3014,150,b^r,B,102,2,uh-huh.  /,uh-huh/UH ./.,,
sw09utt/sw_0941_3014.utt,3/sw3014,3014,151,b,B,102,3,Yeah.  /,Yeah/UH ./.,,
sw09utt/sw_0941_3014.utt,3/sw3014,3014,152,%,B,102,4,"# See there, # -/","See/UH there/EX ,/,",,
sw09utt/sw_0941_3014.utt,3/sw3014,3014,153,sd,A,103,1,"# {C But } [ I, + # I ] don't know the performance of it.  /","But/CC I/PRP ,/, I/PRP do/VBP n't/RB know/VB the/DT performance/NN of/IN it/PRP ./.",,
sw09utt/sw_0941_3014.utt,3/sw3014,3014,154,sd,A,103,2,"That's a,","That/DT 's/BES a/DT ,/,",,
sw09utt/sw_0941_3014.utt,3/sw3014,3014,155,b,B,104,1,Uh-huh. /,Uh-huh/UH ./.,,
sw09utt/sw_0941_3014.utt,3/sw3014,3014,156,+,A,105,1,"Ford product, /","Ford/NNP product/NN ,/,",,
sw09utt/sw_0941_3014.utt,3/sw3014,3014,157,b,B,106,1,Uh-huh. /,Uh-huh/UH ./.,,
sw09utt/sw_0941_3014.utt,3/sw3014,3014,158,sd,A,107,1,"{C and, } {D you know, }","and/CC ,/, you/PRP know/VBP ,/,",,
sw09utt/sw_0941_3014.utt,3/sw3014,3014,159,b,B,108,1,Uh-huh. /,Uh-huh/UH ./.,,
sw09utt/sw_0941_3014.utt,3/sw3014,3014,160,+,A,109,1,"I would get hung up by my boot straps [ if I ra-, +","I/PRP would/MD get/VB hung/VBN up/RB by/IN my/PRP$ boot/NN straps/NNS if/IN I/PRP ra-/XX ,/,",,
sw09utt/sw_0941_3014.utt,3/sw3014,3014,161,b,B,110,1,Uh-huh. /,Uh-huh/UH ./.,,
sw09utt/sw_0941_3014.utt,3/sw3014,3014,162,+,A,111,1,if I ever mentioned ] the Ford product in my family. /,if/IN I/PRP ever/RB mentioned/VBD the/DT Ford/NNP product/NN in/IN my/PRP$ family/NN ./.,,
sw09utt/sw_0941_3014.utt,3/sw3014,3014,163,b,B,112,1,Uh-huh. /,Uh-huh/UH ./.,,
sw09utt/sw_0941_3014.utt,3/sw3014,3014,164,x,A,113,1,<Laughter>.,,,
sw09utt/sw_0941_3014.utt,3/sw3014,3014,165,sv,B,114,1,"I tell you that's sad too because there one time Ford was the best,","I/PRP tell/VBP you/PRP that/DT 's/BES sad/JJ too/RB because/IN there/EX one/CD time/NN Ford/NNP was/VBD the/DT best/JJS ,/,",,
sw09utt/sw_0941_3014.utt,3/sw3014,3014,166,b,A,115,1,"Yeah, /","Yeah/UH ,/,",,
sw09utt/sw_0941_3014.utt,3/sw3014,3014,167,+,B,116,1,that was made. /,that/WDT was/VBD made/VBN ./.,,
sw09utt/sw_0941_3014.utt,3/sw3014,3014,168,b,A,117,1,yeah. /,yeah/UH ./.,,
sw09utt/sw_0941_3014.utt,3/sw3014,3014,169,sv,B,118,1,Really was. /,Really/RB was/VBD ./.,,
sw09utt/sw_0941_3014.utt,3/sw3014,3014,170,b,A,119,1,Uh-huh. /,Uh-huh/UH ./.,,
sw09utt/sw_0941_3014.utt,3/sw3014,3014,171,sd,B,120,1,"{C And, } {F uh, } [ I, + I ] really have not seen, - /","And/CC ,/, uh/UH ,/, I/PRP ,/, I/PRP really/RB have/VBP not/RB seen/VBN ,/,",,
sw09utt/sw_0941_3014.utt,3/sw3014,3014,172,sv,B,120,2,"{D now } a lot of the American cars [ [ actually are, + are, ] + parts are ] produced in foreign countries and assembled here or vice versa. /","now/RB a/DT lot/NN of/IN the/DT American/JJ cars/NNS actually/RB are/VBP ,/, are/VBP ,/, parts/NNS are/VBP produced/VBN in/IN foreign/JJ countries/NNS and/CC assembled/VBN here/RB or/CC vice/FW versa/FW ./.",,
sw09utt/sw_0941_3014.utt,3/sw3014,3014,173,ad,A,121,1,Can I put you on hold for one minute? /,Can/MD I/PRP put/VB you/PRP on/IN hold/NN for/IN one/CD minute/NN ?/.,,
sw09utt/sw_0941_3014.utt,3/sw3014,3014,174,aa,B,122,1,Of course. /,Of/IN course/NN ./.,,
sw09utt/sw_0941_3014.utt,3/sw3014,3014,175,ft,A,123,1,Thank you.   <<pause>>  /,Thank/VB you/PRP ./.,,
sw09utt/sw_0941_3014.utt,3/sw3014,3014,176,sd,A,123,2,"{D Well, } that was one minute.  /","Well/UH ,/, that/DT was/VBD one/CD minute/NN ./.",,
sw09utt/sw_0941_3014.utt,3/sw3014,3014,177,sd,A,123,3,They hung up. /,They/PRP hung/VBD up/RP ./.,,
sw09utt/sw_0941_3014.utt,3/sw3014,3014,178,b,B,124,1,Okay <laughter>. /,Okay/UH ./.,,
sw09utt/sw_0941_3014.utt,3/sw3014,3014,179,x,A,125,1,<Laughter>.,,,
sw09utt/sw_0941_3014.utt,3/sw3014,3014,180,qy,B,126,1,"{F Uh, } at any rate do you have color preferences  /","Uh/UH ,/, at/IN any/DT rate/NN do/VBP you/PRP have/VB color/NN preferences/NNS",,
sw09utt/sw_0941_3014.utt,3/sw3014,3014,181,qrr,B,126,2,{C or } what would be the features that you would be looking for? /,or/CC what/WP would/MD be/VB the/DT features/NNS that/WDT you/PRP would/MD be/VB looking/VBG for/IN ?/.,,
sw09utt/sw_0941_3014.utt,3/sw3014,3014,182,sd,A,127,1,"{F Um, } {D well, } the comfort of a large car that the security of a large car.","Um/UH ,/, well/UH ,/, the/DT comfort/NN of/IN a/DT large/JJ car/NN that/IN the/DT security/NN of/IN a/DT  large/JJ car/NN ./.",,
sw09utt/sw_0941_3014.utt,3/sw3014,3014,183,b,B,128,1,Uh-huh. /,Uh-huh/UH ./.,,
sw09utt/sw_0941_3014.utt,3/sw3014,3014,184,+,A,129,1,"{F Um, } and the luxuries of a large car. /","Um/UH ,/, and/CC the/DT luxuries/NNS of/IN a/DT large/JJ car/NN ./.",,
sw09utt/sw_0941_3014.utt,3/sw3014,3014,185,b,B,130,1,Uh-huh. /,Uh-huh/UH ./.,,
sw09utt/sw_0941_3014.utt,3/sw3014,3014,186,sd,A,131,1,"{F Uh, } {D now } color preferences,  /","Uh/UH ,/, now/UH color/NN preferences/NNS ,/,",,
sw09utt/sw_0941_3014.utt,3/sw3014,3014,187,sd,A,131,2,I think I would opt to go with a bronze.,I/PRP think/VBP I/PRP would/MD opt/VB to/TO go/VB with/IN a/DT bronze/NN ./.,,
sw09utt/sw_0941_3014.utt,3/sw3014,3014,188,b,B,132,1,"Uh-huh,  /","Uh-huh/UH ,/,",,
sw09utt/sw_0941_3014.utt,3/sw3014,3014,189,b^r,B,132,2,uh-huh. /,uh-huh/UH ./.,,
sw09utt/sw_0941_3014.utt,3/sw3014,3014,190,+,A,133,1,Which is probably closest to gold that you can get <laughter>. /,Which/WDT is/VBZ probably/RB closest/RBS to/IN gold/NN that/WDT you/PRP can/MD get/VB ./.,,
sw09utt/sw_0941_3014.utt,3/sw3014,3014,191,b,B,134,1,Yeah.  /,Yeah/UH ./.,,
sw09utt/sw_0941_3014.utt,3/sw3014,3014,192,ba,B,134,2,"{F Oh, } wow.  <laughter>  /","Oh/UH ,/, wow/UH ./.",,
sw09utt/sw_0941_3014.utt,3/sw3014,3014,193,bf,B,134,3,We like the stuff that glitters <laughter>. /,We/PRP like/VBP the/DT stuff/NN that/WDT glitters/VBZ ./.,,
sw09utt/sw_0941_3014.utt,3/sw3014,3014,194,aa,A,135,1,<Laughter>  Yeah. /,Yeah/UH ./.,,
sw09utt/sw_0941_3014.utt,3/sw3014,3014,195,ba,B,136,1,Good. /,Good/UH ./.,,
sw09utt/sw_0941_3014.utt,3/sw3014,3014,196,x,A,137,1,<Laughter>.,,,
sw09utt/sw_0941_3014.utt,3/sw3014,3014,197,sv,B,138,1,There's nothing wrong with that.  /,There/EX 's/BES nothing/NN wrong/JJ with/IN that/DT ./.,,
sw09utt/sw_0941_3014.utt,3/sw3014,3014,198,sv,B,138,2,"{D Actually } I think probably [ if I were going to get a-, + if I were going to be practical, ] which doesn't mean I would be,","Actually/UH I/PRP think/VBP probably/RB if/IN I/PRP were/VBD going/VBG to/TO get/VB a-/DT ,/, if/IN I/PRP were/VBD going/VBG to/TO be/VB practical/JJ ,/, which/WDT does/VBZ n't/RB mean/VB I/PRP would/MD be/VB ,/,",,
sw09utt/sw_0941_3014.utt,3/sw3014,3014,199,b,A,139,1,"Right,  /","Right/UH ,/,",,
sw09utt/sw_0941_3014.utt,3/sw3014,3014,200,%,A,139,2,"{D well, } # practical  /","well/UH ,/, practical/JJ",,
sw09utt/sw_0941_3014.utt,3/sw3014,3014,201,%,A,139,3,yes  /,yes/UH,,
sw09utt/sw_0941_3014.utt,3/sw3014,3014,202,%,A,139,4,"that's, # -/","that/DT 's/BES ,/,",,
sw09utt/sw_0941_3014.utt,3/sw3014,3014,203,+,B,140,1,# I would prefer # white.,I/PRP would/MD prefer/VB white/NN ./.,,
sw09utt/sw_0941_3014.utt,3/sw3014,3014,204,b,A,141,1,Uh-huh. /,Uh-huh/UH ./.,,
sw09utt/sw_0941_3014.utt,3/sw3014,3014,205,+,B,142,1,"[ Because, + simply because ] it's more visible at night. /","Because/IN ,/, simply/RB because/IN it/PRP 's/BES more/RBR visible/JJ at/IN night/NN ./.",,
sw09utt/sw_0941_3014.utt,3/sw3014,3014,206,aa,A,143,1,Right  /,Right/UH,,
sw09utt/sw_0941_3014.utt,3/sw3014,3014,207,sv,A,143,2,"{C and } it's cooler I believe,","and/CC it/PRP 's/BES cooler/JJR I/PRP believe/VBP ,/,",,
sw09utt/sw_0941_3014.utt,3/sw3014,3014,208,%,B,144,1,"{C And, } -/","And/CC ,/,",,
sw09utt/sw_0941_3014.utt,3/sw3014,3014,209,+,A,145,1,"too,","too/RB ,/,",,
sw09utt/sw_0941_3014.utt,3/sw3014,3014,210,b,B,146,1,Uh-huh. /,Uh-huh/UH ./.,,
sw09utt/sw_0941_3014.utt,3/sw3014,3014,211,+,A,147,1,"when you're driving in, -/","when/WRB you/PRP 're/VBP driving/VBG in/IN ,/,",,
sw09utt/sw_0941_3014.utt,3/sw3014,3014,212,aa,B,148,1,Uh-huh.  /,Uh-huh/UH ./.,,
sw09utt/sw_0941_3014.utt,3/sw3014,3014,213,sd,B,148,2,"{D Now } the interior,  /","Now/UH the/DT interior/NN ,/,",,
sw09utt/sw_0941_3014.utt,3/sw3014,3014,214,%,B,148,3,"okay,  /","okay/UH ,/,",,
sw09utt/sw_0941_3014.utt,3/sw3014,3014,215,sd,B,148,4,I don't care about the interior just as long as it's not black or red. /,I/PRP do/VBP n't/RB care/VB about/IN the/DT interior/NN just/RB as/RB long/RB as/IN it/PRP 's/BES not/RB black/JJ or/CC red/JJ ./.,,
sw09utt/sw_0941_3014.utt,3/sw3014,3014,216,b,A,149,1,"Uh-huh,  /","Uh-huh/UH ,/,",,
sw09utt/sw_0941_3014.utt,3/sw3014,3014,217,b^r,A,149,2,uh-huh. /,uh-huh/UH ./.,,
sw09utt/sw_0941_3014.utt,3/sw3014,3014,218,sd,B,150,1,"<Laughter>  {C But } if I had the little red  (( C R X )) ,","But/CC if/IN I/PRP had/VBD the/DT little/JJ red/JJ C/NNP R/NNP X/NNP ,/,",,
sw09utt/sw_0941_3014.utt,3/sw3014,3014,219,x,A,151,1,<Laughter>.,,,
sw09utt/sw_0941_3014.utt,3/sw3014,3014,220,+,B,152,1,I guess the interior would have to be black leather  /,I/PRP guess/VBP the/DT interior/NN would/MD have/VB to/TO be/VB black/JJ leather/NN,,
sw09utt/sw_0941_3014.utt,3/sw3014,3014,221,sd,B,152,2,{C and } I'd have to live with that. /,and/CC I/PRP 'd/MD have/VB to/TO live/VB with/IN that/DT ./.,,
sw09utt/sw_0941_3014.utt,3/sw3014,3014,222,x,A,153,1,<Laughter>.,,,
sw09utt/sw_0941_3014.utt,3/sw3014,3014,223,sd,B,154,1,{C And } if I got the  (( C R X ))  it would have to have a real good sound system in it because I'd want that too. /,And/CC if/IN I/PRP got/VBD the/DT C/NNP R/NNP X/NNP it/PRP would/MD have/VB to/TO have/VB a/DT real/RB good/JJ sound/NN system/NN in/IN it/PRP because/IN I/PRP 'd/MD want/VB that/DT too/RB ./.,,
sw09utt/sw_0941_3014.utt,3/sw3014,3014,224,b,A,155,1,Oh. /,Oh/UH ./.,,
sw09utt/sw_0941_3014.utt,3/sw3014,3014,225,sd,B,156,1,I'd just go back to my teenage years and just throw all my experience to the wind <laughter>. /,I/PRP 'd/MD just/RB go/VB back/RB to/IN my/PRP$ teenage/JJ years/NNS and/CC just/RB throw/VB all/DT my/PRP$ experience/NN to/IN the/DT wind/NN ./.,,
sw09utt/sw_0941_3014.utt,3/sw3014,3014,226,ad,A,157,1,"{F Um, } can you, {F uh, } hang on again hon-, /","Um/UH ,/, can/MD you/PRP ,/, uh/UH ,/, hang/VB on/RP again/RB hon-/NN ,/,",,
sw09utt/sw_0941_3014.utt,3/sw3014,3014,227,aa,B,158,1,Uh-huh. /,Uh-huh/UH ./.,,
sw09utt/sw_0941_3014.utt,3/sw3014,3014,228,ft,A,159,1,Thanks <<pause>>.  /,Thanks/NNS ./.,,
sw09utt/sw_0941_3014.utt,3/sw3014,3014,229,sd,A,159,2,I've got the phones for lunch hour. /,I/PRP 've/VBP got/VBN the/DT phones/NNS for/IN lunch/NN hour/NN ./.,,
sw09utt/sw_0941_3014.utt,3/sw3014,3014,230,b,B,160,1,Uh-huh. /,Uh-huh/UH ./.,,
sw09utt/sw_0941_3014.utt,3/sw3014,3014,231,%,A,161,1,<Laughter>  {D So. } -/,So/RB ./.,,
sw09utt/sw_0941_3014.utt,3/sw3014,3014,232,x,B,162,1,<Laughter>.,,,
sw09utt/sw_0941_3014.utt,3/sw3014,3014,233,ad,A,163,1,Just don't mind me if I bounce back and forth. /,Just/RB do/VB n't/RB mind/VB me/PRP if/IN I/PRP bounce/VBP back/RB and/CC forth/RB ./.,,
sw09utt/sw_0941_3014.utt,3/sw3014,3014,234,bd,B,164,1,That's okay. /,That/DT 's/BES okay/JJ ./.,,
sw09utt/sw_0941_3014.utt,3/sw3014,3014,235,qy^d,A,165,1,"{F Um, } {D so } you like to listen to, {F uh, } a lot of music,  /","Um/UH ,/, so/RB you/PRP like/VBP to/TO listen/VB to/IN ,/, uh/UH ,/, a/DT lot/NN of/IN music/NN ,/,",,
sw09utt/sw_0941_3014.utt,3/sw3014,3014,236,qrr,A,165,2,"{C or } [ do, + is ] it talk shows. /","or/CC do/VBP ,/, is/VBZ it/PRP talk/NN shows/NNS ./.",,
sw09utt/sw_0941_3014.utt,3/sw3014,3014,237,nn,B,166,1,"No,  /","No/UH ,/,",,
sw09utt/sw_0941_3014.utt,3/sw3014,3014,238,nn^r,B,166,2,"no,  /","no/UH ,/,",,
sw09utt/sw_0941_3014.utt,3/sw3014,3014,239,nn^r,B,166,3,no.  /,no/UH ./.,,
sw09utt/sw_0941_3014.utt,3/sw3014,3014,240,sd^e,B,166,4,"[ I generally would [ p-, + {F uh, } prefer ] to listen to, + {F uh, } {D well, } I listen to ] K C B I a lot  /","I/PRP generally/RB would/MD p/VB ,/, uh/UH ,/, prefer/VB to/TO listen/VB to/IN ,/, uh/UH ,/, well/UH ,/, I/PRP listen/VBP to/IN K/NNP C/NNP B/NNP I/NNP a/DT lot/NN",,
sw09utt/sw_0941_3014.utt,3/sw3014,3014,241,sd,B,166,5,"{C but } I will listen to the news [ and the, + and the ] traffic and those things at work. /","but/CC I/PRP will/MD listen/VB to/IN the/DT news/NN and/CC the/DT ,/, and/CC the/DT traffic/NN and/CC those/DT things/NNS at/IN work/NN ./.",,
sw09utt/sw_0941_3014.utt,3/sw3014,3014,242,b,A,167,1,"Uh-huh,  /","Uh-huh/UH ,/,",,
sw09utt/sw_0941_3014.utt,3/sw3014,3014,243,b^r,A,167,2,uh-huh. /,uh-huh/UH ./.,,
sw09utt/sw_0941_3014.utt,3/sw3014,3014,244,sd,B,168,1,"{C But } if I'm going to be traveling in that car for any period of time,","But/CC if/IN I/PRP 'm/VBP going/VBG to/TO be/VB traveling/VBG in/IN that/DT car/NN for/IN any/DT period/NN of/IN time/NN ,/,",,
sw09utt/sw_0941_3014.utt,3/sw3014,3014,245,b,A,169,1,Uh-huh. /,Uh-huh/UH ./.,,
sw09utt/sw_0941_3014.utt,3/sw3014,3014,246,+,B,170,1,I want some real good classical music. /,I/PRP want/VBP some/DT real/RB good/JJ classical/JJ music/NN ./.,,
sw09utt/sw_0941_3014.utt,3/sw3014,3014,247,b,A,171,1,Uh-huh. /,Uh-huh/UH ./.,,
sw09utt/sw_0941_3014.utt,3/sw3014,3014,248,sd,B,172,1,"I love classical music,  /","I/PRP love/VBP classical/JJ music/NN ,/,",,
sw09utt/sw_0941_3014.utt,3/sw3014,3014,249,sv,B,172,2,"{C and } you just can't enjoy it unless you've got a good sound system to produce [ all the, +","and/CC you/PRP just/RB ca/MD n't/RB enjoy/VB it/PRP unless/IN you/PRP 've/VBP got/VBN a/DT good/JJ sound/NN system/NN to/TO produce/VB all/PDT the/DT ,/,",,
sw09utt/sw_0941_3014.utt,3/sw3014,3014,250,%,A,173,1,"All the, - /","All/PDT the/DT ,/,",,
sw09utt/sw_0941_3014.utt,3/sw3014,3014,251,%,A,173,2,yeah. /,yeah/UH ./.,,
sw09utt/sw_0941_3014.utt,3/sw3014,3014,252,+,B,174,1,all the ] characteristics of the instruments. /,all/PDT the/DT characteristics/NNS of/IN the/DT instruments/NNS ./.,,
sw09utt/sw_0941_3014.utt,3/sw3014,3014,253,aa,A,175,1,Uh-huh.  /,Uh-huh/UH ./.,,
sw09utt/sw_0941_3014.utt,3/sw3014,3014,254,aa,A,175,2,That's true. /,That/DT 's/BES true/JJ ./.,,
sw09utt/sw_0941_3014.utt,3/sw3014,3014,255,sd,B,176,1,{C So } I do love classical music [ [  /,So/RB I/PRP do/VBP love/VB classical/JJ music/NN,,
sw09utt/sw_0941_3014.utt,3/sw3014,3014,256,sd,B,176,2,"{C or } it li-, + {C or, } ] + {C or, } ] {F uh, }","or/CC it/PRP li-/XX ,/, or/CC ,/, or/CC ,/, uh/UH ,/,",,
sw09utt/sw_0941_3014.utt,3/sw3014,3014,257,qy,A,177,1,"[ Do you listen t-, +","Do/VBP you/PRP listen/VB t-/IN ,/,",,
sw09utt/sw_0941_3014.utt,3/sw3014,3014,258,+,B,178,1,contemporary classical. /,contemporary/JJ classical/JJ ./.,,
sw09utt/sw_0941_3014.utt,3/sw3014,3014,259,+,A,179,1,"Do you [ lik-, + listen to ] ] W R R? /","Do/VBP you/PRP lik/VB ,/, listen/VB to/IN W/NNP R/NNP R/NNP ?/.",,
sw09utt/sw_0941_3014.utt,3/sw3014,3014,260,ny,B,180,1,Uh-huh. /,Uh-huh/UH ./.,,
sw09utt/sw_0941_3014.utt,3/sw3014,3014,261,b,A,181,1,{F Huh. } /,Huh/UH ./.,,
sw09utt/sw_0941_3014.utt,3/sw3014,3014,262,sd^e,B,182,1,Sure do. /,Sure/RB do/VBP ./.,,
sw09utt/sw_0941_3014.utt,3/sw3014,3014,263,b,A,183,1,Yeah. /,Yeah/UH ./.,,
sw09utt/sw_0941_3014.utt,3/sw3014,3014,264,sd,B,184,1,"W R R and the Oasis are the two that I listen to,","W/NNP R/NNP R/NNP and/CC the/DT Oasis/NNP are/VBP the/DT two/CD that/WDT I/PRP listen/VBP to/IN ,/,",,
sw09utt/sw_0941_3014.utt,3/sw3014,3014,265,b,A,185,1,Uh-huh. /,Uh-huh/UH ./.,,
sw09utt/sw_0941_3014.utt,3/sw3014,3014,266,+,B,186,1,more than anything else. /,more/RBR than/IN anything/NN else/RB ./.,,
sw09utt/sw_0941_3014.utt,3/sw3014,3014,267,b,A,187,1,Uh-huh. /,Uh-huh/UH ./.,,
sw09utt/sw_0941_3014.utt,3/sw3014,3014,268,sd,B,188,1,{C And } I do like them.  /,And/CC I/PRP do/VBP like/VB them/PRP ./.,,
sw09utt/sw_0941_3014.utt,3/sw3014,3014,269,sd,B,188,2,{C And } I'd like to have a compact disc player in the car.  /,And/CC I/PRP 'd/MD like/VB to/TO have/VB a/DT compact/JJ disc/NN player/NN in/IN the/DT car/NN ./.,,
sw09utt/sw_0941_3014.utt,3/sw3014,3014,270,sd,B,188,3,"That would be,","That/DT would/MD be/VB ,/,",,
sw09utt/sw_0941_3014.utt,3/sw3014,3014,271,qy^g,A,189,1,"# Those are nice, aren't they? # /","Those/DT are/VBP nice/JJ ,/, are/VBP n't/RB they/PRP ?/.",,
sw09utt/sw_0941_3014.utt,3/sw3014,3014,272,+,B,190,1,# something that I would really like. # /,something/NN that/WDT I/PRP would/MD really/RB like/VB ./.,,
sw09utt/sw_0941_3014.utt,3/sw3014,3014,273,ny,A,191,1,"# Yes,  /","Yes/UH ,/,",,
sw09utt/sw_0941_3014.utt,3/sw3014,3014,274,sv^e,A,191,2,those are nice. # /,those/DT are/VBP nice/JJ ./.,,
sw09utt/sw_0941_3014.utt,3/sw3014,3014,275,sv,B,192,1,"# Those compact discs, #","Those/DT compact/JJ discs/NNS ,/,",,
sw09utt/sw_0941_3014.utt,3/sw3014,3014,276,b,A,193,1,Uh-huh. /,Uh-huh/UH ./.,,
sw09utt/sw_0941_3014.utt,3/sw3014,3014,277,+,B,194,1,"really are good for cars because they don't melt,  /","really/RB are/VBP good/JJ for/IN cars/NNS because/IN they/PRP do/VBP n't/RB melt/VB ,/,",,
sw09utt/sw_0941_3014.utt,3/sw3014,3014,278,sv,B,194,2,they don't warp. /,they/PRP do/VBP n't/RB warp/VB ./.,,
sw09utt/sw_0941_3014.utt,3/sw3014,3014,279,b,A,195,1,Uh-huh. /,Uh-huh/UH ./.,,
sw09utt/sw_0941_3014.utt,3/sw3014,3014,280,sd,B,196,1,"{D You know, } <laughter> there's nothing in there that can wrap around [ the, + the, ] {F uh, } rollers or anything.  /","You/PRP know/VBP ,/, there/EX 's/BES nothing/NN in/IN there/RB that/WDT can/MD wrap/VB around/IN the/DT ,/, the/DT ,/, uh/UH ,/, rollers/NNS or/CC anything/NN ./.",,
sw09utt/sw_0941_3014.utt,3/sw3014,3014,281,sv,B,196,2,"It seems like a really good answer to portable music,","It/PRP seems/VBZ like/IN a/DT really/RB good/JJ answer/NN to/IN portable/JJ music/NN ,/,",,
sw09utt/sw_0941_3014.utt,3/sw3014,3014,282,b,A,197,1,{F Huh. } /,Huh/UH ./.,,
sw09utt/sw_0941_3014.utt,3/sw3014,3014,283,+,B,198,1,that you can choose. /,that/WDT you/PRP can/MD choose/VB ./.,,
