swda_filename,ptb_basename,conversation_no,transcript_index,act_tag,caller,utterance_index,subutterance_index,text,pos,trees,ptb_treenumbers
sw09utt/sw_0940_2995.utt,2/sw2995,2995,0,o,A,1,1,There you go. /,There/RB you/PRP go/VBP ./.,,
sw09utt/sw_0940_2995.utt,2/sw2995,2995,1,qo,B,2,1,<Breathing> <laughter> What do you think invades your privacy? <<Breathes heavily throughout.>> /,What/WP do/VBP you/PRP think/VB invades/VBZ your/PRP$ privacy/NN ?/.,,
sw09utt/sw_0940_2995.utt,2/sw2995,2995,2,sv,A,3,1,"{F Oh, } {D well } people that call on the phone all the time to try to sell you something. {D You know, } [ that, + that ] try to sell you the [ s-, + newspaper, ] and, {F uh, } [ wha-, + carpet ] cleaning, and, {F uh, } {A what else, } roof repair <dishes>  /","Oh/UH ,/, well/UH people/NNS that/WDT call/VBP on/IN the/DT phone/NN all/PDT the/DT time/NN to/TO try/VB to/TO sell/VB you/PRP something/NN ./. You/PRP know/VBP ,/, that/WDT ,/, that/WDT try/VBP to/TO sell/VB you/PRP the/DT s-/XX ,/, newspaper/NN ,/, and/CC ,/, uh/UH ,/, wha-/XX ,/, carpet/NN cleaning/NN ,/, and/CC ,/, uh/UH ,/, what/WP else/RB ,/, roof/NN repair/NN",,
sw09utt/sw_0940_2995.utt,2/sw2995,2995,3,%,A,3,2,"And enough, - /","And/CC enough/RB ,/,",,
sw09utt/sw_0940_2995.utt,2/sw2995,2995,4,sv,A,3,3,"{D well } I think it's a waste of paper, the people that always leave, {F uh, } junk mail [ {C and, } + because, ] {F um, } you just end up throwing it away most of the time.  /","well/UH I/PRP think/VBP it/PRP 's/BES a/DT waste/NN of/IN paper/NN ,/, the/DT people/NNS that/WDT always/RB leave/VBP ,/, uh/UH ,/, junk/NN mail/NN and/CC ,/, because/IN ,/, um/UH ,/, you/PRP just/RB end/VBP up/RP throwing/VBG it/PRP away/RB most/JJS of/IN the/DT time/NN ./.",,
sw09utt/sw_0940_2995.utt,2/sw2995,2995,5,sv,A,3,4,"Probably eighty percent of [ the, + the ] junk mail that you get [ is, + is, ] {F um, } something that you don't need.  /","Probably/RB eighty/CD percent/NN of/IN the/DT ,/, the/DT junk/NN mail/NN that/WDT you/PRP get/VBP is/VBZ ,/, is/VBZ ,/, um/UH ,/, something/NN that/WDT you/PRP do/VBP n't/RB need/VB ./.",,
sw09utt/sw_0940_2995.utt,2/sw2995,2995,6,sv,A,3,5,And the same way with those calls.  /,And/CC the/DT same/JJ way/NN with/IN those/DT calls/NNS ./.,,
sw09utt/sw_0940_2995.utt,2/sw2995,2995,7,t1,A,3,6,"What is it,  /","What/WP is/VBZ it/PRP ,/,",,
sw09utt/sw_0940_2995.utt,2/sw2995,2995,8,sd,A,3,7,"{F oh } [ M C I, + M C I ] really does.  /","oh/UH M/NNP C/NNP I/NNP ,/, M/NNP C/NNP I/NNP really/RB does/VBZ ./.",,
sw09utt/sw_0940_2995.utt,2/sw2995,2995,9,sd,A,3,8,"Even when you tell them no, they keep calling back. /","Even/RB when/WRB you/PRP tell/VBP them/PRP no/UH ,/, they/PRP keep/VBP calling/VBG back/RB ./.",,
sw09utt/sw_0940_2995.utt,2/sw2995,2995,10,b,B,4,1,M C I  /,M/NNP C/NNP I/NNP,,
sw09utt/sw_0940_2995.utt,2/sw2995,2995,11,qw,B,4,2,what's that? /,what/WP 's/BES that/DT ?/.,,
sw09utt/sw_0940_2995.utt,2/sw2995,2995,12,^h,A,5,1,M C I  /,M/NNP C/NNP I/NNP,,
sw09utt/sw_0940_2995.utt,2/sw2995,2995,13,sd,A,5,2,it's the long distance telephone company. /,it/PRP 's/BES the/DT long/JJ distance/NN telephone/NN company/NN ./.,,
sw09utt/sw_0940_2995.utt,2/sw2995,2995,14,sd,B,6,1,"{F Oh, } {D now } see [ [ I, + I really don't have much trouble with, ] + I just say no thank you ] and hang up. /","Oh/UH ,/, now/RB see/VB I/PRP ,/, I/PRP really/RB do/VBP n't/RB have/VB much/JJ trouble/NN with/IN ,/, I/PRP just/RB say/VBP no/UH thank/VB you/PRP and/CC hang/VBP up/RB ./.",,
sw09utt/sw_0940_2995.utt,2/sw2995,2995,15,b,A,7,1,"Uh-huh,  /","Uh-huh/UH ,/,",,
sw09utt/sw_0940_2995.utt,2/sw2995,2995,16,sd,A,7,2,"{D well } [ they wo-, + they won't ] take a no for an answer here for some reason.  /","well/UH they/PRP wo/MD ,/, they/PRP wo/MD n't/RB take/VB a/DT no/UH for/IN an/DT answer/NN here/RB for/IN some/DT reason/NN ./.",,
sw09utt/sw_0940_2995.utt,2/sw2995,2995,17,sd,A,7,3,They just keep calling back. /,They/PRP just/RB keep/VBP calling/VBG back/RB ./.,,
sw09utt/sw_0940_2995.utt,2/sw2995,2995,18,sd,B,8,1,"<Breathing> <laughter> I had a carpet service call up three times,","I/PRP had/VBD a/DT carpet/NN service/NN call/VB up/RP three/CD times/NNS ,/,",,
sw09utt/sw_0940_2995.utt,2/sw2995,2995,19,b,A,9,1,Uh-huh. /,Uh-huh/UH ./.,,
sw09utt/sw_0940_2995.utt,2/sw2995,2995,20,+,B,10,1,"all within in an hour,  /","all/DT within/IN in/IN an/DT hour/NN ,/,",,
sw09utt/sw_0940_2995.utt,2/sw2995,2995,21,sd,B,10,2,"{C but, } [ I, + {F uh, } I ] do telemarketing, /","but/CC ,/, I/PRP ,/, uh/UH ,/, I/PRP do/VBP telemarketing/VBG ,/,",,
sw09utt/sw_0940_2995.utt,2/sw2995,2995,22,b,A,11,1,Uh-huh. /,Uh-huh/UH ./.,,
sw09utt/sw_0940_2995.utt,2/sw2995,2995,23,sd,B,12,1,"{C so, } {F uh, } I'm very polite [  /","so/RB ,/, uh/UH ,/, I/PRP 'm/VBP very/RB polite/JJ",,
sw09utt/sw_0940_2995.utt,2/sw2995,2995,24,sd(^q),B,12,2,"{C and } I just say no thank you, + and say no thank you ] very politely  /","and/CC I/PRP just/RB say/VBP no/UH thank/VB you/PRP ,/, and/CC say/VBP no/UH thank/VB you/PRP very/RB politely/RB",,
sw09utt/sw_0940_2995.utt,2/sw2995,2995,25,sd,B,12,3,"{C and } I hang up and,","and/CC I/PRP hang/VBP up/RP and/CC ,/,",,
sw09utt/sw_0940_2995.utt,2/sw2995,2995,26,b,A,13,1,{F Uh } <noise>. /,Uh/UH ./.,,
sw09utt/sw_0940_2995.utt,2/sw2995,2995,27,+,B,14,1,don't bother me after that. /,do/VBP n't/RB bother/VB me/PRP after/IN that/DT ./.,,
sw09utt/sw_0940_2995.utt,2/sw2995,2995,28,b,A,15,1,Yeah. /,Yeah/UH ./.,,
sw09utt/sw_0940_2995.utt,2/sw2995,2995,29,sd,B,16,1,{C So } I think the only thing that really bothers me is [ if + <clicking> <<mouth click>> when ] somebody contacts me  /,So/RB I/PRP think/VBP the/DT only/JJ thing/NN that/WDT really/RB bothers/VBZ me/PRP is/VBZ if/IN when/WRB somebody/NN contacts/VBZ me/PRP,,
sw09utt/sw_0940_2995.utt,2/sw2995,2995,30,sd,B,16,2,{C and } they try to get information out of me. /,and/CC they/PRP try/VBP to/TO get/VB information/NN out/IN of/IN me/PRP ./.,,
sw09utt/sw_0940_2995.utt,2/sw2995,2995,31,b,A,17,1,Uh-huh. /,Uh-huh/UH ./.,,
sw09utt/sw_0940_2995.utt,2/sw2995,2995,32,sd,B,18,1,"Like the [ Census Bureau, + United States Census Bureau. ] /","Like/IN the/DT Census/NNP Bureau/NNP ,/, United/NNP States/NNP Census/NNP Bureau/NNP ./.",,
sw09utt/sw_0940_2995.utt,2/sw2995,2995,33,b,A,19,1,{F Oh } yeah. /,Oh/UH yeah/UH ./.,,
sw09utt/sw_0940_2995.utt,2/sw2995,2995,34,sd,B,20,1,That bothered me. /,That/DT bothered/VBD me/PRP ./.,,
sw09utt/sw_0940_2995.utt,2/sw2995,2995,35,b,A,21,1,Uh-huh. /,Uh-huh/UH ./.,,
sw09utt/sw_0940_2995.utt,2/sw2995,2995,36,sd,B,22,1,I didn't feel they had a right to know how many bedrooms were in my house even. /,I/PRP did/VBD n't/RB feel/VB they/PRP had/VBD a/DT right/NN to/TO know/VB how/WRB many/JJ bedrooms/NNS were/VBD in/IN my/PRP$ house/NN even/RB ./.,,
sw09utt/sw_0940_2995.utt,2/sw2995,2995,37,b,A,23,1,Right. /,Right/UH ./.,,
sw09utt/sw_0940_2995.utt,2/sw2995,2995,38,sv,B,24,1,That I think is my invasion privacy because it's the government  /,That/DT I/PRP think/VBP is/VBZ my/PRP$ invasion/NN privacy/NN because/IN it/PRP 's/BES the/DT government/NN,,
sw09utt/sw_0940_2995.utt,2/sw2995,2995,39,sd,B,24,2,{C and } I don't understand what their need to know is. /,and/CC I/PRP do/VBP n't/RB understand/VB what/WP their/PRP$ need/NN to/TO know/VB is/VBZ ./.,,
sw09utt/sw_0940_2995.utt,2/sw2995,2995,40,b,A,25,1,Uh-huh. /,Uh-huh/UH ./.,,
sw09utt/sw_0940_2995.utt,2/sw2995,2995,41,sd,B,26,1,"{C And } I think that is my biggest objection to anything as far as invading my privacy. If somebody wants personal information out of me,  /","And/CC I/PRP think/VBP that/DT is/VBZ my/PRP$ biggest/JJS objection/NN to/IN anything/NN as/RB far/RB as/IN invading/VBG my/PRP$ privacy/NN ./. If/IN somebody/NN wants/VBZ personal/JJ information/NN out/IN of/IN me/PRP ,/,",,
sw09utt/sw_0940_2995.utt,2/sw2995,2995,42,sd,B,26,2,"{C but } telephone calls I figure, they don't bother me one way or the other. /","but/CC telephone/NN calls/NNS I/PRP figure/VBP ,/, they/PRP do/VBP n't/RB bother/VB me/PRP one/CD way/NN or/CC the/DT other/NN ./.",,
sw09utt/sw_0940_2995.utt,2/sw2995,2995,43,b,A,27,1,Uh-huh. /,Uh-huh/UH ./.,,
sw09utt/sw_0940_2995.utt,2/sw2995,2995,44,sd,B,28,1,"{F Uh, } I know when I do telemarketing, {F um, } I'm a soft person, <laughter>  /","Uh/UH ,/, I/PRP know/VBP when/WRB I/PRP do/VBP telemarketing/VBG ,/, um/UH ,/, I/PRP 'm/VBP a/DT soft/JJ person/NN ,/,",,
sw09utt/sw_0940_2995.utt,2/sw2995,2995,45,sd(^q),B,28,2,"[ if, + if ] someone says I am not interested I'll just say fine and back out. /","if/IN ,/, if/IN someone/NN says/VBZ I/PRP am/VBP not/RB interested/JJ I/PRP 'll/MD just/RB say/VB fine/UH and/CC back/VB out/RB ./.",,
sw09utt/sw_0940_2995.utt,2/sw2995,2995,46,b,A,29,1,Uh-huh. /,Uh-huh/UH ./.,,
sw09utt/sw_0940_2995.utt,2/sw2995,2995,47,sd,B,30,1,"{C And } I make very good sales,  /","And/CC I/PRP make/VBP very/RB good/JJ sales/NNS ,/,",,
sw09utt/sw_0940_2995.utt,2/sw2995,2995,48,sd,B,30,2,"{C but } [ I'm not, + {F uh, } as I said, I'm not ] half as pushy as these people because, I don't really care.  /","but/CC I/PRP 'm/VBP not/RB ,/, uh/UH ,/, as/IN I/PRP said/VBD ,/, I/PRP 'm/VBP not/RB half/RB as/RB pushy/JJ as/IN these/DT people/NNS because/IN ,/, I/PRP do/VBP n't/RB really/RB care/VBP ./.",,
sw09utt/sw_0940_2995.utt,2/sw2995,2995,49,sd,B,30,3,"{E I mean, } [ if, + if ] they're not interested fine.  /","I/PRP mean/VBP ,/, if/IN ,/, if/IN they/PRP 're/VBP not/RB interested/JJ fine/UH ./.",,
sw09utt/sw_0940_2995.utt,2/sw2995,2995,50,sd,B,30,4,# You know that's it. # /,You/PRP know/VBP that/DT 's/BES it/PRP ./.,,
sw09utt/sw_0940_2995.utt,2/sw2995,2995,51,sv,A,31,1,# <Throat_clearing> You can't force them to be. # /,You/PRP ca/MD n't/RB force/VB them/PRP to/TO be/VB ./.,,
sw09utt/sw_0940_2995.utt,2/sw2995,2995,52,b,B,32,1,Right. /,Right/UH ./.,,
sw09utt/sw_0940_2995.utt,2/sw2995,2995,53,sv,A,33,1,No. /,No/UH ./.,,
sw09utt/sw_0940_2995.utt,2/sw2995,2995,54,sd,B,34,1,"{C And } I'm not pushing something down their throat that, {F uh, } I don't think is a good item anyway. /","And/CC I/PRP 'm/VBP not/RB pushing/VBG something/NN down/IN their/PRP$ throat/NN that/WDT ,/, uh/UH ,/, I/PRP do/VBP n't/RB think/VB is/VBZ a/DT good/JJ item/NN anyway/RB ./.",,
sw09utt/sw_0940_2995.utt,2/sw2995,2995,55,b,A,35,1,Uh-huh. /,Uh-huh/UH ./.,,
sw09utt/sw_0940_2995.utt,2/sw2995,2995,56,sd,B,36,1,That I don't think I could do anyway.  /,That/WDT I/PRP do/VBP n't/RB think/VB I/PRP could/MD do/VB anyway/RB ./.,,
sw09utt/sw_0940_2995.utt,2/sw2995,2995,57,%,B,36,2,"{C But } I feel like, {F oh, } movie stars, or - /","But/CC I/PRP feel/VBP like/IN ,/, oh/UH ,/, movie/NN stars/NNS ,/, or/CC",,
sw09utt/sw_0940_2995.utt,2/sw2995,2995,58,sv,B,36,3,"{D sure, } [ it's part of their, + I guess they're ]  (( portray ))  being a movie star  /","sure/UH ,/, it/PRP 's/BES part/NN of/IN their/PRP$ ,/, I/PRP guess/VBP they/PRP 're/VBP portray/VB being/VBG a/DT movie/NN star/NN",,
sw09utt/sw_0940_2995.utt,2/sw2995,2995,59,sv,B,36,4,they get themselves in these rag sheets  /,they/PRP get/VBP themselves/PRP in/IN these/DT rag/NN sheets/NNS,,
sw09utt/sw_0940_2995.utt,2/sw2995,2995,60,sv,B,36,5,"{C but, } {F uh, } I think they go too far. /","but/CC ,/, uh/UH ,/, I/PRP think/VBP they/PRP go/VBP too/RB far/RB ./.",,
sw09utt/sw_0940_2995.utt,2/sw2995,2995,61,b,A,37,1,"{F Oh, } yeah -- /","Oh/UH ,/, yeah/UH --/:",,
sw09utt/sw_0940_2995.utt,2/sw2995,2995,62,sv,B,38,1,I think that's invasion of privacy. /,I/PRP think/VBP that/DT 's/BES invasion/NN of/IN privacy/NN ./.,,
sw09utt/sw_0940_2995.utt,2/sw2995,2995,63,sd,A,39,1,-- {C because } they follow them around twenty-four hours a day. /,--/: because/IN they/PRP follow/VBP them/PRP around/RP twenty-four/CD hours/NNS a/DT day/NN ./.,,
sw09utt/sw_0940_2995.utt,2/sw2995,2995,64,b,B,40,1,Yeah <<whispered>> <breathing>. /,Yeah/UH ./.,,
sw09utt/sw_0940_2995.utt,2/sw2995,2995,65,sd,A,41,1,{C And } you know they do Ted Kennedy. /,And/CC you/PRP know/VBP they/PRP do/VBP Ted/NNP Kennedy/NNP ./.,,
sw09utt/sw_0940_2995.utt,2/sw2995,2995,66,b,B,42,1,"{F Oh, } yeah. /","Oh/UH ,/, yeah/UH ./.",,
sw09utt/sw_0940_2995.utt,2/sw2995,2995,67,sv,A,43,1,"Of course, he's breaking the law all the time,  /","Of/IN course/NN ,/, he/PRP 's/BES breaking/VBG the/DT law/NN all/PDT the/DT time/NN ,/,",,
sw09utt/sw_0940_2995.utt,2/sw2995,2995,68,sv,A,43,2,{C so } it's a different story then.  /,so/IN it/PRP 's/BES a/DT different/JJ story/NN then/RB ./.,,
sw09utt/sw_0940_2995.utt,2/sw2995,2995,69,qh,A,43,3,"{D You know, } [ [ {C but, } + {C but } Ed McMahon, ] + {E I mean, } {D you know, } who cares about Ed McMahon. ]  /","You/PRP know/VBP ,/, but/CC ,/, but/CC Ed/NNP McMahon/NNP ,/, I/PRP mean/VBP ,/, you/PRP know/VBP ,/, who/WP cares/VBZ about/IN Ed/NNP McMahon/NNP ./.",,
sw09utt/sw_0940_2995.utt,2/sw2995,2995,70,sv,A,43,4,"He's probably hasn't done anything interesting in the last thirty years that they've been on the air,","He/PRP 's/BES probably/RB has/VBZ n't/RB done/VBN anything/NN interesting/JJ in/IN the/DT last/JJ thirty/CD years/NNS that/WDT they/PRP 've/VBP been/VBN on/IN the/DT air/NN ,/,",,
sw09utt/sw_0940_2995.utt,2/sw2995,2995,71,x,B,44,1,<Laughter>.,,,
sw09utt/sw_0940_2995.utt,2/sw2995,2995,72,+,A,45,1,{D you know. }  /,you/PRP know/VBP ./.,,
sw09utt/sw_0940_2995.utt,2/sw2995,2995,73,sd,A,45,2,{C And } he has a chauffeur.  /,And/CC he/PRP has/VBZ a/DT chauffeur/NN ./.,,
sw09utt/sw_0940_2995.utt,2/sw2995,2995,74,sv,A,45,3,Maybe he drinks  /,Maybe/RB he/PRP drinks/VBZ,,
sw09utt/sw_0940_2995.utt,2/sw2995,2995,75,sv,A,45,4,"{C but } he never drives a car either, {D you know, }  /","but/CC he/PRP never/RB drives/VBZ a/DT car/NN either/RB ,/, you/PRP know/VBP ,/,",,
sw09utt/sw_0940_2995.utt,2/sw2995,2995,76,sv,A,45,5,it's not the same with Johnny Carson. /,it/PRP 's/BES not/RB the/DT same/JJ with/IN Johnny/NNP Carson/NNP ./.,,
sw09utt/sw_0940_2995.utt,2/sw2995,2995,77,aa,B,46,1,"No,  /","No/UH ,/,",,
sw09utt/sw_0940_2995.utt,2/sw2995,2995,78,sv,B,46,2,"[ I think my, + seriously my ]  (( classification ))  [ of, + of ] invasion of privacy is trying to get personal information,","I/PRP think/VBP my/PRP$ ,/, seriously/RB my/PRP$ classification/NN of/IN ,/, of/IN invasion/NN of/IN privacy/NN is/VBZ trying/VBG to/TO get/VB personal/JJ information/NN ,/,",,
sw09utt/sw_0940_2995.utt,2/sw2995,2995,79,b,A,47,1,Uh-huh. /,Uh-huh/UH ./.,,
sw09utt/sw_0940_2995.utt,2/sw2995,2995,80,+,B,48,1,and putting it falsely out or just bombarding me for the answers. /,and/CC putting/VBG it/PRP falsely/RB out/RB or/CC just/RB bombarding/VBG me/PRP for/IN the/DT answers/NNS ./.,,
sw09utt/sw_0940_2995.utt,2/sw2995,2995,81,qy^d,A,49,1,"[ Without your, + and without your ] permission. /","Without/IN your/PRP$ ,/, and/CC without/IN your/PRP$ permission/NN ./.",,
sw09utt/sw_0940_2995.utt,2/sw2995,2995,82,na,B,50,1,Right. /,Right/UH ./.,,
sw09utt/sw_0940_2995.utt,2/sw2995,2995,83,b,A,51,1,Uh-huh. /,Uh-huh/UH ./.,,
sw09utt/sw_0940_2995.utt,2/sw2995,2995,84,sv,B,52,1,"This to me [ is, + is ] my invasion of privacy. /","This/DT to/TO me/PRP is/VBZ ,/, is/VBZ my/PRP$ invasion/NN of/IN privacy/NN ./.",,
sw09utt/sw_0940_2995.utt,2/sw2995,2995,85,b,A,53,1,Right. /,Right/UH ./.,,
sw09utt/sw_0940_2995.utt,2/sw2995,2995,86,sd,B,54,1,"Anytime I can honestly say no, or, throw the paper away, or, - /","Anytime/RB I/PRP can/MD honestly/RB say/VB no/UH ,/, or/CC ,/, throw/VB the/DT paper/NN away/RB ,/, or/CC ,/,",,
sw09utt/sw_0940_2995.utt,2/sw2995,2995,87,sd,B,54,2,"{C but } you can always write to, {F uh, } {A oh I forgot the name of it } and stop the junk mail.  /","but/CC you/PRP can/MD always/RB write/VB to/IN ,/, uh/UH ,/, oh/UH I/PRP forgot/VBD the/DT name/NN of/IN it/PRP and/CC stop/VB the/DT junk/NN mail/NN ./.",,
sw09utt/sw_0940_2995.utt,2/sw2995,2995,88,sd,B,54,3,"That I've done.  Because I don't want junk mail anyway,  /","That/DT I/PRP 've/VBP done/VBN ./. Because/IN I/PRP do/VBP n't/RB want/VB junk/NN mail/NN anyway/RB ,/,",,
sw09utt/sw_0940_2995.utt,2/sw2995,2995,89,sd,B,54,4,"{C so } I [ c-, + wrote ] to them when it came on the air,  /","so/RB I/PRP c-/XX ,/, wrote/VBD to/IN them/PRP when/WRB it/PRP came/VBD on/IN the/DT air/NN ,/,",,
sw09utt/sw_0940_2995.utt,2/sw2995,2995,90,sd,B,54,5,"{C so } I don't get any of that bull,  /","so/RB I/PRP do/VBP n't/RB get/VB any/DT of/IN that/DT bull/NN ,/,",,
sw09utt/sw_0940_2995.utt,2/sw2995,2995,91,sd,B,54,6,"[ tha-, + it ] works by the way. /","tha-/XX ,/, it/PRP works/VBZ by/IN the/DT way/NN ./.",,
sw09utt/sw_0940_2995.utt,2/sw2995,2995,92,ba,A,55,1,"{F Oh, } good. /","Oh/UH ,/, good/UH ./.",,
sw09utt/sw_0940_2995.utt,2/sw2995,2995,93,sd,B,56,1,"{C But, } {F uh, } the telephone doesn't bother me because I leave it half the time, on, {F uh, } {D you know, } answering service anyway,","But/CC ,/, uh/UH ,/, the/DT telephone/NN does/VBZ n't/RB bother/VB me/PRP because/IN I/PRP leave/VBP it/PRP half/PDT the/DT time/NN ,/, on/IN ,/, uh/UH ,/, you/PRP know/VBP ,/, answering/VBG service/NN anyway/RB ,/,",,
sw09utt/sw_0940_2995.utt,2/sw2995,2995,94,b,A,57,1,Uh-huh. /,Uh-huh/UH ./.,,
sw09utt/sw_0940_2995.utt,2/sw2995,2995,95,+,B,58,1,"unless I'm home,  /","unless/IN I/PRP 'm/VBP home/RB ,/,",,
sw09utt/sw_0940_2995.utt,2/sw2995,2995,96,sd,B,58,2,"{C so } I figure I can turn it off one way or the other,  /","so/RB I/PRP figure/VBP I/PRP can/MD turn/VB it/PRP off/RP one/CD way/NN or/CC the/DT other/NN ,/,",,
sw09utt/sw_0940_2995.utt,2/sw2995,2995,97,sd,B,58,3,{C but } I think that's the only bottom line thing that I dislike.  /,but/CC I/PRP think/VBP that/DT 's/BES the/DT only/JJ bottom/NN line/NN thing/NN that/WDT I/PRP dislike/VBP ./.,,
sw09utt/sw_0940_2995.utt,2/sw2995,2995,98,%,B,58,4,"{C Because } it does, - /","Because/IN it/PRP does/VBZ ,/,",,
sw09utt/sw_0940_2995.utt,2/sw2995,2995,99,sd,B,58,5,"other than the U S Census, {F um, } - /","other/JJ than/IN the/DT U/NNP S/NNP Census/NNP ,/, um/UH ,/,",,
sw09utt/sw_0940_2995.utt,2/sw2995,2995,100,t1,B,58,6,what was it.  /,what/WP was/VBD it/PRP ./.,,
sw09utt/sw_0940_2995.utt,2/sw2995,2995,101,sd,B,58,7,"{F Oh } [ the, + the ] carpet place that called me three times, -/","Oh/UH the/DT ,/, the/DT carpet/NN place/NN that/WDT called/VBD me/PRP three/CD times/NNS ,/,",,
sw09utt/sw_0940_2995.utt,2/sw2995,2995,102,b,A,59,1,Uh-huh. /,Uh-huh/UH ./.,,
sw09utt/sw_0940_2995.utt,2/sw2995,2995,103,sd,B,60,1,"that I felt was invasion because it was the same carpet place, and called me three times. /","that/DT I/PRP felt/VBD was/VBD invasion/NN because/IN it/PRP was/VBD the/DT same/JJ carpet/NN place/NN ,/, and/CC called/VBD me/PRP three/CD times/NNS ./.",,
sw09utt/sw_0940_2995.utt,2/sw2995,2995,104,x,A,61,1,<Footsteps> <door>.,,,
sw09utt/sw_0940_2995.utt,2/sw2995,2995,105,sv,B,62,1,I mean one should be sufficient. /,I/PRP mean/VBP one/CD should/MD be/VB sufficient/JJ ./.,,
sw09utt/sw_0940_2995.utt,2/sw2995,2995,106,aa,A,63,1,That's right. /,That/DT 's/BES right/JJ ./.,,
sw09utt/sw_0940_2995.utt,2/sw2995,2995,107,%,B,64,1,"{C But, } if people don't use the telephone, - /","But/CC ,/, if/IN people/NNS do/VBP n't/RB use/VB the/DT telephone/NN ,/,",,
sw09utt/sw_0940_2995.utt,2/sw2995,2995,108,sd,B,64,2,[ it's +  {D like } I ] don't know when the police has their project going  /,it/PRP 's/BES like/IN I/PRP do/VBP n't/RB know/VB when/WRB the/DT police/NN has/VBZ their/PRP$ project/NN going/VBG,,
sw09utt/sw_0940_2995.utt,2/sw2995,2995,109,sd,B,64,3,{C and } I don't know when the other ones have their project going and when they want to pick up down my street for things.  /,and/CC I/PRP do/VBP n't/RB know/VB when/WRB the/DT other/JJ ones/NNS have/VBP their/PRP$ project/NN going/VBG and/CC when/WRB they/PRP want/VBP to/TO pick/VB up/RP down/IN my/PRP$ street/NN for/IN things/NNS ./.,,
sw09utt/sw_0940_2995.utt,2/sw2995,2995,110,sd,B,64,4,That's the only way I know. /,That/DT 's/BES the/DT only/JJ way/NN I/PRP know/VBP ./.,,
sw09utt/sw_0940_2995.utt,2/sw2995,2995,111,b,A,65,1,Uh-huh. /,Uh-huh/UH ./.,,
sw09utt/sw_0940_2995.utt,2/sw2995,2995,112,%,B,66,1,"{C And, } {F uh, } [ that's + i-, ] -/","And/CC ,/, uh/UH ,/, that/DT 's/BES i-/XX ,/,",,
sw09utt/sw_0940_2995.utt,2/sw2995,2995,113,sv,A,67,1,"{D Well } you have to have the telephone,  /","Well/UH you/PRP have/VBP to/TO have/VB the/DT telephone/NN ,/,",,
sw09utt/sw_0940_2995.utt,2/sw2995,2995,114,%,A,67,2,"{C but } you can't, {D you know, } - /","but/CC you/PRP ca/MD n't/RB ,/, you/PRP know/VBP ,/,",,
sw09utt/sw_0940_2995.utt,2/sw2995,2995,115,sv,A,67,3,"[ {C and, } + {C and } ] [ it's, + sometimes it's ] hard to screen out all the calls that you don't want. /","and/CC ,/, and/CC it/PRP 's/BES ,/, sometimes/RB it/PRP 's/BES hard/JJ to/TO screen/VB out/RP all/PDT the/DT calls/NNS that/WDT you/PRP do/VBP n't/RB want/VB ./.",,
sw09utt/sw_0940_2995.utt,2/sw2995,2995,116,sv,B,68,1,"{D Well } see there's no way of knowing, /","Well/UH see/VB there/EX 's/BES no/DT way/NN of/IN knowing/VBG ,/,",,
sw09utt/sw_0940_2995.utt,2/sw2995,2995,117,b,A,69,1,Uh-huh. /,Uh-huh/UH ./.,,
sw09utt/sw_0940_2995.utt,2/sw2995,2995,118,sv,B,70,1,"[ that's, + {D you know, } that's ] the problem.  /","that/DT 's/BES ,/, you/PRP know/VBP ,/, that/DT 's/BES the/DT problem/NN ./.",,
sw09utt/sw_0940_2995.utt,2/sw2995,2995,119,sd,B,70,2,"{D Like } the product I sell, {F uh, } I sell mostly to older people which can't get it in a normal public situation.  /","Like/UH the/DT product/NN I/PRP sell/VBP ,/, uh/UH ,/, I/PRP sell/VBP mostly/RB to/IN older/JJR people/NNS which/WDT ca/MD n't/RB get/VB it/PRP in/IN a/DT normal/JJ public/JJ situation/NN ./.",,
sw09utt/sw_0940_2995.utt,2/sw2995,2995,120,sd,B,70,3,The only way we'd get to them is by telephone. /,The/DT only/JJ way/NN we/PRP 'd/MD get/VB to/IN them/PRP is/VBZ by/IN telephone/NN ./.,,
sw09utt/sw_0940_2995.utt,2/sw2995,2995,121,b,A,71,1,{F Um. } /,Um/UH ./.,,
sw09utt/sw_0940_2995.utt,2/sw2995,2995,122,sd,B,72,1,"{C And, } {F uh, } most of them like it because the company I work for is nationwide, and, {F uh, } reputable  /","And/CC ,/, uh/UH ,/, most/JJS of/IN them/PRP like/VBP it/PRP because/IN the/DT company/NN I/PRP work/VBP for/IN is/VBZ nationwide/JJ ,/, and/CC ,/, uh/UH ,/, reputable/JJ",,
sw09utt/sw_0940_2995.utt,2/sw2995,2995,123,sd,B,72,2,"{C and } they know that hey, we're backing it, one hundred percent. /","and/CC they/PRP know/VBP that/IN hey/UH ,/, we/PRP 're/VBP backing/VBG it/PRP ,/, one/CD hundred/CD percent/NN ./.",,
sw09utt/sw_0940_2995.utt,2/sw2995,2995,124,b,A,73,1,"[ Ye-, + uh-huh. ] /","Ye-/UH ,/, uh-huh/UH ./.",,
sw09utt/sw_0940_2995.utt,2/sw2995,2995,125,sd,B,74,1,"{C But, } if we were denied the right to call people up, these people would never be able to get it.  /","But/CC ,/, if/IN we/PRP were/VBD denied/VBN the/DT right/NN to/TO call/VB people/NNS up/RP ,/, these/DT people/NNS would/MD never/RB be/VB able/JJ to/TO get/VB it/PRP ./.",,
sw09utt/sw_0940_2995.utt,2/sw2995,2995,126,sd,B,74,2,"Because your normal companies that offer it, do not offer it in the amounts that we do  /","Because/IN your/PRP$ normal/JJ companies/NNS that/WDT offer/VBP it/PRP ,/, do/VBP not/RB offer/VB it/PRP in/IN the/DT amounts/NNS that/WDT we/PRP do/VBP",,
sw09utt/sw_0940_2995.utt,2/sw2995,2995,127,sd,B,74,3,"{C and } they'd never have it then, at that point. /","and/CC they/PRP 'd/MD never/RB have/VB it/PRP then/RB ,/, at/IN that/DT point/NN ./.",,
sw09utt/sw_0940_2995.utt,2/sw2995,2995,128,b,A,75,1,Uh-huh. /,Uh-huh/UH ./.,,
sw09utt/sw_0940_2995.utt,2/sw2995,2995,129,sd,B,76,1,"Because we offer it in a very low, {D you know, } quantity. /","Because/IN we/PRP offer/VBP it/PRP in/IN a/DT very/RB low/JJ ,/, you/PRP know/VBP ,/, quantity/NN ./.",,
sw09utt/sw_0940_2995.utt,2/sw2995,2995,130,x,A,77,1,<Door>.,,,
sw09utt/sw_0940_2995.utt,2/sw2995,2995,131,sd,B,78,1,"{C So } {E I mean, } [ I, + I ] don't know what to do as far as that's concerned.  /","So/RB I/PRP mean/VBP ,/, I/PRP ,/, I/PRP do/VBP n't/RB know/VB what/WP to/TO do/VB as/RB far/RB as/IN that/DT 's/BES concerned/JJ ./.",,
sw09utt/sw_0940_2995.utt,2/sw2995,2995,132,sv,B,78,2,{C But } it is nerve racking.  /,But/CC it/PRP is/VBZ nerve/GW racking/^JJ ./.,,
sw09utt/sw_0940_2995.utt,2/sw2995,2995,133,sv,B,78,3,"I mean it is nerve racking to have the telephone,  /","I/PRP mean/VBP it/PRP is/VBZ nerve/GW racking/^JJ to/TO have/VB the/DT telephone/NN ,/,",,
sw09utt/sw_0940_2995.utt,2/sw2995,2995,134,sv,B,78,4,"{C but } at least, as I said, you can always say no thank you <laughter>. /","but/CC at/IN least/JJS ,/, as/IN I/PRP said/VBD ,/, you/PRP can/MD always/RB say/VB no/UH thank/VB you/PRP ./.",,
sw09utt/sw_0940_2995.utt,2/sw2995,2995,135,aa,A,79,1,"Right,  /","Right/UH ,/,",,
sw09utt/sw_0940_2995.utt,2/sw2995,2995,136,aa,A,79,2,uh-huh. /,uh-huh/UH ./.,,
sw09utt/sw_0940_2995.utt,2/sw2995,2995,137,bf,B,80,1,I gather you get a lot of telephone calls. /,I/PRP gather/VBP you/PRP get/VBP a/DT lot/NN of/IN telephone/NN calls/NNS ./.,,
sw09utt/sw_0940_2995.utt,2/sw2995,2995,138,aa,A,81,1,"Sometimes,  /","Sometimes/RB ,/,",,
sw09utt/sw_0940_2995.utt,2/sw2995,2995,139,aa,A,81,2,"yeah,  /","yeah/UH ,/,",,
sw09utt/sw_0940_2995.utt,2/sw2995,2995,140,sd,A,81,3,some days it just rings off the wall. /,some/DT days/NNS it/PRP just/RB rings/VBZ off/IN the/DT wall/NN ./.,,
sw09utt/sw_0940_2995.utt,2/sw2995,2995,141,b,B,82,1,"Yes,  /","Yes/UH ,/,",,
sw09utt/sw_0940_2995.utt,2/sw2995,2995,142,b^r,B,82,2,"yes,  /","yes/UH ,/,",,
sw09utt/sw_0940_2995.utt,2/sw2995,2995,143,b^r,B,82,3,yes.  /,yes/UH ./.,,
sw09utt/sw_0940_2995.utt,2/sw2995,2995,144,qy^d,B,82,4,In other words you own your own home. /,In/IN other/JJ words/NNS you/PRP own/VBP your/PRP$ own/JJ home/NN ./.,,
sw09utt/sw_0940_2995.utt,2/sw2995,2995,145,nn,A,83,1,"No,  /","No/UH ,/,",,
sw09utt/sw_0940_2995.utt,2/sw2995,2995,146,nn^r,A,83,2,no. /,no/UH ./.,,
sw09utt/sw_0940_2995.utt,2/sw2995,2995,147,sv,B,84,1,I think that's where they hit most of us.  /,I/PRP think/VBP that/DT 's/BES where/WRB they/PRP hit/VBP most/JJS of/IN us/PRP ./.,,
sw09utt/sw_0940_2995.utt,2/sw2995,2995,148,sd,B,84,2,{D Like } I own my own home. /,Like/UH I/PRP own/VBP my/PRP$ own/JJ home/NN ./.,,
sw09utt/sw_0940_2995.utt,2/sw2995,2995,149,b,A,85,1,Uh-huh. /,Uh-huh/UH ./.,,
sw09utt/sw_0940_2995.utt,2/sw2995,2995,150,sv,B,86,1,"{C And } you just know about what time,  /","And/CC you/PRP just/RB know/VBP about/RB what/WP time/NN ,/,",,
sw09utt/sw_0940_2995.utt,2/sw2995,2995,151,sv,B,86,2,"{D like } some days I hate staying home because the phone rings all the time,  /","like/UH some/DT days/NNS I/PRP hate/VBP staying/VBG home/RB because/IN the/DT phone/NN rings/VBZ all/PDT the/DT time/NN ,/,",,
sw09utt/sw_0940_2995.utt,2/sw2995,2995,152,h,B,86,3,"{C but, } {F uh, } I don't know,  /","but/CC ,/, uh/UH ,/, I/PRP do/VBP n't/RB know/VB ,/,",,
sw09utt/sw_0940_2995.utt,2/sw2995,2995,153,sd,B,86,4,I haven't been able to figure that out.  /,I/PRP have/VBP n't/RB been/VBN able/JJ to/TO figure/VB that/DT out/RP ./.,,
sw09utt/sw_0940_2995.utt,2/sw2995,2995,154,sd,B,86,5,Something else to do about it.  /,Something/NN else/RB to/TO do/VB about/IN it/PRP ./.,,
sw09utt/sw_0940_2995.utt,2/sw2995,2995,155,sd(^q),B,86,6,"When they call up and want to say, {D well } tell me this, this, this, this and I'll give you a free something or other,","When/WRB they/PRP call/VBP up/RP and/CC want/VBP to/TO say/VB ,/, well/UH tell/VB me/PRP this/DT ,/, this/DT ,/, this/DT ,/, this/DT and/CC I/PRP 'll/MD give/VB you/PRP a/DT free/JJ something/NN or/CC other/JJ ,/,",,
sw09utt/sw_0940_2995.utt,2/sw2995,2995,156,b,A,87,1,Uh-huh. /,Uh-huh/UH ./.,,
sw09utt/sw_0940_2995.utt,2/sw2995,2995,157,+,B,88,1,"My answer is no thank you, I don't need it.  /","My/PRP$ answer/NN is/VBZ no/UH thank/VB you/PRP ,/, I/PRP do/VBP n't/RB need/VB it/PRP ./.",,
sw09utt/sw_0940_2995.utt,2/sw2995,2995,158,sd(^q),B,88,2,"{C And } they say, {D well } don't you want to know what's free,  /","And/CC they/PRP say/VBP ,/, well/UH do/VBP n't/RB you/PRP want/VB to/TO know/VB what/WP 's/BES free/JJ ,/,",,
sw09utt/sw_0940_2995.utt,2/sw2995,2995,159,sd(^q),B,88,3,"{C and } I s-, no <laughter>.  /","and/CC I/PRP s/VBP ,/, no/UH ./.",,
sw09utt/sw_0940_2995.utt,2/sw2995,2995,160,sv,B,88,4,"If I have to give them so  much to answer the questions to get fifty rolls of film or something like  that, they're taking something away from me  /","If/IN I/PRP have/VBP to/TO give/VB them/PRP so/RB much/JJ to/TO answer/VB the/DT questions/NNS to/TO get/VB fifty/CD rolls/NNS of/IN film/NN or/CC something/NN like/IN that/DT ,/, they/PRP 're/VBP taking/VBG something/NN away/RB from/IN me/PRP",,
sw09utt/sw_0940_2995.utt,2/sw2995,2995,161,sd,B,88,5,{C and } I don't like that. /,and/CC I/PRP do/VBP n't/RB like/VB that/DT ./.,,
sw09utt/sw_0940_2995.utt,2/sw2995,2995,162,aa,A,89,1,Right.  /,Right/UH ./.,,
sw09utt/sw_0940_2995.utt,2/sw2995,2995,163,aa,A,89,2,"Yeah <throat_clearing>,  /","Yeah/UH ,/,",,
sw09utt/sw_0940_2995.utt,2/sw2995,2995,164,sd,A,89,3,"even if, I guess it's for coupons, [ they, + they ] have a survey they run  /","even/RB if/IN ,/, I/PRP guess/VBP it/PRP 's/BES for/IN coupons/NNS ,/, they/PRP ,/, they/PRP have/VBP a/DT survey/NN they/PRP run/VBP",,
sw09utt/sw_0940_2995.utt,2/sw2995,2995,165,sd,A,89,4,"{C and } [ [ it, + I guess it, ] + one of them ] is supposed to be a smokers survey  /","and/CC it/PRP ,/, I/PRP guess/VBP it/PRP ,/, one/CD of/IN them/PRP is/VBZ supposed/VBN to/TO be/VB a/DT smokers/NNS survey/NN",,
sw09utt/sw_0940_2995.utt,2/sw2995,2995,166,sd,A,89,5,{C but } the questions go a lot farther than having to do anything with smoking. /,but/CC the/DT questions/NNS go/VBP a/DT lot/NN farther/RB than/IN having/VBG to/TO do/VB anything/NN with/IN smoking/NN ./.,,
sw09utt/sw_0940_2995.utt,2/sw2995,2995,167,b,B,90,1,Uh-huh. /,Uh-huh/UH ./.,,
sw09utt/sw_0940_2995.utt,2/sw2995,2995,168,sd,A,91,1,"{C And } [ they ask, tha-, + {D you know, } they start out ]  /","And/CC they/PRP ask/VBP ,/, tha-/XX ,/, you/PRP know/VBP ,/, they/PRP start/VBP out/RP",,
sw09utt/sw_0940_2995.utt,2/sw2995,2995,169,sd,A,91,2,"{C and }  they ask you [ even, + even ] to your income level.  /","and/CC they/PRP ask/VBP you/PRP even/RB ,/, even/RB to/IN your/PRP$ income/NN level/NN ./.",,
sw09utt/sw_0940_2995.utt,2/sw2995,2995,170,sv,A,91,3,"I think that's, {D you know, } - /","I/PRP think/VBP that/DT 's/BES ,/, you/PRP know/VBP ,/,",,
sw09utt/sw_0940_2995.utt,2/sw2995,2995,171,sv,A,91,4,"whether you buy a T V dinner or not, I don't think it has anything to do with, -/","whether/IN you/PRP buy/VBP a/DT T/NN V/NN dinner/NN or/CC not/RB ,/, I/PRP do/VBP n't/RB think/VB it/PRP has/VBZ anything/NN to/TO do/VB with/IN ,/,",,
