swda_filename,ptb_basename,conversation_no,transcript_index,act_tag,caller,utterance_index,subutterance_index,text,pos,trees,ptb_treenumbers
sw09utt/sw_0955_3489.utt,3/sw3489,3489,0,o,A,1,1,"Okay, Jerry,  /","Okay/UH ,/, Jerry/NNP ,/,",,
sw09utt/sw_0955_3489.utt,3/sw3489,3489,1,sd^t,A,1,2,I guess tonight's topic is about recycling. /,I/PRP guess/VBP tonight/NN 's/POS topic/NN is/VBZ about/IN recycling/NN ./.,,
sw09utt/sw_0955_3489.utt,3/sw3489,3489,2,b,B,2,1,Uh-huh. /,Uh-huh/UH ./.,,
sw09utt/sw_0955_3489.utt,3/sw3489,3489,3,sd,A,3,1,{C And } I'd like to tell you first of all what's happening in our community --,And/CC I/PRP 'd/MD like/VB to/TO tell/VB you/PRP first/JJ of/IN all/DT what/WP 's/BES happening/VBG in/IN our/PRP$ community/NN --/:,,
sw09utt/sw_0955_3489.utt,3/sw3489,3489,4,b,B,4,1,All right. /,All/RB right/JJ ./.,,
sw09utt/sw_0955_3489.utt,3/sw3489,3489,5,+,A,5,1,-- here in Plano.  /,--/: here/RB in/IN Plano/NNP ./.,,
sw09utt/sw_0955_3489.utt,3/sw3489,3489,6,sd,A,5,2,"Right now we have a pretty nice recycling program where a lot of the recyclable materials can be picked up [ by the, + by the ] collection agency or [ the, + the ] city along with your garbage can.  /","Right/RB now/RB we/PRP have/VBP a/DT pretty/RB nice/JJ recycling/NN program/NN where/WRB a/DT lot/NN of/IN the/DT recyclable/JJ materials/NNS can/MD be/VB picked/VBN up/RP by/IN the/DT ,/, by/IN the/DT collection/NN agency/NN or/CC the/DT ,/, the/DT city/NN along/IN with/IN your/PRP$ garbage/NN can/NN ./.",,
sw09utt/sw_0955_3489.utt,3/sw3489,3489,7,sd,A,5,3,"{F Uh, } you can put out newspaper,  /","Uh/UH ,/, you/PRP can/MD put/VB out/RB newspaper/NN ,/,",,
sw09utt/sw_0955_3489.utt,3/sw3489,3489,8,sd,A,5,4,"you can put out glass,  /","you/PRP can/MD put/VB out/RB glass/NN ,/,",,
sw09utt/sw_0955_3489.utt,3/sw3489,3489,9,sd,A,5,5,"you can put out aluminum cans,  /","you/PRP can/MD put/VB out/RB aluminum/NN cans/NNS ,/,",,
sw09utt/sw_0955_3489.utt,3/sw3489,3489,10,sd,A,5,6,"you can [ put, + put ] out certain types of plastic material  /","you/PRP can/MD put/VB ,/, put/VB out/RB certain/JJ types/NNS of/IN plastic/NN material/NN",,
sw09utt/sw_0955_3489.utt,3/sw3489,3489,11,sd,A,5,7,{C and } that is on a roll out effort right now.  /,and/CC that/DT is/VBZ on/IN a/DT roll/VB out/RB effort/NN right/RB now/RB ./.,,
sw09utt/sw_0955_3489.utt,3/sw3489,3489,12,sd,A,5,8,"Not all the citizens and the people in Plano can go ahead and, {F uh, } participate right now,  /","Not/RB all/PDT the/DT citizens/NNS and/CC the/DT people/NNS in/IN Plano/NNP can/MD go/VB ahead/RB and/CC ,/, uh/UH ,/, participate/VB right/RB now/RB ,/,",,
sw09utt/sw_0955_3489.utt,3/sw3489,3489,13,sd,A,5,9,"{C but, } {F uh, } that will be rolled out to everyone, I hope, in the next year or so.  /","but/CC ,/, uh/UH ,/, that/DT will/MD be/VB rolled/VBN out/RB to/IN everyone/NN ,/, I/PRP hope/VBP ,/, in/IN the/DT next/JJ year/NN or/CC so/RB ./.",,
sw09utt/sw_0955_3489.utt,3/sw3489,3489,14,sd,A,5,10,"{C And } those that aren't participating, they have the specific drop off sites where you can take glass and newspaper and aluminum.  /","And/CC those/DT that/WDT are/VBP n't/RB participating/VBG ,/, they/PRP have/VBP the/DT specific/JJ drop/NN off/RP sites/NNS where/WRB you/PRP can/MD take/VB glass/NN and/CC newspaper/NN and/CC aluminum/NN ./.",,
sw09utt/sw_0955_3489.utt,3/sw3489,3489,15,sv,A,5,11,"{C And } I think, {F uh, } overall that's [ an, + an ] excellent opportunity  /","And/CC I/PRP think/VBP ,/, uh/UH ,/, overall/RB that/DT 's/BES an/DT ,/, an/DT excellent/JJ opportunity/NN",,
sw09utt/sw_0955_3489.utt,3/sw3489,3489,16,sd,A,5,12,"{C because } I hate to see our landfills being filled up and, {F uh, } growing bigger and bigger and  bigger where they are becoming a big problem for [ o-, + not only ] the people that are living today, but for the future also.  /","because/IN I/PRP hate/VBP to/TO see/VB our/PRP$ landfills/NNS being/VBG filled/VBN up/RP and/CC ,/, uh/UH ,/, growing/VBG bigger/JJR and/CC bigger/JJR and/CC bigger/JJR where/WRB they/PRP are/VBP becoming/VBG a/DT big/JJ problem/NN for/IN o-/XX ,/, not/RB only/RB the/DT people/NNS that/WDT are/VBP living/VBG today/NN ,/, but/CC for/IN the/DT future/NN also/RB ./.",,
sw09utt/sw_0955_3489.utt,3/sw3489,3489,17,%,A,5,13,"{C So, } -/","So/RB ,/,",,
sw09utt/sw_0955_3489.utt,3/sw3489,3489,18,b,B,6,1,"Yeah,  /","Yeah/UH ,/,",,
sw09utt/sw_0955_3489.utt,3/sw3489,3489,19,%,B,6,2,"{F uh, } I was read-, -/","uh/UH ,/, I/PRP was/VBD read-/XX ,/,",,
sw09utt/sw_0955_3489.utt,3/sw3489,3489,20,qo,A,7,1,How about your community? /,How/WRB about/IN your/PRP$ community/NN ?/.,,
sw09utt/sw_0955_3489.utt,3/sw3489,3489,21,b,B,8,1,"<Laughter> My community,  /","My/PRP$ community/NN ,/,",,
sw09utt/sw_0955_3489.utt,3/sw3489,3489,22,ba,B,8,2,that's cute. /,that/DT 's/BES cute/JJ ./.,,
sw09utt/sw_0955_3489.utt,3/sw3489,3489,23,x,A,9,1,<Laughter>.,,,
sw09utt/sw_0955_3489.utt,3/sw3489,3489,24,sd,B,10,1,I live in a place called Dye Mound. /,I/PRP live/VBP in/IN a/DT place/NN called/VBN Dye/NNP Mound/NNP ./.,,
sw09utt/sw_0955_3489.utt,3/sw3489,3489,25,br,A,11,1,Dye Mound? /,Dye/NNP Mound/NNP ?/.,,
sw09utt/sw_0955_3489.utt,3/sw3489,3489,26,sd,B,12,1,Or Dye Community. /,Or/CC Dye/NNP Community/NNP ./.,,
sw09utt/sw_0955_3489.utt,3/sw3489,3489,27,b,A,13,1,Uh-huh. /,Uh-huh/UH ./.,,
sw09utt/sw_0955_3489.utt,3/sw3489,3489,28,sd,B,14,1,"{C And } it's not a city, <lipsmack> not incorporated,  /","And/CC it/PRP 's/BES not/RB a/DT city/NN ,/, not/RB incorporated/JJ ,/,",,
sw09utt/sw_0955_3489.utt,3/sw3489,3489,29,sd,B,14,2,"my nearest neighbor's about a half a mile at least, /","my/PRP$ nearest/RBS neighbor/NN 's/BES about/RB a/DT half/PDT a/DT mile/NN at/IN least/JJS ,/,",,
sw09utt/sw_0955_3489.utt,3/sw3489,3489,30,x,A,15,1,<Laughter>.,,,
sw09utt/sw_0955_3489.utt,3/sw3489,3489,31,sd,B,16,1,I can't even see their house  /,I/PRP ca/MD n't/RB even/RB see/VB their/PRP$ house/NN,,
sw09utt/sw_0955_3489.utt,3/sw3489,3489,32,%,B,16,2,"{C and, } {F uh, } -/","and/CC ,/, uh/UH ,/,",,
sw09utt/sw_0955_3489.utt,3/sw3489,3489,33,sd,A,17,1,Sounds like a place where I grew up <laughter>. /,Sounds/VBZ like/IN a/DT place/NN where/WRB I/PRP grew/VBD up/RP ./.,,
sw09utt/sw_0955_3489.utt,3/sw3489,3489,34,b,B,18,1,"Yeah,  /","Yeah/UH ,/,",,
sw09utt/sw_0955_3489.utt,3/sw3489,3489,35,sd,B,18,2,"{E I mean, } {F uh, } [ I'm out in, + I'm out in ] the wilderness. # Literally. # /","I/PRP mean/VBP ,/, uh/UH ,/, I/PRP 'm/VBP out/IN in/IN ,/, I/PRP 'm/VBP out/IN in/IN the/DT wilderness/NN ./. Literally/RB ./.",,
sw09utt/sw_0955_3489.utt,3/sw3489,3489,36,sd,A,19,1,"# {D Well, } I like it. # /","Well/UH ,/, I/PRP like/VBP it/PRP ./.",,
sw09utt/sw_0955_3489.utt,3/sw3489,3489,37,sd,B,20,1,"{C And, } {F uh, } {D well, } give you an idea,  /","And/CC ,/, uh/UH ,/, well/UH ,/, give/VB you/PRP an/DT idea/NN ,/,",,
sw09utt/sw_0955_3489.utt,3/sw3489,3489,38,sd,B,20,2,"it's three and a half miles of dirt road [ to the concrete, +","it/PRP 's/BES three/CD and/CC a/DT half/NN miles/NNS of/IN dirt/NN road/NN to/IN the/DT concrete/NN ,/,",,
sw09utt/sw_0955_3489.utt,3/sw3489,3489,39,x,A,21,1,<Laughter>.,,,
sw09utt/sw_0955_3489.utt,3/sw3489,3489,40,+,B,22,1,"{E I mean, } to the asphalt, ]  /","I/PRP mean/VBP ,/, to/IN the/DT asphalt/NN ,/,",,
sw09utt/sw_0955_3489.utt,3/sw3489,3489,41,sd,B,22,2,we're out there. /,we/PRP 're/VBP out/IN there/RB ./.,,
sw09utt/sw_0955_3489.utt,3/sw3489,3489,42,b,A,23,1,Uh-huh. /,Uh-huh/UH ./.,,
sw09utt/sw_0955_3489.utt,3/sw3489,3489,43,sd,B,24,1,"{C And, } {F uh, } [ we, + I ] do some interesting recycling things. /","And/CC ,/, uh/UH ,/, we/PRP ,/, I/PRP do/VBP some/DT interesting/JJ recycling/NN things/NNS ./.",,
sw09utt/sw_0955_3489.utt,3/sw3489,3489,44,ba,A,25,1,"{D Well, } good. /","Well/UH ,/, good/UH ./.",,
sw09utt/sw_0955_3489.utt,3/sw3489,3489,45,sd,B,26,1,I'm building our house right now  /,I/PRP 'm/VBP building/VBG our/PRP$ house/NN right/RB now/RB,,
sw09utt/sw_0955_3489.utt,3/sw3489,3489,46,sd,B,26,2,"{C and } I'm going to incorporate into my, {F uh, } garage area a weight activated, {F uh, } crusher. /","and/CC I/PRP 'm/VBP going/VBG to/TO incorporate/VB into/IN my/PRP$ ,/, uh/UH ,/, garage/NN area/NN a/DT weight/NN activated/VBN ,/, uh/UH ,/, crusher/NN ./.",,
sw09utt/sw_0955_3489.utt,3/sw3489,3489,47,b,A,27,1,"{F Oh, } okay. /","Oh/UH ,/, okay/UH ./.",,
sw09utt/sw_0955_3489.utt,3/sw3489,3489,48,sd,B,28,1,"{C So } when I drive the car [ in the, + in the ] driveway in the afternoon, [ it, + it ] will just drive it up on a ramp that actually puts me on top of [ the, + the, ] {F uh, } pressure side of a, {F uh, } hydraulic cylinder. /","So/RB when/WRB I/PRP drive/VBP the/DT car/NN in/IN the/DT ,/, in/IN the/DT driveway/NN in/IN the/DT afternoon/NN ,/, it/PRP ,/, it/PRP will/MD just/RB drive/VB it/PRP up/IN on/IN a/DT ramp/NN that/WDT actually/RB puts/VBZ me/PRP on/IN top/NN of/IN the/DT ,/, the/DT ,/, uh/UH ,/, pressure/NN side/NN of/IN a/DT ,/, uh/UH ,/, hydraulic/JJ cylinder/NN ./.",,
sw09utt/sw_0955_3489.utt,3/sw3489,3489,49,b,A,29,1,Uh-huh. /,Uh-huh/UH ./.,,
sw09utt/sw_0955_3489.utt,3/sw3489,3489,50,sd,B,30,1,"{C And } the weight of the car will crush,","And/CC the/DT weight/NN of/IN the/DT car/NN will/MD crush/VB ,/,",,
sw09utt/sw_0955_3489.utt,3/sw3489,3489,51,x,A,31,1,<Cough>.,,,
sw09utt/sw_0955_3489.utt,3/sw3489,3489,52,+,B,32,1,what's ever in the disposer. /,what/WP 's/BES ever/RB in/IN the/DT disposer/NN ./.,,
sw09utt/sw_0955_3489.utt,3/sw3489,3489,53,b,A,33,1,Oh. /,Oh/UH ./.,,
sw09utt/sw_0955_3489.utt,3/sw3489,3489,54,sd,B,34,1,"[ Hope-, + hopefully, ] it's not my wife. /","Hope-/RB ,/, hopefully/RB ,/, it/PRP 's/BES not/RB my/PRP$ wife/NN ./.",,
sw09utt/sw_0955_3489.utt,3/sw3489,3489,55,x,A,35,1,<Laughter>.,,,
sw09utt/sw_0955_3489.utt,3/sw3489,3489,56,x,B,36,1,<Laughter>.,,,
sw09utt/sw_0955_3489.utt,3/sw3489,3489,57,ad,A,37,1,"{D Well, } let's hope not.  /","Well/UH ,/, let/VB 's/PRP hope/VB not/RB ./.",,
sw09utt/sw_0955_3489.utt,3/sw3489,3489,58,sv,A,37,2,"You can [ be, + {F uh, } get ] in trouble for that. /","You/PRP can/MD be/VB ,/, uh/UH ,/, get/VB in/IN trouble/NN for/IN that/DT ./.",,
sw09utt/sw_0955_3489.utt,3/sw3489,3489,59,sd,B,38,1,"{D Well, } I thought [ I'd, + {D you know, } I'd ] use it as [ a, + an ] escapement type thing.  /","Well/UH ,/, I/PRP thought/VBD I/PRP 'd/MD ,/, you/PRP know/VB ,/, I/PRP 'd/MD use/VB it/PRP as/IN a/DT ,/, an/DT escapement/NN type/NN thing/NN ./.",,
sw09utt/sw_0955_3489.utt,3/sw3489,3489,60,qy^d,B,38,2,"I don't know if you're familiar with that operation,  /","I/PRP do/VBP n't/RB know/VB if/IN you/PRP 're/VBP familiar/JJ with/IN that/DT operation/NN ,/,",,
sw09utt/sw_0955_3489.utt,3/sw3489,3489,61,sd,B,38,3,"{C but, } what you do is you just build up the pressure -- /","but/CC ,/, what/WP you/PRP do/VBP is/VBZ you/PRP just/RB build/VBP up/RP the/DT pressure/NN --/:",,
sw09utt/sw_0955_3489.utt,3/sw3489,3489,62,b,A,39,1,Uh-huh. /,Uh-huh/UH ./.,,
sw09utt/sw_0955_3489.utt,3/sw3489,3489,63,sd,B,40,1,-- {C and then } you go over and release it  /,--/: and/CC then/RB you/PRP go/VBP over/RB and/CC release/VBP it/PRP,,
sw09utt/sw_0955_3489.utt,3/sw3489,3489,64,sd,B,40,2,"{C and then } [ it just, + it just ] drops, {D you know. } /","and/CC then/RB it/PRP just/RB ,/, it/PRP just/RB drops/VBZ ,/, you/PRP know/VBP ./.",,
sw09utt/sw_0955_3489.utt,3/sw3489,3489,65,qy^g,A,41,1,"{D Well, } it's quite similar to a hydraulic jack, isn't it? /","Well/UH ,/, it/PRP 's/BES quite/RB similar/JJ to/IN a/DT hydraulic/JJ jack/NN ,/, is/VBZ n't/RB it/PRP ?/.",,
sw09utt/sw_0955_3489.utt,3/sw3489,3489,66,na,B,42,1,"Very similar,  /","Very/RB similar/JJ ,/,",,
sw09utt/sw_0955_3489.utt,3/sw3489,3489,67,ny,B,42,2,yeah. /,yeah/UH ./.,,
sw09utt/sw_0955_3489.utt,3/sw3489,3489,68,bk,A,43,1,"Okay,  /","Okay/UH ,/,",,
sw09utt/sw_0955_3489.utt,3/sw3489,3489,69,bk^r,A,43,2,okay. /,okay/UH ./.,,
sw09utt/sw_0955_3489.utt,3/sw3489,3489,70,sd,B,44,1,"{D Well, } [ what, + what ] it will be, [ you just, + you ] drive up on the jack,  /","Well/UH ,/, what/WP ,/, what/WP it/PRP will/MD be/VB ,/, you/PRP just/RB ,/, you/PRP drive/VBP up/IN on/IN the/DT jack/NN ,/,",,
sw09utt/sw_0955_3489.utt,3/sw3489,3489,71,sd,B,44,2,"{C but } [ you, + it ] won't go down. /","but/CC you/PRP ,/, it/PRP wo/MD n't/RB go/VB down/RB ./.",,
sw09utt/sw_0955_3489.utt,3/sw3489,3489,72,b,A,45,1,"Yes,  /","Yes/UH ,/,",,
sw09utt/sw_0955_3489.utt,3/sw3489,3489,73,qy^d,A,45,2,until you release it. /,until/IN you/PRP release/VBP it/PRP ./.,,
sw09utt/sw_0955_3489.utt,3/sw3489,3489,74,nd,B,46,1,"Until you pull the pin,  /","Until/IN you/PRP pull/VBP the/DT pin/NN ,/,",,
sw09utt/sw_0955_3489.utt,3/sw3489,3489,75,%,B,46,2,yeah. /,yeah/UH ./.,,
sw09utt/sw_0955_3489.utt,3/sw3489,3489,76,b,A,47,1,All right. /,All/RB right/JJ ./.,,
sw09utt/sw_0955_3489.utt,3/sw3489,3489,77,sd,B,48,1,{D Anyway } --,Anyway/UH --/:,,
sw09utt/sw_0955_3489.utt,3/sw3489,3489,78,%,A,49,1,"I think, -/","I/PRP think/VBP ,/,",,
sw09utt/sw_0955_3489.utt,3/sw3489,3489,79,+,B,50,1,"-- I have another, {F uh, } recycling method I use. /","--/: I/PRP have/VBP another/DT ,/, uh/UH ,/, recycling/NN method/NN I/PRP use/VBP ./.",,
sw09utt/sw_0955_3489.utt,3/sw3489,3489,80,b,A,51,1,Yes. /,Yes/UH ./.,,
sw09utt/sw_0955_3489.utt,3/sw3489,3489,81,qy,B,52,1,You know all that junk mail you get? /,You/PRP know/VBP all/PDT that/DT junk/NN mail/NN you/PRP get/VBP ?/.,,
sw09utt/sw_0955_3489.utt,3/sw3489,3489,82,ny,A,53,1,"{F Oh, } <laughter> yes,  /","Oh/UH ,/, yes/UH ,/,",,
sw09utt/sw_0955_3489.utt,3/sw3489,3489,83,sd^e,A,53,2,I sure do. /,I/PRP sure/RB do/VBP ./.,,
sw09utt/sw_0955_3489.utt,3/sw3489,3489,84,sd(^q),B,54,1,"The glossy paper that says, buy this, and send off for that and --","The/DT glossy/JJ paper/NN that/WDT says/VBZ ,/, buy/VB this/DT ,/, and/CC send/VB off/RP for/IN that/DT and/CC --/:",,
sw09utt/sw_0955_3489.utt,3/sw3489,3489,85,b,A,55,1,Uh-huh. /,Uh-huh/UH ./.,,
sw09utt/sw_0955_3489.utt,3/sw3489,3489,86,+,B,56,1,-- you have won and all that.  /,--/: you/PRP have/VBP won/VBN and/CC all/PDT that/DT ./.,,
sw09utt/sw_0955_3489.utt,3/sw3489,3489,87,sd,B,56,2,"{D Well, } anytime they send me a return envelope --","Well/UH ,/, anytime/RB they/PRP send/VBP me/PRP a/DT return/NN envelope/NN --/:",,
sw09utt/sw_0955_3489.utt,3/sw3489,3489,88,b,A,57,1,Uh-huh. /,Uh-huh/UH ./.,,
sw09utt/sw_0955_3489.utt,3/sw3489,3489,89,+,B,58,1,-- I put all that stuff back in the envelope --,--/: I/PRP put/VBP all/PDT that/DT stuff/NN back/RB in/IN the/DT envelope/NN --/:,,
sw09utt/sw_0955_3489.utt,3/sw3489,3489,90,b,A,59,1,Oh. /,Oh/UH ./.,,
sw09utt/sw_0955_3489.utt,3/sw3489,3489,91,+,B,60,1,"-- plus the other stuff that I, {D you know, } happen to gather up. /","--/: plus/CC the/DT other/JJ stuff/NN that/WDT I/PRP ,/, you/PRP know/VBP ,/, happen/VBP to/TO gather/VB up/RP ./.",,
sw09utt/sw_0955_3489.utt,3/sw3489,3489,92,x,A,61,1,<Laughter>.,,,
sw09utt/sw_0955_3489.utt,3/sw3489,3489,93,sd,B,62,1,"{C Because, } {F uh, } {D well, } like I say, we live a way  /","Because/IN ,/, uh/UH ,/, well/UH ,/, like/IN I/PRP say/VBP ,/, we/PRP live/VBP a/DT way/NN",,
sw09utt/sw_0955_3489.utt,3/sw3489,3489,94,sd,B,62,2,"{C and } when you throw trash away, you throw it in my yard. /","and/CC when/WRB you/PRP throw/VBP trash/NN away/RB ,/, you/PRP throw/VBP it/PRP in/IN my/PRP$ yard/NN ./.",,
sw09utt/sw_0955_3489.utt,3/sw3489,3489,95,b,A,63,1,Yes. /,Yes/UH ./.,,
sw09utt/sw_0955_3489.utt,3/sw3489,3489,96,sd,B,64,1,{C And } I don't like that -- /,And/CC I/PRP do/VBP n't/RB like/VB that/DT --/:,,
sw09utt/sw_0955_3489.utt,3/sw3489,3489,97,b,A,65,1,No. /,No/UH ./.,,
sw09utt/sw_0955_3489.utt,3/sw3489,3489,98,sd,B,66,1,-- {C so } I don't do that.  /,--/: so/RB I/PRP do/VBP n't/RB do/VB that/DT ./.,,
sw09utt/sw_0955_3489.utt,3/sw3489,3489,99,sd,B,66,2,{C So } I take it  /,So/RB I/PRP take/VBP it/PRP,,
sw09utt/sw_0955_3489.utt,3/sw3489,3489,100,sd,B,66,3,"[ {C and } I send, + {C and } I mail ] it back to them. /","and/CC I/PRP send/VBP ,/, and/CC I/PRP mail/VBP it/PRP back/RB to/IN them/PRP ./.",,
sw09utt/sw_0955_3489.utt,3/sw3489,3489,101,ba,A,67,1,"{D Well, } great.  /","Well/UH ,/, great/UH ./.",,
sw09utt/sw_0955_3489.utt,3/sw3489,3489,102,ba,A,67,2,That's excellent. /,That/DT 's/BES excellent/JJ ./.,,
sw09utt/sw_0955_3489.utt,3/sw3489,3489,103,sd,B,68,1,I've had four companies actually stop mailing me stuff. /,I/PRP 've/VBP had/VBN four/CD companies/NNS actually/RB stop/VB mailing/VBG me/PRP stuff/NN ./.,,
sw09utt/sw_0955_3489.utt,3/sw3489,3489,104,sv,A,69,1,"<Laughter>  {D Well, } {F uh, } if a lot of people did that, then we wouldn't have a lot of this junk mail.  /","Well/UH ,/, uh/UH ,/, if/IN a/DT lot/NN of/IN people/NNS did/VBD that/DT ,/, then/RB we/PRP would/MD n't/RB have/VB a/DT lot/NN of/IN this/DT junk/NN mail/NN ./.",,
sw09utt/sw_0955_3489.utt,3/sw3489,3489,105,ba,A,69,2,That's a great idea.  /,That/DT 's/BES a/DT great/JJ idea/NN ./.,,
sw09utt/sw_0955_3489.utt,3/sw3489,3489,106,sd,A,69,3,I hadn't thought about that  /,I/PRP had/VBD n't/RB thought/VBN about/IN that/DT,,
sw09utt/sw_0955_3489.utt,3/sw3489,3489,107,sv,A,69,4,{C and } we might be able to incorporate some of that.  /,and/CC we/PRP might/MD be/VB able/JJ to/TO incorporate/VB some/DT of/IN that/DT ./.,,
sw09utt/sw_0955_3489.utt,3/sw3489,3489,108,%,A,69,5,"One thing, -/","One/CD thing/NN ,/,",,
sw09utt/sw_0955_3489.utt,3/sw3489,3489,109,b,B,70,1,Yeah.  /,Yeah/UH ./.,,
sw09utt/sw_0955_3489.utt,3/sw3489,3489,110,sv,B,70,2,"{D Well, } I think one of [ the, + the ] best ways to [ eliminate, + {F uh, } {E or } help ] the recycling problem is to eliminate non reusable items. /","Well/UH ,/, I/PRP think/VBP one/CD of/IN the/DT ,/, the/DT best/JJS ways/NNS to/TO eliminate/VB ,/, uh/UH ,/, or/CC help/VB the/DT recycling/NN problem/NN is/VBZ to/TO eliminate/VB non/GW reusable/^JJ items/NNS ./.",,
sw09utt/sw_0955_3489.utt,3/sw3489,3489,111,b,A,71,1,Right. /,Right/UH ./.,,
sw09utt/sw_0955_3489.utt,3/sw3489,3489,112,sd,B,72,1,"For instance, {F uh, } I saw a thing on, {F uh, } NOVA, {A I think it was } the other day. /","For/IN instance/NN ,/, uh/UH ,/, I/PRP saw/VBD a/DT thing/NN on/IN ,/, uh/UH ,/, NOVA/NNP ,/, I/PRP think/VBP it/PRP was/VBD the/DT other/JJ day/NN ./.",,
sw09utt/sw_0955_3489.utt,3/sw3489,3489,113,b,A,73,1,Uh-huh. /,Uh-huh/UH ./.,,
sw09utt/sw_0955_3489.utt,3/sw3489,3489,114,sd,B,74,1,"This guy has designed [ recyclable materials, + {E I mean } recyclable items. ] /","This/DT guy/NN has/VBZ designed/VBN recyclable/JJ materials/NNS ,/, I/PRP mean/VBP recyclable/JJ items/NNS ./.",,
sw09utt/sw_0955_3489.utt,3/sw3489,3489,115,b,A,75,1,Right. /,Right/UH ./.,,
sw09utt/sw_0955_3489.utt,3/sw3489,3489,116,sd,B,76,1,"Whatever he makes, it's all out of the same thing. /","Whatever/WP he/PRP makes/VBZ ,/, it/PRP 's/BES all/DT out/IN of/IN the/DT same/JJ thing/NN ./.",,
sw09utt/sw_0955_3489.utt,3/sw3489,3489,117,b,A,77,1,Oh. /,Oh/UH ./.,,
sw09utt/sw_0955_3489.utt,3/sw3489,3489,118,sd,B,78,1,"{D See, } {C so, } plastic, it's all out of plastic. /","See/UH ,/, so/RB ,/, plastic/NN ,/, it/PRP 's/BES all/DT out/IN of/IN plastic/NN ./.",,
sw09utt/sw_0955_3489.utt,3/sw3489,3489,119,b,A,79,1,Yes. /,Yes/UH ./.,,
sw09utt/sw_0955_3489.utt,3/sw3489,3489,120,sd,B,80,1,"If it's metal, it's all out of metal.  /","If/IN it/PRP 's/BES metal/NN ,/, it/PRP 's/BES all/DT out/IN of/IN metal/NN ./.",,
sw09utt/sw_0955_3489.utt,3/sw3489,3489,121,sd,B,80,2,"[ [ It's, + he's a design, ] + he's a engineer, ] designing stuff. /","It/PRP 's/BES ,/, he/PRP 's/BES a/DT design/NN ,/, he/PRP 's/BES a/DT engineer/NN ,/, designing/VBG stuff/NN ./.",,
sw09utt/sw_0955_3489.utt,3/sw3489,3489,122,ba,A,81,1,"{D Well, } that's a great idea,  /","Well/UH ,/, that/DT 's/BES a/DT great/JJ idea/NN ,/,",,
sw09utt/sw_0955_3489.utt,3/sw3489,3489,123,ba^r,A,81,2,that's a great idea. /,that/DT 's/BES a/DT great/JJ idea/NN ./.,,
sw09utt/sw_0955_3489.utt,3/sw3489,3489,124,sv,B,82,1,"[ {C And, } + {C and, } ] [ in-, + incorporating, ] {D you know, } reusable materials [ into [ your, + {F uh, } {D you know, } your -- ]","And/CC ,/, and/CC ,/, in/VBG ,/, incorporating/VBG ,/, you/PRP know/VBP ,/, reusable/JJ materials/NNS into/IN your/PRP$ ,/, uh/UH ,/, you/PRP know/VBP ,/, your/PRP$ --/:",,
sw09utt/sw_0955_3489.utt,3/sw3489,3489,125,^2,A,83,1,Products. /,Products/NNS ./.,,
sw09utt/sw_0955_3489.utt,3/sw3489,3489,126,+,B,84,1,-- assembly line + into your actual scheme of product operations ] is --,--/: assembly/NN line/NN into/IN your/PRP$ actual/JJ scheme/NN of/IN product/NN operations/NNS is/VBZ --/:,,
sw09utt/sw_0955_3489.utt,3/sw3489,3489,127,aa,A,85,1,Yes. /,Yes/UH ./.,,
sw09utt/sw_0955_3489.utt,3/sw3489,3489,128,+,B,86,1,"-- is the only way to really do it [ on a, + on a ] broad scale.  /","--/: is/VBZ the/DT only/JJ way/NN to/TO really/RB do/VB it/PRP on/IN a/DT ,/, on/IN a/DT broad/JJ scale/NN ./.",,
sw09utt/sw_0955_3489.utt,3/sw3489,3489,129,sv,B,86,2,"Make it financially, {F uh, } attractive to recycle -- /","Make/VB it/PRP financially/RB ,/, uh/UH ,/, attractive/JJ to/TO recycle/VB --/:",,
sw09utt/sw_0955_3489.utt,3/sw3489,3489,130,b,A,87,1,Uh-huh. /,Uh-huh/UH ./.,,
sw09utt/sw_0955_3489.utt,3/sw3489,3489,131,sv,B,88,1,-- {C and } somebody will find a way to make money at it. /,--/: and/CC somebody/NN will/MD find/VB a/DT way/NN to/TO make/VB money/NN at/IN it/PRP ./.,,
sw09utt/sw_0955_3489.utt,3/sw3489,3489,132,aa,A,89,1,"Yes,  /","Yes/UH ,/,",,
sw09utt/sw_0955_3489.utt,3/sw3489,3489,133,aa,A,89,2,they will. /,they/PRP will/MD ./.,,
sw09utt/sw_0955_3489.utt,3/sw3489,3489,134,%,B,90,1,"{C And, } -/","And/CC ,/,",,
sw09utt/sw_0955_3489.utt,3/sw3489,3489,135,aa,A,91,1,Exactly. /,Exactly/UH ./.,,
sw09utt/sw_0955_3489.utt,3/sw3489,3489,136,sd,B,92,1,"{D Well, } there is a guy in Dallas,  /","Well/UH ,/, there/EX is/VBZ a/DT guy/NN in/IN Dallas/NNP ,/,",,
sw09utt/sw_0955_3489.utt,3/sw3489,3489,137,sd,B,92,2,that's all he does. /,that/DT 's/BES all/DT he/PRP does/VBZ ./.,,
sw09utt/sw_0955_3489.utt,3/sw3489,3489,138,b,A,93,1,{F Huh. } /,Huh/UH ./.,,
sw09utt/sw_0955_3489.utt,3/sw3489,3489,139,sd,B,94,1,"He collects trash.  {D You know, }  /","He/PRP collects/VBZ trash/NN ./. You/PRP know/VBP ,/,",,
sw09utt/sw_0955_3489.utt,3/sw3489,3489,140,%,B,94,2,"{C and, } -/","and/CC ,/,",,
sw09utt/sw_0955_3489.utt,3/sw3489,3489,141,sv,A,95,1,"<Laughter>  {D Well, } that's a full time job. /","Well/UH ,/, that/DT 's/BES a/DT full/JJ time/NN job/NN ./.",,
sw09utt/sw_0955_3489.utt,3/sw3489,3489,142,aa,B,96,1,"Yeah,  /","Yeah/UH ,/,",,
sw09utt/sw_0955_3489.utt,3/sw3489,3489,143,sv,B,96,2,"{D well, }  [ he's, + he's ] out for cardboard. /","well/UH ,/, he/PRP 's/BES ,/, he/PRP 's/BES out/IN for/IN cardboard/NN ./.",,
sw09utt/sw_0955_3489.utt,3/sw3489,3489,144,aa,A,97,1,"Yes,  /","Yes/UH ,/,",,
sw09utt/sw_0955_3489.utt,3/sw3489,3489,145,sd,A,97,2,"{D well, } I've found out, too, that, {F uh, } {D you know, } a couple years ago, - /","well/UH ,/, I/PRP 've/VBP found/VBN out/RP ,/, too/RB ,/, that/IN ,/, uh/UH ,/, you/PRP know/VBP ,/, a/DT couple/NN years/NNS ago/RB ,/,",,
sw09utt/sw_0955_3489.utt,3/sw3489,3489,146,sd,A,97,3,"we've always been recycling <noise> newspaper for the last twelve years,  /","we/PRP 've/VBP always/RB been/VBN recycling/VBG newspaper/NN for/IN the/DT last/JJ twelve/CD years/NNS ,/,",,
sw09utt/sw_0955_3489.utt,3/sw3489,3489,147,sd,A,97,4,"{C and } at one time we could get a pretty good return, {F uh, } with the Boy Scouts.  /","and/CC at/IN one/CD time/NN we/PRP could/MD get/VB a/DT pretty/RB good/JJ return/NN ,/, uh/UH ,/, with/IN the/DT Boy/NNP Scouts/NNPS ./.",,
sw09utt/sw_0955_3489.utt,3/sw3489,3489,148,sd,A,97,5,"We could take and collect the newspaper, /","We/PRP could/MD take/VB and/CC collect/VB the/DT newspaper/NN ,/,",,
